exportIndex,csvRow,sampleID,row,col,matCurveIndex,labelText,manualLabel,className,sourceFile,sourceFolder,classFromFolder,classFromMat,rawPeakZ,reconPeakZ,rawPeakValue,reconPeakValue,RMSE_raw_vs_recon,Corr_raw_vs_recon
1,1,1,421,377,1,Good,1,slightly degraded,D:\LSH\LSH\实验\聚焦信号分类实验\1\ROI_x377_y421_w25_h26_20260626_172115\01_valid_raw_and_ifft\mat\curve_r0421_c0377_idx000001.mat,D:\LSH\LSH\实验\聚焦信号分类实验\1\ROI_x377_y421_w25_h26_20260626_172115\01_valid_raw_and_ifft\mat,valid_folder,valid,48.0322937626579,48.0671973054444,0.125233193572181,0.0612606034458663,0.00891814007673412,0.877896459496918
2,2,2,421,378,2,Good,1,slightly degraded,D:\LSH\LSH\实验\聚焦信号分类实验\1\ROI_x377_y421_w25_h26_20260626_172115\01_valid_raw_and_ifft\mat\curve_r0421_c0378_idx000002.mat,D:\LSH\LSH\实验\聚焦信号分类实验\1\ROI_x377_y421_w25_h26_20260626_172115\01_valid_raw_and_ifft\mat,valid_folder,valid,48.0395491551683,48.0846010216502,0.153502575561695,0.0715300210846597,0.0113479752834023,0.858910649590705
3,3,3,421,379,3,Good,1,slightly degraded,D:\LSH\LSH\实验\聚焦信号分类实验\1\ROI_x377_y421_w25_h26_20260626_172115\01_valid_raw_and_ifft\mat\curve_r0421_c0379_idx000003.mat,D:\LSH\LSH\实验\聚焦信号分类实验\1\ROI_x377_y421_w25_h26_20260626_172115\01_valid_raw_and_ifft\mat,valid_folder,valid,48.007370057588,48.0291229368602,0.147548594489233,0.0724183391249095,0.0104928395620634,0.879530206017283
4,4,4,421,380,4,Good,1,slightly degraded,D:\LSH\LSH\实验\聚焦信号分类实验\1\ROI_x377_y421_w25_h26_20260626_172115\01_valid_raw_and_ifft\mat\curve_r0421_c0380_idx000004.mat,D:\LSH\LSH\实验\聚焦信号分类实验\1\ROI_x377_y421_w25_h26_20260626_172115\01_valid_raw_and_ifft\mat,valid_folder,valid,48.0101936721367,48.0335392668179,0.149502399103354,0.0713567909563933,0.0108161599836883,0.869664007433682
5,5,5,421,381,5,Good,1,slightly degraded,D:\LSH\LSH\实验\聚焦信号分类实验\1\ROI_x377_y421_w25_h26_20260626_172115\01_valid_raw_and_ifft\mat\curve_r0421_c0381_idx000005.mat,D:\LSH\LSH\实验\聚焦信号分类实验\1\ROI_x377_y421_w25_h26_20260626_172115\01_valid_raw_and_ifft\mat,valid_folder,valid,47.9866324817935,48.0050376559446,0.0703158622499138,0.0350770738459439,0.00486149953424521,0.886077436111961
6,6,6,421,382,6,Good,1,slightly degraded,D:\LSH\LSH\实验\聚焦信号分类实验\1\ROI_x377_y421_w25_h26_20260626_172115\01_valid_raw_and_ifft\mat\curve_r0421_c0382_idx000006.mat,D:\LSH\LSH\实验\聚焦信号分类实验\1\ROI_x377_y421_w25_h26_20260626_172115\01_valid_raw_and_ifft\mat,valid_folder,valid,47.7759283234107,47.752227589231,0.0492385802956829,0.0269730120459049,0.00351362071745104,0.899863941417352
7,7,7,421,383,7,Good,1,slightly degraded,D:\LSH\LSH\实验\聚焦信号分类实验\1\ROI_x377_y421_w25_h26_20260626_172115\01_valid_raw_and_ifft\mat\curve_r0421_c0383_idx000007.mat,D:\LSH\LSH\实验\聚焦信号分类实验\1\ROI_x377_y421_w25_h26_20260626_172115\01_valid_raw_and_ifft\mat,valid_folder,valid,47.4826293638408,47.5588974782386,0.0645125911672464,0.0363658559659592,0.00496260704341351,0.89348439469474
8,8,8,421,384,8,Good,1,slightly degraded,D:\LSH\LSH\实验\聚焦信号分类实验\1\ROI_x377_y421_w25_h26_20260626_172115\01_valid_raw_and_ifft\mat\curve_r0421_c0384_idx000008.mat,D:\LSH\LSH\实验\聚焦信号分类实验\1\ROI_x377_y421_w25_h26_20260626_172115\01_valid_raw_and_ifft\mat,valid_folder,valid,47.8604634721076,47.8031581210525,0.0964883822277704,0.0502753415578193,0.00672561015008665,0.894460640830618
9,9,9,421,385,9,Good,1,slightly degraded,D:\LSH\LSH\实验\聚焦信号分类实验\1\ROI_x377_y421_w25_h26_20260626_172115\01_valid_raw_and_ifft\mat\curve_r0421_c0385_idx000009.mat,D:\LSH\LSH\实验\聚焦信号分类实验\1\ROI_x377_y421_w25_h26_20260626_172115\01_valid_raw_and_ifft\mat,valid_folder,valid,47.9767261687848,47.9544681921528,0.105964312172882,0.0601934711230433,0.00665471470135839,0.926140407845995
10,10,10,421,386,10,Good,1,slightly degraded,D:\LSH\LSH\实验\聚焦信号分类实验\1\ROI_x377_y421_w25_h26_20260626_172115\01_valid_raw_and_ifft\mat\curve_r0421_c0386_idx000010.mat,D:\LSH\LSH\实验\聚焦信号分类实验\1\ROI_x377_y421_w25_h26_20260626_172115\01_valid_raw_and_ifft\mat,valid_folder,valid,47.934658319322,47.9126897111086,0.148174707183544,0.0823218589711269,0.00946722520432951,0.920266905773582
11,11,11,421,387,11,Good,1,slightly degraded,D:\LSH\LSH\实验\聚焦信号分类实验\1\ROI_x377_y421_w25_h26_20260626_172115\01_valid_raw_and_ifft\mat\curve_r0421_c0387_idx000011.mat,D:\LSH\LSH\实验\聚焦信号分类实验\1\ROI_x377_y421_w25_h26_20260626_172115\01_valid_raw_and_ifft\mat,valid_folder,valid,47.8711333837594,47.8391565176321,0.199240061713923,0.104927884335771,0.0138965916456267,0.897617982882104
12,12,12,421,388,12,Good,1,slightly degraded,D:\LSH\LSH\实验\聚焦信号分类实验\1\ROI_x377_y421_w25_h26_20260626_172115\01_valid_raw_and_ifft\mat\curve_r0421_c0388_idx000012.mat,D:\LSH\LSH\实验\聚焦信号分类实验\1\ROI_x377_y421_w25_h26_20260626_172115\01_valid_raw_and_ifft\mat,valid_folder,valid,47.8792405139479,47.8391650201511,0.207805973523279,0.106962786320812,0.0146641940203205,0.891144650455839
13,13,13,421,389,13,Good,1,slightly degraded,D:\LSH\LSH\实验\聚焦信号分类实验\1\ROI_x377_y421_w25_h26_20260626_172115\01_valid_raw_and_ifft\mat\curve_r0421_c0389_idx000013.mat,D:\LSH\LSH\实验\聚焦信号分类实验\1\ROI_x377_y421_w25_h26_20260626_172115\01_valid_raw_and_ifft\mat,valid_folder,valid,47.9509512904702,47.9240053129496,0.135093604586774,0.0632601692890001,0.00989209856489442,0.860970141427773
14,14,14,421,390,14,Good,1,slightly degraded,D:\LSH\LSH\实验\聚焦信号分类实验\1\ROI_x377_y421_w25_h26_20260626_172115\01_valid_raw_and_ifft\mat\curve_r0421_c0390_idx000014.mat,D:\LSH\LSH\实验\聚焦信号分类实验\1\ROI_x377_y421_w25_h26_20260626_172115\01_valid_raw_and_ifft\mat,valid_folder,valid,48.0190981697141,48.0714619204931,0.0443438409450862,0.0190150305991472,0.00347095074662641,0.814865467193792
15,15,15,421,391,15,Good,1,slightly degraded,D:\LSH\LSH\实验\聚焦信号分类实验\1\ROI_x377_y421_w25_h26_20260626_172115\01_valid_raw_and_ifft\mat\curve_r0421_c0391_idx000015.mat,D:\LSH\LSH\实验\聚焦信号分类实验\1\ROI_x377_y421_w25_h26_20260626_172115\01_valid_raw_and_ifft\mat,valid_folder,valid,48.0767610705601,48.233937530702,0.019118576697995,0.0107333260666967,0.0011817812043045,0.919774315281002
16,16,16,421,392,16,Good,1,slightly degraded,D:\LSH\LSH\实验\聚焦信号分类实验\1\ROI_x377_y421_w25_h26_20260626_172115\01_valid_raw_and_ifft\mat\curve_r0421_c0392_idx000016.mat,D:\LSH\LSH\实验\聚焦信号分类实验\1\ROI_x377_y421_w25_h26_20260626_172115\01_valid_raw_and_ifft\mat,valid_folder,valid,48.128293666588,48.2321465051691,0.0230287893142304,0.0136502893717696,0.00136613826105866,0.934891341561134
17,17,17,421,393,17,Good,1,slightly degraded,D:\LSH\LSH\实验\聚焦信号分类实验\1\ROI_x377_y421_w25_h26_20260626_172115\01_valid_raw_and_ifft\mat\curve_r0421_c0393_idx000017.mat,D:\LSH\LSH\实验\聚焦信号分类实验\1\ROI_x377_y421_w25_h26_20260626_172115\01_valid_raw_and_ifft\mat,valid_folder,valid,48.2125080977926,48.2256167928753,0.0325144201182752,0.023363100979062,0.00175363682699399,0.96685267985279
18,18,18,421,394,18,Good,1,slightly degraded,D:\LSH\LSH\实验\聚焦信号分类实验\1\ROI_x377_y421_w25_h26_20260626_172115\01_valid_raw_and_ifft\mat\curve_r0421_c0394_idx000018.mat,D:\LSH\LSH\实验\聚焦信号分类实验\1\ROI_x377_y421_w25_h26_20260626_172115\01_valid_raw_and_ifft\mat,valid_folder,valid,48.0548786256883,48.241977102376,0.0175907335647259,0.0113746624480142,0.000984300266954082,0.952072707016826
19,19,19,421,395,19,Good,1,slightly degraded,D:\LSH\LSH\实验\聚焦信号分类实验\1\ROI_x377_y421_w25_h26_20260626_172115\01_valid_raw_and_ifft\mat\curve_r0421_c0395_idx000019.mat,D:\LSH\LSH\实验\聚焦信号分类实验\1\ROI_x377_y421_w25_h26_20260626_172115\01_valid_raw_and_ifft\mat,valid_folder,valid,48.6872456733488,48.4987719268161,0.0202334652274568,0.0143650440672301,0.00104106902364513,0.968551406849906
20,20,20,421,396,20,Good,1,slightly degraded,D:\LSH\LSH\实验\聚焦信号分类实验\1\ROI_x377_y421_w25_h26_20260626_172115\01_valid_raw_and_ifft\mat\curve_r0421_c0396_idx000020.mat,D:\LSH\LSH\实验\聚焦信号分类实验\1\ROI_x377_y421_w25_h26_20260626_172115\01_valid_raw_and_ifft\mat,valid_folder,valid,48.886207381531,48.7550456353819,0.0143603108178946,0.00975311228293342,0.000738682476067506,0.964849590658081
21,21,21,421,397,21,Good,1,slightly degraded,D:\LSH\LSH\实验\聚焦信号分类实验\1\ROI_x377_y421_w25_h26_20260626_172115\01_valid_raw_and_ifft\mat\curve_r0421_c0397_idx000021.mat,D:\LSH\LSH\实验\聚焦信号分类实验\1\ROI_x377_y421_w25_h26_20260626_172115\01_valid_raw_and_ifft\mat,valid_folder,valid,49.1500827710049,49.0694553696227,0.0157398004784438,0.0111664602776408,0.000964590950464529,0.953924043807984
22,22,22,421,398,22,Good,1,slightly degraded,D:\LSH\LSH\实验\聚焦信号分类实验\1\ROI_x377_y421_w25_h26_20260626_172115\01_valid_raw_and_ifft\mat\curve_r0421_c0398_idx000022.mat,D:\LSH\LSH\实验\聚焦信号分类实验\1\ROI_x377_y421_w25_h26_20260626_172115\01_valid_raw_and_ifft\mat,valid_folder,valid,49.2055452770498,49.1901745959253,0.0290292737506458,0.0193493810389934,0.00171799250494929,0.952822632151243
23,23,23,421,399,23,Good,1,slightly degraded,D:\LSH\LSH\实验\聚焦信号分类实验\1\ROI_x377_y421_w25_h26_20260626_172115\01_valid_raw_and_ifft\mat\curve_r0421_c0399_idx000023.mat,D:\LSH\LSH\实验\聚焦信号分类实验\1\ROI_x377_y421_w25_h26_20260626_172115\01_valid_raw_and_ifft\mat,valid_folder,valid,49.7182455394093,49.6027710488293,0.0185884347680198,0.0112928718551451,0.00113540243032427,0.937367306639633
24,24,24,421,400,24,Good,1,slightly degraded,D:\LSH\LSH\实验\聚焦信号分类实验\1\ROI_x377_y421_w25_h26_20260626_172115\01_valid_raw_and_ifft\mat\curve_r0421_c0400_idx000024.mat,D:\LSH\LSH\实验\聚焦信号分类实验\1\ROI_x377_y421_w25_h26_20260626_172115\01_valid_raw_and_ifft\mat,valid_folder,valid,49.9796994310807,49.9753924228587,0.0212360243010983,0.0131380149636917,0.00123108692155162,0.946054686271711
25,25,25,421,401,25,Good,1,slightly degraded,D:\LSH\LSH\实验\聚焦信号分类实验\1\ROI_x377_y421_w25_h26_20260626_172115\01_valid_raw_and_ifft\mat\curve_r0421_c0401_idx000025.mat,D:\LSH\LSH\实验\聚焦信号分类实验\1\ROI_x377_y421_w25_h26_20260626_172115\01_valid_raw_and_ifft\mat,valid_folder,valid,50.1752744043312,50.2717948321001,0.0184159721466177,0.0102449684104415,0.00119172030936992,0.914037542917649
26,26,26,422,377,26,Good,1,slightly degraded,D:\LSH\LSH\实验\聚焦信号分类实验\1\ROI_x377_y421_w25_h26_20260626_172115\01_valid_raw_and_ifft\mat\curve_r0422_c0377_idx000026.mat,D:\LSH\LSH\实验\聚焦信号分类实验\1\ROI_x377_y421_w25_h26_20260626_172115\01_valid_raw_and_ifft\mat,valid_folder,valid,48.1866435345583,48.2616467344585,0.0978263744280023,0.0525709545680992,0.00684148087159431,0.900369851292533
27,27,27,422,378,27,Good,1,slightly degraded,D:\LSH\LSH\实验\聚焦信号分类实验\1\ROI_x377_y421_w25_h26_20260626_172115\01_valid_raw_and_ifft\mat\curve_r0422_c0378_idx000027.mat,D:\LSH\LSH\实验\聚焦信号分类实验\1\ROI_x377_y421_w25_h26_20260626_172115\01_valid_raw_and_ifft\mat,valid_folder,valid,48.2224720659511,48.3072323776864,0.120007869838789,0.0645289710385467,0.008598641001822,0.89688475000239
28,28,28,422,379,28,Good,1,slightly degraded,D:\LSH\LSH\实验\聚焦信号分类实验\1\ROI_x377_y421_w25_h26_20260626_172115\01_valid_raw_and_ifft\mat\curve_r0422_c0379_idx000028.mat,D:\LSH\LSH\实验\聚焦信号分类实验\1\ROI_x377_y421_w25_h26_20260626_172115\01_valid_raw_and_ifft\mat,valid_folder,valid,48.0897349010211,48.1357464560714,0.142641778516815,0.0769510371010947,0.0097148752716849,0.906570120599525
29,29,29,422,380,29,Good,1,slightly degraded,D:\LSH\LSH\实验\聚焦信号分类实验\1\ROI_x377_y421_w25_h26_20260626_172115\01_valid_raw_and_ifft\mat\curve_r0422_c0380_idx000029.mat,D:\LSH\LSH\实验\聚焦信号分类实验\1\ROI_x377_y421_w25_h26_20260626_172115\01_valid_raw_and_ifft\mat,valid_folder,valid,48.0247933509521,48.0627257308408,0.101937971503409,0.0573547791320317,0.00665569721611504,0.919957398606502
30,30,30,422,381,30,Good,1,slightly degraded,D:\LSH\LSH\实验\聚焦信号分类实验\1\ROI_x377_y421_w25_h26_20260626_172115\01_valid_raw_and_ifft\mat\curve_r0422_c0381_idx000030.mat,D:\LSH\LSH\实验\聚焦信号分类实验\1\ROI_x377_y421_w25_h26_20260626_172115\01_valid_raw_and_ifft\mat,valid_folder,valid,47.8342774257815,47.9302326039759,0.0381581105928912,0.0253896030683836,0.00245664948654274,0.943440778751361
31,31,31,422,382,31,Good,1,slightly degraded,D:\LSH\LSH\实验\聚焦信号分类实验\1\ROI_x377_y421_w25_h26_20260626_172115\01_valid_raw_and_ifft\mat\curve_r0422_c0382_idx000031.mat,D:\LSH\LSH\实验\聚焦信号分类实验\1\ROI_x377_y421_w25_h26_20260626_172115\01_valid_raw_and_ifft\mat,valid_folder,valid,47.7140417722679,47.7430081330887,0.0514769399458621,0.0296881305235953,0.0036262833174338,0.910660815611547
32,32,32,422,383,32,Good,1,slightly degraded,D:\LSH\LSH\实验\聚焦信号分类实验\1\ROI_x377_y421_w25_h26_20260626_172115\01_valid_raw_and_ifft\mat\curve_r0422_c0383_idx000032.mat,D:\LSH\LSH\实验\聚焦信号分类实验\1\ROI_x377_y421_w25_h26_20260626_172115\01_valid_raw_and_ifft\mat,valid_folder,valid,47.7166877123205,47.6572438648085,0.0791494942017499,0.0421410287590035,0.00596823630277063,0.885569780067923
33,33,33,422,384,33,Good,1,slightly degraded,D:\LSH\LSH\实验\聚焦信号分类实验\1\ROI_x377_y421_w25_h26_20260626_172115\01_valid_raw_and_ifft\mat\curve_r0422_c0384_idx000033.mat,D:\LSH\LSH\实验\聚焦信号分类实验\1\ROI_x377_y421_w25_h26_20260626_172115\01_valid_raw_and_ifft\mat,valid_folder,valid,47.905971434135,47.8199128029528,0.0786249214416284,0.035727968428897,0.00598766427924866,0.844041107657091
34,34,34,422,385,34,Good,1,slightly degraded,D:\LSH\LSH\实验\聚焦信号分类实验\1\ROI_x377_y421_w25_h26_20260626_172115\01_valid_raw_and_ifft\mat\curve_r0422_c0385_idx000034.mat,D:\LSH\LSH\实验\聚焦信号分类实验\1\ROI_x377_y421_w25_h26_20260626_172115\01_valid_raw_and_ifft\mat,valid_folder,valid,47.9912082365102,47.9513547108916,0.0850733703473983,0.0383164337002028,0.00636031845709476,0.843772993899946
35,35,35,422,386,35,Good,1,slightly degraded,D:\LSH\LSH\实验\聚焦信号分类实验\1\ROI_x377_y421_w25_h26_20260626_172115\01_valid_raw_and_ifft\mat\curve_r0422_c0386_idx000035.mat,D:\LSH\LSH\实验\聚焦信号分类实验\1\ROI_x377_y421_w25_h26_20260626_172115\01_valid_raw_and_ifft\mat,valid_folder,valid,48.0027732465438,47.9808695719538,0.13872339253575,0.0653775675725601,0.00995883923278131,0.86493261159054
36,36,36,422,387,36,Good,1,slightly degraded,D:\LSH\LSH\实验\聚焦信号分类实验\1\ROI_x377_y421_w25_h26_20260626_172115\01_valid_raw_and_ifft\mat\curve_r0422_c0387_idx000036.mat,D:\LSH\LSH\实验\聚焦信号分类实验\1\ROI_x377_y421_w25_h26_20260626_172115\01_valid_raw_and_ifft\mat,valid_folder,valid,47.9387003428237,47.9099995454184,0.223801325534725,0.110039067643947,0.0158532153238401,0.880130205102971
37,37,37,422,388,37,Good,1,slightly degraded,D:\LSH\LSH\实验\聚焦信号分类实验\1\ROI_x377_y421_w25_h26_20260626_172115\01_valid_raw_and_ifft\mat\curve_r0422_c0388_idx000037.mat,D:\LSH\LSH\实验\聚焦信号分类实验\1\ROI_x377_y421_w25_h26_20260626_172115\01_valid_raw_and_ifft\mat,valid_folder,valid,47.9117137442002,47.8880069762169,0.195994490389424,0.0982581369728408,0.0138905257117082,0.884562774640924
38,38,38,422,389,38,Good,1,slightly degraded,D:\LSH\LSH\实验\聚焦信号分类实验\1\ROI_x377_y421_w25_h26_20260626_172115\01_valid_raw_and_ifft\mat\curve_r0422_c0389_idx000038.mat,D:\LSH\LSH\实验\聚焦信号分类实验\1\ROI_x377_y421_w25_h26_20260626_172115\01_valid_raw_and_ifft\mat,valid_folder,valid,47.8688253691371,47.9444372710493,0.02878892035365,0.01625990501066,0.00187947947139202,0.914887189292785
39,39,39,422,390,39,Good,1,slightly degraded,D:\LSH\LSH\实验\聚焦信号分类实验\1\ROI_x377_y421_w25_h26_20260626_172115\01_valid_raw_and_ifft\mat\curve_r0422_c0390_idx000039.mat,D:\LSH\LSH\实验\聚焦信号分类实验\1\ROI_x377_y421_w25_h26_20260626_172115\01_valid_raw_and_ifft\mat,valid_folder,valid,48.1497039717368,48.2570948638281,0.0368140746545606,0.0248383662345785,0.00203999981509353,0.959182149926579
40,40,40,422,391,40,Good,1,slightly degraded,D:\LSH\LSH\实验\聚焦信号分类实验\1\ROI_x377_y421_w25_h26_20260626_172115\01_valid_raw_and_ifft\mat\curve_r0422_c0391_idx000040.mat,D:\LSH\LSH\实验\聚焦信号分类实验\1\ROI_x377_y421_w25_h26_20260626_172115\01_valid_raw_and_ifft\mat,valid_folder,valid,48.2459802021751,48.3116090495211,0.0591857006194289,0.0393358153714063,0.00341858516798358,0.954655612338391
41,41,41,422,392,41,Good,1,slightly degraded,D:\LSH\LSH\实验\聚焦信号分类实验\1\ROI_x377_y421_w25_h26_20260626_172115\01_valid_raw_and_ifft\mat\curve_r0422_c0392_idx000041.mat,D:\LSH\LSH\实验\聚焦信号分类实验\1\ROI_x377_y421_w25_h26_20260626_172115\01_valid_raw_and_ifft\mat,valid_folder,valid,48.2287095542553,48.3080558137737,0.0566612171699417,0.0359630913800864,0.00330199757155868,0.949190978400137
42,42,42,422,393,42,Good,1,slightly degraded,D:\LSH\LSH\实验\聚焦信号分类实验\1\ROI_x377_y421_w25_h26_20260626_172115\01_valid_raw_and_ifft\mat\curve_r0422_c0393_idx000042.mat,D:\LSH\LSH\实验\聚焦信号分类实验\1\ROI_x377_y421_w25_h26_20260626_172115\01_valid_raw_and_ifft\mat,valid_folder,valid,48.1220017128093,48.2388757738302,0.0438802255257975,0.0267913902191544,0.00251121662608104,0.945780064915101
43,43,43,422,394,43,Good,1,slightly degraded,D:\LSH\LSH\实验\聚焦信号分类实验\1\ROI_x377_y421_w25_h26_20260626_172115\01_valid_raw_and_ifft\mat\curve_r0422_c0394_idx000043.mat,D:\LSH\LSH\实验\聚焦信号分类实验\1\ROI_x377_y421_w25_h26_20260626_172115\01_valid_raw_and_ifft\mat,valid_folder,valid,48.4298362059737,48.3558987380851,0.0219962076837747,0.0152265032543202,0.00130306527438099,0.95480752244457
44,44,44,422,395,44,Good,1,slightly degraded,D:\LSH\LSH\实验\聚焦信号分类实验\1\ROI_x377_y421_w25_h26_20260626_172115\01_valid_raw_and_ifft\mat\curve_r0422_c0395_idx000044.mat,D:\LSH\LSH\实验\聚焦信号分类实验\1\ROI_x377_y421_w25_h26_20260626_172115\01_valid_raw_and_ifft\mat,valid_folder,valid,48.6262709745838,48.5905139443668,0.0279415898425692,0.0196552651437651,0.00152460271264385,0.964004378285364
45,45,45,422,396,45,Good,1,slightly degraded,D:\LSH\LSH\实验\聚焦信号分类实验\1\ROI_x377_y421_w25_h26_20260626_172115\01_valid_raw_and_ifft\mat\curve_r0422_c0396_idx000045.mat,D:\LSH\LSH\实验\聚焦信号分类实验\1\ROI_x377_y421_w25_h26_20260626_172115\01_valid_raw_and_ifft\mat,valid_folder,valid,48.9303288136865,48.8661833312169,0.00798391294818068,0.00597875690732215,0.000379637927909587,0.975130603338171
46,46,46,422,397,46,Good,1,slightly degraded,D:\LSH\LSH\实验\聚焦信号分类实验\1\ROI_x377_y421_w25_h26_20260626_172115\01_valid_raw_and_ifft\mat\curve_r0422_c0397_idx000046.mat,D:\LSH\LSH\实验\聚焦信号分类实验\1\ROI_x377_y421_w25_h26_20260626_172115\01_valid_raw_and_ifft\mat,valid_folder,valid,49.0951854498437,49.1427869634021,0.00680729436691152,0.00424247126446156,0.000362248207254043,0.949908220368871
47,47,47,422,398,47,Good,1,slightly degraded,D:\LSH\LSH\实验\聚焦信号分类实验\1\ROI_x377_y421_w25_h26_20260626_172115\01_valid_raw_and_ifft\mat\curve_r0422_c0398_idx000047.mat,D:\LSH\LSH\实验\聚焦信号分类实验\1\ROI_x377_y421_w25_h26_20260626_172115\01_valid_raw_and_ifft\mat,valid_folder,valid,49.087995717182,49.1246964579758,0.03246012822568,0.0196379245961999,0.00183476899303492,0.945475954609028
48,48,48,422,399,48,Good,1,slightly degraded,D:\LSH\LSH\实验\聚焦信号分类实验\1\ROI_x377_y421_w25_h26_20260626_172115\01_valid_raw_and_ifft\mat\curve_r0422_c0399_idx000048.mat,D:\LSH\LSH\实验\聚焦信号分类实验\1\ROI_x377_y421_w25_h26_20260626_172115\01_valid_raw_and_ifft\mat,valid_folder,valid,49.5380626933199,49.4941283965417,0.022727566570763,0.0146692144509659,0.00138917842769446,0.945730970045218
49,49,49,422,400,49,Good,1,slightly degraded,D:\LSH\LSH\实验\聚焦信号分类实验\1\ROI_x377_y421_w25_h26_20260626_172115\01_valid_raw_and_ifft\mat\curve_r0422_c0400_idx000049.mat,D:\LSH\LSH\实验\聚焦信号分类实验\1\ROI_x377_y421_w25_h26_20260626_172115\01_valid_raw_and_ifft\mat,valid_folder,valid,49.7900242619974,49.7985013587194,0.016419035540619,0.0112261239675126,0.000884294753189742,0.962162400503621
50,50,50,422,401,50,Good,1,slightly degraded,D:\LSH\LSH\实验\聚焦信号分类实验\1\ROI_x377_y421_w25_h26_20260626_172115\01_valid_raw_and_ifft\mat\curve_r0422_c0401_idx000050.mat,D:\LSH\LSH\实验\聚焦信号分类实验\1\ROI_x377_y421_w25_h26_20260626_172115\01_valid_raw_and_ifft\mat,valid_folder,valid,50.1583378248956,50.1963856343997,0.0173907466848432,0.0108458901306879,0.00103572843697737,0.94218087489664
51,51,51,423,377,51,Good,1,slightly degraded,D:\LSH\LSH\实验\聚焦信号分类实验\1\ROI_x377_y421_w25_h26_20260626_172115\01_valid_raw_and_ifft\mat\curve_r0423_c0377_idx000051.mat,D:\LSH\LSH\实验\聚焦信号分类实验\1\ROI_x377_y421_w25_h26_20260626_172115\01_valid_raw_and_ifft\mat,valid_folder,valid,48.2716820211862,48.3091312873525,0.103751360580057,0.0588409012192482,0.00729410193236781,0.90952550542089
52,52,52,423,378,52,Good,1,slightly degraded,D:\LSH\LSH\实验\聚焦信号分类实验\1\ROI_x377_y421_w25_h26_20260626_172115\01_valid_raw_and_ifft\mat\curve_r0423_c0378_idx000052.mat,D:\LSH\LSH\实验\聚焦信号分类实验\1\ROI_x377_y421_w25_h26_20260626_172115\01_valid_raw_and_ifft\mat,valid_folder,valid,48.3192731613276,48.3245395149606,0.104726285308077,0.0614079875618744,0.00740693569356891,0.914315883367649
53,53,53,423,379,53,Good,1,slightly degraded,D:\LSH\LSH\实验\聚焦信号分类实验\1\ROI_x377_y421_w25_h26_20260626_172115\01_valid_raw_and_ifft\mat\curve_r0423_c0379_idx000053.mat,D:\LSH\LSH\实验\聚焦信号分类实验\1\ROI_x377_y421_w25_h26_20260626_172115\01_valid_raw_and_ifft\mat,valid_folder,valid,48.083433451404,48.1406977650483,0.147724885543466,0.0768194043937695,0.0102102662828496,0.896515133299483
54,54,54,423,380,54,Good,1,slightly degraded,D:\LSH\LSH\实验\聚焦信号分类实验\1\ROI_x377_y421_w25_h26_20260626_172115\01_valid_raw_and_ifft\mat\curve_r0423_c0380_idx000054.mat,D:\LSH\LSH\实验\聚焦信号分类实验\1\ROI_x377_y421_w25_h26_20260626_172115\01_valid_raw_and_ifft\mat,valid_folder,valid,48.0040509410526,48.033632171495,0.162409961677032,0.084990494535912,0.0109833361290737,0.901891825286771
55,55,55,423,381,55,Good,1,slightly degraded,D:\LSH\LSH\实验\聚焦信号分类实验\1\ROI_x377_y421_w25_h26_20260626_172115\01_valid_raw_and_ifft\mat\curve_r0423_c0381_idx000055.mat,D:\LSH\LSH\实验\聚焦信号分类实验\1\ROI_x377_y421_w25_h26_20260626_172115\01_valid_raw_and_ifft\mat,valid_folder,valid,47.8255055148406,47.8417090041654,0.077989022390236,0.045369541095726,0.00529195745652419,0.919519669455775
56,56,56,423,382,56,Good,1,slightly degraded,D:\LSH\LSH\实验\聚焦信号分类实验\1\ROI_x377_y421_w25_h26_20260626_172115\01_valid_raw_and_ifft\mat\curve_r0423_c0382_idx000056.mat,D:\LSH\LSH\实验\聚焦信号分类实验\1\ROI_x377_y421_w25_h26_20260626_172115\01_valid_raw_and_ifft\mat,valid_folder,valid,47.8283085632377,47.8548083977905,0.0739664162321038,0.0429221800294962,0.00486929161623918,0.922195476653785
57,57,57,423,383,57,Good,1,slightly degraded,D:\LSH\LSH\实验\聚焦信号分类实验\1\ROI_x377_y421_w25_h26_20260626_172115\01_valid_raw_and_ifft\mat\curve_r0423_c0383_idx000057.mat,D:\LSH\LSH\实验\聚焦信号分类实验\1\ROI_x377_y421_w25_h26_20260626_172115\01_valid_raw_and_ifft\mat,valid_folder,valid,47.8403650965155,47.7712901035571,0.0678270136414008,0.0348000264586335,0.00481404208832078,0.887288111340511
58,58,58,423,384,58,Good,1,slightly degraded,D:\LSH\LSH\实验\聚焦信号分类实验\1\ROI_x377_y421_w25_h26_20260626_172115\01_valid_raw_and_ifft\mat\curve_r0423_c0384_idx000058.mat,D:\LSH\LSH\实验\聚焦信号分类实验\1\ROI_x377_y421_w25_h26_20260626_172115\01_valid_raw_and_ifft\mat,valid_folder,valid,47.9441471899223,47.9168540778105,0.0337943923135439,0.0158951094454196,0.00246716482207238,0.85932232677381
59,59,59,423,385,59,Good,1,slightly degraded,D:\LSH\LSH\实验\聚焦信号分类实验\1\ROI_x377_y421_w25_h26_20260626_172115\01_valid_raw_and_ifft\mat\curve_r0423_c0385_idx000059.mat,D:\LSH\LSH\实验\聚焦信号分类实验\1\ROI_x377_y421_w25_h26_20260626_172115\01_valid_raw_and_ifft\mat,valid_folder,valid,48.0587790972652,48.1035633389853,0.0325297719776995,0.0154893495857646,0.00233683078577104,0.863761478209008
60,60,60,423,386,60,Good,1,slightly degraded,D:\LSH\LSH\实验\聚焦信号分类实验\1\ROI_x377_y421_w25_h26_20260626_172115\01_valid_raw_and_ifft\mat\curve_r0423_c0386_idx000060.mat,D:\LSH\LSH\实验\聚焦信号分类实验\1\ROI_x377_y421_w25_h26_20260626_172115\01_valid_raw_and_ifft\mat,valid_folder,valid,48.0259917499969,48.0299586733155,0.0583429443449259,0.0263563272635556,0.00435799299597492,0.84315892678771
61,61,61,423,387,61,Good,1,slightly degraded,D:\LSH\LSH\实验\聚焦信号分类实验\1\ROI_x377_y421_w25_h26_20260626_172115\01_valid_raw_and_ifft\mat\curve_r0423_c0387_idx000061.mat,D:\LSH\LSH\实验\聚焦信号分类实验\1\ROI_x377_y421_w25_h26_20260626_172115\01_valid_raw_and_ifft\mat,valid_folder,valid,47.978492117347,47.9527378069943,0.100260915304175,0.043271490331423,0.00779539602194221,0.824091894671417
62,62,62,423,388,62,Good,1,slightly degraded,D:\LSH\LSH\实验\聚焦信号分类实验\1\ROI_x377_y421_w25_h26_20260626_172115\01_valid_raw_and_ifft\mat\curve_r0423_c0388_idx000062.mat,D:\LSH\LSH\实验\聚焦信号分类实验\1\ROI_x377_y421_w25_h26_20260626_172115\01_valid_raw_and_ifft\mat,valid_folder,valid,47.9735619302612,47.9702120414017,0.0925263735367052,0.0425376323438518,0.00686050262309319,0.852726224019005
63,63,63,423,389,63,Good,1,slightly degraded,D:\LSH\LSH\实验\聚焦信号分类实验\1\ROI_x377_y421_w25_h26_20260626_172115\01_valid_raw_and_ifft\mat\curve_r0423_c0389_idx000063.mat,D:\LSH\LSH\实验\聚焦信号分类实验\1\ROI_x377_y421_w25_h26_20260626_172115\01_valid_raw_and_ifft\mat,valid_folder,valid,48.2291940397568,48.3271496780754,0.0629178626639422,0.0397824329086173,0.00373951684644758,0.947401714554586
64,64,64,423,390,64,Good,1,slightly degraded,D:\LSH\LSH\实验\聚焦信号分类实验\1\ROI_x377_y421_w25_h26_20260626_172115\01_valid_raw_and_ifft\mat\curve_r0423_c0390_idx000064.mat,D:\LSH\LSH\实验\聚焦信号分类实验\1\ROI_x377_y421_w25_h26_20260626_172115\01_valid_raw_and_ifft\mat,valid_folder,valid,48.1652096577849,48.2951155305717,0.0807969463354325,0.0456703899552844,0.00511993796087015,0.923909584954916
65,65,65,423,391,65,Good,1,slightly degraded,D:\LSH\LSH\实验\聚焦信号分类实验\1\ROI_x377_y421_w25_h26_20260626_172115\01_valid_raw_and_ifft\mat\curve_r0423_c0391_idx000065.mat,D:\LSH\LSH\实验\聚焦信号分类实验\1\ROI_x377_y421_w25_h26_20260626_172115\01_valid_raw_and_ifft\mat,valid_folder,valid,48.1435366793049,48.2665913032111,0.094429201135492,0.04831912448935,0.00658914604655055,0.890226375652482
66,66,66,423,392,66,Good,1,slightly degraded,D:\LSH\LSH\实验\聚焦信号分类实验\1\ROI_x377_y421_w25_h26_20260626_172115\01_valid_raw_and_ifft\mat\curve_r0423_c0392_idx000066.mat,D:\LSH\LSH\实验\聚焦信号分类实验\1\ROI_x377_y421_w25_h26_20260626_172115\01_valid_raw_and_ifft\mat,valid_folder,valid,48.1528803100569,48.2562289744452,0.0703431403756477,0.0361430270904424,0.00494175157426146,0.88977077325844
67,67,67,423,393,67,Good,1,slightly degraded,D:\LSH\LSH\实验\聚焦信号分类实验\1\ROI_x377_y421_w25_h26_20260626_172115\01_valid_raw_and_ifft\mat\curve_r0423_c0393_idx000067.mat,D:\LSH\LSH\实验\聚焦信号分类实验\1\ROI_x377_y421_w25_h26_20260626_172115\01_valid_raw_and_ifft\mat,valid_folder,valid,48.1409033916785,48.255350025418,0.0330697352799496,0.0182127218072848,0.00213052720969253,0.914953159438501
68,68,68,423,394,68,Good,1,slightly degraded,D:\LSH\LSH\实验\聚焦信号分类实验\1\ROI_x377_y421_w25_h26_20260626_172115\01_valid_raw_and_ifft\mat\curve_r0423_c0394_idx000068.mat,D:\LSH\LSH\实验\聚焦信号分类实验\1\ROI_x377_y421_w25_h26_20260626_172115\01_valid_raw_and_ifft\mat,valid_folder,valid,48.2838940621637,48.3470008403623,0.0278222025884905,0.0182763058332673,0.00158977450256404,0.953818229949082
69,69,69,423,395,69,Good,1,slightly degraded,D:\LSH\LSH\实验\聚焦信号分类实验\1\ROI_x377_y421_w25_h26_20260626_172115\01_valid_raw_and_ifft\mat\curve_r0423_c0395_idx000069.mat,D:\LSH\LSH\实验\聚焦信号分类实验\1\ROI_x377_y421_w25_h26_20260626_172115\01_valid_raw_and_ifft\mat,valid_folder,valid,48.9157129818586,48.8950386660557,0.0192172297516914,0.0141341289912415,0.00104440320046315,0.966273763751366
70,70,70,423,396,70,Good,1,slightly degraded,D:\LSH\LSH\实验\聚焦信号分类实验\1\ROI_x377_y421_w25_h26_20260626_172115\01_valid_raw_and_ifft\mat\curve_r0423_c0396_idx000070.mat,D:\LSH\LSH\实验\聚焦信号分类实验\1\ROI_x377_y421_w25_h26_20260626_172115\01_valid_raw_and_ifft\mat,valid_folder,valid,48.8843769502521,48.9653535207974,0.00760205321676775,0.00553779199710466,0.000395007848545803,0.967136756349667
71,71,71,423,397,71,Good,1,slightly degraded,D:\LSH\LSH\实验\聚焦信号分类实验\1\ROI_x377_y421_w25_h26_20260626_172115\01_valid_raw_and_ifft\mat\curve_r0423_c0397_idx000071.mat,D:\LSH\LSH\实验\聚焦信号分类实验\1\ROI_x377_y421_w25_h26_20260626_172115\01_valid_raw_and_ifft\mat,valid_folder,valid,48.9868957609279,48.9111965085126,0.0085539452113995,0.00617804340375242,0.000410635175861053,0.972669769674228
72,72,72,423,398,72,Good,1,slightly degraded,D:\LSH\LSH\实验\聚焦信号分类实验\1\ROI_x377_y421_w25_h26_20260626_172115\01_valid_raw_and_ifft\mat\curve_r0423_c0398_idx000072.mat,D:\LSH\LSH\实验\聚焦信号分类实验\1\ROI_x377_y421_w25_h26_20260626_172115\01_valid_raw_and_ifft\mat,valid_folder,valid,48.9979086367147,48.9760613933105,0.0320239062394135,0.0200672323354599,0.00178967695175271,0.950966954299618
73,73,73,423,399,73,Good,1,slightly degraded,D:\LSH\LSH\实验\聚焦信号分类实验\1\ROI_x377_y421_w25_h26_20260626_172115\01_valid_raw_and_ifft\mat\curve_r0423_c0399_idx000073.mat,D:\LSH\LSH\实验\聚焦信号分类实验\1\ROI_x377_y421_w25_h26_20260626_172115\01_valid_raw_and_ifft\mat,valid_folder,valid,49.46293491641,49.4420686744879,0.0154132248971472,0.0108683542939818,0.00083506672254084,0.964210976558304
74,74,74,423,400,74,Good,1,slightly degraded,D:\LSH\LSH\实验\聚焦信号分类实验\1\ROI_x377_y421_w25_h26_20260626_172115\01_valid_raw_and_ifft\mat\curve_r0423_c0400_idx000074.mat,D:\LSH\LSH\实验\聚焦信号分类实验\1\ROI_x377_y421_w25_h26_20260626_172115\01_valid_raw_and_ifft\mat,valid_folder,valid,49.1048132509124,49.5354244113301,0.00813391732065678,0.00619078268811297,0.000409154576819693,0.973351240346365
75,75,75,423,401,75,Good,1,slightly degraded,D:\LSH\LSH\实验\聚焦信号分类实验\1\ROI_x377_y421_w25_h26_20260626_172115\01_valid_raw_and_ifft\mat\curve_r0423_c0401_idx000075.mat,D:\LSH\LSH\实验\聚焦信号分类实验\1\ROI_x377_y421_w25_h26_20260626_172115\01_valid_raw_and_ifft\mat,valid_folder,valid,50.0933826187446,50.1284455212266,0.0166848388493119,0.0112287861440704,0.000880614788416055,0.961913231775312
76,76,76,424,377,76,Good,1,slightly degraded,D:\LSH\LSH\实验\聚焦信号分类实验\1\ROI_x377_y421_w25_h26_20260626_172115\01_valid_raw_and_ifft\mat\curve_r0424_c0377_idx000076.mat,D:\LSH\LSH\实验\聚焦信号分类实验\1\ROI_x377_y421_w25_h26_20260626_172115\01_valid_raw_and_ifft\mat,valid_folder,valid,48.1213825647886,48.1525744860306,0.115448903318392,0.0628174621208878,0.00778249569526872,0.908797266143918
77,77,77,424,378,77,Good,1,slightly degraded,D:\LSH\LSH\实验\聚焦信号分类实验\1\ROI_x377_y421_w25_h26_20260626_172115\01_valid_raw_and_ifft\mat\curve_r0424_c0378_idx000077.mat,D:\LSH\LSH\实验\聚焦信号分类实验\1\ROI_x377_y421_w25_h26_20260626_172115\01_valid_raw_and_ifft\mat,valid_folder,valid,48.0525486683034,48.0861156134678,0.128463129971338,0.0676425561124013,0.00870745531025658,0.901762855513609
78,78,78,424,379,78,Good,1,slightly degraded,D:\LSH\LSH\实验\聚焦信号分类实验\1\ROI_x377_y421_w25_h26_20260626_172115\01_valid_raw_and_ifft\mat\curve_r0424_c0379_idx000078.mat,D:\LSH\LSH\实验\聚焦信号分类实验\1\ROI_x377_y421_w25_h26_20260626_172115\01_valid_raw_and_ifft\mat,valid_folder,valid,48.0033175720749,48.0401388874499,0.151541357677034,0.0759513702879273,0.0105070259492831,0.887646325800383
79,79,79,424,380,79,Good,1,slightly degraded,D:\LSH\LSH\实验\聚焦信号分类实验\1\ROI_x377_y421_w25_h26_20260626_172115\01_valid_raw_and_ifft\mat\curve_r0424_c0380_idx000079.mat,D:\LSH\LSH\实验\聚焦信号分类实验\1\ROI_x377_y421_w25_h26_20260626_172115\01_valid_raw_and_ifft\mat,valid_folder,valid,48.0015617099334,48.0355642363106,0.165824389978676,0.0805065922134274,0.0117677268363308,0.876946290793057
80,80,80,424,381,80,Good,1,slightly degraded,D:\LSH\LSH\实验\聚焦信号分类实验\1\ROI_x377_y421_w25_h26_20260626_172115\01_valid_raw_and_ifft\mat\curve_r0424_c0381_idx000080.mat,D:\LSH\LSH\实验\聚焦信号分类实验\1\ROI_x377_y421_w25_h26_20260626_172115\01_valid_raw_and_ifft\mat,valid_folder,valid,47.9197998660248,47.9130850309684,0.11281071505906,0.0597308219953579,0.00770993677755943,0.902240933748823
81,81,81,424,382,81,Good,1,slightly degraded,D:\LSH\LSH\实验\聚焦信号分类实验\1\ROI_x377_y421_w25_h26_20260626_172115\01_valid_raw_and_ifft\mat\curve_r0424_c0382_idx000081.mat,D:\LSH\LSH\实验\聚焦信号分类实验\1\ROI_x377_y421_w25_h26_20260626_172115\01_valid_raw_and_ifft\mat,valid_folder,valid,47.8883654860703,47.90522460649,0.0626911715578152,0.034536294857557,0.00415186476814044,0.912105586536021
82,82,82,424,383,82,Good,1,slightly degraded,D:\LSH\LSH\实验\聚焦信号分类实验\1\ROI_x377_y421_w25_h26_20260626_172115\01_valid_raw_and_ifft\mat\curve_r0424_c0383_idx000082.mat,D:\LSH\LSH\实验\聚焦信号分类实验\1\ROI_x377_y421_w25_h26_20260626_172115\01_valid_raw_and_ifft\mat,valid_folder,valid,47.861442672747,47.8419566702203,0.0243432188412654,0.0135691276691447,0.00158386919715123,0.914635447841894
83,83,83,424,384,83,Good,1,slightly degraded,D:\LSH\LSH\实验\聚焦信号分类实验\1\ROI_x377_y421_w25_h26_20260626_172115\01_valid_raw_and_ifft\mat\curve_r0424_c0384_idx000083.mat,D:\LSH\LSH\实验\聚焦信号分类实验\1\ROI_x377_y421_w25_h26_20260626_172115\01_valid_raw_and_ifft\mat,valid_folder,valid,47.8311535764633,47.8794069704092,0.0109844495098727,0.00657869914975816,0.000672306975554587,0.930531482186387
84,84,84,424,385,84,Good,1,slightly degraded,D:\LSH\LSH\实验\聚焦信号分类实验\1\ROI_x377_y421_w25_h26_20260626_172115\01_valid_raw_and_ifft\mat\curve_r0424_c0385_idx000084.mat,D:\LSH\LSH\实验\聚焦信号分类实验\1\ROI_x377_y421_w25_h26_20260626_172115\01_valid_raw_and_ifft\mat,valid_folder,valid,47.97908940972,47.9979866321672,0.00685104484276324,0.00380454636548912,0.000433679398140018,0.910054520010038
85,85,85,424,386,85,Good,1,slightly degraded,D:\LSH\LSH\实验\聚焦信号分类实验\1\ROI_x377_y421_w25_h26_20260626_172115\01_valid_raw_and_ifft\mat\curve_r0424_c0386_idx000085.mat,D:\LSH\LSH\实验\聚焦信号分类实验\1\ROI_x377_y421_w25_h26_20260626_172115\01_valid_raw_and_ifft\mat,valid_folder,valid,47.9740438467877,47.9801984884614,0.0130067168858171,0.00689648732771847,0.000840482712075858,0.902749838305917
86,86,86,424,387,86,Good,1,slightly degraded,D:\LSH\LSH\实验\聚焦信号分类实验\1\ROI_x377_y421_w25_h26_20260626_172115\01_valid_raw_and_ifft\mat\curve_r0424_c0387_idx000086.mat,D:\LSH\LSH\实验\聚焦信号分类实验\1\ROI_x377_y421_w25_h26_20260626_172115\01_valid_raw_and_ifft\mat,valid_folder,valid,47.8913399237775,47.9212380101288,0.0216931208436824,0.0125970897597632,0.00136503802053112,0.925404055932112
87,87,87,424,388,87,Good,1,slightly degraded,D:\LSH\LSH\实验\聚焦信号分类实验\1\ROI_x377_y421_w25_h26_20260626_172115\01_valid_raw_and_ifft\mat\curve_r0424_c0388_idx000087.mat,D:\LSH\LSH\实验\聚焦信号分类实验\1\ROI_x377_y421_w25_h26_20260626_172115\01_valid_raw_and_ifft\mat,valid_folder,valid,48.0125265963733,48.0627148109802,0.0548363458475965,0.0321499496155899,0.00343650143033382,0.930648474623469
88,88,88,424,389,88,Good,1,slightly degraded,D:\LSH\LSH\实验\聚焦信号分类实验\1\ROI_x377_y421_w25_h26_20260626_172115\01_valid_raw_and_ifft\mat\curve_r0424_c0389_idx000088.mat,D:\LSH\LSH\实验\聚焦信号分类实验\1\ROI_x377_y421_w25_h26_20260626_172115\01_valid_raw_and_ifft\mat,valid_folder,valid,48.180855918288,48.2983076576657,0.0794635992466071,0.0442755327092777,0.00520532879351268,0.91731688084458
89,89,89,424,390,89,Good,1,slightly degraded,D:\LSH\LSH\实验\聚焦信号分类实验\1\ROI_x377_y421_w25_h26_20260626_172115\01_valid_raw_and_ifft\mat\curve_r0424_c0390_idx000089.mat,D:\LSH\LSH\实验\聚焦信号分类实验\1\ROI_x377_y421_w25_h26_20260626_172115\01_valid_raw_and_ifft\mat,valid_folder,valid,48.2176432173956,48.3459772374781,0.114808265706645,0.0643012598202567,0.0076556447787467,0.916495404355413
90,90,90,424,391,90,Good,1,slightly degraded,D:\LSH\LSH\实验\聚焦信号分类实验\1\ROI_x377_y421_w25_h26_20260626_172115\01_valid_raw_and_ifft\mat\curve_r0424_c0391_idx000090.mat,D:\LSH\LSH\实验\聚焦信号分类实验\1\ROI_x377_y421_w25_h26_20260626_172115\01_valid_raw_and_ifft\mat,valid_folder,valid,48.3502052309228,48.4541027742067,0.118650346251825,0.0693880755826013,0.00812931250186708,0.920017913112392
91,91,91,424,392,91,Good,1,slightly degraded,D:\LSH\LSH\实验\聚焦信号分类实验\1\ROI_x377_y421_w25_h26_20260626_172115\01_valid_raw_and_ifft\mat\curve_r0424_c0392_idx000091.mat,D:\LSH\LSH\实验\聚焦信号分类实验\1\ROI_x377_y421_w25_h26_20260626_172115\01_valid_raw_and_ifft\mat,valid_folder,valid,48.5267354680313,48.6043936135196,0.0769292347543923,0.0466812515209704,0.00545675688140222,0.919172730693615
92,92,92,424,393,92,Good,1,slightly degraded,D:\LSH\LSH\实验\聚焦信号分类实验\1\ROI_x377_y421_w25_h26_20260626_172115\01_valid_raw_and_ifft\mat\curve_r0424_c0393_idx000092.mat,D:\LSH\LSH\实验\聚焦信号分类实验\1\ROI_x377_y421_w25_h26_20260626_172115\01_valid_raw_and_ifft\mat,valid_folder,valid,48.4006243232942,48.459804232119,0.0183831317768081,0.0112863627210327,0.00126027170790091,0.918632692463058
93,93,93,424,394,93,Good,1,slightly degraded,D:\LSH\LSH\实验\聚焦信号分类实验\1\ROI_x377_y421_w25_h26_20260626_172115\01_valid_raw_and_ifft\mat\curve_r0424_c0394_idx000093.mat,D:\LSH\LSH\实验\聚焦信号分类实验\1\ROI_x377_y421_w25_h26_20260626_172115\01_valid_raw_and_ifft\mat,valid_folder,valid,48.3538923496519,48.4557507965689,0.0220931278177845,0.0151519604335577,0.00117951699041746,0.963175058689141
94,94,94,424,395,94,Good,1,slightly degraded,D:\LSH\LSH\实验\聚焦信号分类实验\1\ROI_x377_y421_w25_h26_20260626_172115\01_valid_raw_and_ifft\mat\curve_r0424_c0395_idx000094.mat,D:\LSH\LSH\实验\聚焦信号分类实验\1\ROI_x377_y421_w25_h26_20260626_172115\01_valid_raw_and_ifft\mat,valid_folder,valid,49.3329638757763,49.1092287367717,0.0133484714614301,0.0101551784573643,0.000733355605171516,0.967195253342902
95,95,95,424,396,95,Good,1,slightly degraded,D:\LSH\LSH\实验\聚焦信号分类实验\1\ROI_x377_y421_w25_h26_20260626_172115\01_valid_raw_and_ifft\mat\curve_r0424_c0396_idx000095.mat,D:\LSH\LSH\实验\聚焦信号分类实验\1\ROI_x377_y421_w25_h26_20260626_172115\01_valid_raw_and_ifft\mat,valid_folder,valid,48.7769217119939,48.9045305012554,0.00733031732881434,0.0053561135415875,0.000358785345069998,0.970657922390351
96,96,96,424,397,96,Good,1,slightly degraded,D:\LSH\LSH\实验\聚焦信号分类实验\1\ROI_x377_y421_w25_h26_20260626_172115\01_valid_raw_and_ifft\mat\curve_r0424_c0397_idx000096.mat,D:\LSH\LSH\实验\聚焦信号分类实验\1\ROI_x377_y421_w25_h26_20260626_172115\01_valid_raw_and_ifft\mat,valid_folder,valid,48.6306392048579,48.6591298616533,0.0224521532492517,0.0144539491265246,0.00137460434497374,0.944377116294156
97,97,97,424,398,97,Good,1,slightly degraded,D:\LSH\LSH\实验\聚焦信号分类实验\1\ROI_x377_y421_w25_h26_20260626_172115\01_valid_raw_and_ifft\mat\curve_r0424_c0398_idx000097.mat,D:\LSH\LSH\实验\聚焦信号分类实验\1\ROI_x377_y421_w25_h26_20260626_172115\01_valid_raw_and_ifft\mat,valid_folder,valid,48.7174684831407,48.8447051175068,0.0295293535424822,0.0199452242679212,0.00194746557948882,0.942311790288402
98,98,98,424,399,98,Good,1,slightly degraded,D:\LSH\LSH\实验\聚焦信号分类实验\1\ROI_x377_y421_w25_h26_20260626_172115\01_valid_raw_and_ifft\mat\curve_r0424_c0399_idx000098.mat,D:\LSH\LSH\实验\聚焦信号分类实验\1\ROI_x377_y421_w25_h26_20260626_172115\01_valid_raw_and_ifft\mat,valid_folder,valid,48.4699995989806,48.84137122035,0.0106087489343782,0.00738881958778327,0.000577205812239919,0.960906027382518
99,99,99,424,400,99,Good,1,slightly degraded,D:\LSH\LSH\实验\聚焦信号分类实验\1\ROI_x377_y421_w25_h26_20260626_172115\01_valid_raw_and_ifft\mat\curve_r0424_c0400_idx000099.mat,D:\LSH\LSH\实验\聚焦信号分类实验\1\ROI_x377_y421_w25_h26_20260626_172115\01_valid_raw_and_ifft\mat,valid_folder,valid,50.0695215479896,49.4167962364939,0.00496951767063981,0.00421565761792301,0.000266233849654248,0.976119302071919
100,100,100,424,401,100,Good,1,slightly degraded,D:\LSH\LSH\实验\聚焦信号分类实验\1\ROI_x377_y421_w25_h26_20260626_172115\01_valid_raw_and_ifft\mat\curve_r0424_c0401_idx000100.mat,D:\LSH\LSH\实验\聚焦信号分类实验\1\ROI_x377_y421_w25_h26_20260626_172115\01_valid_raw_and_ifft\mat,valid_folder,valid,49.9769885092134,49.5765392586012,0.00764199426818848,0.00598380204878724,0.000383604390836666,0.974887949469756
101,101,101,425,377,101,Good,1,slightly degraded,D:\LSH\LSH\实验\聚焦信号分类实验\1\ROI_x377_y421_w25_h26_20260626_172115\01_valid_raw_and_ifft\mat\curve_r0425_c0377_idx000101.mat,D:\LSH\LSH\实验\聚焦信号分类实验\1\ROI_x377_y421_w25_h26_20260626_172115\01_valid_raw_and_ifft\mat,valid_folder,valid,48.0651350861364,48.1193377806884,0.093225240505366,0.0455208272956495,0.00664641656713004,0.876306910566248
102,102,102,425,378,102,Good,1,slightly degraded,D:\LSH\LSH\实验\聚焦信号分类实验\1\ROI_x377_y421_w25_h26_20260626_172115\01_valid_raw_and_ifft\mat\curve_r0425_c0378_idx000102.mat,D:\LSH\LSH\实验\聚焦信号分类实验\1\ROI_x377_y421_w25_h26_20260626_172115\01_valid_raw_and_ifft\mat,valid_folder,valid,48.0006007359274,48.0272848136681,0.0907628501102069,0.0458070481630915,0.00621190459305546,0.890277079136429
103,103,103,425,379,103,Good,1,slightly degraded,D:\LSH\LSH\实验\聚焦信号分类实验\1\ROI_x377_y421_w25_h26_20260626_172115\01_valid_raw_and_ifft\mat\curve_r0425_c0379_idx000103.mat,D:\LSH\LSH\实验\聚焦信号分类实验\1\ROI_x377_y421_w25_h26_20260626_172115\01_valid_raw_and_ifft\mat,valid_folder,valid,47.9713288630924,47.9870308620877,0.111287541584283,0.0575006241334631,0.00752447732955153,0.898351629058821
104,104,104,425,380,104,Good,1,slightly degraded,D:\LSH\LSH\实验\聚焦信号分类实验\1\ROI_x377_y421_w25_h26_20260626_172115\01_valid_raw_and_ifft\mat\curve_r0425_c0380_idx000104.mat,D:\LSH\LSH\实验\聚焦信号分类实验\1\ROI_x377_y421_w25_h26_20260626_172115\01_valid_raw_and_ifft\mat,valid_folder,valid,47.9576766677734,47.9525200624575,0.0972960668257474,0.0476420765041909,0.0069498572008866,0.877787847863414
105,105,105,425,381,105,Good,1,slightly degraded,D:\LSH\LSH\实验\聚焦信号分类实验\1\ROI_x377_y421_w25_h26_20260626_172115\01_valid_raw_and_ifft\mat\curve_r0425_c0381_idx000105.mat,D:\LSH\LSH\实验\聚焦信号分类实验\1\ROI_x377_y421_w25_h26_20260626_172115\01_valid_raw_and_ifft\mat,valid_folder,valid,47.9456949903735,47.9554793708552,0.0849692243720044,0.0458996709724024,0.00561577183756501,0.910490233411807
106,106,106,425,382,106,Good,1,slightly degraded,D:\LSH\LSH\实验\聚焦信号分类实验\1\ROI_x377_y421_w25_h26_20260626_172115\01_valid_raw_and_ifft\mat\curve_r0425_c0382_idx000106.mat,D:\LSH\LSH\实验\聚焦信号分类实验\1\ROI_x377_y421_w25_h26_20260626_172115\01_valid_raw_and_ifft\mat,valid_folder,valid,47.5481639331111,47.7213785894704,0.0215205002088256,0.0127327736978797,0.001637669609511,0.895833675405313
107,107,107,425,383,107,Good,1,slightly degraded,D:\LSH\LSH\实验\聚焦信号分类实验\1\ROI_x377_y421_w25_h26_20260626_172115\01_valid_raw_and_ifft\mat\curve_r0425_c0383_idx000107.mat,D:\LSH\LSH\实验\聚焦信号分类实验\1\ROI_x377_y421_w25_h26_20260626_172115\01_valid_raw_and_ifft\mat,valid_folder,valid,47.84112665421,47.8878576253898,0.0237694091077183,0.014222047821397,0.00156546960053124,0.925255949768098
108,108,108,425,384,108,Good,1,slightly degraded,D:\LSH\LSH\实验\聚焦信号分类实验\1\ROI_x377_y421_w25_h26_20260626_172115\01_valid_raw_and_ifft\mat\curve_r0425_c0384_idx000108.mat,D:\LSH\LSH\实验\聚焦信号分类实验\1\ROI_x377_y421_w25_h26_20260626_172115\01_valid_raw_and_ifft\mat,valid_folder,valid,48.0548150221965,48.1487001511428,0.0117996696885055,0.00745635543517394,0.00065256889529342,0.950329241936469
109,109,109,425,385,109,Good,1,slightly degraded,D:\LSH\LSH\实验\聚焦信号分类实验\1\ROI_x377_y421_w25_h26_20260626_172115\01_valid_raw_and_ifft\mat\curve_r0425_c0385_idx000109.mat,D:\LSH\LSH\实验\聚焦信号分类实验\1\ROI_x377_y421_w25_h26_20260626_172115\01_valid_raw_and_ifft\mat,valid_folder,valid,48.1908407611143,48.2263328866301,0.0122673660194257,0.0074016740566234,0.000789208751466858,0.926800269299466
110,110,110,425,386,110,Good,1,slightly degraded,D:\LSH\LSH\实验\聚焦信号分类实验\1\ROI_x377_y421_w25_h26_20260626_172115\01_valid_raw_and_ifft\mat\curve_r0425_c0386_idx000110.mat,D:\LSH\LSH\实验\聚焦信号分类实验\1\ROI_x377_y421_w25_h26_20260626_172115\01_valid_raw_and_ifft\mat,valid_folder,valid,48.1870331922015,48.1531084634197,0.0119955666543547,0.00833103725442501,0.000737880685838164,0.94904222152437
111,111,111,425,387,111,Good,1,slightly degraded,D:\LSH\LSH\实验\聚焦信号分类实验\1\ROI_x377_y421_w25_h26_20260626_172115\01_valid_raw_and_ifft\mat\curve_r0425_c0387_idx000111.mat,D:\LSH\LSH\实验\聚焦信号分类实验\1\ROI_x377_y421_w25_h26_20260626_172115\01_valid_raw_and_ifft\mat,valid_folder,valid,47.8385172686441,47.8815729228905,0.0203534317517224,0.0128122320586583,0.00122485005925324,0.941769851769397
112,112,112,425,388,112,Good,1,slightly degraded,D:\LSH\LSH\实验\聚焦信号分类实验\1\ROI_x377_y421_w25_h26_20260626_172115\01_valid_raw_and_ifft\mat\curve_r0425_c0388_idx000112.mat,D:\LSH\LSH\实验\聚焦信号分类实验\1\ROI_x377_y421_w25_h26_20260626_172115\01_valid_raw_and_ifft\mat,valid_folder,valid,47.9229850453061,47.9589860638887,0.0652104258206421,0.0380777182350037,0.00415670879150534,0.927975544683432
113,113,113,425,389,113,Good,1,slightly degraded,D:\LSH\LSH\实验\聚焦信号分类实验\1\ROI_x377_y421_w25_h26_20260626_172115\01_valid_raw_and_ifft\mat\curve_r0425_c0389_idx000113.mat,D:\LSH\LSH\实验\聚焦信号分类实验\1\ROI_x377_y421_w25_h26_20260626_172115\01_valid_raw_and_ifft\mat,valid_folder,valid,48.0648307672866,48.1298338023814,0.0692760056342995,0.0361443497097894,0.00467340632745299,0.900243274663819
114,114,114,425,390,114,Good,1,slightly degraded,D:\LSH\LSH\实验\聚焦信号分类实验\1\ROI_x377_y421_w25_h26_20260626_172115\01_valid_raw_and_ifft\mat\curve_r0425_c0390_idx000114.mat,D:\LSH\LSH\实验\聚焦信号分类实验\1\ROI_x377_y421_w25_h26_20260626_172115\01_valid_raw_and_ifft\mat,valid_folder,valid,48.1550191712832,48.3237534959858,0.0985691772910634,0.0537257639966847,0.00645962048552945,0.913348322065579
115,115,115,425,391,115,Good,1,slightly degraded,D:\LSH\LSH\实验\聚焦信号分类实验\1\ROI_x377_y421_w25_h26_20260626_172115\01_valid_raw_and_ifft\mat\curve_r0425_c0391_idx000115.mat,D:\LSH\LSH\实验\聚焦信号分类实验\1\ROI_x377_y421_w25_h26_20260626_172115\01_valid_raw_and_ifft\mat,valid_folder,valid,48.2009759228149,48.3976849094183,0.104932290156227,0.0557635299892935,0.00724774046678481,0.900422789344913
116,116,116,425,392,116,Good,1,slightly degraded,D:\LSH\LSH\实验\聚焦信号分类实验\1\ROI_x377_y421_w25_h26_20260626_172115\01_valid_raw_and_ifft\mat\curve_r0425_c0392_idx000116.mat,D:\LSH\LSH\实验\聚焦信号分类实验\1\ROI_x377_y421_w25_h26_20260626_172115\01_valid_raw_and_ifft\mat,valid_folder,valid,48.5461229143474,48.6230854203355,0.0903639091536352,0.0581499667403555,0.00596351815131545,0.938057069406895
117,117,117,425,393,117,Good,1,slightly degraded,D:\LSH\LSH\实验\聚焦信号分类实验\1\ROI_x377_y421_w25_h26_20260626_172115\01_valid_raw_and_ifft\mat\curve_r0425_c0393_idx000117.mat,D:\LSH\LSH\实验\聚焦信号分类实验\1\ROI_x377_y421_w25_h26_20260626_172115\01_valid_raw_and_ifft\mat,valid_folder,valid,48.7693091701313,48.7107110046433,0.0619143809990225,0.0381262630900045,0.00381579958939597,0.940038587758693
118,118,118,425,394,118,Good,1,slightly degraded,D:\LSH\LSH\实验\聚焦信号分类实验\1\ROI_x377_y421_w25_h26_20260626_172115\01_valid_raw_and_ifft\mat\curve_r0425_c0394_idx000118.mat,D:\LSH\LSH\实验\聚焦信号分类实验\1\ROI_x377_y421_w25_h26_20260626_172115\01_valid_raw_and_ifft\mat,valid_folder,valid,48.7192669722577,48.6987406322,0.0277744022813385,0.0186456353378325,0.00160912843381322,0.954655119255198
119,119,119,425,395,119,Good,1,slightly degraded,D:\LSH\LSH\实验\聚焦信号分类实验\1\ROI_x377_y421_w25_h26_20260626_172115\01_valid_raw_and_ifft\mat\curve_r0425_c0395_idx000119.mat,D:\LSH\LSH\实验\聚焦信号分类实验\1\ROI_x377_y421_w25_h26_20260626_172115\01_valid_raw_and_ifft\mat,valid_folder,valid,48.9549230981679,48.8270470325973,0.0178732354985279,0.0117667442195577,0.000886647851944898,0.964124068682174
120,120,120,425,396,120,Good,1,slightly degraded,D:\LSH\LSH\实验\聚焦信号分类实验\1\ROI_x377_y421_w25_h26_20260626_172115\01_valid_raw_and_ifft\mat\curve_r0425_c0396_idx000120.mat,D:\LSH\LSH\实验\聚焦信号分类实验\1\ROI_x377_y421_w25_h26_20260626_172115\01_valid_raw_and_ifft\mat,valid_folder,valid,48.8518227496573,48.5668127896666,0.0301190272371541,0.017595004518157,0.00184026057332158,0.930419374296837
121,121,121,425,397,121,Good,1,slightly degraded,D:\LSH\LSH\实验\聚焦信号分类实验\1\ROI_x377_y421_w25_h26_20260626_172115\01_valid_raw_and_ifft\mat\curve_r0425_c0397_idx000121.mat,D:\LSH\LSH\实验\聚焦信号分类实验\1\ROI_x377_y421_w25_h26_20260626_172115\01_valid_raw_and_ifft\mat,valid_folder,valid,48.4002705074221,48.4632164631554,0.0386133271168999,0.0240273723247282,0.00250050128570118,0.935076966922053
122,122,122,425,398,122,Good,1,slightly degraded,D:\LSH\LSH\实验\聚焦信号分类实验\1\ROI_x377_y421_w25_h26_20260626_172115\01_valid_raw_and_ifft\mat\curve_r0425_c0398_idx000122.mat,D:\LSH\LSH\实验\聚焦信号分类实验\1\ROI_x377_y421_w25_h26_20260626_172115\01_valid_raw_and_ifft\mat,valid_folder,valid,48.2334883112375,48.4807561452497,0.0289992319058336,0.0164061742161469,0.0018931014744899,0.917798460937711
123,123,123,425,399,123,Good,1,slightly degraded,D:\LSH\LSH\实验\聚焦信号分类实验\1\ROI_x377_y421_w25_h26_20260626_172115\01_valid_raw_and_ifft\mat\curve_r0425_c0399_idx000123.mat,D:\LSH\LSH\实验\聚焦信号分类实验\1\ROI_x377_y421_w25_h26_20260626_172115\01_valid_raw_and_ifft\mat,valid_folder,valid,48.217416430423,48.5128712629272,0.0144990877342299,0.00835618588908499,0.000945730789329501,0.918695541148653
124,124,124,425,400,124,Good,1,slightly degraded,D:\LSH\LSH\实验\聚焦信号分类实验\1\ROI_x377_y421_w25_h26_20260626_172115\01_valid_raw_and_ifft\mat\curve_r0425_c0400_idx000124.mat,D:\LSH\LSH\实验\聚焦信号分类实验\1\ROI_x377_y421_w25_h26_20260626_172115\01_valid_raw_and_ifft\mat,valid_folder,valid,48.0923654889843,48.8966825329917,0.00637772688406363,0.00426430160708511,0.000362253196580113,0.954333393440151
125,125,125,425,401,125,Good,1,slightly degraded,D:\LSH\LSH\实验\聚焦信号分类实验\1\ROI_x377_y421_w25_h26_20260626_172115\01_valid_raw_and_ifft\mat\curve_r0425_c0401_idx000125.mat,D:\LSH\LSH\实验\聚焦信号分类实验\1\ROI_x377_y421_w25_h26_20260626_172115\01_valid_raw_and_ifft\mat,valid_folder,valid,50.3119548537447,50.08476314801,0.00790214553172002,0.0062053712005677,0.000477825391096132,0.963270809134178
126,126,126,426,377,126,Good,1,slightly degraded,D:\LSH\LSH\实验\聚焦信号分类实验\1\ROI_x377_y421_w25_h26_20260626_172115\01_valid_raw_and_ifft\mat\curve_r0426_c0377_idx000126.mat,D:\LSH\LSH\实验\聚焦信号分类实验\1\ROI_x377_y421_w25_h26_20260626_172115\01_valid_raw_and_ifft\mat,valid_folder,valid,48.1729952996818,48.2256495767107,0.0560701838087596,0.0334031291871369,0.00351607212774835,0.933114014379689
127,127,127,426,378,127,Good,1,slightly degraded,D:\LSH\LSH\实验\聚焦信号分类实验\1\ROI_x377_y421_w25_h26_20260626_172115\01_valid_raw_and_ifft\mat\curve_r0426_c0378_idx000127.mat,D:\LSH\LSH\实验\聚焦信号分类实验\1\ROI_x377_y421_w25_h26_20260626_172115\01_valid_raw_and_ifft\mat,valid_folder,valid,47.9828798763609,47.9690652011456,0.049208915855784,0.0278058629992631,0.00292940895676305,0.930006662470711
128,128,128,426,379,128,Good,1,slightly degraded,D:\LSH\LSH\实验\聚焦信号分类实验\1\ROI_x377_y421_w25_h26_20260626_172115\01_valid_raw_and_ifft\mat\curve_r0426_c0379_idx000128.mat,D:\LSH\LSH\实验\聚焦信号分类实验\1\ROI_x377_y421_w25_h26_20260626_172115\01_valid_raw_and_ifft\mat,valid_folder,valid,47.8459097037272,47.787896665471,0.0279786463983932,0.0160319064130611,0.00172043401942045,0.927201369825296
129,129,129,426,380,129,Good,1,slightly degraded,D:\LSH\LSH\实验\聚焦信号分类实验\1\ROI_x377_y421_w25_h26_20260626_172115\01_valid_raw_and_ifft\mat\curve_r0426_c0380_idx000129.mat,D:\LSH\LSH\实验\聚焦信号分类实验\1\ROI_x377_y421_w25_h26_20260626_172115\01_valid_raw_and_ifft\mat,valid_folder,valid,47.7731062749153,47.8138671887707,0.0405914521031692,0.0251986330687734,0.00260045686494498,0.935816360947406
130,130,130,426,381,130,Good,1,slightly degraded,D:\LSH\LSH\实验\聚焦信号分类实验\1\ROI_x377_y421_w25_h26_20260626_172115\01_valid_raw_and_ifft\mat\curve_r0426_c0381_idx000130.mat,D:\LSH\LSH\实验\聚焦信号分类实验\1\ROI_x377_y421_w25_h26_20260626_172115\01_valid_raw_and_ifft\mat,valid_folder,valid,47.8682106111732,47.9035149131328,0.0281721592551794,0.0163746766996449,0.00174842733116223,0.927880183910688
131,131,131,426,382,131,Good,1,slightly degraded,D:\LSH\LSH\实验\聚焦信号分类实验\1\ROI_x377_y421_w25_h26_20260626_172115\01_valid_raw_and_ifft\mat\curve_r0426_c0382_idx000131.mat,D:\LSH\LSH\实验\聚焦信号分类实验\1\ROI_x377_y421_w25_h26_20260626_172115\01_valid_raw_and_ifft\mat,valid_folder,valid,47.5678833295598,47.7830899180693,0.0093167449029279,0.00586366007652664,0.00065133654310501,0.916355578357218
132,132,132,426,383,132,Good,1,slightly degraded,D:\LSH\LSH\实验\聚焦信号分类实验\1\ROI_x377_y421_w25_h26_20260626_172115\01_valid_raw_and_ifft\mat\curve_r0426_c0383_idx000132.mat,D:\LSH\LSH\实验\聚焦信号分类实验\1\ROI_x377_y421_w25_h26_20260626_172115\01_valid_raw_and_ifft\mat,valid_folder,valid,47.8838960044534,47.9250348509958,0.0146385605954606,0.00921607081647854,0.000916520292091425,0.936620569267235
133,133,133,426,384,133,Good,1,slightly degraded,D:\LSH\LSH\实验\聚焦信号分类实验\1\ROI_x377_y421_w25_h26_20260626_172115\01_valid_raw_and_ifft\mat\curve_r0426_c0384_idx000133.mat,D:\LSH\LSH\实验\聚焦信号分类实验\1\ROI_x377_y421_w25_h26_20260626_172115\01_valid_raw_and_ifft\mat,valid_folder,valid,48.1562915755223,48.1602340719839,0.0123116022956135,0.00990121864152693,0.000736269819594308,0.965597583779445
134,134,134,426,385,134,Good,1,slightly degraded,D:\LSH\LSH\实验\聚焦信号分类实验\1\ROI_x377_y421_w25_h26_20260626_172115\01_valid_raw_and_ifft\mat\curve_r0426_c0385_idx000134.mat,D:\LSH\LSH\实验\聚焦信号分类实验\1\ROI_x377_y421_w25_h26_20260626_172115\01_valid_raw_and_ifft\mat,valid_folder,valid,47.881460804757,48.0580529542881,0.0229302172323938,0.0174648541871422,0.0015122283829581,0.953654320326534
135,135,135,426,386,135,Good,1,slightly degraded,D:\LSH\LSH\实验\聚焦信号分类实验\1\ROI_x377_y421_w25_h26_20260626_172115\01_valid_raw_and_ifft\mat\curve_r0426_c0386_idx000135.mat,D:\LSH\LSH\实验\聚焦信号分类实验\1\ROI_x377_y421_w25_h26_20260626_172115\01_valid_raw_and_ifft\mat,valid_folder,valid,47.8291651162221,48.0554567697799,0.0289351935217781,0.0217740574220907,0.00184946410406806,0.955640805523698
136,136,136,426,387,136,Good,1,slightly degraded,D:\LSH\LSH\实验\聚焦信号分类实验\1\ROI_x377_y421_w25_h26_20260626_172115\01_valid_raw_and_ifft\mat\curve_r0426_c0387_idx000136.mat,D:\LSH\LSH\实验\聚焦信号分类实验\1\ROI_x377_y421_w25_h26_20260626_172115\01_valid_raw_and_ifft\mat,valid_folder,valid,47.9017837072416,47.9432318825348,0.0371921279481731,0.0217795444275912,0.00229182802335941,0.930229475034388
137,137,137,426,388,137,Good,1,slightly degraded,D:\LSH\LSH\实验\聚焦信号分类实验\1\ROI_x377_y421_w25_h26_20260626_172115\01_valid_raw_and_ifft\mat\curve_r0426_c0388_idx000137.mat,D:\LSH\LSH\实验\聚焦信号分类实验\1\ROI_x377_y421_w25_h26_20260626_172115\01_valid_raw_and_ifft\mat,valid_folder,valid,47.9275312931093,47.9320520485151,0.0812504252518529,0.0431060577562321,0.0054076379942788,0.904850913547677
138,138,138,426,389,138,Good,1,slightly degraded,D:\LSH\LSH\实验\聚焦信号分类实验\1\ROI_x377_y421_w25_h26_20260626_172115\01_valid_raw_and_ifft\mat\curve_r0426_c0389_idx000138.mat,D:\LSH\LSH\实验\聚焦信号分类实验\1\ROI_x377_y421_w25_h26_20260626_172115\01_valid_raw_and_ifft\mat,valid_folder,valid,48.0441338795386,48.0941597792525,0.0557225146980838,0.0331597133198028,0.00354701251928493,0.930995910013275
139,139,139,426,390,139,Good,1,slightly degraded,D:\LSH\LSH\实验\聚焦信号分类实验\1\ROI_x377_y421_w25_h26_20260626_172115\01_valid_raw_and_ifft\mat\curve_r0426_c0390_idx000139.mat,D:\LSH\LSH\实验\聚焦信号分类实验\1\ROI_x377_y421_w25_h26_20260626_172115\01_valid_raw_and_ifft\mat,valid_folder,valid,48.5499982298815,48.4156744475854,0.0718073856381504,0.0476704501774369,0.00434268134269154,0.951483173821674
140,140,140,426,391,140,Good,1,slightly degraded,D:\LSH\LSH\实验\聚焦信号分类实验\1\ROI_x377_y421_w25_h26_20260626_172115\01_valid_raw_and_ifft\mat\curve_r0426_c0391_idx000140.mat,D:\LSH\LSH\实验\聚焦信号分类实验\1\ROI_x377_y421_w25_h26_20260626_172115\01_valid_raw_and_ifft\mat,valid_folder,valid,48.8119515095911,48.5363560473995,0.0608587833223984,0.0384416636668651,0.00357799833752336,0.947760456596724
141,141,141,426,392,141,Good,1,slightly degraded,D:\LSH\LSH\实验\聚焦信号分类实验\1\ROI_x377_y421_w25_h26_20260626_172115\01_valid_raw_and_ifft\mat\curve_r0426_c0392_idx000141.mat,D:\LSH\LSH\实验\聚焦信号分类实验\1\ROI_x377_y421_w25_h26_20260626_172115\01_valid_raw_and_ifft\mat,valid_folder,valid,48.5757812574378,48.4765078221832,0.0586349959842308,0.0380775408039464,0.00357854557004683,0.948165397069658
142,142,142,426,393,142,Good,1,slightly degraded,D:\LSH\LSH\实验\聚焦信号分类实验\1\ROI_x377_y421_w25_h26_20260626_172115\01_valid_raw_and_ifft\mat\curve_r0426_c0393_idx000142.mat,D:\LSH\LSH\实验\聚焦信号分类实验\1\ROI_x377_y421_w25_h26_20260626_172115\01_valid_raw_and_ifft\mat,valid_folder,valid,48.7888575630346,48.6744627250581,0.0707907111845706,0.0429275984408943,0.00433155870610598,0.939327539494879
143,143,143,426,394,143,Good,1,slightly degraded,D:\LSH\LSH\实验\聚焦信号分类实验\1\ROI_x377_y421_w25_h26_20260626_172115\01_valid_raw_and_ifft\mat\curve_r0426_c0394_idx000143.mat,D:\LSH\LSH\实验\聚焦信号分类实验\1\ROI_x377_y421_w25_h26_20260626_172115\01_valid_raw_and_ifft\mat,valid_folder,valid,48.6793866548373,48.5761029673801,0.0616083477511239,0.0377942003892632,0.00387991169471425,0.937322105049396
144,144,144,426,395,144,Good,1,slightly degraded,D:\LSH\LSH\实验\聚焦信号分类实验\1\ROI_x377_y421_w25_h26_20260626_172115\01_valid_raw_and_ifft\mat\curve_r0426_c0395_idx000144.mat,D:\LSH\LSH\实验\聚焦信号分类实验\1\ROI_x377_y421_w25_h26_20260626_172115\01_valid_raw_and_ifft\mat,valid_folder,valid,48.6521505021798,48.6257342394177,0.0637145613590176,0.0392626150715282,0.00416066968558879,0.933613897857031
145,145,145,426,396,145,Good,1,slightly degraded,D:\LSH\LSH\实验\聚焦信号分类实验\1\ROI_x377_y421_w25_h26_20260626_172115\01_valid_raw_and_ifft\mat\curve_r0426_c0396_idx000145.mat,D:\LSH\LSH\实验\聚焦信号分类实验\1\ROI_x377_y421_w25_h26_20260626_172115\01_valid_raw_and_ifft\mat,valid_folder,valid,48.3040748711962,48.491451785801,0.0599395375084386,0.0356384202325641,0.00388101557082815,0.930101227948779
146,146,146,426,397,146,Good,1,slightly degraded,D:\LSH\LSH\实验\聚焦信号分类实验\1\ROI_x377_y421_w25_h26_20260626_172115\01_valid_raw_and_ifft\mat\curve_r0426_c0397_idx000146.mat,D:\LSH\LSH\实验\聚焦信号分类实验\1\ROI_x377_y421_w25_h26_20260626_172115\01_valid_raw_and_ifft\mat,valid_folder,valid,48.2215817932917,48.3512025455631,0.0487419625708406,0.0271651779883402,0.00329760009300774,0.911522469756352
147,147,147,426,398,147,Good,1,slightly degraded,D:\LSH\LSH\实验\聚焦信号分类实验\1\ROI_x377_y421_w25_h26_20260626_172115\01_valid_raw_and_ifft\mat\curve_r0426_c0398_idx000147.mat,D:\LSH\LSH\实验\聚焦信号分类实验\1\ROI_x377_y421_w25_h26_20260626_172115\01_valid_raw_and_ifft\mat,valid_folder,valid,48.1880387780414,48.3516424610446,0.0300567423225852,0.0165932879913987,0.00201028807738459,0.9083368818302
148,148,148,426,399,148,Good,1,slightly degraded,D:\LSH\LSH\实验\聚焦信号分类实验\1\ROI_x377_y421_w25_h26_20260626_172115\01_valid_raw_and_ifft\mat\curve_r0426_c0399_idx000148.mat,D:\LSH\LSH\实验\聚焦信号分类实验\1\ROI_x377_y421_w25_h26_20260626_172115\01_valid_raw_and_ifft\mat,valid_folder,valid,48.2476503380054,49.0084943981628,0.00850236497754158,0.00562937341537372,0.000490692513859066,0.951382053354434
149,149,149,426,400,149,Good,1,slightly degraded,D:\LSH\LSH\实验\聚焦信号分类实验\1\ROI_x377_y421_w25_h26_20260626_172115\01_valid_raw_and_ifft\mat\curve_r0426_c0400_idx000149.mat,D:\LSH\LSH\实验\聚焦信号分类实验\1\ROI_x377_y421_w25_h26_20260626_172115\01_valid_raw_and_ifft\mat,valid_folder,valid,50.3089153362101,50.3450745102096,0.00682011010475163,0.00470914440140744,0.00042498994391072,0.946396990361433
150,150,150,426,401,150,Good,1,slightly degraded,D:\LSH\LSH\实验\聚焦信号分类实验\1\ROI_x377_y421_w25_h26_20260626_172115\01_valid_raw_and_ifft\mat\curve_r0426_c0401_idx000150.mat,D:\LSH\LSH\实验\聚焦信号分类实验\1\ROI_x377_y421_w25_h26_20260626_172115\01_valid_raw_and_ifft\mat,valid_folder,valid,51.0270057118653,50.7953897344829,0.00689499683843793,0.00510007210500045,0.000436382564315143,0.951014876443903
151,151,151,427,377,151,Good,1,slightly degraded,D:\LSH\LSH\实验\聚焦信号分类实验\1\ROI_x377_y421_w25_h26_20260626_172115\01_valid_raw_and_ifft\mat\curve_r0427_c0377_idx000151.mat,D:\LSH\LSH\实验\聚焦信号分类实验\1\ROI_x377_y421_w25_h26_20260626_172115\01_valid_raw_and_ifft\mat,valid_folder,valid,47.9660836260013,47.9714381188379,0.0466704235878232,0.0261159195147264,0.00289079412194278,0.924133682335092
152,152,152,427,378,152,Good,1,slightly degraded,D:\LSH\LSH\实验\聚焦信号分类实验\1\ROI_x377_y421_w25_h26_20260626_172115\01_valid_raw_and_ifft\mat\curve_r0427_c0378_idx000152.mat,D:\LSH\LSH\实验\聚焦信号分类实验\1\ROI_x377_y421_w25_h26_20260626_172115\01_valid_raw_and_ifft\mat,valid_folder,valid,47.2437449563008,47.5139207377615,0.0253464368784452,0.0147318351627516,0.00158854484575293,0.927245071072092
153,153,153,427,379,153,Good,1,slightly degraded,D:\LSH\LSH\实验\聚焦信号分类实验\1\ROI_x377_y421_w25_h26_20260626_172115\01_valid_raw_and_ifft\mat\curve_r0427_c0379_idx000153.mat,D:\LSH\LSH\实验\聚焦信号分类实验\1\ROI_x377_y421_w25_h26_20260626_172115\01_valid_raw_and_ifft\mat,valid_folder,valid,47.4640293176923,47.6931376555548,0.0341854248400555,0.021434178544657,0.00218397510008748,0.935707344000074
154,154,154,427,380,154,Good,1,slightly degraded,D:\LSH\LSH\实验\聚焦信号分类实验\1\ROI_x377_y421_w25_h26_20260626_172115\01_valid_raw_and_ifft\mat\curve_r0427_c0380_idx000154.mat,D:\LSH\LSH\实验\聚焦信号分类实验\1\ROI_x377_y421_w25_h26_20260626_172115\01_valid_raw_and_ifft\mat,valid_folder,valid,47.8000570210501,47.7935404893879,0.036223212083123,0.0214191629637446,0.00227564662122068,0.929920012965271
155,155,155,427,381,155,Good,1,slightly degraded,D:\LSH\LSH\实验\聚焦信号分类实验\1\ROI_x377_y421_w25_h26_20260626_172115\01_valid_raw_and_ifft\mat\curve_r0427_c0381_idx000155.mat,D:\LSH\LSH\实验\聚焦信号分类实验\1\ROI_x377_y421_w25_h26_20260626_172115\01_valid_raw_and_ifft\mat,valid_folder,valid,47.8110257285744,47.8219565244937,0.0177086845927337,0.0102261190175653,0.00114825061297794,0.919523318058624
156,156,156,427,382,156,Good,1,slightly degraded,D:\LSH\LSH\实验\聚焦信号分类实验\1\ROI_x377_y421_w25_h26_20260626_172115\01_valid_raw_and_ifft\mat\curve_r0427_c0382_idx000156.mat,D:\LSH\LSH\实验\聚焦信号分类实验\1\ROI_x377_y421_w25_h26_20260626_172115\01_valid_raw_and_ifft\mat,valid_folder,valid,47.6159529072832,47.9008551522187,0.00673535206458634,0.00497291712104552,0.000397442681530994,0.955623000598127
157,157,157,427,383,157,Good,1,slightly degraded,D:\LSH\LSH\实验\聚焦信号分类实验\1\ROI_x377_y421_w25_h26_20260626_172115\01_valid_raw_and_ifft\mat\curve_r0427_c0383_idx000157.mat,D:\LSH\LSH\实验\聚焦信号分类实验\1\ROI_x377_y421_w25_h26_20260626_172115\01_valid_raw_and_ifft\mat,valid_folder,valid,47.8177796495123,47.9274781834394,0.0109752756675735,0.00783214683566409,0.000697060416525964,0.947778466278959
158,158,158,427,384,158,Good,1,slightly degraded,D:\LSH\LSH\实验\聚焦信号分类实验\1\ROI_x377_y421_w25_h26_20260626_172115\01_valid_raw_and_ifft\mat\curve_r0427_c0384_idx000158.mat,D:\LSH\LSH\实验\聚焦信号分类实验\1\ROI_x377_y421_w25_h26_20260626_172115\01_valid_raw_and_ifft\mat,valid_folder,valid,47.9648736539822,48.0301262012772,0.0267271630265818,0.0178678418905665,0.00148406930416035,0.95717518946668
159,159,159,427,385,159,Good,1,slightly degraded,D:\LSH\LSH\实验\聚焦信号分类实验\1\ROI_x377_y421_w25_h26_20260626_172115\01_valid_raw_and_ifft\mat\curve_r0427_c0385_idx000159.mat,D:\LSH\LSH\实验\聚焦信号分类实验\1\ROI_x377_y421_w25_h26_20260626_172115\01_valid_raw_and_ifft\mat,valid_folder,valid,47.8703261926249,47.8793853132658,0.0787350457937936,0.0455048497888854,0.00507294503732833,0.925109396177094
160,160,160,427,386,160,Good,1,slightly degraded,D:\LSH\LSH\实验\聚焦信号分类实验\1\ROI_x377_y421_w25_h26_20260626_172115\01_valid_raw_and_ifft\mat\curve_r0427_c0386_idx000160.mat,D:\LSH\LSH\实验\聚焦信号分类实验\1\ROI_x377_y421_w25_h26_20260626_172115\01_valid_raw_and_ifft\mat,valid_folder,valid,47.9280711416455,47.9223371344413,0.0843534922542569,0.047610734855131,0.00531477089796259,0.924591633278272
161,161,161,427,387,161,Good,1,slightly degraded,D:\LSH\LSH\实验\聚焦信号分类实验\1\ROI_x377_y421_w25_h26_20260626_172115\01_valid_raw_and_ifft\mat\curve_r0427_c0387_idx000161.mat,D:\LSH\LSH\实验\聚焦信号分类实验\1\ROI_x377_y421_w25_h26_20260626_172115\01_valid_raw_and_ifft\mat,valid_folder,valid,47.8942470437202,47.9129372859633,0.0698891571037718,0.0420383066947474,0.00429616631008289,0.936803946202361
162,162,162,427,388,162,Good,1,slightly degraded,D:\LSH\LSH\实验\聚焦信号分类实验\1\ROI_x377_y421_w25_h26_20260626_172115\01_valid_raw_and_ifft\mat\curve_r0427_c0388_idx000162.mat,D:\LSH\LSH\实验\聚焦信号分类实验\1\ROI_x377_y421_w25_h26_20260626_172115\01_valid_raw_and_ifft\mat,valid_folder,valid,47.9450797553179,47.9366834419739,0.0652217387060267,0.0330057379040503,0.00445821728112882,0.890406440438922
163,163,163,427,389,163,Good,1,slightly degraded,D:\LSH\LSH\实验\聚焦信号分类实验\1\ROI_x377_y421_w25_h26_20260626_172115\01_valid_raw_and_ifft\mat\curve_r0427_c0389_idx000163.mat,D:\LSH\LSH\实验\聚焦信号分类实验\1\ROI_x377_y421_w25_h26_20260626_172115\01_valid_raw_and_ifft\mat,valid_folder,valid,48.0764891205707,48.1506749736178,0.064415522590263,0.0339666627826614,0.00432750864101225,0.903283540361394
164,164,164,427,390,164,Good,1,slightly degraded,D:\LSH\LSH\实验\聚焦信号分类实验\1\ROI_x377_y421_w25_h26_20260626_172115\01_valid_raw_and_ifft\mat\curve_r0427_c0390_idx000164.mat,D:\LSH\LSH\实验\聚焦信号分类实验\1\ROI_x377_y421_w25_h26_20260626_172115\01_valid_raw_and_ifft\mat,valid_folder,valid,48.2311922587019,48.3463252856003,0.117462611640962,0.0649024311486596,0.0080603455991901,0.909921372422059
165,165,165,427,391,165,Good,1,slightly degraded,D:\LSH\LSH\实验\聚焦信号分类实验\1\ROI_x377_y421_w25_h26_20260626_172115\01_valid_raw_and_ifft\mat\curve_r0427_c0391_idx000165.mat,D:\LSH\LSH\实验\聚焦信号分类实验\1\ROI_x377_y421_w25_h26_20260626_172115\01_valid_raw_and_ifft\mat,valid_folder,valid,48.3672741067448,48.4978611047306,0.169637850483321,0.100519254869122,0.0114937907665502,0.924463534155165
166,166,166,427,392,166,Good,1,slightly degraded,D:\LSH\LSH\实验\聚焦信号分类实验\1\ROI_x377_y421_w25_h26_20260626_172115\01_valid_raw_and_ifft\mat\curve_r0427_c0392_idx000166.mat,D:\LSH\LSH\实验\聚焦信号分类实验\1\ROI_x377_y421_w25_h26_20260626_172115\01_valid_raw_and_ifft\mat,valid_folder,valid,48.4402235418182,48.5697754917277,0.141905209608755,0.0879485803129016,0.00937248555201007,0.934230646576968
167,167,167,427,393,167,Good,1,slightly degraded,D:\LSH\LSH\实验\聚焦信号分类实验\1\ROI_x377_y421_w25_h26_20260626_172115\01_valid_raw_and_ifft\mat\curve_r0427_c0393_idx000167.mat,D:\LSH\LSH\实验\聚焦信号分类实验\1\ROI_x377_y421_w25_h26_20260626_172115\01_valid_raw_and_ifft\mat,valid_folder,valid,48.4084783783927,48.5634737902885,0.107354087870758,0.0657175984580685,0.00709493927764255,0.93216831870158
168,168,168,427,394,168,Good,1,slightly degraded,D:\LSH\LSH\实验\聚焦信号分类实验\1\ROI_x377_y421_w25_h26_20260626_172115\01_valid_raw_and_ifft\mat\curve_r0427_c0394_idx000168.mat,D:\LSH\LSH\实验\聚焦信号分类实验\1\ROI_x377_y421_w25_h26_20260626_172115\01_valid_raw_and_ifft\mat,valid_folder,valid,48.3812594138825,48.4423873850204,0.0735056402458153,0.0429563242621688,0.00515898331728863,0.916225353784829
169,169,169,427,395,169,Good,1,slightly degraded,D:\LSH\LSH\实验\聚焦信号分类实验\1\ROI_x377_y421_w25_h26_20260626_172115\01_valid_raw_and_ifft\mat\curve_r0427_c0395_idx000169.mat,D:\LSH\LSH\实验\聚焦信号分类实验\1\ROI_x377_y421_w25_h26_20260626_172115\01_valid_raw_and_ifft\mat,valid_folder,valid,48.3326252477049,48.3775094085431,0.0468541823816454,0.0280948834888666,0.00313578245198541,0.926245533508034
170,170,170,427,396,170,Good,1,slightly degraded,D:\LSH\LSH\实验\聚焦信号分类实验\1\ROI_x377_y421_w25_h26_20260626_172115\01_valid_raw_and_ifft\mat\curve_r0427_c0396_idx000170.mat,D:\LSH\LSH\实验\聚焦信号分类实验\1\ROI_x377_y421_w25_h26_20260626_172115\01_valid_raw_and_ifft\mat,valid_folder,valid,48.1502825162893,48.2972993746682,0.0588848037332508,0.0315973261066371,0.00391412805261042,0.907843306666561
171,171,171,427,397,171,Good,1,slightly degraded,D:\LSH\LSH\实验\聚焦信号分类实验\1\ROI_x377_y421_w25_h26_20260626_172115\01_valid_raw_and_ifft\mat\curve_r0427_c0397_idx000171.mat,D:\LSH\LSH\实验\聚焦信号分类实验\1\ROI_x377_y421_w25_h26_20260626_172115\01_valid_raw_and_ifft\mat,valid_folder,valid,48.1404481476437,48.3119751810679,0.0574760527048529,0.0288833160895816,0.00405602758101712,0.883079011541568
172,172,172,427,398,172,Good,1,slightly degraded,D:\LSH\LSH\实验\聚焦信号分类实验\1\ROI_x377_y421_w25_h26_20260626_172115\01_valid_raw_and_ifft\mat\curve_r0427_c0398_idx000172.mat,D:\LSH\LSH\实验\聚焦信号分类实验\1\ROI_x377_y421_w25_h26_20260626_172115\01_valid_raw_and_ifft\mat,valid_folder,valid,48.1541581939968,48.441096506694,0.0244256132321504,0.012595912901069,0.00169218875722077,0.88823567293342
173,173,173,427,399,173,Good,1,slightly degraded,D:\LSH\LSH\实验\聚焦信号分类实验\1\ROI_x377_y421_w25_h26_20260626_172115\01_valid_raw_and_ifft\mat\curve_r0427_c0399_idx000173.mat,D:\LSH\LSH\实验\聚焦信号分类实验\1\ROI_x377_y421_w25_h26_20260626_172115\01_valid_raw_and_ifft\mat,valid_folder,valid,48.3276095145255,49.3010612099123,0.00480046496564144,0.00365831262000554,0.00026455381645549,0.966037586950481
174,174,174,427,400,174,Good,1,slightly degraded,D:\LSH\LSH\实验\聚焦信号分类实验\1\ROI_x377_y421_w25_h26_20260626_172115\01_valid_raw_and_ifft\mat\curve_r0427_c0400_idx000174.mat,D:\LSH\LSH\实验\聚焦信号分类实验\1\ROI_x377_y421_w25_h26_20260626_172115\01_valid_raw_and_ifft\mat,valid_folder,valid,50.420265821879,50.6661050934806,0.00658079829614727,0.00500007957901357,0.000328406542016349,0.972291494083387
175,175,175,427,401,175,Good,1,slightly degraded,D:\LSH\LSH\实验\聚焦信号分类实验\1\ROI_x377_y421_w25_h26_20260626_172115\01_valid_raw_and_ifft\mat\curve_r0427_c0401_idx000175.mat,D:\LSH\LSH\实验\聚焦信号分类实验\1\ROI_x377_y421_w25_h26_20260626_172115\01_valid_raw_and_ifft\mat,valid_folder,valid,51.1955247368939,51.0402679151141,0.00455363624761335,0.00312384961502552,0.000253537242147372,0.95366490010029
176,176,176,428,377,176,Good,1,slightly degraded,D:\LSH\LSH\实验\聚焦信号分类实验\1\ROI_x377_y421_w25_h26_20260626_172115\01_valid_raw_and_ifft\mat\curve_r0428_c0377_idx000176.mat,D:\LSH\LSH\实验\聚焦信号分类实验\1\ROI_x377_y421_w25_h26_20260626_172115\01_valid_raw_and_ifft\mat,valid_folder,valid,47.8790501269665,47.853833415381,0.0419320165634095,0.0226601161681693,0.00281415782732269,0.906655524473099
177,177,177,428,378,177,Good,1,slightly degraded,D:\LSH\LSH\实验\聚焦信号分类实验\1\ROI_x377_y421_w25_h26_20260626_172115\01_valid_raw_and_ifft\mat\curve_r0428_c0378_idx000177.mat,D:\LSH\LSH\实验\聚焦信号分类实验\1\ROI_x377_y421_w25_h26_20260626_172115\01_valid_raw_and_ifft\mat,valid_folder,valid,47.6808839285807,47.7141700258488,0.0480018564252873,0.0286409963745433,0.00327862461803493,0.921136844279374
178,178,178,428,379,178,Good,1,slightly degraded,D:\LSH\LSH\实验\聚焦信号分类实验\1\ROI_x377_y421_w25_h26_20260626_172115\01_valid_raw_and_ifft\mat\curve_r0428_c0379_idx000178.mat,D:\LSH\LSH\实验\聚焦信号分类实验\1\ROI_x377_y421_w25_h26_20260626_172115\01_valid_raw_and_ifft\mat,valid_folder,valid,47.7823147140333,47.7387724400925,0.0510232423665364,0.0287690939810054,0.00340422153536053,0.914810134976572
179,179,179,428,380,179,Good,1,slightly degraded,D:\LSH\LSH\实验\聚焦信号分类实验\1\ROI_x377_y421_w25_h26_20260626_172115\01_valid_raw_and_ifft\mat\curve_r0428_c0380_idx000179.mat,D:\LSH\LSH\实验\聚焦信号分类实验\1\ROI_x377_y421_w25_h26_20260626_172115\01_valid_raw_and_ifft\mat,valid_folder,valid,47.8481236947567,47.816208277691,0.0278174744957901,0.0154814366783338,0.00184390129529737,0.913060665002373
180,180,180,428,381,180,Good,1,slightly degraded,D:\LSH\LSH\实验\聚焦信号分类实验\1\ROI_x377_y421_w25_h26_20260626_172115\01_valid_raw_and_ifft\mat\curve_r0428_c0381_idx000180.mat,D:\LSH\LSH\实验\聚焦信号分类实验\1\ROI_x377_y421_w25_h26_20260626_172115\01_valid_raw_and_ifft\mat,valid_folder,valid,47.4917784073998,47.8291968146669,0.00862425040270349,0.00580543686373206,0.000543055617315991,0.942757449214962
181,181,181,428,382,181,Good,1,slightly degraded,D:\LSH\LSH\实验\聚焦信号分类实验\1\ROI_x377_y421_w25_h26_20260626_172115\01_valid_raw_and_ifft\mat\curve_r0428_c0382_idx000181.mat,D:\LSH\LSH\实验\聚焦信号分类实验\1\ROI_x377_y421_w25_h26_20260626_172115\01_valid_raw_and_ifft\mat,valid_folder,valid,47.4833214052821,47.9545565411653,0.00874966654939521,0.00635297017942699,0.00053876190704334,0.951754802672609
182,182,182,428,383,182,Good,1,slightly degraded,D:\LSH\LSH\实验\聚焦信号分类实验\1\ROI_x377_y421_w25_h26_20260626_172115\01_valid_raw_and_ifft\mat\curve_r0428_c0383_idx000182.mat,D:\LSH\LSH\实验\聚焦信号分类实验\1\ROI_x377_y421_w25_h26_20260626_172115\01_valid_raw_and_ifft\mat,valid_folder,valid,47.7676793522304,47.9035832308779,0.0167160366325465,0.0113643025084627,0.00109041302596061,0.940670016509935
183,183,183,428,384,183,Good,1,slightly degraded,D:\LSH\LSH\实验\聚焦信号分类实验\1\ROI_x377_y421_w25_h26_20260626_172115\01_valid_raw_and_ifft\mat\curve_r0428_c0384_idx000183.mat,D:\LSH\LSH\实验\聚焦信号分类实验\1\ROI_x377_y421_w25_h26_20260626_172115\01_valid_raw_and_ifft\mat,valid_folder,valid,47.9375308058331,47.9920545126244,0.0422781013377947,0.0282602120443605,0.00253968536085033,0.95077700483976
184,184,184,428,385,184,Good,1,slightly degraded,D:\LSH\LSH\实验\聚焦信号分类实验\1\ROI_x377_y421_w25_h26_20260626_172115\01_valid_raw_and_ifft\mat\curve_r0428_c0385_idx000184.mat,D:\LSH\LSH\实验\聚焦信号分类实验\1\ROI_x377_y421_w25_h26_20260626_172115\01_valid_raw_and_ifft\mat,valid_folder,valid,47.8840713413602,47.8947142311623,0.0913849982241066,0.0516702974296828,0.00609324987514811,0.917484796519583
185,185,185,428,386,185,Good,1,slightly degraded,D:\LSH\LSH\实验\聚焦信号分类实验\1\ROI_x377_y421_w25_h26_20260626_172115\01_valid_raw_and_ifft\mat\curve_r0428_c0386_idx000185.mat,D:\LSH\LSH\实验\聚焦信号分类实验\1\ROI_x377_y421_w25_h26_20260626_172115\01_valid_raw_and_ifft\mat,valid_folder,valid,47.7721304982721,47.8709017209024,0.0387399082051929,0.0253374402798594,0.00261674725148343,0.935979902925733
186,186,186,428,387,186,Good,1,slightly degraded,D:\LSH\LSH\实验\聚焦信号分类实验\1\ROI_x377_y421_w25_h26_20260626_172115\01_valid_raw_and_ifft\mat\curve_r0428_c0387_idx000186.mat,D:\LSH\LSH\实验\聚焦信号分类实验\1\ROI_x377_y421_w25_h26_20260626_172115\01_valid_raw_and_ifft\mat,valid_folder,valid,47.9859899406656,47.986713307396,0.0332480789899012,0.0187410371907735,0.00205501212498489,0.924748060480262
187,187,187,428,388,187,Good,1,slightly degraded,D:\LSH\LSH\实验\聚焦信号分类实验\1\ROI_x377_y421_w25_h26_20260626_172115\01_valid_raw_and_ifft\mat\curve_r0428_c0388_idx000187.mat,D:\LSH\LSH\实验\聚焦信号分类实验\1\ROI_x377_y421_w25_h26_20260626_172115\01_valid_raw_and_ifft\mat,valid_folder,valid,48.0230821200805,48.0736898473816,0.0407716591168487,0.0202514845269818,0.00281047343371855,0.883466554858812
188,188,188,428,389,188,Good,1,slightly degraded,D:\LSH\LSH\实验\聚焦信号分类实验\1\ROI_x377_y421_w25_h26_20260626_172115\01_valid_raw_and_ifft\mat\curve_r0428_c0389_idx000188.mat,D:\LSH\LSH\实验\聚焦信号分类实验\1\ROI_x377_y421_w25_h26_20260626_172115\01_valid_raw_and_ifft\mat,valid_folder,valid,48.136665216365,48.235564898298,0.0653580157542541,0.0351490407323397,0.00436465007320068,0.908016146482922
189,189,189,428,390,189,Good,1,slightly degraded,D:\LSH\LSH\实验\聚焦信号分类实验\1\ROI_x377_y421_w25_h26_20260626_172115\01_valid_raw_and_ifft\mat\curve_r0428_c0390_idx000189.mat,D:\LSH\LSH\实验\聚焦信号分类实验\1\ROI_x377_y421_w25_h26_20260626_172115\01_valid_raw_and_ifft\mat,valid_folder,valid,48.2151407838834,48.3451846399396,0.115878502967989,0.0626407520869803,0.00802842189134688,0.904230175155178
190,190,190,428,391,190,Good,1,slightly degraded,D:\LSH\LSH\实验\聚焦信号分类实验\1\ROI_x377_y421_w25_h26_20260626_172115\01_valid_raw_and_ifft\mat\curve_r0428_c0391_idx000190.mat,D:\LSH\LSH\实验\聚焦信号分类实验\1\ROI_x377_y421_w25_h26_20260626_172115\01_valid_raw_and_ifft\mat,valid_folder,valid,48.229961279683,48.3752352024261,0.12539034792736,0.0684744476979357,0.00865280394598814,0.906983826599635
191,191,191,428,392,191,Good,1,slightly degraded,D:\LSH\LSH\实验\聚焦信号分类实验\1\ROI_x377_y421_w25_h26_20260626_172115\01_valid_raw_and_ifft\mat\curve_r0428_c0392_idx000191.mat,D:\LSH\LSH\实验\聚焦信号分类实验\1\ROI_x377_y421_w25_h26_20260626_172115\01_valid_raw_and_ifft\mat,valid_folder,valid,48.2004330214896,48.3449078889517,0.09129122984796,0.0505620447692672,0.00608380728463973,0.914410214433873
192,192,192,428,393,192,Good,1,slightly degraded,D:\LSH\LSH\实验\聚焦信号分类实验\1\ROI_x377_y421_w25_h26_20260626_172115\01_valid_raw_and_ifft\mat\curve_r0428_c0393_idx000192.mat,D:\LSH\LSH\实验\聚焦信号分类实验\1\ROI_x377_y421_w25_h26_20260626_172115\01_valid_raw_and_ifft\mat,valid_folder,valid,48.157467786682,48.2639487140364,0.0820251101163316,0.0451239542608937,0.00540014892611913,0.914652582472532
193,193,193,428,394,193,Good,1,slightly degraded,D:\LSH\LSH\实验\聚焦信号分类实验\1\ROI_x377_y421_w25_h26_20260626_172115\01_valid_raw_and_ifft\mat\curve_r0428_c0394_idx000193.mat,D:\LSH\LSH\实验\聚焦信号分类实验\1\ROI_x377_y421_w25_h26_20260626_172115\01_valid_raw_and_ifft\mat,valid_folder,valid,48.2435344052104,48.3313333503664,0.0669519258846249,0.0375913797729597,0.00456167744767969,0.913234139123149
194,194,194,428,395,194,Good,1,slightly degraded,D:\LSH\LSH\实验\聚焦信号分类实验\1\ROI_x377_y421_w25_h26_20260626_172115\01_valid_raw_and_ifft\mat\curve_r0428_c0395_idx000194.mat,D:\LSH\LSH\实验\聚焦信号分类实验\1\ROI_x377_y421_w25_h26_20260626_172115\01_valid_raw_and_ifft\mat,valid_folder,valid,48.1226230982678,48.351490822256,0.0500160297241752,0.0261459173511811,0.00336429071127265,0.898692592174913
195,195,195,428,396,195,Good,1,slightly degraded,D:\LSH\LSH\实验\聚焦信号分类实验\1\ROI_x377_y421_w25_h26_20260626_172115\01_valid_raw_and_ifft\mat\curve_r0428_c0396_idx000195.mat,D:\LSH\LSH\实验\聚焦信号分类实验\1\ROI_x377_y421_w25_h26_20260626_172115\01_valid_raw_and_ifft\mat,valid_folder,valid,48.1341485951736,48.6980876487517,0.0307294800907837,0.0173534982447445,0.00208605435348551,0.90926357471619
196,196,196,428,397,196,Good,1,slightly degraded,D:\LSH\LSH\实验\聚焦信号分类实验\1\ROI_x377_y421_w25_h26_20260626_172115\01_valid_raw_and_ifft\mat\curve_r0428_c0397_idx000196.mat,D:\LSH\LSH\实验\聚焦信号分类实验\1\ROI_x377_y421_w25_h26_20260626_172115\01_valid_raw_and_ifft\mat,valid_folder,valid,48.1270084000138,48.9084815832029,0.0168661929372349,0.0102811055448594,0.00110073802008971,0.927823656323988
197,197,197,428,398,197,Good,1,slightly degraded,D:\LSH\LSH\实验\聚焦信号分类实验\1\ROI_x377_y421_w25_h26_20260626_172115\01_valid_raw_and_ifft\mat\curve_r0428_c0398_idx000197.mat,D:\LSH\LSH\实验\聚焦信号分类实验\1\ROI_x377_y421_w25_h26_20260626_172115\01_valid_raw_and_ifft\mat,valid_folder,valid,48.2003469683183,48.8016806653241,0.0114474201131574,0.00697823255697984,0.00071199496096789,0.932901825971562
198,198,198,428,399,198,Good,1,slightly degraded,D:\LSH\LSH\实验\聚焦信号分类实验\1\ROI_x377_y421_w25_h26_20260626_172115\01_valid_raw_and_ifft\mat\curve_r0428_c0399_idx000198.mat,D:\LSH\LSH\实验\聚焦信号分类实验\1\ROI_x377_y421_w25_h26_20260626_172115\01_valid_raw_and_ifft\mat,valid_folder,valid,48.2254674183099,49.0657631856666,0.00476248191017619,0.00322617211835845,0.000280437328170885,0.948845238915339
199,199,199,428,400,199,Good,1,slightly degraded,D:\LSH\LSH\实验\聚焦信号分类实验\1\ROI_x377_y421_w25_h26_20260626_172115\01_valid_raw_and_ifft\mat\curve_r0428_c0400_idx000199.mat,D:\LSH\LSH\实验\聚焦信号分类实验\1\ROI_x377_y421_w25_h26_20260626_172115\01_valid_raw_and_ifft\mat,valid_folder,valid,50.5525077531815,50.5141870200002,0.00501599943272175,0.00424707678701053,0.000232090673124919,0.981894640282799
200,200,200,428,401,200,Good,1,slightly degraded,D:\LSH\LSH\实验\聚焦信号分类实验\1\ROI_x377_y421_w25_h26_20260626_172115\01_valid_raw_and_ifft\mat\curve_r0428_c0401_idx000200.mat,D:\LSH\LSH\实验\聚焦信号分类实验\1\ROI_x377_y421_w25_h26_20260626_172115\01_valid_raw_and_ifft\mat,valid_folder,valid,50.9512987882387,50.7150784219835,0.00427663165368069,0.00300946180758359,0.000198222020173212,0.96978108191017
201,201,201,429,377,201,Good,1,slightly degraded,D:\LSH\LSH\实验\聚焦信号分类实验\1\ROI_x377_y421_w25_h26_20260626_172115\01_valid_raw_and_ifft\mat\curve_r0429_c0377_idx000201.mat,D:\LSH\LSH\实验\聚焦信号分类实验\1\ROI_x377_y421_w25_h26_20260626_172115\01_valid_raw_and_ifft\mat,valid_folder,valid,47.9276303247236,47.9618760869177,0.0413931124642138,0.0238072893821237,0.00260649559378099,0.925928873774006
202,202,202,429,378,202,Good,1,slightly degraded,D:\LSH\LSH\实验\聚焦信号分类实验\1\ROI_x377_y421_w25_h26_20260626_172115\01_valid_raw_and_ifft\mat\curve_r0429_c0378_idx000202.mat,D:\LSH\LSH\实验\聚焦信号分类实验\1\ROI_x377_y421_w25_h26_20260626_172115\01_valid_raw_and_ifft\mat,valid_folder,valid,47.9005938963346,47.9294294871263,0.0224457022485553,0.0127235467251626,0.0013951130924782,0.922423367430959
203,203,203,429,379,203,Good,1,slightly degraded,D:\LSH\LSH\实验\聚焦信号分类实验\1\ROI_x377_y421_w25_h26_20260626_172115\01_valid_raw_and_ifft\mat\curve_r0429_c0379_idx000203.mat,D:\LSH\LSH\实验\聚焦信号分类实验\1\ROI_x377_y421_w25_h26_20260626_172115\01_valid_raw_and_ifft\mat,valid_folder,valid,47.8826932398951,47.9166264517512,0.013395603864494,0.00771749298865815,0.000831466223569335,0.92350692562265
204,204,204,429,380,204,Good,1,slightly degraded,D:\LSH\LSH\实验\聚焦信号分类实验\1\ROI_x377_y421_w25_h26_20260626_172115\01_valid_raw_and_ifft\mat\curve_r0429_c0380_idx000204.mat,D:\LSH\LSH\实验\聚焦信号分类实验\1\ROI_x377_y421_w25_h26_20260626_172115\01_valid_raw_and_ifft\mat,valid_folder,valid,47.9115169885663,47.9642736320567,0.012369052492217,0.00820650380764608,0.000791282750167813,0.941740222774196
205,205,205,429,381,205,Good,1,slightly degraded,D:\LSH\LSH\实验\聚焦信号分类实验\1\ROI_x377_y421_w25_h26_20260626_172115\01_valid_raw_and_ifft\mat\curve_r0429_c0381_idx000205.mat,D:\LSH\LSH\实验\聚焦信号分类实验\1\ROI_x377_y421_w25_h26_20260626_172115\01_valid_raw_and_ifft\mat,valid_folder,valid,47.4976346006019,47.8306994096186,0.00916769861298769,0.0060312724983361,0.000595648933319768,0.937100358079644
206,206,206,429,382,206,Good,1,slightly degraded,D:\LSH\LSH\实验\聚焦信号分类实验\1\ROI_x377_y421_w25_h26_20260626_172115\01_valid_raw_and_ifft\mat\curve_r0429_c0382_idx000206.mat,D:\LSH\LSH\实验\聚焦信号分类实验\1\ROI_x377_y421_w25_h26_20260626_172115\01_valid_raw_and_ifft\mat,valid_folder,valid,47.4359621740863,47.7152598129462,0.0188988303543291,0.011483288615105,0.00128925957178577,0.921620823186349
207,207,207,429,383,207,Good,1,slightly degraded,D:\LSH\LSH\实验\聚焦信号分类实验\1\ROI_x377_y421_w25_h26_20260626_172115\01_valid_raw_and_ifft\mat\curve_r0429_c0383_idx000207.mat,D:\LSH\LSH\实验\聚焦信号分类实验\1\ROI_x377_y421_w25_h26_20260626_172115\01_valid_raw_and_ifft\mat,valid_folder,valid,47.9275594307691,47.9423764114745,0.0607229551763557,0.0358671412522471,0.00392272166286778,0.928064891977006
208,208,208,429,384,208,Good,1,slightly degraded,D:\LSH\LSH\实验\聚焦信号分类实验\1\ROI_x377_y421_w25_h26_20260626_172115\01_valid_raw_and_ifft\mat\curve_r0429_c0384_idx000208.mat,D:\LSH\LSH\实验\聚焦信号分类实验\1\ROI_x377_y421_w25_h26_20260626_172115\01_valid_raw_and_ifft\mat,valid_folder,valid,47.983964013604,47.9929143095712,0.162820031033674,0.0834602620923746,0.0111883153766576,0.895075424066542
209,209,209,429,385,209,Good,1,slightly degraded,D:\LSH\LSH\实验\聚焦信号分类实验\1\ROI_x377_y421_w25_h26_20260626_172115\01_valid_raw_and_ifft\mat\curve_r0429_c0385_idx000209.mat,D:\LSH\LSH\实验\聚焦信号分类实验\1\ROI_x377_y421_w25_h26_20260626_172115\01_valid_raw_and_ifft\mat,valid_folder,valid,47.9783944064822,47.9858462503203,0.175442779769033,0.0865293210873651,0.0124389887489683,0.881550921985914
210,210,210,429,386,210,Good,1,slightly degraded,D:\LSH\LSH\实验\聚焦信号分类实验\1\ROI_x377_y421_w25_h26_20260626_172115\01_valid_raw_and_ifft\mat\curve_r0429_c0386_idx000210.mat,D:\LSH\LSH\实验\聚焦信号分类实验\1\ROI_x377_y421_w25_h26_20260626_172115\01_valid_raw_and_ifft\mat,valid_folder,valid,47.9958629646824,47.9941285509754,0.0774876443020695,0.0377725104899454,0.00544021560428784,0.878348786400521
211,211,211,429,387,211,Good,1,slightly degraded,D:\LSH\LSH\实验\聚焦信号分类实验\1\ROI_x377_y421_w25_h26_20260626_172115\01_valid_raw_and_ifft\mat\curve_r0429_c0387_idx000211.mat,D:\LSH\LSH\实验\聚焦信号分类实验\1\ROI_x377_y421_w25_h26_20260626_172115\01_valid_raw_and_ifft\mat,valid_folder,valid,47.9965774445455,47.9981050195441,0.0406779918412354,0.0228881625960005,0.00249698044321987,0.926418318632746
212,212,212,429,388,212,Good,1,slightly degraded,D:\LSH\LSH\实验\聚焦信号分类实验\1\ROI_x377_y421_w25_h26_20260626_172115\01_valid_raw_and_ifft\mat\curve_r0429_c0388_idx000212.mat,D:\LSH\LSH\实验\聚焦信号分类实验\1\ROI_x377_y421_w25_h26_20260626_172115\01_valid_raw_and_ifft\mat,valid_folder,valid,48.0265030301779,48.0608999822472,0.0374129345121578,0.0215799767450471,0.00230214994317441,0.930678128327656
213,213,213,429,389,213,Good,1,slightly degraded,D:\LSH\LSH\实验\聚焦信号分类实验\1\ROI_x377_y421_w25_h26_20260626_172115\01_valid_raw_and_ifft\mat\curve_r0429_c0389_idx000213.mat,D:\LSH\LSH\实验\聚焦信号分类实验\1\ROI_x377_y421_w25_h26_20260626_172115\01_valid_raw_and_ifft\mat,valid_folder,valid,48.1170464531061,48.1604657290561,0.0406273781698595,0.0243637952667384,0.00252707260098051,0.935621483357502
214,214,214,429,390,214,Good,1,slightly degraded,D:\LSH\LSH\实验\聚焦信号分类实验\1\ROI_x377_y421_w25_h26_20260626_172115\01_valid_raw_and_ifft\mat\curve_r0429_c0390_idx000214.mat,D:\LSH\LSH\实验\聚焦信号分类实验\1\ROI_x377_y421_w25_h26_20260626_172115\01_valid_raw_and_ifft\mat,valid_folder,valid,48.0923355521076,48.2077971801376,0.040464578733019,0.0191296150865761,0.00296513117735442,0.860327356480797
215,215,215,429,391,215,Good,1,slightly degraded,D:\LSH\LSH\实验\聚焦信号分类实验\1\ROI_x377_y421_w25_h26_20260626_172115\01_valid_raw_and_ifft\mat\curve_r0429_c0391_idx000215.mat,D:\LSH\LSH\实验\聚焦信号分类实验\1\ROI_x377_y421_w25_h26_20260626_172115\01_valid_raw_and_ifft\mat,valid_folder,valid,48.0997099275169,48.307114112813,0.0511439496657109,0.0244153017797008,0.00374072086856235,0.862677293126679
216,216,216,429,392,216,Good,1,slightly degraded,D:\LSH\LSH\实验\聚焦信号分类实验\1\ROI_x377_y421_w25_h26_20260626_172115\01_valid_raw_and_ifft\mat\curve_r0429_c0392_idx000216.mat,D:\LSH\LSH\实验\聚焦信号分类实验\1\ROI_x377_y421_w25_h26_20260626_172115\01_valid_raw_and_ifft\mat,valid_folder,valid,48.0976226161068,48.3226910861439,0.0564903480885974,0.027151583636535,0.00411887845883377,0.865061213841478
217,217,217,429,393,217,Good,1,slightly degraded,D:\LSH\LSH\实验\聚焦信号分类实验\1\ROI_x377_y421_w25_h26_20260626_172115\01_valid_raw_and_ifft\mat\curve_r0429_c0393_idx000217.mat,D:\LSH\LSH\实验\聚焦信号分类实验\1\ROI_x377_y421_w25_h26_20260626_172115\01_valid_raw_and_ifft\mat,valid_folder,valid,48.0693739433154,48.2562542161544,0.0461464999617744,0.0213815326008906,0.00343061641452475,0.849783655853474
218,218,218,429,394,218,Good,1,slightly degraded,D:\LSH\LSH\实验\聚焦信号分类实验\1\ROI_x377_y421_w25_h26_20260626_172115\01_valid_raw_and_ifft\mat\curve_r0429_c0394_idx000218.mat,D:\LSH\LSH\实验\聚焦信号分类实验\1\ROI_x377_y421_w25_h26_20260626_172115\01_valid_raw_and_ifft\mat,valid_folder,valid,48.147730338017,48.2587627214391,0.0176388884273016,0.0117643994799711,0.00101605989681769,0.954632311201358
219,219,219,429,395,219,Good,1,slightly degraded,D:\LSH\LSH\实验\聚焦信号分类实验\1\ROI_x377_y421_w25_h26_20260626_172115\01_valid_raw_and_ifft\mat\curve_r0429_c0395_idx000219.mat,D:\LSH\LSH\实验\聚焦信号分类实验\1\ROI_x377_y421_w25_h26_20260626_172115\01_valid_raw_and_ifft\mat,valid_folder,valid,48.8142114398825,48.5331609214042,0.0153966421740654,0.0108858982534295,0.000875184694491657,0.960312013382843
220,220,220,429,396,220,Good,1,slightly degraded,D:\LSH\LSH\实验\聚焦信号分类实验\1\ROI_x377_y421_w25_h26_20260626_172115\01_valid_raw_and_ifft\mat\curve_r0429_c0396_idx000220.mat,D:\LSH\LSH\实验\聚焦信号分类实验\1\ROI_x377_y421_w25_h26_20260626_172115\01_valid_raw_and_ifft\mat,valid_folder,valid,48.9026206062496,48.8853766730254,0.0124729455226457,0.00905052849305515,0.000580902960392271,0.975429184364441
221,221,221,429,397,221,Good,1,slightly degraded,D:\LSH\LSH\实验\聚焦信号分类实验\1\ROI_x377_y421_w25_h26_20260626_172115\01_valid_raw_and_ifft\mat\curve_r0429_c0397_idx000221.mat,D:\LSH\LSH\实验\聚焦信号分类实验\1\ROI_x377_y421_w25_h26_20260626_172115\01_valid_raw_and_ifft\mat,valid_folder,valid,50.0671033925857,49.3945257473494,0.00987194896730354,0.00708099962712408,0.000699728766586504,0.939174502207257
222,222,222,429,398,222,Good,1,slightly degraded,D:\LSH\LSH\实验\聚焦信号分类实验\1\ROI_x377_y421_w25_h26_20260626_172115\01_valid_raw_and_ifft\mat\curve_r0429_c0398_idx000222.mat,D:\LSH\LSH\实验\聚焦信号分类实验\1\ROI_x377_y421_w25_h26_20260626_172115\01_valid_raw_and_ifft\mat,valid_folder,valid,50.7684052776991,50.3271968521182,0.010015545471819,0.00652354875882185,0.000722926275968256,0.924690250306023
223,223,223,429,399,223,Good,1,slightly degraded,D:\LSH\LSH\实验\聚焦信号分类实验\1\ROI_x377_y421_w25_h26_20260626_172115\01_valid_raw_and_ifft\mat\curve_r0429_c0399_idx000223.mat,D:\LSH\LSH\实验\聚焦信号分类实验\1\ROI_x377_y421_w25_h26_20260626_172115\01_valid_raw_and_ifft\mat,valid_folder,valid,50.9022354182378,50.4494746726388,0.00926609776854447,0.00570591461716688,0.000531343440773113,0.94412524543117
224,224,224,429,400,224,Good,1,slightly degraded,D:\LSH\LSH\实验\聚焦信号分类实验\1\ROI_x377_y421_w25_h26_20260626_172115\01_valid_raw_and_ifft\mat\curve_r0429_c0400_idx000224.mat,D:\LSH\LSH\实验\聚焦信号分类实验\1\ROI_x377_y421_w25_h26_20260626_172115\01_valid_raw_and_ifft\mat,valid_folder,valid,50.886147818498,50.6491033694958,0.00676220281227934,0.00498103583944545,0.000327425280615185,0.973339582171351
225,225,225,429,401,225,Good,1,slightly degraded,D:\LSH\LSH\实验\聚焦信号分类实验\1\ROI_x377_y421_w25_h26_20260626_172115\01_valid_raw_and_ifft\mat\curve_r0429_c0401_idx000225.mat,D:\LSH\LSH\实验\聚焦信号分类实验\1\ROI_x377_y421_w25_h26_20260626_172115\01_valid_raw_and_ifft\mat,valid_folder,valid,50.7219774059347,50.5733418713434,0.00878688673164427,0.00609243014772966,0.000441954194520186,0.967415223335094
226,226,226,430,377,226,Good,1,slightly degraded,D:\LSH\LSH\实验\聚焦信号分类实验\1\ROI_x377_y421_w25_h26_20260626_172115\01_valid_raw_and_ifft\mat\curve_r0430_c0377_idx000226.mat,D:\LSH\LSH\实验\聚焦信号分类实验\1\ROI_x377_y421_w25_h26_20260626_172115\01_valid_raw_and_ifft\mat,valid_folder,valid,47.8749202931524,47.8424112361012,0.0195321217714136,0.0114317349051519,0.00116302629335444,0.932189158089254
227,227,227,430,378,227,Good,1,slightly degraded,D:\LSH\LSH\实验\聚焦信号分类实验\1\ROI_x377_y421_w25_h26_20260626_172115\01_valid_raw_and_ifft\mat\curve_r0430_c0378_idx000227.mat,D:\LSH\LSH\实验\聚焦信号分类实验\1\ROI_x377_y421_w25_h26_20260626_172115\01_valid_raw_and_ifft\mat,valid_folder,valid,47.8676173932262,47.800527503329,0.0144702554812515,0.00829534599040805,0.000873892304608322,0.924974360296364
228,228,228,430,379,228,Good,1,slightly degraded,D:\LSH\LSH\实验\聚焦信号分类实验\1\ROI_x377_y421_w25_h26_20260626_172115\01_valid_raw_and_ifft\mat\curve_r0430_c0379_idx000228.mat,D:\LSH\LSH\实验\聚焦信号分类实验\1\ROI_x377_y421_w25_h26_20260626_172115\01_valid_raw_and_ifft\mat,valid_folder,valid,47.862463051751,47.7633479661725,0.0146591079371575,0.00770398837116024,0.000990209831455389,0.892771807371025
229,229,229,430,380,229,Good,1,slightly degraded,D:\LSH\LSH\实验\聚焦信号分类实验\1\ROI_x377_y421_w25_h26_20260626_172115\01_valid_raw_and_ifft\mat\curve_r0430_c0380_idx000229.mat,D:\LSH\LSH\实验\聚焦信号分类实验\1\ROI_x377_y421_w25_h26_20260626_172115\01_valid_raw_and_ifft\mat,valid_folder,valid,47.9316487185896,47.9103370436731,0.0200072486332611,0.0102464674803129,0.00134737340447841,0.891346559278647
230,230,230,430,381,230,Good,1,slightly degraded,D:\LSH\LSH\实验\聚焦信号分类实验\1\ROI_x377_y421_w25_h26_20260626_172115\01_valid_raw_and_ifft\mat\curve_r0430_c0381_idx000230.mat,D:\LSH\LSH\实验\聚焦信号分类实验\1\ROI_x377_y421_w25_h26_20260626_172115\01_valid_raw_and_ifft\mat,valid_folder,valid,47.8332330089084,47.826352187564,0.017635819872821,0.00970855275315368,0.00122671589728896,0.902610552201408
231,231,231,430,382,231,Good,1,slightly degraded,D:\LSH\LSH\实验\聚焦信号分类实验\1\ROI_x377_y421_w25_h26_20260626_172115\01_valid_raw_and_ifft\mat\curve_r0430_c0382_idx000231.mat,D:\LSH\LSH\实验\聚焦信号分类实验\1\ROI_x377_y421_w25_h26_20260626_172115\01_valid_raw_and_ifft\mat,valid_folder,valid,47.5913524839606,47.7353499132653,0.0189045023985752,0.0117888104392248,0.001320119471517,0.921426813735101
232,232,232,430,383,232,Good,1,slightly degraded,D:\LSH\LSH\实验\聚焦信号分类实验\1\ROI_x377_y421_w25_h26_20260626_172115\01_valid_raw_and_ifft\mat\curve_r0430_c0383_idx000232.mat,D:\LSH\LSH\实验\聚焦信号分类实验\1\ROI_x377_y421_w25_h26_20260626_172115\01_valid_raw_and_ifft\mat,valid_folder,valid,47.9702341866379,47.9663817200933,0.105292460323548,0.0571921782170893,0.00694734141837664,0.912322168525119
233,233,233,430,384,233,Good,1,slightly degraded,D:\LSH\LSH\实验\聚焦信号分类实验\1\ROI_x377_y421_w25_h26_20260626_172115\01_valid_raw_and_ifft\mat\curve_r0430_c0384_idx000233.mat,D:\LSH\LSH\实验\聚焦信号分类实验\1\ROI_x377_y421_w25_h26_20260626_172115\01_valid_raw_and_ifft\mat,valid_folder,valid,47.9937208040025,48.0017228945935,0.231197549503975,0.113713126896459,0.0164054200791852,0.88110141329675
234,234,234,430,385,234,Good,1,slightly degraded,D:\LSH\LSH\实验\聚焦信号分类实验\1\ROI_x377_y421_w25_h26_20260626_172115\01_valid_raw_and_ifft\mat\curve_r0430_c0385_idx000234.mat,D:\LSH\LSH\实验\聚焦信号分类实验\1\ROI_x377_y421_w25_h26_20260626_172115\01_valid_raw_and_ifft\mat,valid_folder,valid,48.0009601366953,48.0185923593188,0.21510576929479,0.10695656685092,0.0151819844525756,0.884580342744801
235,235,235,430,386,235,Good,1,slightly degraded,D:\LSH\LSH\实验\聚焦信号分类实验\1\ROI_x377_y421_w25_h26_20260626_172115\01_valid_raw_and_ifft\mat\curve_r0430_c0386_idx000235.mat,D:\LSH\LSH\实验\聚焦信号分类实验\1\ROI_x377_y421_w25_h26_20260626_172115\01_valid_raw_and_ifft\mat,valid_folder,valid,47.9995073272819,48.0160908439815,0.0254155140788237,0.0110951073701896,0.0019622135406216,0.822801959284376
236,236,236,430,387,236,Good,1,slightly degraded,D:\LSH\LSH\实验\聚焦信号分类实验\1\ROI_x377_y421_w25_h26_20260626_172115\01_valid_raw_and_ifft\mat\curve_r0430_c0387_idx000236.mat,D:\LSH\LSH\实验\聚焦信号分类实验\1\ROI_x377_y421_w25_h26_20260626_172115\01_valid_raw_and_ifft\mat,valid_folder,valid,47.9697838963225,47.9493786120285,0.0221871839995851,0.00986882272215181,0.00168547277018595,0.830888790288433
237,237,237,430,388,237,Good,1,slightly degraded,D:\LSH\LSH\实验\聚焦信号分类实验\1\ROI_x377_y421_w25_h26_20260626_172115\01_valid_raw_and_ifft\mat\curve_r0430_c0388_idx000237.mat,D:\LSH\LSH\实验\聚焦信号分类实验\1\ROI_x377_y421_w25_h26_20260626_172115\01_valid_raw_and_ifft\mat,valid_folder,valid,48.0038510548763,48.0049305242874,0.0297658707196526,0.0139382989885601,0.00216764258461352,0.859592790720785
238,238,238,430,389,238,Good,1,slightly degraded,D:\LSH\LSH\实验\聚焦信号分类实验\1\ROI_x377_y421_w25_h26_20260626_172115\01_valid_raw_and_ifft\mat\curve_r0430_c0389_idx000238.mat,D:\LSH\LSH\实验\聚焦信号分类实验\1\ROI_x377_y421_w25_h26_20260626_172115\01_valid_raw_and_ifft\mat,valid_folder,valid,48.0762583897076,48.1234063615415,0.0383008942990352,0.0197491134223564,0.00265219523751028,0.894276854828996
239,239,239,430,390,239,Good,1,slightly degraded,D:\LSH\LSH\实验\聚焦信号分类实验\1\ROI_x377_y421_w25_h26_20260626_172115\01_valid_raw_and_ifft\mat\curve_r0430_c0390_idx000239.mat,D:\LSH\LSH\实验\聚焦信号分类实验\1\ROI_x377_y421_w25_h26_20260626_172115\01_valid_raw_and_ifft\mat,valid_folder,valid,48.1258125904021,48.1873131663933,0.02598541783507,0.0145287454863183,0.00172167203563377,0.915120939560464
240,240,240,430,391,240,Good,1,slightly degraded,D:\LSH\LSH\实验\聚焦信号分类实验\1\ROI_x377_y421_w25_h26_20260626_172115\01_valid_raw_and_ifft\mat\curve_r0430_c0391_idx000240.mat,D:\LSH\LSH\实验\聚焦信号分类实验\1\ROI_x377_y421_w25_h26_20260626_172115\01_valid_raw_and_ifft\mat,valid_folder,valid,48.1805104290142,48.3826635829174,0.0152477268200621,0.00891660617074912,0.000946978159207016,0.92955392033658
241,241,241,430,392,241,Good,1,slightly degraded,D:\LSH\LSH\实验\聚焦信号分类实验\1\ROI_x377_y421_w25_h26_20260626_172115\01_valid_raw_and_ifft\mat\curve_r0430_c0392_idx000241.mat,D:\LSH\LSH\实验\聚焦信号分类实验\1\ROI_x377_y421_w25_h26_20260626_172115\01_valid_raw_and_ifft\mat,valid_folder,valid,48.2520779522281,48.5079242194953,0.0132189928953208,0.00881958318121826,0.00077008544554013,0.953704264406062
242,242,242,430,393,242,Good,1,slightly degraded,D:\LSH\LSH\实验\聚焦信号分类实验\1\ROI_x377_y421_w25_h26_20260626_172115\01_valid_raw_and_ifft\mat\curve_r0430_c0393_idx000242.mat,D:\LSH\LSH\实验\聚焦信号分类实验\1\ROI_x377_y421_w25_h26_20260626_172115\01_valid_raw_and_ifft\mat,valid_folder,valid,48.2161747697379,48.475004058062,0.0155580184404632,0.00948380920623699,0.000944357650920703,0.938164674207461
243,243,243,430,394,243,Good,1,slightly degraded,D:\LSH\LSH\实验\聚焦信号分类实验\1\ROI_x377_y421_w25_h26_20260626_172115\01_valid_raw_and_ifft\mat\curve_r0430_c0394_idx000243.mat,D:\LSH\LSH\实验\聚焦信号分类实验\1\ROI_x377_y421_w25_h26_20260626_172115\01_valid_raw_and_ifft\mat,valid_folder,valid,48.1801237480551,48.3203386100732,0.0492634864637304,0.0259104568357163,0.0034330588697348,0.897322091128478
244,244,244,430,395,244,Good,1,slightly degraded,D:\LSH\LSH\实验\聚焦信号分类实验\1\ROI_x377_y421_w25_h26_20260626_172115\01_valid_raw_and_ifft\mat\curve_r0430_c0395_idx000244.mat,D:\LSH\LSH\实验\聚焦信号分类实验\1\ROI_x377_y421_w25_h26_20260626_172115\01_valid_raw_and_ifft\mat,valid_folder,valid,48.2048706111168,48.3931930843139,0.0792415440032722,0.0415595130048419,0.00559300828154287,0.894921262115732
245,245,245,430,396,245,Good,1,slightly degraded,D:\LSH\LSH\实验\聚焦信号分类实验\1\ROI_x377_y421_w25_h26_20260626_172115\01_valid_raw_and_ifft\mat\curve_r0430_c0396_idx000245.mat,D:\LSH\LSH\实验\聚焦信号分类实验\1\ROI_x377_y421_w25_h26_20260626_172115\01_valid_raw_and_ifft\mat,valid_folder,valid,48.2435847742768,48.5123829902353,0.0654956702539412,0.0359851007689013,0.00446192650072912,0.908954991035553
246,246,246,430,397,246,Good,1,slightly degraded,D:\LSH\LSH\实验\聚焦信号分类实验\1\ROI_x377_y421_w25_h26_20260626_172115\01_valid_raw_and_ifft\mat\curve_r0430_c0397_idx000246.mat,D:\LSH\LSH\实验\聚焦信号分类实验\1\ROI_x377_y421_w25_h26_20260626_172115\01_valid_raw_and_ifft\mat,valid_folder,valid,48.162456117384,48.9218563866695,0.0109461395937215,0.00729108959319963,0.000625736601768102,0.953161188628673
247,247,247,430,398,247,Good,1,slightly degraded,D:\LSH\LSH\实验\聚焦信号分类实验\1\ROI_x377_y421_w25_h26_20260626_172115\01_valid_raw_and_ifft\mat\curve_r0430_c0398_idx000247.mat,D:\LSH\LSH\实验\聚焦信号分类实验\1\ROI_x377_y421_w25_h26_20260626_172115\01_valid_raw_and_ifft\mat,valid_folder,valid,48.0569385791044,49.6890247702922,0.00891482829967927,0.00625086921401929,0.000664365607881168,0.932632246948488
248,248,248,430,399,248,Good,1,slightly degraded,D:\LSH\LSH\实验\聚焦信号分类实验\1\ROI_x377_y421_w25_h26_20260626_172115\01_valid_raw_and_ifft\mat\curve_r0430_c0399_idx000248.mat,D:\LSH\LSH\实验\聚焦信号分类实验\1\ROI_x377_y421_w25_h26_20260626_172115\01_valid_raw_and_ifft\mat,valid_folder,valid,50.814540189348,50.4251143309615,0.0155594190717512,0.00926513498328345,0.00103922099681389,0.921389130603355
249,249,249,430,400,249,Good,1,slightly degraded,D:\LSH\LSH\实验\聚焦信号分类实验\1\ROI_x377_y421_w25_h26_20260626_172115\01_valid_raw_and_ifft\mat\curve_r0430_c0400_idx000249.mat,D:\LSH\LSH\实验\聚焦信号分类实验\1\ROI_x377_y421_w25_h26_20260626_172115\01_valid_raw_and_ifft\mat,valid_folder,valid,50.775116823438,50.6396515781064,0.0224330733854764,0.0142867477930578,0.0013119541468886,0.947017123687736
250,250,250,430,401,250,Good,1,slightly degraded,D:\LSH\LSH\实验\聚焦信号分类实验\1\ROI_x377_y421_w25_h26_20260626_172115\01_valid_raw_and_ifft\mat\curve_r0430_c0401_idx000250.mat,D:\LSH\LSH\实验\聚焦信号分类实验\1\ROI_x377_y421_w25_h26_20260626_172115\01_valid_raw_and_ifft\mat,valid_folder,valid,50.7963752306189,50.7118766352752,0.0300280854003799,0.0183912215351059,0.00186967985467868,0.937504167403789
251,251,251,431,377,251,Good,1,slightly degraded,D:\LSH\LSH\实验\聚焦信号分类实验\1\ROI_x377_y421_w25_h26_20260626_172115\01_valid_raw_and_ifft\mat\curve_r0431_c0377_idx000251.mat,D:\LSH\LSH\实验\聚焦信号分类实验\1\ROI_x377_y421_w25_h26_20260626_172115\01_valid_raw_and_ifft\mat,valid_folder,valid,47.2674607366265,47.6763497586163,0.0598037301189114,0.0354378171208096,0.0038803299792899,0.926317954530231
252,252,252,431,378,252,Good,1,slightly degraded,D:\LSH\LSH\实验\聚焦信号分类实验\1\ROI_x377_y421_w25_h26_20260626_172115\01_valid_raw_and_ifft\mat\curve_r0431_c0378_idx000252.mat,D:\LSH\LSH\实验\聚焦信号分类实验\1\ROI_x377_y421_w25_h26_20260626_172115\01_valid_raw_and_ifft\mat,valid_folder,valid,47.3915214608131,47.7270036742279,0.0690175912015712,0.0434473422615047,0.00436838623152124,0.938557582818843
253,253,253,431,379,253,Good,1,slightly degraded,D:\LSH\LSH\实验\聚焦信号分类实验\1\ROI_x377_y421_w25_h26_20260626_172115\01_valid_raw_and_ifft\mat\curve_r0431_c0379_idx000253.mat,D:\LSH\LSH\实验\聚焦信号分类实验\1\ROI_x377_y421_w25_h26_20260626_172115\01_valid_raw_and_ifft\mat,valid_folder,valid,47.6221144657797,47.7252323375367,0.0380552594221533,0.0245798339185377,0.00240252535719166,0.941148608634574
254,254,254,431,380,254,Good,1,slightly degraded,D:\LSH\LSH\实验\聚焦信号分类实验\1\ROI_x377_y421_w25_h26_20260626_172115\01_valid_raw_and_ifft\mat\curve_r0431_c0380_idx000254.mat,D:\LSH\LSH\实验\聚焦信号分类实验\1\ROI_x377_y421_w25_h26_20260626_172115\01_valid_raw_and_ifft\mat,valid_folder,valid,47.9232349569657,47.9243006103959,0.0190922758029193,0.0107607536700179,0.00120267860449278,0.920436759045186
255,255,255,431,381,255,Good,1,slightly degraded,D:\LSH\LSH\实验\聚焦信号分类实验\1\ROI_x377_y421_w25_h26_20260626_172115\01_valid_raw_and_ifft\mat\curve_r0431_c0381_idx000255.mat,D:\LSH\LSH\实验\聚焦信号分类实验\1\ROI_x377_y421_w25_h26_20260626_172115\01_valid_raw_and_ifft\mat,valid_folder,valid,47.9416423753352,47.9434283464052,0.0155174341480182,0.0084207124165094,0.00105148806694617,0.903599638203693
256,256,256,431,382,256,Good,1,slightly degraded,D:\LSH\LSH\实验\聚焦信号分类实验\1\ROI_x377_y421_w25_h26_20260626_172115\01_valid_raw_and_ifft\mat\curve_r0431_c0382_idx000256.mat,D:\LSH\LSH\实验\聚焦信号分类实验\1\ROI_x377_y421_w25_h26_20260626_172115\01_valid_raw_and_ifft\mat,valid_folder,valid,47.9276024739724,48.0089394511232,0.0112811216029576,0.00725608958482066,0.000668848785031254,0.944809324389202
257,257,257,431,383,257,Good,1,slightly degraded,D:\LSH\LSH\实验\聚焦信号分类实验\1\ROI_x377_y421_w25_h26_20260626_172115\01_valid_raw_and_ifft\mat\curve_r0431_c0383_idx000257.mat,D:\LSH\LSH\实验\聚焦信号分类实验\1\ROI_x377_y421_w25_h26_20260626_172115\01_valid_raw_and_ifft\mat,valid_folder,valid,47.9919063592646,47.9860404187167,0.0868911841101505,0.0455752514955839,0.00579029814815644,0.903891886647347
258,258,258,431,384,258,Good,1,slightly degraded,D:\LSH\LSH\实验\聚焦信号分类实验\1\ROI_x377_y421_w25_h26_20260626_172115\01_valid_raw_and_ifft\mat\curve_r0431_c0384_idx000258.mat,D:\LSH\LSH\实验\聚焦信号分类实验\1\ROI_x377_y421_w25_h26_20260626_172115\01_valid_raw_and_ifft\mat,valid_folder,valid,48.0089361740529,48.0286930619081,0.176640639862354,0.085386915469691,0.0126253043158415,0.875296838198768
259,259,259,431,385,259,Good,1,slightly degraded,D:\LSH\LSH\实验\聚焦信号分类实验\1\ROI_x377_y421_w25_h26_20260626_172115\01_valid_raw_and_ifft\mat\curve_r0431_c0385_idx000259.mat,D:\LSH\LSH\实验\聚焦信号分类实验\1\ROI_x377_y421_w25_h26_20260626_172115\01_valid_raw_and_ifft\mat,valid_folder,valid,48.0201630506782,48.0480860597249,0.15333627117152,0.0737357324390766,0.0110075438990663,0.873050440066034
260,260,260,431,386,260,Good,1,slightly degraded,D:\LSH\LSH\实验\聚焦信号分类实验\1\ROI_x377_y421_w25_h26_20260626_172115\01_valid_raw_and_ifft\mat\curve_r0431_c0386_idx000260.mat,D:\LSH\LSH\实验\聚焦信号分类实验\1\ROI_x377_y421_w25_h26_20260626_172115\01_valid_raw_and_ifft\mat,valid_folder,valid,48.0247539116551,48.0905439270148,0.0174840251315825,0.00804401286595038,0.00129156836862575,0.846009418770818
261,261,261,431,387,261,Good,1,slightly degraded,D:\LSH\LSH\实验\聚焦信号分类实验\1\ROI_x377_y421_w25_h26_20260626_172115\01_valid_raw_and_ifft\mat\curve_r0431_c0387_idx000261.mat,D:\LSH\LSH\实验\聚焦信号分类实验\1\ROI_x377_y421_w25_h26_20260626_172115\01_valid_raw_and_ifft\mat,valid_folder,valid,48.0080731482502,48.0764647874776,0.00536373445281921,0.00311049897161006,0.000313634944871038,0.92754307217158
262,262,262,431,388,262,Good,1,slightly degraded,D:\LSH\LSH\实验\聚焦信号分类实验\1\ROI_x377_y421_w25_h26_20260626_172115\01_valid_raw_and_ifft\mat\curve_r0431_c0388_idx000262.mat,D:\LSH\LSH\实验\聚焦信号分类实验\1\ROI_x377_y421_w25_h26_20260626_172115\01_valid_raw_and_ifft\mat,valid_folder,valid,48.0631108569006,48.0784429045339,0.00650735599727977,0.00385714601831305,0.000393671463568479,0.930867405325697
263,263,263,431,389,263,Good,1,slightly degraded,D:\LSH\LSH\实验\聚焦信号分类实验\1\ROI_x377_y421_w25_h26_20260626_172115\01_valid_raw_and_ifft\mat\curve_r0431_c0389_idx000263.mat,D:\LSH\LSH\实验\聚焦信号分类实验\1\ROI_x377_y421_w25_h26_20260626_172115\01_valid_raw_and_ifft\mat,valid_folder,valid,48.0644873229758,48.1299030546378,0.0171190909280571,0.00823211173015163,0.00122936142509297,0.868078532902646
264,264,264,431,390,264,Good,1,slightly degraded,D:\LSH\LSH\实验\聚焦信号分类实验\1\ROI_x377_y421_w25_h26_20260626_172115\01_valid_raw_and_ifft\mat\curve_r0431_c0390_idx000264.mat,D:\LSH\LSH\实验\聚焦信号分类实验\1\ROI_x377_y421_w25_h26_20260626_172115\01_valid_raw_and_ifft\mat,valid_folder,valid,48.0445371185826,48.0997868340077,0.0180673372923184,0.00861519706795875,0.00130484444956906,0.863798757249163
265,265,265,431,391,265,Good,1,slightly degraded,D:\LSH\LSH\实验\聚焦信号分类实验\1\ROI_x377_y421_w25_h26_20260626_172115\01_valid_raw_and_ifft\mat\curve_r0431_c0391_idx000265.mat,D:\LSH\LSH\实验\聚焦信号分类实验\1\ROI_x377_y421_w25_h26_20260626_172115\01_valid_raw_and_ifft\mat,valid_folder,valid,48.0226437610782,48.0902053369338,0.0112646817917555,0.00541911655256171,0.00080409846508827,0.86425068270287
266,266,266,431,392,266,Good,1,slightly degraded,D:\LSH\LSH\实验\聚焦信号分类实验\1\ROI_x377_y421_w25_h26_20260626_172115\01_valid_raw_and_ifft\mat\curve_r0431_c0392_idx000266.mat,D:\LSH\LSH\实验\聚焦信号分类实验\1\ROI_x377_y421_w25_h26_20260626_172115\01_valid_raw_and_ifft\mat,valid_folder,valid,48.2591904118556,48.5635677203511,0.00501632000205517,0.00313518543664688,0.000302638187358453,0.937295253910834
267,267,267,431,393,267,Good,1,slightly degraded,D:\LSH\LSH\实验\聚焦信号分类实验\1\ROI_x377_y421_w25_h26_20260626_172115\01_valid_raw_and_ifft\mat\curve_r0431_c0393_idx000267.mat,D:\LSH\LSH\实验\聚焦信号分类实验\1\ROI_x377_y421_w25_h26_20260626_172115\01_valid_raw_and_ifft\mat,valid_folder,valid,48.2533372601844,48.5432759621497,0.0097246750666135,0.00585917817076289,0.000611757947665046,0.930532536371328
268,268,268,431,394,268,Good,1,slightly degraded,D:\LSH\LSH\实验\聚焦信号分类实验\1\ROI_x377_y421_w25_h26_20260626_172115\01_valid_raw_and_ifft\mat\curve_r0431_c0394_idx000268.mat,D:\LSH\LSH\实验\聚焦信号分类实验\1\ROI_x377_y421_w25_h26_20260626_172115\01_valid_raw_and_ifft\mat,valid_folder,valid,48.2022117883664,48.3423308063098,0.0415539186803156,0.021604887829833,0.00298025338752586,0.890037149619041
269,269,269,431,395,269,Good,1,slightly degraded,D:\LSH\LSH\实验\聚焦信号分类实验\1\ROI_x377_y421_w25_h26_20260626_172115\01_valid_raw_and_ifft\mat\curve_r0431_c0395_idx000269.mat,D:\LSH\LSH\实验\聚焦信号分类实验\1\ROI_x377_y421_w25_h26_20260626_172115\01_valid_raw_and_ifft\mat,valid_folder,valid,48.2135502856466,48.3705023977857,0.0717122499638116,0.0364053496005871,0.0053078702345066,0.879549614423722
270,270,270,431,396,270,Good,1,slightly degraded,D:\LSH\LSH\实验\聚焦信号分类实验\1\ROI_x377_y421_w25_h26_20260626_172115\01_valid_raw_and_ifft\mat\curve_r0431_c0396_idx000270.mat,D:\LSH\LSH\实验\聚焦信号分类实验\1\ROI_x377_y421_w25_h26_20260626_172115\01_valid_raw_and_ifft\mat,valid_folder,valid,48.2182516790149,48.4385182654841,0.0647926451037071,0.0336554594267534,0.00464979493848092,0.887760602019546
271,271,271,431,397,271,Good,1,slightly degraded,D:\LSH\LSH\实验\聚焦信号分类实验\1\ROI_x377_y421_w25_h26_20260626_172115\01_valid_raw_and_ifft\mat\curve_r0431_c0397_idx000271.mat,D:\LSH\LSH\实验\聚焦信号分类实验\1\ROI_x377_y421_w25_h26_20260626_172115\01_valid_raw_and_ifft\mat,valid_folder,valid,48.136793592826,49.5247854853822,0.0134579455514382,0.00993564086418974,0.000911404993166086,0.949596011210487
272,272,272,431,398,272,Good,1,slightly degraded,D:\LSH\LSH\实验\聚焦信号分类实验\1\ROI_x377_y421_w25_h26_20260626_172115\01_valid_raw_and_ifft\mat\curve_r0431_c0398_idx000272.mat,D:\LSH\LSH\实验\聚焦信号分类实验\1\ROI_x377_y421_w25_h26_20260626_172115\01_valid_raw_and_ifft\mat,valid_folder,valid,50.7145099048712,50.2220949608472,0.0165363743689152,0.0109165991582423,0.00123599313491529,0.923246295815138
273,273,273,431,399,273,Good,1,slightly degraded,D:\LSH\LSH\实验\聚焦信号分类实验\1\ROI_x377_y421_w25_h26_20260626_172115\01_valid_raw_and_ifft\mat\curve_r0431_c0399_idx000273.mat,D:\LSH\LSH\实验\聚焦信号分类实验\1\ROI_x377_y421_w25_h26_20260626_172115\01_valid_raw_and_ifft\mat,valid_folder,valid,50.7252582355426,49.5799769600311,0.0209176637874119,0.0150889351241331,0.00153922935841533,0.939709104520861
274,274,274,431,400,274,Good,1,slightly degraded,D:\LSH\LSH\实验\聚焦信号分类实验\1\ROI_x377_y421_w25_h26_20260626_172115\01_valid_raw_and_ifft\mat\curve_r0431_c0400_idx000274.mat,D:\LSH\LSH\实验\聚焦信号分类实验\1\ROI_x377_y421_w25_h26_20260626_172115\01_valid_raw_and_ifft\mat,valid_folder,valid,50.7798690663129,50.01719571914,0.0217277557812793,0.0144508676307493,0.00136142000058628,0.946612937048635
275,275,275,431,401,275,Good,1,slightly degraded,D:\LSH\LSH\实验\聚焦信号分类实验\1\ROI_x377_y421_w25_h26_20260626_172115\01_valid_raw_and_ifft\mat\curve_r0431_c0401_idx000275.mat,D:\LSH\LSH\实验\聚焦信号分类实验\1\ROI_x377_y421_w25_h26_20260626_172115\01_valid_raw_and_ifft\mat,valid_folder,valid,50.5211304224683,50.3927649620557,0.0208648427748947,0.0135327181622318,0.00127397150756604,0.94427167966747
276,276,276,432,377,276,Good,1,slightly degraded,D:\LSH\LSH\实验\聚焦信号分类实验\1\ROI_x377_y421_w25_h26_20260626_172115\01_valid_raw_and_ifft\mat\curve_r0432_c0377_idx000276.mat,D:\LSH\LSH\实验\聚焦信号分类实验\1\ROI_x377_y421_w25_h26_20260626_172115\01_valid_raw_and_ifft\mat,valid_folder,valid,47.7593802435862,47.7097942867835,0.102755164640601,0.0568652391722513,0.0072717080465813,0.905170420236708
277,277,277,432,378,277,Good,1,slightly degraded,D:\LSH\LSH\实验\聚焦信号分类实验\1\ROI_x377_y421_w25_h26_20260626_172115\01_valid_raw_and_ifft\mat\curve_r0432_c0378_idx000277.mat,D:\LSH\LSH\实验\聚焦信号分类实验\1\ROI_x377_y421_w25_h26_20260626_172115\01_valid_raw_and_ifft\mat,valid_folder,valid,47.8563655300312,47.752219744525,0.111428997625151,0.056216030142293,0.00794810704234542,0.88457667226523
278,278,278,432,379,278,Good,1,slightly degraded,D:\LSH\LSH\实验\聚焦信号分类实验\1\ROI_x377_y421_w25_h26_20260626_172115\01_valid_raw_and_ifft\mat\curve_r0432_c0379_idx000278.mat,D:\LSH\LSH\实验\聚焦信号分类实验\1\ROI_x377_y421_w25_h26_20260626_172115\01_valid_raw_and_ifft\mat,valid_folder,valid,47.8866121757276,47.8109495880724,0.0699880990155938,0.0360442067168433,0.00481780247110362,0.893937887147198
279,279,279,432,380,279,Good,1,slightly degraded,D:\LSH\LSH\实验\聚焦信号分类实验\1\ROI_x377_y421_w25_h26_20260626_172115\01_valid_raw_and_ifft\mat\curve_r0432_c0380_idx000279.mat,D:\LSH\LSH\实验\聚焦信号分类实验\1\ROI_x377_y421_w25_h26_20260626_172115\01_valid_raw_and_ifft\mat,valid_folder,valid,48.0046804084517,48.0145617911373,0.0137363010193175,0.00828839720815813,0.000896892811930819,0.925771843208966
280,280,280,432,381,280,Good,1,slightly degraded,D:\LSH\LSH\实验\聚焦信号分类实验\1\ROI_x377_y421_w25_h26_20260626_172115\01_valid_raw_and_ifft\mat\curve_r0432_c0381_idx000280.mat,D:\LSH\LSH\实验\聚焦信号分类实验\1\ROI_x377_y421_w25_h26_20260626_172115\01_valid_raw_and_ifft\mat,valid_folder,valid,48.0757582524575,48.0555995345519,0.00492433995499502,0.00374597209858377,0.000361019958527335,0.935821424180886
281,281,281,432,382,281,Good,1,slightly degraded,D:\LSH\LSH\实验\聚焦信号分类实验\1\ROI_x377_y421_w25_h26_20260626_172115\01_valid_raw_and_ifft\mat\curve_r0432_c0382_idx000281.mat,D:\LSH\LSH\实验\聚焦信号分类实验\1\ROI_x377_y421_w25_h26_20260626_172115\01_valid_raw_and_ifft\mat,valid_folder,valid,47.9710315877209,48.0681801134886,0.00653050785414634,0.00428356529438462,0.000375506815359225,0.947109534827925
282,282,282,432,383,282,Good,1,slightly degraded,D:\LSH\LSH\实验\聚焦信号分类实验\1\ROI_x377_y421_w25_h26_20260626_172115\01_valid_raw_and_ifft\mat\curve_r0432_c0383_idx000282.mat,D:\LSH\LSH\实验\聚焦信号分类实验\1\ROI_x377_y421_w25_h26_20260626_172115\01_valid_raw_and_ifft\mat,valid_folder,valid,47.9894508319826,47.9617166265653,0.0358431711185594,0.0167249374178989,0.00260136088420558,0.857815386577262
283,283,283,432,384,283,Good,1,slightly degraded,D:\LSH\LSH\实验\聚焦信号分类实验\1\ROI_x377_y421_w25_h26_20260626_172115\01_valid_raw_and_ifft\mat\curve_r0432_c0384_idx000283.mat,D:\LSH\LSH\实验\聚焦信号分类实验\1\ROI_x377_y421_w25_h26_20260626_172115\01_valid_raw_and_ifft\mat,valid_folder,valid,48.033176558025,48.0661028609768,0.0850236092214342,0.0380543241159947,0.0064314621010144,0.841899474416827
284,284,284,432,385,284,Good,1,slightly degraded,D:\LSH\LSH\实验\聚焦信号分类实验\1\ROI_x377_y421_w25_h26_20260626_172115\01_valid_raw_and_ifft\mat\curve_r0432_c0385_idx000284.mat,D:\LSH\LSH\实验\聚焦信号分类实验\1\ROI_x377_y421_w25_h26_20260626_172115\01_valid_raw_and_ifft\mat,valid_folder,valid,48.0371066425676,48.0765165373094,0.0739625214190833,0.0330166406833646,0.00562293780374,0.840632962892314
285,285,285,432,386,285,Good,1,slightly degraded,D:\LSH\LSH\实验\聚焦信号分类实验\1\ROI_x377_y421_w25_h26_20260626_172115\01_valid_raw_and_ifft\mat\curve_r0432_c0386_idx000285.mat,D:\LSH\LSH\实验\聚焦信号分类实验\1\ROI_x377_y421_w25_h26_20260626_172115\01_valid_raw_and_ifft\mat,valid_folder,valid,48.0101177182329,48.0561773628234,0.00965594782666337,0.00511940744935611,0.000635048218217301,0.901916315139962
286,286,286,432,387,286,Good,1,slightly degraded,D:\LSH\LSH\实验\聚焦信号分类实验\1\ROI_x377_y421_w25_h26_20260626_172115\01_valid_raw_and_ifft\mat\curve_r0432_c0387_idx000286.mat,D:\LSH\LSH\实验\聚焦信号分类实验\1\ROI_x377_y421_w25_h26_20260626_172115\01_valid_raw_and_ifft\mat,valid_folder,valid,47.5400378578417,47.7837218482749,0.00319977556611939,0.00223012444649121,0.000199673514411198,0.943132946287542
287,287,287,432,388,287,Good,1,slightly degraded,D:\LSH\LSH\实验\聚焦信号分类实验\1\ROI_x377_y421_w25_h26_20260626_172115\01_valid_raw_and_ifft\mat\curve_r0432_c0388_idx000287.mat,D:\LSH\LSH\实验\聚焦信号分类实验\1\ROI_x377_y421_w25_h26_20260626_172115\01_valid_raw_and_ifft\mat,valid_folder,valid,47.9125656216399,47.9061854416087,0.00320499766353839,0.0020813162812191,0.0001877190421058,0.942952047112004
288,288,288,432,389,288,Good,1,slightly degraded,D:\LSH\LSH\实验\聚焦信号分类实验\1\ROI_x377_y421_w25_h26_20260626_172115\01_valid_raw_and_ifft\mat\curve_r0432_c0389_idx000288.mat,D:\LSH\LSH\实验\聚焦信号分类实验\1\ROI_x377_y421_w25_h26_20260626_172115\01_valid_raw_and_ifft\mat,valid_folder,valid,48.0372463028583,48.104158847313,0.0102915545808929,0.00465555880189309,0.000771855424318787,0.835870335860329
289,289,289,432,390,289,Good,1,slightly degraded,D:\LSH\LSH\实验\聚焦信号分类实验\1\ROI_x377_y421_w25_h26_20260626_172115\01_valid_raw_and_ifft\mat\curve_r0432_c0390_idx000289.mat,D:\LSH\LSH\实验\聚焦信号分类实验\1\ROI_x377_y421_w25_h26_20260626_172115\01_valid_raw_and_ifft\mat,valid_folder,valid,47.9973884456051,48.004414513643,0.0107691489527344,0.00504415425893246,0.000784555478649474,0.852343990829437
290,290,290,432,391,290,Good,1,slightly degraded,D:\LSH\LSH\实验\聚焦信号分类实验\1\ROI_x377_y421_w25_h26_20260626_172115\01_valid_raw_and_ifft\mat\curve_r0432_c0391_idx000290.mat,D:\LSH\LSH\实验\聚焦信号分类实验\1\ROI_x377_y421_w25_h26_20260626_172115\01_valid_raw_and_ifft\mat,valid_folder,valid,47.9944917377989,48.0203423472992,0.0093352511075646,0.0044803376354677,0.000669915277534893,0.861544383611638
291,291,291,432,392,291,Good,1,slightly degraded,D:\LSH\LSH\实验\聚焦信号分类实验\1\ROI_x377_y421_w25_h26_20260626_172115\01_valid_raw_and_ifft\mat\curve_r0432_c0392_idx000291.mat,D:\LSH\LSH\实验\聚焦信号分类实验\1\ROI_x377_y421_w25_h26_20260626_172115\01_valid_raw_and_ifft\mat,valid_folder,valid,48.065495879675,48.3224772010577,0.00410081277737241,0.0022407245364292,0.000266464527879124,0.899468404704442
292,292,292,432,393,292,Good,1,slightly degraded,D:\LSH\LSH\实验\聚焦信号分类实验\1\ROI_x377_y421_w25_h26_20260626_172115\01_valid_raw_and_ifft\mat\curve_r0432_c0393_idx000292.mat,D:\LSH\LSH\实验\聚焦信号分类实验\1\ROI_x377_y421_w25_h26_20260626_172115\01_valid_raw_and_ifft\mat,valid_folder,valid,48.1006062278966,48.3406009023942,0.00574522658864236,0.00297241305605195,0.000391602397379927,0.882096686743861
293,293,293,432,394,293,Good,1,slightly degraded,D:\LSH\LSH\实验\聚焦信号分类实验\1\ROI_x377_y421_w25_h26_20260626_172115\01_valid_raw_and_ifft\mat\curve_r0432_c0394_idx000293.mat,D:\LSH\LSH\实验\聚焦信号分类实验\1\ROI_x377_y421_w25_h26_20260626_172115\01_valid_raw_and_ifft\mat,valid_folder,valid,48.0893052298883,48.2342763817732,0.013267244264753,0.00591086981525274,0.0010295790200768,0.825736516627002
294,294,294,432,395,294,Good,1,slightly degraded,D:\LSH\LSH\实验\聚焦信号分类实验\1\ROI_x377_y421_w25_h26_20260626_172115\01_valid_raw_and_ifft\mat\curve_r0432_c0395_idx000294.mat,D:\LSH\LSH\实验\聚焦信号分类实验\1\ROI_x377_y421_w25_h26_20260626_172115\01_valid_raw_and_ifft\mat,valid_folder,valid,48.0918836049047,48.2182668058588,0.0221210736277545,0.00970470268397353,0.00174403444103846,0.821293931841871
295,295,295,432,396,295,Good,1,slightly degraded,D:\LSH\LSH\实验\聚焦信号分类实验\1\ROI_x377_y421_w25_h26_20260626_172115\01_valid_raw_and_ifft\mat\curve_r0432_c0396_idx000295.mat,D:\LSH\LSH\实验\聚焦信号分类实验\1\ROI_x377_y421_w25_h26_20260626_172115\01_valid_raw_and_ifft\mat,valid_folder,valid,48.0813709957875,48.3286655278687,0.0221406618440486,0.0103646842476696,0.00164655843725973,0.848770166482238
296,296,296,432,397,296,Good,1,slightly degraded,D:\LSH\LSH\实验\聚焦信号分类实验\1\ROI_x377_y421_w25_h26_20260626_172115\01_valid_raw_and_ifft\mat\curve_r0432_c0397_idx000296.mat,D:\LSH\LSH\实验\聚焦信号分类实验\1\ROI_x377_y421_w25_h26_20260626_172115\01_valid_raw_and_ifft\mat,valid_folder,valid,50.1172160521007,49.4960079027466,0.0096285761819118,0.00750222291454688,0.00059567387097329,0.961669375637918
297,297,297,432,398,297,Good,1,slightly degraded,D:\LSH\LSH\实验\聚焦信号分类实验\1\ROI_x377_y421_w25_h26_20260626_172115\01_valid_raw_and_ifft\mat\curve_r0432_c0398_idx000297.mat,D:\LSH\LSH\实验\聚焦信号分类实验\1\ROI_x377_y421_w25_h26_20260626_172115\01_valid_raw_and_ifft\mat,valid_folder,valid,48.1033596410299,49.5055686571042,0.0114140290264143,0.00893238391716249,0.000774047654125931,0.954951394533756
298,298,298,432,399,298,Good,1,slightly degraded,D:\LSH\LSH\实验\聚焦信号分类实验\1\ROI_x377_y421_w25_h26_20260626_172115\01_valid_raw_and_ifft\mat\curve_r0432_c0399_idx000298.mat,D:\LSH\LSH\实验\聚焦信号分类实验\1\ROI_x377_y421_w25_h26_20260626_172115\01_valid_raw_and_ifft\mat,valid_folder,valid,48.0716842286025,48.6259721142789,0.0290084389751087,0.0168411679201516,0.001871881352905,0.925632103571631
299,299,299,432,400,299,Good,1,slightly degraded,D:\LSH\LSH\实验\聚焦信号分类实验\1\ROI_x377_y421_w25_h26_20260626_172115\01_valid_raw_and_ifft\mat\curve_r0432_c0400_idx000299.mat,D:\LSH\LSH\实验\聚焦信号分类实验\1\ROI_x377_y421_w25_h26_20260626_172115\01_valid_raw_and_ifft\mat,valid_folder,valid,48.0975728534991,49.2351774546227,0.023240942151741,0.0141090747105838,0.00175770653185791,0.915530753321669
300,300,300,432,401,300,Good,1,slightly degraded,D:\LSH\LSH\实验\聚焦信号分类实验\1\ROI_x377_y421_w25_h26_20260626_172115\01_valid_raw_and_ifft\mat\curve_r0432_c0401_idx000300.mat,D:\LSH\LSH\实验\聚焦信号分类实验\1\ROI_x377_y421_w25_h26_20260626_172115\01_valid_raw_and_ifft\mat,valid_folder,valid,50.7779383933266,50.5062869027455,0.0147408635475911,0.0101605935981668,0.000829766114554221,0.957677831199239
301,301,301,433,377,301,Good,1,slightly degraded,D:\LSH\LSH\实验\聚焦信号分类实验\1\ROI_x377_y421_w25_h26_20260626_172115\01_valid_raw_and_ifft\mat\curve_r0433_c0377_idx000301.mat,D:\LSH\LSH\实验\聚焦信号分类实验\1\ROI_x377_y421_w25_h26_20260626_172115\01_valid_raw_and_ifft\mat,valid_folder,valid,47.8307529980159,47.7462719717439,0.114842918502421,0.0605145779259069,0.00805655088043154,0.897585210548169
302,302,302,433,378,302,Good,1,slightly degraded,D:\LSH\LSH\实验\聚焦信号分类实验\1\ROI_x377_y421_w25_h26_20260626_172115\01_valid_raw_and_ifft\mat\curve_r0433_c0378_idx000302.mat,D:\LSH\LSH\实验\聚焦信号分类实验\1\ROI_x377_y421_w25_h26_20260626_172115\01_valid_raw_and_ifft\mat,valid_folder,valid,47.8626531011769,47.7860115477288,0.116397714393996,0.0597510177452649,0.00823027083606825,0.890632998297127
303,303,303,433,379,303,Good,1,slightly degraded,D:\LSH\LSH\实验\聚焦信号分类实验\1\ROI_x377_y421_w25_h26_20260626_172115\01_valid_raw_and_ifft\mat\curve_r0433_c0379_idx000303.mat,D:\LSH\LSH\实验\聚焦信号分类实验\1\ROI_x377_y421_w25_h26_20260626_172115\01_valid_raw_and_ifft\mat,valid_folder,valid,47.9103276403901,47.8486080823425,0.0624116130437016,0.0311291781259746,0.00439567007937995,0.882845217744209
304,304,304,433,380,304,Good,1,slightly degraded,D:\LSH\LSH\实验\聚焦信号分类实验\1\ROI_x377_y421_w25_h26_20260626_172115\01_valid_raw_and_ifft\mat\curve_r0433_c0380_idx000304.mat,D:\LSH\LSH\实验\聚焦信号分类实验\1\ROI_x377_y421_w25_h26_20260626_172115\01_valid_raw_and_ifft\mat,valid_folder,valid,48.0386588280143,48.0460256404993,0.0106574423574716,0.00676069568555584,0.000700376271668472,0.930933631159689
305,305,305,433,381,305,Good,1,slightly degraded,D:\LSH\LSH\实验\聚焦信号分类实验\1\ROI_x377_y421_w25_h26_20260626_172115\01_valid_raw_and_ifft\mat\curve_r0433_c0381_idx000305.mat,D:\LSH\LSH\实验\聚焦信号分类实验\1\ROI_x377_y421_w25_h26_20260626_172115\01_valid_raw_and_ifft\mat,valid_folder,valid,48.6871431083851,48.3132712050772,0.00427098738288845,0.00283419827057211,0.000275818419263221,0.932623143826386
306,306,306,433,382,306,Good,1,slightly degraded,D:\LSH\LSH\实验\聚焦信号分类实验\1\ROI_x377_y421_w25_h26_20260626_172115\01_valid_raw_and_ifft\mat\curve_r0433_c0382_idx000306.mat,D:\LSH\LSH\实验\聚焦信号分类实验\1\ROI_x377_y421_w25_h26_20260626_172115\01_valid_raw_and_ifft\mat,valid_folder,valid,48.2578571952024,48.2976696914286,0.00430897640347406,0.00311328667149191,0.000264364946139133,0.948459729267243
307,307,307,433,383,307,Good,1,slightly degraded,D:\LSH\LSH\实验\聚焦信号分类实验\1\ROI_x377_y421_w25_h26_20260626_172115\01_valid_raw_and_ifft\mat\curve_r0433_c0383_idx000307.mat,D:\LSH\LSH\实验\聚焦信号分类实验\1\ROI_x377_y421_w25_h26_20260626_172115\01_valid_raw_and_ifft\mat,valid_folder,valid,47.9720208526803,48.0350389513,0.00817751914168745,0.00462783165012615,0.000506867310631062,0.917452961184831
308,308,308,433,384,308,Good,1,slightly degraded,D:\LSH\LSH\实验\聚焦信号分类实验\1\ROI_x377_y421_w25_h26_20260626_172115\01_valid_raw_and_ifft\mat\curve_r0433_c0384_idx000308.mat,D:\LSH\LSH\实验\聚焦信号分类实验\1\ROI_x377_y421_w25_h26_20260626_172115\01_valid_raw_and_ifft\mat,valid_folder,valid,48.0377101384877,48.1032572169131,0.0154306294102314,0.00845740706579201,0.000970514497041131,0.91582804533901
309,309,309,433,385,309,Good,1,slightly degraded,D:\LSH\LSH\实验\聚焦信号分类实验\1\ROI_x377_y421_w25_h26_20260626_172115\01_valid_raw_and_ifft\mat\curve_r0433_c0385_idx000309.mat,D:\LSH\LSH\实验\聚焦信号分类实验\1\ROI_x377_y421_w25_h26_20260626_172115\01_valid_raw_and_ifft\mat,valid_folder,valid,48.1034125612852,48.163396751914,0.0145526630915089,0.00873259835740223,0.000897695293799561,0.934298109273718
310,310,310,433,386,310,Good,1,slightly degraded,D:\LSH\LSH\实验\聚焦信号分类实验\1\ROI_x377_y421_w25_h26_20260626_172115\01_valid_raw_and_ifft\mat\curve_r0433_c0386_idx000310.mat,D:\LSH\LSH\实验\聚焦信号分类实验\1\ROI_x377_y421_w25_h26_20260626_172115\01_valid_raw_and_ifft\mat,valid_folder,valid,48.0449492978315,48.0977915921575,0.00908472648892877,0.00571753757283584,0.000570198800461029,0.937274535796569
311,311,311,433,387,311,Good,1,slightly degraded,D:\LSH\LSH\实验\聚焦信号分类实验\1\ROI_x377_y421_w25_h26_20260626_172115\01_valid_raw_and_ifft\mat\curve_r0433_c0387_idx000311.mat,D:\LSH\LSH\实验\聚焦信号分类实验\1\ROI_x377_y421_w25_h26_20260626_172115\01_valid_raw_and_ifft\mat,valid_folder,valid,47.9092170479303,47.9566917830497,0.00489246823777903,0.00309559045551916,0.000313971031423198,0.931022836434672
312,312,312,433,388,312,Good,1,slightly degraded,D:\LSH\LSH\实验\聚焦信号分类实验\1\ROI_x377_y421_w25_h26_20260626_172115\01_valid_raw_and_ifft\mat\curve_r0433_c0388_idx000312.mat,D:\LSH\LSH\实验\聚焦信号分类实验\1\ROI_x377_y421_w25_h26_20260626_172115\01_valid_raw_and_ifft\mat,valid_folder,valid,48.0223268300061,48.037297196653,0.00412344941857832,0.00259563727761624,0.000261310831028642,0.931455447463892
313,313,313,433,389,313,Good,1,slightly degraded,D:\LSH\LSH\实验\聚焦信号分类实验\1\ROI_x377_y421_w25_h26_20260626_172115\01_valid_raw_and_ifft\mat\curve_r0433_c0389_idx000313.mat,D:\LSH\LSH\实验\聚焦信号分类实验\1\ROI_x377_y421_w25_h26_20260626_172115\01_valid_raw_and_ifft\mat,valid_folder,valid,48.0308071326046,48.2003197114092,0.0028277026544283,0.00202829671318185,0.000144436935264975,0.964187180004266
314,314,314,433,390,314,Good,1,slightly degraded,D:\LSH\LSH\实验\聚焦信号分类实验\1\ROI_x377_y421_w25_h26_20260626_172115\01_valid_raw_and_ifft\mat\curve_r0433_c0390_idx000314.mat,D:\LSH\LSH\实验\聚焦信号分类实验\1\ROI_x377_y421_w25_h26_20260626_172115\01_valid_raw_and_ifft\mat,valid_folder,valid,47.3941611895866,47.674210367823,0.00265010582391178,0.00173756196193588,0.000174860599230344,0.924587439407118
315,315,315,433,391,315,Good,1,slightly degraded,D:\LSH\LSH\实验\聚焦信号分类实验\1\ROI_x377_y421_w25_h26_20260626_172115\01_valid_raw_and_ifft\mat\curve_r0433_c0391_idx000315.mat,D:\LSH\LSH\实验\聚焦信号分类实验\1\ROI_x377_y421_w25_h26_20260626_172115\01_valid_raw_and_ifft\mat,valid_folder,valid,47.467420269572,48.0124808980432,0.00566563045297793,0.00393785086172367,0.000374357594678618,0.939717437583284
316,316,316,433,392,316,Good,1,slightly degraded,D:\LSH\LSH\实验\聚焦信号分类实验\1\ROI_x377_y421_w25_h26_20260626_172115\01_valid_raw_and_ifft\mat\curve_r0433_c0392_idx000316.mat,D:\LSH\LSH\实验\聚焦信号分类实验\1\ROI_x377_y421_w25_h26_20260626_172115\01_valid_raw_and_ifft\mat,valid_folder,valid,48.6171707857491,48.3899552046985,0.0054133899050139,0.00397652220438318,0.000311909023489736,0.960411209470457
317,317,317,433,393,317,Good,1,slightly degraded,D:\LSH\LSH\实验\聚焦信号分类实验\1\ROI_x377_y421_w25_h26_20260626_172115\01_valid_raw_and_ifft\mat\curve_r0433_c0393_idx000317.mat,D:\LSH\LSH\实验\聚焦信号分类实验\1\ROI_x377_y421_w25_h26_20260626_172115\01_valid_raw_and_ifft\mat,valid_folder,valid,48.5761372820979,48.6129061963503,0.00390120701708847,0.00273928084188707,0.00021601247009964,0.957029435893655
318,318,318,433,394,318,Good,1,slightly degraded,D:\LSH\LSH\实验\聚焦信号分类实验\1\ROI_x377_y421_w25_h26_20260626_172115\01_valid_raw_and_ifft\mat\curve_r0433_c0394_idx000318.mat,D:\LSH\LSH\实验\聚焦信号分类实验\1\ROI_x377_y421_w25_h26_20260626_172115\01_valid_raw_and_ifft\mat,valid_folder,valid,48.4486823700554,48.5045149141757,0.00323069024326324,0.00218930142898609,0.000200981419817117,0.940426415418837
319,319,319,433,395,319,Good,1,slightly degraded,D:\LSH\LSH\实验\聚焦信号分类实验\1\ROI_x377_y421_w25_h26_20260626_172115\01_valid_raw_and_ifft\mat\curve_r0433_c0395_idx000319.mat,D:\LSH\LSH\实验\聚焦信号分类实验\1\ROI_x377_y421_w25_h26_20260626_172115\01_valid_raw_and_ifft\mat,valid_folder,valid,48.16344581774,48.3198396608792,0.00615272159840779,0.00379793835917513,0.000371613106960027,0.935568083349208
320,320,320,433,396,320,Good,1,slightly degraded,D:\LSH\LSH\实验\聚焦信号分类实验\1\ROI_x377_y421_w25_h26_20260626_172115\01_valid_raw_and_ifft\mat\curve_r0433_c0396_idx000320.mat,D:\LSH\LSH\实验\聚焦信号分类实验\1\ROI_x377_y421_w25_h26_20260626_172115\01_valid_raw_and_ifft\mat,valid_folder,valid,48.1033814124953,48.3664264165843,0.00825675638337712,0.00486248868491802,0.00048727265173064,0.933073403213092
321,321,321,433,397,321,Good,1,slightly degraded,D:\LSH\LSH\实验\聚焦信号分类实验\1\ROI_x377_y421_w25_h26_20260626_172115\01_valid_raw_and_ifft\mat\curve_r0433_c0397_idx000321.mat,D:\LSH\LSH\实验\聚焦信号分类实验\1\ROI_x377_y421_w25_h26_20260626_172115\01_valid_raw_and_ifft\mat,valid_folder,valid,48.1291316179302,48.5521302259712,0.00781229296756943,0.00490695645785129,0.000422337173914958,0.952411041047162
322,322,322,433,398,322,Good,1,slightly degraded,D:\LSH\LSH\实验\聚焦信号分类实验\1\ROI_x377_y421_w25_h26_20260626_172115\01_valid_raw_and_ifft\mat\curve_r0433_c0398_idx000322.mat,D:\LSH\LSH\实验\聚焦信号分类实验\1\ROI_x377_y421_w25_h26_20260626_172115\01_valid_raw_and_ifft\mat,valid_folder,valid,48.2334803353808,48.8408246404207,0.00842994494583699,0.00580634848851754,0.000424304308308394,0.966391156059438
323,323,323,433,399,323,Good,1,slightly degraded,D:\LSH\LSH\实验\聚焦信号分类实验\1\ROI_x377_y421_w25_h26_20260626_172115\01_valid_raw_and_ifft\mat\curve_r0433_c0399_idx000323.mat,D:\LSH\LSH\实验\聚焦信号分类实验\1\ROI_x377_y421_w25_h26_20260626_172115\01_valid_raw_and_ifft\mat,valid_folder,valid,48.0941594462958,48.3321906335575,0.0271746702169868,0.013250315079016,0.00193200960840215,0.869640965401409
324,324,324,433,400,324,Good,1,slightly degraded,D:\LSH\LSH\实验\聚焦信号分类实验\1\ROI_x377_y421_w25_h26_20260626_172115\01_valid_raw_and_ifft\mat\curve_r0433_c0400_idx000324.mat,D:\LSH\LSH\实验\聚焦信号分类实验\1\ROI_x377_y421_w25_h26_20260626_172115\01_valid_raw_and_ifft\mat,valid_folder,valid,48.0905202778353,48.4194794528239,0.0234374800232633,0.0112446297868182,0.00176170287741421,0.854009455843841
325,325,325,433,401,325,Good,1,slightly degraded,D:\LSH\LSH\实验\聚焦信号分类实验\1\ROI_x377_y421_w25_h26_20260626_172115\01_valid_raw_and_ifft\mat\curve_r0433_c0401_idx000325.mat,D:\LSH\LSH\实验\聚焦信号分类实验\1\ROI_x377_y421_w25_h26_20260626_172115\01_valid_raw_and_ifft\mat,valid_folder,valid,50.7661027182466,49.8269317279839,0.00765238825859447,0.00584042358547163,0.000474531051534364,0.959403515902845
326,326,326,434,377,326,Good,1,slightly degraded,D:\LSH\LSH\实验\聚焦信号分类实验\1\ROI_x377_y421_w25_h26_20260626_172115\01_valid_raw_and_ifft\mat\curve_r0434_c0377_idx000326.mat,D:\LSH\LSH\实验\聚焦信号分类实验\1\ROI_x377_y421_w25_h26_20260626_172115\01_valid_raw_and_ifft\mat,valid_folder,valid,47.8396540171646,47.7379124583695,0.0448205130460734,0.0221882858324938,0.0033040637121373,0.873800151775682
327,327,327,434,378,327,Good,1,slightly degraded,D:\LSH\LSH\实验\聚焦信号分类实验\1\ROI_x377_y421_w25_h26_20260626_172115\01_valid_raw_and_ifft\mat\curve_r0434_c0378_idx000327.mat,D:\LSH\LSH\实验\聚焦信号分类实验\1\ROI_x377_y421_w25_h26_20260626_172115\01_valid_raw_and_ifft\mat,valid_folder,valid,47.9550389933872,47.8983151069655,0.0356881696737973,0.0153520658991826,0.00279786162797473,0.819145256993656
328,328,328,434,379,328,Good,1,slightly degraded,D:\LSH\LSH\实验\聚焦信号分类实验\1\ROI_x377_y421_w25_h26_20260626_172115\01_valid_raw_and_ifft\mat\curve_r0434_c0379_idx000328.mat,D:\LSH\LSH\实验\聚焦信号分类实验\1\ROI_x377_y421_w25_h26_20260626_172115\01_valid_raw_and_ifft\mat,valid_folder,valid,47.9183307342602,47.8743934578935,0.017375029720901,0.00826274311187885,0.00128210910105648,0.85607613312475
329,329,329,434,380,329,Good,1,slightly degraded,D:\LSH\LSH\实验\聚焦信号分类实验\1\ROI_x377_y421_w25_h26_20260626_172115\01_valid_raw_and_ifft\mat\curve_r0434_c0380_idx000329.mat,D:\LSH\LSH\实验\聚焦信号分类实验\1\ROI_x377_y421_w25_h26_20260626_172115\01_valid_raw_and_ifft\mat,valid_folder,valid,48.4230647197019,48.2352767263701,0.00455132137349643,0.00308860624450259,0.000311882756016497,0.930844310282319
330,330,330,434,381,330,Good,1,slightly degraded,D:\LSH\LSH\实验\聚焦信号分类实验\1\ROI_x377_y421_w25_h26_20260626_172115\01_valid_raw_and_ifft\mat\curve_r0434_c0381_idx000330.mat,D:\LSH\LSH\实验\聚焦信号分类实验\1\ROI_x377_y421_w25_h26_20260626_172115\01_valid_raw_and_ifft\mat,valid_folder,valid,48.8711782271863,48.6561805869675,0.00378636203329489,0.0020355536187379,0.000262227807827832,0.885855988772342
331,331,331,434,382,331,Good,1,slightly degraded,D:\LSH\LSH\实验\聚焦信号分类实验\1\ROI_x377_y421_w25_h26_20260626_172115\01_valid_raw_and_ifft\mat\curve_r0434_c0382_idx000331.mat,D:\LSH\LSH\实验\聚焦信号分类实验\1\ROI_x377_y421_w25_h26_20260626_172115\01_valid_raw_and_ifft\mat,valid_folder,valid,48.3770846787287,48.4676663238766,0.00402738371945989,0.00265020525598964,0.000253967763181453,0.935734886198767
332,332,332,434,383,332,Good,1,slightly degraded,D:\LSH\LSH\实验\聚焦信号分类实验\1\ROI_x377_y421_w25_h26_20260626_172115\01_valid_raw_and_ifft\mat\curve_r0434_c0383_idx000332.mat,D:\LSH\LSH\实验\聚焦信号分类实验\1\ROI_x377_y421_w25_h26_20260626_172115\01_valid_raw_and_ifft\mat,valid_folder,valid,48.7544859580814,48.5044266210447,0.00221806382883129,0.00182773028106543,0.000150095643524352,0.952663545956066
333,333,333,434,384,333,Good,1,slightly degraded,D:\LSH\LSH\实验\聚焦信号分类实验\1\ROI_x377_y421_w25_h26_20260626_172115\01_valid_raw_and_ifft\mat\curve_r0434_c0384_idx000333.mat,D:\LSH\LSH\实验\聚焦信号分类实验\1\ROI_x377_y421_w25_h26_20260626_172115\01_valid_raw_and_ifft\mat,valid_folder,valid,48.0039770834275,48.0502794774115,0.00661685481821005,0.00405698748603537,0.000386947492812753,0.938225164526717
334,334,334,434,385,334,Good,1,slightly degraded,D:\LSH\LSH\实验\聚焦信号分类实验\1\ROI_x377_y421_w25_h26_20260626_172115\01_valid_raw_and_ifft\mat\curve_r0434_c0385_idx000334.mat,D:\LSH\LSH\实验\聚焦信号分类实验\1\ROI_x377_y421_w25_h26_20260626_172115\01_valid_raw_and_ifft\mat,valid_folder,valid,47.9384819069042,47.9809788112186,0.0121683032841268,0.00667316914958719,0.000799675263127241,0.908902602371205
335,335,335,434,386,335,Good,1,slightly degraded,D:\LSH\LSH\实验\聚焦信号分类实验\1\ROI_x377_y421_w25_h26_20260626_172115\01_valid_raw_and_ifft\mat\curve_r0434_c0386_idx000335.mat,D:\LSH\LSH\实验\聚焦信号分类实验\1\ROI_x377_y421_w25_h26_20260626_172115\01_valid_raw_and_ifft\mat,valid_folder,valid,47.8750731297527,47.8828465989192,0.0142709649407996,0.00738026148585193,0.00102134000469048,0.884933925113841
336,336,336,434,387,336,Good,1,slightly degraded,D:\LSH\LSH\实验\聚焦信号分类实验\1\ROI_x377_y421_w25_h26_20260626_172115\01_valid_raw_and_ifft\mat\curve_r0434_c0387_idx000336.mat,D:\LSH\LSH\实验\聚焦信号分类实验\1\ROI_x377_y421_w25_h26_20260626_172115\01_valid_raw_and_ifft\mat,valid_folder,valid,47.8944813493674,47.9247311322453,0.00706784202666618,0.00399704908319845,0.000483548574260984,0.908261728414378
337,337,337,434,388,337,Good,1,slightly degraded,D:\LSH\LSH\实验\聚焦信号分类实验\1\ROI_x377_y421_w25_h26_20260626_172115\01_valid_raw_and_ifft\mat\curve_r0434_c0388_idx000337.mat,D:\LSH\LSH\实验\聚焦信号分类实验\1\ROI_x377_y421_w25_h26_20260626_172115\01_valid_raw_and_ifft\mat,valid_folder,valid,48.0965783149534,48.1680407200957,0.00542288504184404,0.00287050288343068,0.000368138690834618,0.8948014878366
338,338,338,434,389,338,Good,1,slightly degraded,D:\LSH\LSH\实验\聚焦信号分类实验\1\ROI_x377_y421_w25_h26_20260626_172115\01_valid_raw_and_ifft\mat\curve_r0434_c0389_idx000338.mat,D:\LSH\LSH\实验\聚焦信号分类实验\1\ROI_x377_y421_w25_h26_20260626_172115\01_valid_raw_and_ifft\mat,valid_folder,valid,47.9847004812051,48.0558971994804,0.00437396122122993,0.00240551731722041,0.000269816750776682,0.913613337823377
339,339,339,434,390,339,Good,1,slightly degraded,D:\LSH\LSH\实验\聚焦信号分类实验\1\ROI_x377_y421_w25_h26_20260626_172115\01_valid_raw_and_ifft\mat\curve_r0434_c0390_idx000339.mat,D:\LSH\LSH\实验\聚焦信号分类实验\1\ROI_x377_y421_w25_h26_20260626_172115\01_valid_raw_and_ifft\mat,valid_folder,valid,47.9310894107994,47.997175614812,0.00312724278207388,0.00189195765877818,0.000184619087453591,0.932724246806565
340,340,340,434,391,340,Good,1,slightly degraded,D:\LSH\LSH\实验\聚焦信号分类实验\1\ROI_x377_y421_w25_h26_20260626_172115\01_valid_raw_and_ifft\mat\curve_r0434_c0391_idx000340.mat,D:\LSH\LSH\实验\聚焦信号分类实验\1\ROI_x377_y421_w25_h26_20260626_172115\01_valid_raw_and_ifft\mat,valid_folder,valid,48.0553729129586,48.1083764135749,0.0194896568202987,0.0105921181447773,0.00128062987847292,0.91207425581121
341,341,341,434,392,341,Good,1,slightly degraded,D:\LSH\LSH\实验\聚焦信号分类实验\1\ROI_x377_y421_w25_h26_20260626_172115\01_valid_raw_and_ifft\mat\curve_r0434_c0392_idx000341.mat,D:\LSH\LSH\实验\聚焦信号分类实验\1\ROI_x377_y421_w25_h26_20260626_172115\01_valid_raw_and_ifft\mat,valid_folder,valid,48.0891393413241,48.1654721730324,0.0187024501467513,0.0101912860888466,0.00121528433705333,0.912934641551481
342,342,342,434,393,342,Good,1,slightly degraded,D:\LSH\LSH\实验\聚焦信号分类实验\1\ROI_x377_y421_w25_h26_20260626_172115\01_valid_raw_and_ifft\mat\curve_r0434_c0393_idx000342.mat,D:\LSH\LSH\实验\聚焦信号分类实验\1\ROI_x377_y421_w25_h26_20260626_172115\01_valid_raw_and_ifft\mat,valid_folder,valid,48.2255853450672,48.3390037696017,0.00847011231320651,0.00495465323911113,0.000535272561324084,0.924325699938692
343,343,343,434,394,343,Good,1,slightly degraded,D:\LSH\LSH\实验\聚焦信号分类实验\1\ROI_x377_y421_w25_h26_20260626_172115\01_valid_raw_and_ifft\mat\curve_r0434_c0394_idx000343.mat,D:\LSH\LSH\实验\聚焦信号分类实验\1\ROI_x377_y421_w25_h26_20260626_172115\01_valid_raw_and_ifft\mat,valid_folder,valid,48.3085893920279,48.4850544335904,0.00481771751217735,0.00288148588972723,0.000321918199158135,0.916027578875228
344,344,344,434,395,344,Good,1,slightly degraded,D:\LSH\LSH\实验\聚焦信号分类实验\1\ROI_x377_y421_w25_h26_20260626_172115\01_valid_raw_and_ifft\mat\curve_r0434_c0395_idx000344.mat,D:\LSH\LSH\实验\聚焦信号分类实验\1\ROI_x377_y421_w25_h26_20260626_172115\01_valid_raw_and_ifft\mat,valid_folder,valid,48.1669969416633,48.3289274284761,0.00879062647999438,0.00472271975046721,0.000594624298637989,0.898795641746228
345,345,345,434,396,345,Good,1,slightly degraded,D:\LSH\LSH\实验\聚焦信号分类实验\1\ROI_x377_y421_w25_h26_20260626_172115\01_valid_raw_and_ifft\mat\curve_r0434_c0396_idx000345.mat,D:\LSH\LSH\实验\聚焦信号分类实验\1\ROI_x377_y421_w25_h26_20260626_172115\01_valid_raw_and_ifft\mat,valid_folder,valid,48.3816562574733,48.5641935936752,0.0103978297153083,0.0067237639249556,0.000617777399392524,0.948214248205326
346,346,346,434,397,346,Good,1,slightly degraded,D:\LSH\LSH\实验\聚焦信号分类实验\1\ROI_x377_y421_w25_h26_20260626_172115\01_valid_raw_and_ifft\mat\curve_r0434_c0397_idx000346.mat,D:\LSH\LSH\实验\聚焦信号分类实验\1\ROI_x377_y421_w25_h26_20260626_172115\01_valid_raw_and_ifft\mat,valid_folder,valid,48.1407836907769,48.4284642833535,0.0137198995139544,0.00784831754650381,0.000835736016201558,0.928390587140151
347,347,347,434,398,347,Good,1,slightly degraded,D:\LSH\LSH\实验\聚焦信号分类实验\1\ROI_x377_y421_w25_h26_20260626_172115\01_valid_raw_and_ifft\mat\curve_r0434_c0398_idx000347.mat,D:\LSH\LSH\实验\聚焦信号分类实验\1\ROI_x377_y421_w25_h26_20260626_172115\01_valid_raw_and_ifft\mat,valid_folder,valid,48.10598395749,48.4538571548212,0.0153152791981239,0.00837637167025227,0.000979244288215075,0.912564068103257
348,348,348,434,399,348,Good,1,slightly degraded,D:\LSH\LSH\实验\聚焦信号分类实验\1\ROI_x377_y421_w25_h26_20260626_172115\01_valid_raw_and_ifft\mat\curve_r0434_c0399_idx000348.mat,D:\LSH\LSH\实验\聚焦信号分类实验\1\ROI_x377_y421_w25_h26_20260626_172115\01_valid_raw_and_ifft\mat,valid_folder,valid,48.1079040531457,49.3923136406053,0.00865050678876634,0.00539534413104665,0.000680978380389214,0.907056569642661
349,349,349,434,400,349,Good,1,slightly degraded,D:\LSH\LSH\实验\聚焦信号分类实验\1\ROI_x377_y421_w25_h26_20260626_172115\01_valid_raw_and_ifft\mat\curve_r0434_c0400_idx000349.mat,D:\LSH\LSH\实验\聚焦信号分类实验\1\ROI_x377_y421_w25_h26_20260626_172115\01_valid_raw_and_ifft\mat,valid_folder,valid,50.5603970381386,50.4859347759787,0.0256403820668856,0.0152254107564577,0.00182502978292551,0.912812330218822
350,350,350,434,401,350,Good,1,slightly degraded,D:\LSH\LSH\实验\聚焦信号分类实验\1\ROI_x377_y421_w25_h26_20260626_172115\01_valid_raw_and_ifft\mat\curve_r0434_c0401_idx000350.mat,D:\LSH\LSH\实验\聚焦信号分类实验\1\ROI_x377_y421_w25_h26_20260626_172115\01_valid_raw_and_ifft\mat,valid_folder,valid,50.5929764902145,50.5316678307181,0.027512236241111,0.0163873452473767,0.0019077790292419,0.919104184109608
351,351,351,435,377,351,Good,1,slightly degraded,D:\LSH\LSH\实验\聚焦信号分类实验\1\ROI_x377_y421_w25_h26_20260626_172115\01_valid_raw_and_ifft\mat\curve_r0435_c0377_idx000351.mat,D:\LSH\LSH\实验\聚焦信号分类实验\1\ROI_x377_y421_w25_h26_20260626_172115\01_valid_raw_and_ifft\mat,valid_folder,valid,47.7306052830811,47.6719187195209,0.023079845380665,0.012480719626561,0.00170889473125253,0.890425948623088
352,352,352,435,378,352,Good,1,slightly degraded,D:\LSH\LSH\实验\聚焦信号分类实验\1\ROI_x377_y421_w25_h26_20260626_172115\01_valid_raw_and_ifft\mat\curve_r0435_c0378_idx000352.mat,D:\LSH\LSH\实验\聚焦信号分类实验\1\ROI_x377_y421_w25_h26_20260626_172115\01_valid_raw_and_ifft\mat,valid_folder,valid,47.3900555339049,47.6280648062367,0.00606846146097026,0.00380930719949352,0.000392615281166125,0.92912610360456
353,353,353,435,379,353,Good,1,slightly degraded,D:\LSH\LSH\实验\聚焦信号分类实验\1\ROI_x377_y421_w25_h26_20260626_172115\01_valid_raw_and_ifft\mat\curve_r0435_c0379_idx000353.mat,D:\LSH\LSH\实验\聚焦信号分类实验\1\ROI_x377_y421_w25_h26_20260626_172115\01_valid_raw_and_ifft\mat,valid_folder,valid,47.9510142850558,47.8825963861057,0.00347523147988459,0.0023220591407234,0.000210818761001423,0.940965915847618
354,354,354,435,380,354,Good,1,slightly degraded,D:\LSH\LSH\实验\聚焦信号分类实验\1\ROI_x377_y421_w25_h26_20260626_172115\01_valid_raw_and_ifft\mat\curve_r0435_c0380_idx000354.mat,D:\LSH\LSH\实验\聚焦信号分类实验\1\ROI_x377_y421_w25_h26_20260626_172115\01_valid_raw_and_ifft\mat,valid_folder,valid,48.5311376645499,47.9905074937849,0.00228067362468586,0.00170593922350238,0.000150408377930662,0.94234312186406
355,355,355,435,381,355,Good,1,slightly degraded,D:\LSH\LSH\实验\聚焦信号分类实验\1\ROI_x377_y421_w25_h26_20260626_172115\01_valid_raw_and_ifft\mat\curve_r0435_c0381_idx000355.mat,D:\LSH\LSH\实验\聚焦信号分类实验\1\ROI_x377_y421_w25_h26_20260626_172115\01_valid_raw_and_ifft\mat,valid_folder,valid,48.9435080995566,48.4197921472359,0.00329625594920292,0.00183018012694328,0.000249433210841011,0.874983658262402
356,356,356,435,382,356,Good,1,slightly degraded,D:\LSH\LSH\实验\聚焦信号分类实验\1\ROI_x377_y421_w25_h26_20260626_172115\01_valid_raw_and_ifft\mat\curve_r0435_c0382_idx000356.mat,D:\LSH\LSH\实验\聚焦信号分类实验\1\ROI_x377_y421_w25_h26_20260626_172115\01_valid_raw_and_ifft\mat,valid_folder,valid,48.8673830762588,48.5567807338622,0.0035654793756414,0.00257519302536675,0.000208208329275008,0.954727173109526
357,357,357,435,383,357,Good,1,slightly degraded,D:\LSH\LSH\实验\聚焦信号分类实验\1\ROI_x377_y421_w25_h26_20260626_172115\01_valid_raw_and_ifft\mat\curve_r0435_c0383_idx000357.mat,D:\LSH\LSH\实验\聚焦信号分类实验\1\ROI_x377_y421_w25_h26_20260626_172115\01_valid_raw_and_ifft\mat,valid_folder,valid,49.1865977625078,48.7448535658616,0.00280816549482656,0.0022071400987563,0.000188772627073804,0.948504596139626
358,358,358,435,384,358,Good,1,slightly degraded,D:\LSH\LSH\实验\聚焦信号分类实验\1\ROI_x377_y421_w25_h26_20260626_172115\01_valid_raw_and_ifft\mat\curve_r0435_c0384_idx000358.mat,D:\LSH\LSH\实验\聚焦信号分类实验\1\ROI_x377_y421_w25_h26_20260626_172115\01_valid_raw_and_ifft\mat,valid_folder,valid,47.9685279981293,48.0116453650527,0.0067740399512272,0.00367358037435067,0.000443099610678761,0.90159894158107
359,359,359,435,385,359,Good,1,slightly degraded,D:\LSH\LSH\实验\聚焦信号分类实验\1\ROI_x377_y421_w25_h26_20260626_172115\01_valid_raw_and_ifft\mat\curve_r0435_c0385_idx000359.mat,D:\LSH\LSH\实验\聚焦信号分类实验\1\ROI_x377_y421_w25_h26_20260626_172115\01_valid_raw_and_ifft\mat,valid_folder,valid,47.8989372951024,47.8944700741953,0.0134224111320195,0.00667202493947529,0.000967860878338124,0.871871249628116
360,360,360,435,386,360,Good,1,slightly degraded,D:\LSH\LSH\实验\聚焦信号分类实验\1\ROI_x377_y421_w25_h26_20260626_172115\01_valid_raw_and_ifft\mat\curve_r0435_c0386_idx000360.mat,D:\LSH\LSH\实验\聚焦信号分类实验\1\ROI_x377_y421_w25_h26_20260626_172115\01_valid_raw_and_ifft\mat,valid_folder,valid,47.8464304196414,47.8275995357349,0.0146412282439354,0.0073277850749031,0.00108901884379975,0.87032124371082
361,361,361,435,387,361,Good,1,slightly degraded,D:\LSH\LSH\实验\聚焦信号分类实验\1\ROI_x377_y421_w25_h26_20260626_172115\01_valid_raw_and_ifft\mat\curve_r0435_c0387_idx000361.mat,D:\LSH\LSH\实验\聚焦信号分类实验\1\ROI_x377_y421_w25_h26_20260626_172115\01_valid_raw_and_ifft\mat,valid_folder,valid,47.814162615785,47.9345242040536,0.0059528439097108,0.00376401299674411,0.00040751551872279,0.924168573759163
362,362,362,435,388,362,Good,1,slightly degraded,D:\LSH\LSH\实验\聚焦信号分类实验\1\ROI_x377_y421_w25_h26_20260626_172115\01_valid_raw_and_ifft\mat\curve_r0435_c0388_idx000362.mat,D:\LSH\LSH\实验\聚焦信号分类实验\1\ROI_x377_y421_w25_h26_20260626_172115\01_valid_raw_and_ifft\mat,valid_folder,valid,48.1385471043664,48.2228185843383,0.00434209892700682,0.0026920766267442,0.000269737573945266,0.932062935335648
363,363,363,435,389,363,Good,1,slightly degraded,D:\LSH\LSH\实验\聚焦信号分类实验\1\ROI_x377_y421_w25_h26_20260626_172115\01_valid_raw_and_ifft\mat\curve_r0435_c0389_idx000363.mat,D:\LSH\LSH\实验\聚焦信号分类实验\1\ROI_x377_y421_w25_h26_20260626_172115\01_valid_raw_and_ifft\mat,valid_folder,valid,47.9155445230147,47.9784787287721,0.00406056697014211,0.00261143299093346,0.000225563655085111,0.949335628143935
364,364,364,435,390,364,Good,1,slightly degraded,D:\LSH\LSH\实验\聚焦信号分类实验\1\ROI_x377_y421_w25_h26_20260626_172115\01_valid_raw_and_ifft\mat\curve_r0435_c0390_idx000364.mat,D:\LSH\LSH\实验\聚焦信号分类实验\1\ROI_x377_y421_w25_h26_20260626_172115\01_valid_raw_and_ifft\mat,valid_folder,valid,48.1291564148762,48.2381993148534,0.00395620138543187,0.00258238247364105,0.000215121852316224,0.953519954771824
365,365,365,435,391,365,Good,1,slightly degraded,D:\LSH\LSH\实验\聚焦信号分类实验\1\ROI_x377_y421_w25_h26_20260626_172115\01_valid_raw_and_ifft\mat\curve_r0435_c0391_idx000365.mat,D:\LSH\LSH\实验\聚焦信号分类实验\1\ROI_x377_y421_w25_h26_20260626_172115\01_valid_raw_and_ifft\mat,valid_folder,valid,48.0827960245487,48.1376835444205,0.0237164566126767,0.0119726057845895,0.00165644615949756,0.887284884535238
366,366,366,435,392,366,Good,1,slightly degraded,D:\LSH\LSH\实验\聚焦信号分类实验\1\ROI_x377_y421_w25_h26_20260626_172115\01_valid_raw_and_ifft\mat\curve_r0435_c0392_idx000366.mat,D:\LSH\LSH\实验\聚焦信号分类实验\1\ROI_x377_y421_w25_h26_20260626_172115\01_valid_raw_and_ifft\mat,valid_folder,valid,48.0675411913977,48.1304554726293,0.0240342715273173,0.01195382475974,0.00168303863700989,0.882292248190077
367,367,367,435,393,367,Good,1,slightly degraded,D:\LSH\LSH\实验\聚焦信号分类实验\1\ROI_x377_y421_w25_h26_20260626_172115\01_valid_raw_and_ifft\mat\curve_r0435_c0393_idx000367.mat,D:\LSH\LSH\实验\聚焦信号分类实验\1\ROI_x377_y421_w25_h26_20260626_172115\01_valid_raw_and_ifft\mat,valid_folder,valid,48.1149423101718,48.2421631556492,0.0103997308661848,0.00598149514584443,0.000641697860071482,0.925448173451841
368,368,368,435,394,368,Good,1,slightly degraded,D:\LSH\LSH\实验\聚焦信号分类实验\1\ROI_x377_y421_w25_h26_20260626_172115\01_valid_raw_and_ifft\mat\curve_r0435_c0394_idx000368.mat,D:\LSH\LSH\实验\聚焦信号分类实验\1\ROI_x377_y421_w25_h26_20260626_172115\01_valid_raw_and_ifft\mat,valid_folder,valid,48.3655858276951,48.4672386872984,0.00550782093248389,0.00357841465090446,0.000342326196042309,0.939048937743219
369,369,369,435,395,369,Good,1,slightly degraded,D:\LSH\LSH\实验\聚焦信号分类实验\1\ROI_x377_y421_w25_h26_20260626_172115\01_valid_raw_and_ifft\mat\curve_r0435_c0395_idx000369.mat,D:\LSH\LSH\实验\聚焦信号分类实验\1\ROI_x377_y421_w25_h26_20260626_172115\01_valid_raw_and_ifft\mat,valid_folder,valid,48.1799004906595,48.3736532390109,0.00998037122133909,0.00531960748991658,0.000681930985840571,0.895725270459359
370,370,370,435,396,370,Good,1,slightly degraded,D:\LSH\LSH\实验\聚焦信号分类实验\1\ROI_x377_y421_w25_h26_20260626_172115\01_valid_raw_and_ifft\mat\curve_r0435_c0396_idx000370.mat,D:\LSH\LSH\实验\聚焦信号分类实验\1\ROI_x377_y421_w25_h26_20260626_172115\01_valid_raw_and_ifft\mat,valid_folder,valid,48.2648151630866,48.5275892695241,0.0122289666039572,0.00719602555995486,0.00077309400580246,0.928498149143352
371,371,371,435,397,371,Good,1,slightly degraded,D:\LSH\LSH\实验\聚焦信号分类实验\1\ROI_x377_y421_w25_h26_20260626_172115\01_valid_raw_and_ifft\mat\curve_r0435_c0397_idx000371.mat,D:\LSH\LSH\实验\聚焦信号分类实验\1\ROI_x377_y421_w25_h26_20260626_172115\01_valid_raw_and_ifft\mat,valid_folder,valid,48.1076623813272,48.2795208184704,0.0195025899714782,0.00996420946653748,0.00133429743770047,0.891613737849625
372,372,372,435,398,372,Good,1,slightly degraded,D:\LSH\LSH\实验\聚焦信号分类实验\1\ROI_x377_y421_w25_h26_20260626_172115\01_valid_raw_and_ifft\mat\curve_r0435_c0398_idx000372.mat,D:\LSH\LSH\实验\聚焦信号分类实验\1\ROI_x377_y421_w25_h26_20260626_172115\01_valid_raw_and_ifft\mat,valid_folder,valid,48.0609410492175,48.197357841659,0.021600683677618,0.00991392941319318,0.00161706516073624,0.84416295990951
373,373,373,435,399,373,Good,1,slightly degraded,D:\LSH\LSH\实验\聚焦信号分类实验\1\ROI_x377_y421_w25_h26_20260626_172115\01_valid_raw_and_ifft\mat\curve_r0435_c0399_idx000373.mat,D:\LSH\LSH\实验\聚焦信号分类实验\1\ROI_x377_y421_w25_h26_20260626_172115\01_valid_raw_and_ifft\mat,valid_folder,valid,48.0824194425433,48.6686336719114,0.0103845594097676,0.0050956094956618,0.000850461272101522,0.850862722552383
374,374,374,435,400,374,Good,1,slightly degraded,D:\LSH\LSH\实验\聚焦信号分类实验\1\ROI_x377_y421_w25_h26_20260626_172115\01_valid_raw_and_ifft\mat\curve_r0435_c0400_idx000374.mat,D:\LSH\LSH\实验\聚焦信号分类实验\1\ROI_x377_y421_w25_h26_20260626_172115\01_valid_raw_and_ifft\mat,valid_folder,valid,50.7159333283247,50.5339600549952,0.0241222865729481,0.0137185314144878,0.00172483381935163,0.901992342600994
375,375,375,435,401,375,Good,1,slightly degraded,D:\LSH\LSH\实验\聚焦信号分类实验\1\ROI_x377_y421_w25_h26_20260626_172115\01_valid_raw_and_ifft\mat\curve_r0435_c0401_idx000375.mat,D:\LSH\LSH\实验\聚焦信号分类实验\1\ROI_x377_y421_w25_h26_20260626_172115\01_valid_raw_and_ifft\mat,valid_folder,valid,50.6889064300341,50.5746616441245,0.0256043980859816,0.0141652983513806,0.00187278347990081,0.895638512045344
376,376,376,436,377,376,Good,1,slightly degraded,D:\LSH\LSH\实验\聚焦信号分类实验\1\ROI_x377_y421_w25_h26_20260626_172115\01_valid_raw_and_ifft\mat\curve_r0436_c0377_idx000376.mat,D:\LSH\LSH\实验\聚焦信号分类实验\1\ROI_x377_y421_w25_h26_20260626_172115\01_valid_raw_and_ifft\mat,valid_folder,valid,47.9241813644505,47.8584373724534,0.016836969451639,0.00765705413652278,0.00127696197211645,0.839729095250499
377,377,377,436,378,377,Good,1,slightly degraded,D:\LSH\LSH\实验\聚焦信号分类实验\1\ROI_x377_y421_w25_h26_20260626_172115\01_valid_raw_and_ifft\mat\curve_r0436_c0378_idx000377.mat,D:\LSH\LSH\实验\聚焦信号分类实验\1\ROI_x377_y421_w25_h26_20260626_172115\01_valid_raw_and_ifft\mat,valid_folder,valid,47.4900946885482,47.7804555113058,0.00329440387006655,0.00223304506812245,0.000213341312070057,0.934868161329026
378,378,378,436,381,378,Good,1,slightly degraded,D:\LSH\LSH\实验\聚焦信号分类实验\1\ROI_x377_y421_w25_h26_20260626_172115\01_valid_raw_and_ifft\mat\curve_r0436_c0381_idx000380.mat,D:\LSH\LSH\实验\聚焦信号分类实验\1\ROI_x377_y421_w25_h26_20260626_172115\01_valid_raw_and_ifft\mat,valid_folder,valid,47.0904761353725,47.8247162180859,0.00247741066286682,0.00142766417119316,0.000183911608394343,0.886583842789741
379,379,379,436,386,379,Good,1,slightly degraded,D:\LSH\LSH\实验\聚焦信号分类实验\1\ROI_x377_y421_w25_h26_20260626_172115\01_valid_raw_and_ifft\mat\curve_r0436_c0386_idx000385.mat,D:\LSH\LSH\实验\聚焦信号分类实验\1\ROI_x377_y421_w25_h26_20260626_172115\01_valid_raw_and_ifft\mat,valid_folder,valid,47.8466816468341,47.8721490541826,0.00782022767401219,0.00427293768429913,0.000544919938272851,0.899222713998961
380,380,380,436,387,380,Good,1,slightly degraded,D:\LSH\LSH\实验\聚焦信号分类实验\1\ROI_x377_y421_w25_h26_20260626_172115\01_valid_raw_and_ifft\mat\curve_r0436_c0387_idx000386.mat,D:\LSH\LSH\实验\聚焦信号分类实验\1\ROI_x377_y421_w25_h26_20260626_172115\01_valid_raw_and_ifft\mat,valid_folder,valid,48.2412672970589,48.2026982855323,0.00593607626127322,0.00389747544455962,0.000378609876624105,0.93938992253021
381,381,381,436,388,381,Good,1,slightly degraded,D:\LSH\LSH\实验\聚焦信号分类实验\1\ROI_x377_y421_w25_h26_20260626_172115\01_valid_raw_and_ifft\mat\curve_r0436_c0388_idx000387.mat,D:\LSH\LSH\实验\聚焦信号分类实验\1\ROI_x377_y421_w25_h26_20260626_172115\01_valid_raw_and_ifft\mat,valid_folder,valid,48.8136524065608,48.577349474453,0.00631256366125526,0.0036778878050774,0.000392464178325915,0.92413407036082
382,382,382,436,389,382,Good,1,slightly degraded,D:\LSH\LSH\实验\聚焦信号分类实验\1\ROI_x377_y421_w25_h26_20260626_172115\01_valid_raw_and_ifft\mat\curve_r0436_c0389_idx000388.mat,D:\LSH\LSH\实验\聚焦信号分类实验\1\ROI_x377_y421_w25_h26_20260626_172115\01_valid_raw_and_ifft\mat,valid_folder,valid,48.7642140010938,48.3867771666376,0.00529179532247193,0.00333470993769428,0.000304443580759693,0.944440069154191
383,383,383,436,390,383,Good,1,slightly degraded,D:\LSH\LSH\实验\聚焦信号分类实验\1\ROI_x377_y421_w25_h26_20260626_172115\01_valid_raw_and_ifft\mat\curve_r0436_c0390_idx000389.mat,D:\LSH\LSH\实验\聚焦信号分类实验\1\ROI_x377_y421_w25_h26_20260626_172115\01_valid_raw_and_ifft\mat,valid_folder,valid,48.7237720250912,48.5573826049737,0.00507896615101745,0.00327889988856037,0.000289683544758055,0.948922105789214
384,384,384,436,391,384,Good,1,slightly degraded,D:\LSH\LSH\实验\聚焦信号分类实验\1\ROI_x377_y421_w25_h26_20260626_172115\01_valid_raw_and_ifft\mat\curve_r0436_c0391_idx000390.mat,D:\LSH\LSH\实验\聚焦信号分类实验\1\ROI_x377_y421_w25_h26_20260626_172115\01_valid_raw_and_ifft\mat,valid_folder,valid,48.0567502636903,48.1429989634416,0.0111968973208865,0.00481842439373774,0.000881543816355792,0.809963999563032
385,385,385,436,392,385,Good,1,slightly degraded,D:\LSH\LSH\实验\聚焦信号分类实验\1\ROI_x377_y421_w25_h26_20260626_172115\01_valid_raw_and_ifft\mat\curve_r0436_c0392_idx000391.mat,D:\LSH\LSH\实验\聚焦信号分类实验\1\ROI_x377_y421_w25_h26_20260626_172115\01_valid_raw_and_ifft\mat,valid_folder,valid,48.0219657341738,48.0975847865977,0.0127838506217288,0.00580161009138703,0.000954095230134018,0.838523079545886
386,386,386,436,393,386,Good,1,slightly degraded,D:\LSH\LSH\实验\聚焦信号分类实验\1\ROI_x377_y421_w25_h26_20260626_172115\01_valid_raw_and_ifft\mat\curve_r0436_c0393_idx000392.mat,D:\LSH\LSH\实验\聚焦信号分类实验\1\ROI_x377_y421_w25_h26_20260626_172115\01_valid_raw_and_ifft\mat,valid_folder,valid,47.9879880082161,48.1132622237035,0.0068534880971607,0.00435661551330012,0.000396672449975777,0.944056529130994
387,387,387,436,394,387,Good,1,slightly degraded,D:\LSH\LSH\实验\聚焦信号分类实验\1\ROI_x377_y421_w25_h26_20260626_172115\01_valid_raw_and_ifft\mat\curve_r0436_c0394_idx000393.mat,D:\LSH\LSH\实验\聚焦信号分类实验\1\ROI_x377_y421_w25_h26_20260626_172115\01_valid_raw_and_ifft\mat,valid_folder,valid,48.1523443689653,48.2163467985949,0.00537237712607016,0.00403803605171516,0.0003148450096419,0.9593099358167
388,388,388,436,395,388,Good,1,slightly degraded,D:\LSH\LSH\实验\聚焦信号分类实验\1\ROI_x377_y421_w25_h26_20260626_172115\01_valid_raw_and_ifft\mat\curve_r0436_c0395_idx000394.mat,D:\LSH\LSH\实验\聚焦信号分类实验\1\ROI_x377_y421_w25_h26_20260626_172115\01_valid_raw_and_ifft\mat,valid_folder,valid,48.1019903633591,48.2772264863696,0.0124220873073933,0.00703552451593878,0.000769375423563339,0.922595325433138
389,389,389,436,396,389,Good,1,slightly degraded,D:\LSH\LSH\实验\聚焦信号分类实验\1\ROI_x377_y421_w25_h26_20260626_172115\01_valid_raw_and_ifft\mat\curve_r0436_c0396_idx000395.mat,D:\LSH\LSH\实验\聚焦信号分类实验\1\ROI_x377_y421_w25_h26_20260626_172115\01_valid_raw_and_ifft\mat,valid_folder,valid,48.0888092318978,48.2671970762835,0.0165690847660931,0.00857982831927939,0.00110584746263099,0.89640929949349
390,390,390,436,397,390,Good,1,slightly degraded,D:\LSH\LSH\实验\聚焦信号分类实验\1\ROI_x377_y421_w25_h26_20260626_172115\01_valid_raw_and_ifft\mat\curve_r0436_c0397_idx000396.mat,D:\LSH\LSH\实验\聚焦信号分类实验\1\ROI_x377_y421_w25_h26_20260626_172115\01_valid_raw_and_ifft\mat,valid_folder,valid,48.0688307761908,48.2135399613604,0.0187969569960238,0.00884615245490837,0.00136945600244551,0.859496814005392
391,391,391,436,398,391,Good,1,slightly degraded,D:\LSH\LSH\实验\聚焦信号分类实验\1\ROI_x377_y421_w25_h26_20260626_172115\01_valid_raw_and_ifft\mat\curve_r0436_c0398_idx000397.mat,D:\LSH\LSH\实验\聚焦信号分类实验\1\ROI_x377_y421_w25_h26_20260626_172115\01_valid_raw_and_ifft\mat,valid_folder,valid,48.0821392455954,48.1992136947974,0.0200728944351739,0.0089211662259239,0.00155480265214821,0.8309232737741
392,392,392,436,399,392,Good,1,slightly degraded,D:\LSH\LSH\实验\聚焦信号分类实验\1\ROI_x377_y421_w25_h26_20260626_172115\01_valid_raw_and_ifft\mat\curve_r0436_c0399_idx000398.mat,D:\LSH\LSH\实验\聚焦信号分类实验\1\ROI_x377_y421_w25_h26_20260626_172115\01_valid_raw_and_ifft\mat,valid_folder,valid,48.1314692843035,48.3712431639263,0.00860294100831746,0.00424817395494307,0.000626046979874105,0.865956991293863
393,393,393,436,400,393,Good,1,slightly degraded,D:\LSH\LSH\实验\聚焦信号分类实验\1\ROI_x377_y421_w25_h26_20260626_172115\01_valid_raw_and_ifft\mat\curve_r0436_c0400_idx000399.mat,D:\LSH\LSH\实验\聚焦信号分类实验\1\ROI_x377_y421_w25_h26_20260626_172115\01_valid_raw_and_ifft\mat,valid_folder,valid,48.1290398166739,49.0026064840577,0.00631150374929859,0.00344056183951423,0.000479693480348411,0.884846123028368
394,394,394,436,401,394,Good,1,slightly degraded,D:\LSH\LSH\实验\聚焦信号分类实验\1\ROI_x377_y421_w25_h26_20260626_172115\01_valid_raw_and_ifft\mat\curve_r0436_c0401_idx000400.mat,D:\LSH\LSH\实验\聚焦信号分类实验\1\ROI_x377_y421_w25_h26_20260626_172115\01_valid_raw_and_ifft\mat,valid_folder,valid,50.6926866574991,50.160829528883,0.00450161111221705,0.00284074201498375,0.000310289155703718,0.920655109881507
395,395,395,437,377,395,Good,1,slightly degraded,D:\LSH\LSH\实验\聚焦信号分类实验\1\ROI_x377_y421_w25_h26_20260626_172115\01_valid_raw_and_ifft\mat\curve_r0437_c0377_idx000401.mat,D:\LSH\LSH\实验\聚焦信号分类实验\1\ROI_x377_y421_w25_h26_20260626_172115\01_valid_raw_and_ifft\mat,valid_folder,valid,47.4370824197562,47.5815475325922,0.0120984008702347,0.00692847558085972,0.000890813469533105,0.900679540249193
396,396,396,437,378,396,Good,1,slightly degraded,D:\LSH\LSH\实验\聚焦信号分类实验\1\ROI_x377_y421_w25_h26_20260626_172115\01_valid_raw_and_ifft\mat\curve_r0437_c0378_idx000402.mat,D:\LSH\LSH\实验\聚焦信号分类实验\1\ROI_x377_y421_w25_h26_20260626_172115\01_valid_raw_and_ifft\mat,valid_folder,valid,47.348935382246,47.5515628321553,0.00327530871960626,0.0019488241775714,0.000225857916981267,0.911239012435828
397,397,397,437,387,397,Good,1,slightly degraded,D:\LSH\LSH\实验\聚焦信号分类实验\1\ROI_x377_y421_w25_h26_20260626_172115\01_valid_raw_and_ifft\mat\curve_r0437_c0387_idx000411.mat,D:\LSH\LSH\实验\聚焦信号分类实验\1\ROI_x377_y421_w25_h26_20260626_172115\01_valid_raw_and_ifft\mat,valid_folder,valid,48.2018330217317,48.2568186415431,0.00653347853448496,0.00383150788535024,0.000416521166032071,0.922617823037279
398,398,398,437,388,398,Good,1,slightly degraded,D:\LSH\LSH\实验\聚焦信号分类实验\1\ROI_x377_y421_w25_h26_20260626_172115\01_valid_raw_and_ifft\mat\curve_r0437_c0388_idx000412.mat,D:\LSH\LSH\实验\聚焦信号分类实验\1\ROI_x377_y421_w25_h26_20260626_172115\01_valid_raw_and_ifft\mat,valid_folder,valid,48.5163235651857,48.3547756061102,0.00671323519483358,0.00436316215224685,0.000423458678986521,0.938884372344655
399,399,399,437,389,399,Good,1,slightly degraded,D:\LSH\LSH\实验\聚焦信号分类实验\1\ROI_x377_y421_w25_h26_20260626_172115\01_valid_raw_and_ifft\mat\curve_r0437_c0389_idx000413.mat,D:\LSH\LSH\实验\聚焦信号分类实验\1\ROI_x377_y421_w25_h26_20260626_172115\01_valid_raw_and_ifft\mat,valid_folder,valid,48.8019058529189,48.5301438444493,0.00584166391627445,0.00364357662610284,0.000343699690913991,0.94001003554285
400,400,400,437,390,400,Good,1,slightly degraded,D:\LSH\LSH\实验\聚焦信号分类实验\1\ROI_x377_y421_w25_h26_20260626_172115\01_valid_raw_and_ifft\mat\curve_r0437_c0390_idx000414.mat,D:\LSH\LSH\实验\聚焦信号分类实验\1\ROI_x377_y421_w25_h26_20260626_172115\01_valid_raw_and_ifft\mat,valid_folder,valid,48.7742882363504,48.6144335698986,0.0052983106697975,0.00361256084436147,0.0002889094103971,0.957815568812294
401,401,401,437,391,401,Good,1,slightly degraded,D:\LSH\LSH\实验\聚焦信号分类实验\1\ROI_x377_y421_w25_h26_20260626_172115\01_valid_raw_and_ifft\mat\curve_r0437_c0391_idx000415.mat,D:\LSH\LSH\实验\聚焦信号分类实验\1\ROI_x377_y421_w25_h26_20260626_172115\01_valid_raw_and_ifft\mat,valid_folder,valid,47.995154415347,48.1928787763336,0.00408996400452679,0.00277288942978289,0.00022942800954386,0.952845662048966
402,402,402,437,392,402,Good,1,slightly degraded,D:\LSH\LSH\实验\聚焦信号分类实验\1\ROI_x377_y421_w25_h26_20260626_172115\01_valid_raw_and_ifft\mat\curve_r0437_c0392_idx000416.mat,D:\LSH\LSH\实验\聚焦信号分类实验\1\ROI_x377_y421_w25_h26_20260626_172115\01_valid_raw_and_ifft\mat,valid_folder,valid,48.6180563516437,48.1696611758618,0.0103039306202403,0.00765383423491358,0.000723940107401882,0.943124355598991
403,403,403,437,393,403,Good,1,slightly degraded,D:\LSH\LSH\实验\聚焦信号分类实验\1\ROI_x377_y421_w25_h26_20260626_172115\01_valid_raw_and_ifft\mat\curve_r0437_c0393_idx000417.mat,D:\LSH\LSH\实验\聚焦信号分类实验\1\ROI_x377_y421_w25_h26_20260626_172115\01_valid_raw_and_ifft\mat,valid_folder,valid,48.7097101148012,48.3255137045482,0.0193889244999486,0.0129102212553138,0.00121936441858028,0.94472885146695
404,404,404,437,394,404,Good,1,slightly degraded,D:\LSH\LSH\实验\聚焦信号分类实验\1\ROI_x377_y421_w25_h26_20260626_172115\01_valid_raw_and_ifft\mat\curve_r0437_c0394_idx000418.mat,D:\LSH\LSH\实验\聚焦信号分类实验\1\ROI_x377_y421_w25_h26_20260626_172115\01_valid_raw_and_ifft\mat,valid_folder,valid,48.4720773806491,48.3062314726349,0.0256957052884639,0.0175990511724939,0.00166309394194199,0.946222573183472
405,405,405,437,395,405,Good,1,slightly degraded,D:\LSH\LSH\实验\聚焦信号分类实验\1\ROI_x377_y421_w25_h26_20260626_172115\01_valid_raw_and_ifft\mat\curve_r0437_c0395_idx000419.mat,D:\LSH\LSH\实验\聚焦信号分类实验\1\ROI_x377_y421_w25_h26_20260626_172115\01_valid_raw_and_ifft\mat,valid_folder,valid,48.3070463982138,48.3626985437929,0.0608161549511557,0.0361209534949312,0.00408723860476956,0.925096489310471
406,406,406,437,396,406,Good,1,slightly degraded,D:\LSH\LSH\实验\聚焦信号分类实验\1\ROI_x377_y421_w25_h26_20260626_172115\01_valid_raw_and_ifft\mat\curve_r0437_c0396_idx000420.mat,D:\LSH\LSH\实验\聚焦信号分类实验\1\ROI_x377_y421_w25_h26_20260626_172115\01_valid_raw_and_ifft\mat,valid_folder,valid,48.2454367987426,48.3274873107214,0.0608158810868318,0.0353251512109566,0.00403125110900389,0.923633784695039
407,407,407,437,397,407,Good,1,slightly degraded,D:\LSH\LSH\实验\聚焦信号分类实验\1\ROI_x377_y421_w25_h26_20260626_172115\01_valid_raw_and_ifft\mat\curve_r0437_c0397_idx000421.mat,D:\LSH\LSH\实验\聚焦信号分类实验\1\ROI_x377_y421_w25_h26_20260626_172115\01_valid_raw_and_ifft\mat,valid_folder,valid,48.1814296625385,48.3285224262111,0.0207033555479098,0.0113818367138544,0.00137306346783834,0.912677871215036
408,408,408,437,398,408,Good,1,slightly degraded,D:\LSH\LSH\实验\聚焦信号分类实验\1\ROI_x377_y421_w25_h26_20260626_172115\01_valid_raw_and_ifft\mat\curve_r0437_c0398_idx000422.mat,D:\LSH\LSH\实验\聚焦信号分类实验\1\ROI_x377_y421_w25_h26_20260626_172115\01_valid_raw_and_ifft\mat,valid_folder,valid,48.1024229389749,48.2239685740159,0.0109439914943401,0.0051924143242337,0.000806268707235185,0.857784387972759
409,409,409,437,399,409,Good,1,slightly degraded,D:\LSH\LSH\实验\聚焦信号分类实验\1\ROI_x377_y421_w25_h26_20260626_172115\01_valid_raw_and_ifft\mat\curve_r0437_c0399_idx000423.mat,D:\LSH\LSH\实验\聚焦信号分类实验\1\ROI_x377_y421_w25_h26_20260626_172115\01_valid_raw_and_ifft\mat,valid_folder,valid,48.1420460707999,48.3435789585614,0.00622270887594656,0.00309060673512683,0.000448560120778352,0.869324854022797
410,410,410,437,400,410,Good,1,slightly degraded,D:\LSH\LSH\实验\聚焦信号分类实验\1\ROI_x377_y421_w25_h26_20260626_172115\01_valid_raw_and_ifft\mat\curve_r0437_c0400_idx000424.mat,D:\LSH\LSH\实验\聚焦信号分类实验\1\ROI_x377_y421_w25_h26_20260626_172115\01_valid_raw_and_ifft\mat,valid_folder,valid,48.0944428491317,48.3130130086035,0.0044154755573639,0.00204829218189439,0.000336896105953869,0.83477773625383
411,411,411,437,401,411,Good,1,slightly degraded,D:\LSH\LSH\实验\聚焦信号分类实验\1\ROI_x377_y421_w25_h26_20260626_172115\01_valid_raw_and_ifft\mat\curve_r0437_c0401_idx000425.mat,D:\LSH\LSH\实验\聚焦信号分类实验\1\ROI_x377_y421_w25_h26_20260626_172115\01_valid_raw_and_ifft\mat,valid_folder,valid,48.1642750246055,49.1982900011602,0.00188546862359849,0.00122986517795657,0.000137906461890571,0.917051143972032
412,412,412,438,377,412,Good,1,slightly degraded,D:\LSH\LSH\实验\聚焦信号分类实验\1\ROI_x377_y421_w25_h26_20260626_172115\01_valid_raw_and_ifft\mat\curve_r0438_c0377_idx000426.mat,D:\LSH\LSH\实验\聚焦信号分类实验\1\ROI_x377_y421_w25_h26_20260626_172115\01_valid_raw_and_ifft\mat,valid_folder,valid,47.7524552253733,47.8596847832392,0.0140403482050406,0.00892206902741676,0.000960086911300323,0.928816408651947
413,413,413,438,378,413,Good,1,slightly degraded,D:\LSH\LSH\实验\聚焦信号分类实验\1\ROI_x377_y421_w25_h26_20260626_172115\01_valid_raw_and_ifft\mat\curve_r0438_c0378_idx000427.mat,D:\LSH\LSH\实验\聚焦信号分类实验\1\ROI_x377_y421_w25_h26_20260626_172115\01_valid_raw_and_ifft\mat,valid_folder,valid,48.7376110071328,48.1553655996072,0.00418205375901593,0.00271483648675298,0.000287572671246286,0.924523563508401
414,414,414,438,379,414,Good,1,slightly degraded,D:\LSH\LSH\实验\聚焦信号分类实验\1\ROI_x377_y421_w25_h26_20260626_172115\01_valid_raw_and_ifft\mat\curve_r0438_c0379_idx000428.mat,D:\LSH\LSH\实验\聚焦信号分类实验\1\ROI_x377_y421_w25_h26_20260626_172115\01_valid_raw_and_ifft\mat,valid_folder,valid,48.5223935857825,47.9942909334165,0.00240676786050837,0.00177597589150488,0.0001635979153228,0.938553758847168
415,415,415,438,380,415,Good,1,slightly degraded,D:\LSH\LSH\实验\聚焦信号分类实验\1\ROI_x377_y421_w25_h26_20260626_172115\01_valid_raw_and_ifft\mat\curve_r0438_c0380_idx000429.mat,D:\LSH\LSH\实验\聚焦信号分类实验\1\ROI_x377_y421_w25_h26_20260626_172115\01_valid_raw_and_ifft\mat,valid_folder,valid,47.3552211421891,47.7870721688804,0.00207599415666202,0.00141956046466549,0.000141276847850218,0.924898170646495
416,416,416,438,381,416,Good,1,slightly degraded,D:\LSH\LSH\实验\聚焦信号分类实验\1\ROI_x377_y421_w25_h26_20260626_172115\01_valid_raw_and_ifft\mat\curve_r0438_c0381_idx000430.mat,D:\LSH\LSH\实验\聚焦信号分类实验\1\ROI_x377_y421_w25_h26_20260626_172115\01_valid_raw_and_ifft\mat,valid_folder,valid,47.2000690873919,47.5338558577557,0.00283974472946446,0.00156907995160528,0.0001986406052082,0.888934685023564
417,417,417,438,387,417,Good,1,slightly degraded,D:\LSH\LSH\实验\聚焦信号分类实验\1\ROI_x377_y421_w25_h26_20260626_172115\01_valid_raw_and_ifft\mat\curve_r0438_c0387_idx000436.mat,D:\LSH\LSH\实验\聚焦信号分类实验\1\ROI_x377_y421_w25_h26_20260626_172115\01_valid_raw_and_ifft\mat,valid_folder,valid,47.8577056645967,47.894895802405,0.00861627884379903,0.005184966307516,0.00053918284673629,0.927681959143036
418,418,418,438,388,418,Good,1,slightly degraded,D:\LSH\LSH\实验\聚焦信号分类实验\1\ROI_x377_y421_w25_h26_20260626_172115\01_valid_raw_and_ifft\mat\curve_r0438_c0388_idx000437.mat,D:\LSH\LSH\实验\聚焦信号分类实验\1\ROI_x377_y421_w25_h26_20260626_172115\01_valid_raw_and_ifft\mat,valid_folder,valid,47.9194736355982,47.939897945587,0.014352098524507,0.0085433859359326,0.000889307461576571,0.93043858974735
419,419,419,438,389,419,Good,1,slightly degraded,D:\LSH\LSH\实验\聚焦信号分类实验\1\ROI_x377_y421_w25_h26_20260626_172115\01_valid_raw_and_ifft\mat\curve_r0438_c0389_idx000438.mat,D:\LSH\LSH\实验\聚焦信号分类实验\1\ROI_x377_y421_w25_h26_20260626_172115\01_valid_raw_and_ifft\mat,valid_folder,valid,48.1708876128642,48.164923576728,0.0200000757997364,0.0131535342769417,0.00127341254578022,0.942049284218447
420,420,420,438,390,420,Good,1,slightly degraded,D:\LSH\LSH\实验\聚焦信号分类实验\1\ROI_x377_y421_w25_h26_20260626_172115\01_valid_raw_and_ifft\mat\curve_r0438_c0390_idx000439.mat,D:\LSH\LSH\实验\聚焦信号分类实验\1\ROI_x377_y421_w25_h26_20260626_172115\01_valid_raw_and_ifft\mat,valid_folder,valid,48.2128809266818,48.2552416507378,0.0212759587649688,0.013052513185437,0.00135751854039277,0.933233700655748
421,421,421,438,391,421,Good,1,slightly degraded,D:\LSH\LSH\实验\聚焦信号分类实验\1\ROI_x377_y421_w25_h26_20260626_172115\01_valid_raw_and_ifft\mat\curve_r0438_c0391_idx000440.mat,D:\LSH\LSH\实验\聚焦信号分类实验\1\ROI_x377_y421_w25_h26_20260626_172115\01_valid_raw_and_ifft\mat,valid_folder,valid,48.2017698799304,48.2658527424719,0.0143185878065799,0.00897547162367707,0.000861652387410018,0.942656203002853
422,422,422,438,392,422,Good,1,slightly degraded,D:\LSH\LSH\实验\聚焦信号分类实验\1\ROI_x377_y421_w25_h26_20260626_172115\01_valid_raw_and_ifft\mat\curve_r0438_c0392_idx000441.mat,D:\LSH\LSH\实验\聚焦信号分类实验\1\ROI_x377_y421_w25_h26_20260626_172115\01_valid_raw_and_ifft\mat,valid_folder,valid,48.0605549862921,48.1125148378874,0.0572802056108122,0.031215256548982,0.00370457035387846,0.915256361395451
423,423,423,438,393,423,Good,1,slightly degraded,D:\LSH\LSH\实验\聚焦信号分类实验\1\ROI_x377_y421_w25_h26_20260626_172115\01_valid_raw_and_ifft\mat\curve_r0438_c0393_idx000442.mat,D:\LSH\LSH\实验\聚焦信号分类实验\1\ROI_x377_y421_w25_h26_20260626_172115\01_valid_raw_and_ifft\mat,valid_folder,valid,48.1273683911979,48.2195728958219,0.140116308537089,0.0728413046557613,0.00967978713992221,0.897330286179965
424,424,424,438,394,424,Good,1,slightly degraded,D:\LSH\LSH\实验\聚焦信号分类实验\1\ROI_x377_y421_w25_h26_20260626_172115\01_valid_raw_and_ifft\mat\curve_r0438_c0394_idx000443.mat,D:\LSH\LSH\实验\聚焦信号分类实验\1\ROI_x377_y421_w25_h26_20260626_172115\01_valid_raw_and_ifft\mat,valid_folder,valid,48.1299069182276,48.2240112352558,0.148755736772204,0.0753599567422548,0.0105481239893387,0.8874978849131
425,425,425,438,395,425,Good,1,slightly degraded,D:\LSH\LSH\实验\聚焦信号分类实验\1\ROI_x377_y421_w25_h26_20260626_172115\01_valid_raw_and_ifft\mat\curve_r0438_c0395_idx000444.mat,D:\LSH\LSH\实验\聚焦信号分类实验\1\ROI_x377_y421_w25_h26_20260626_172115\01_valid_raw_and_ifft\mat,valid_folder,valid,48.1499272918194,48.2638010048289,0.100297652163042,0.0499289559061342,0.00727340313493904,0.878820536925813
426,426,426,438,396,426,Good,1,slightly degraded,D:\LSH\LSH\实验\聚焦信号分类实验\1\ROI_x377_y421_w25_h26_20260626_172115\01_valid_raw_and_ifft\mat\curve_r0438_c0396_idx000445.mat,D:\LSH\LSH\实验\聚焦信号分类实验\1\ROI_x377_y421_w25_h26_20260626_172115\01_valid_raw_and_ifft\mat,valid_folder,valid,48.1244329137969,48.2276821828588,0.0797776253518416,0.0398502526432805,0.00568030585966849,0.882608583794406
427,427,427,438,397,427,Good,1,slightly degraded,D:\LSH\LSH\实验\聚焦信号分类实验\1\ROI_x377_y421_w25_h26_20260626_172115\01_valid_raw_and_ifft\mat\curve_r0438_c0397_idx000446.mat,D:\LSH\LSH\实验\聚焦信号分类实验\1\ROI_x377_y421_w25_h26_20260626_172115\01_valid_raw_and_ifft\mat,valid_folder,valid,48.1581166229965,48.302141579854,0.022646302043672,0.012078221736692,0.00152887131932696,0.903282285555927
428,428,428,438,398,428,Good,1,slightly degraded,D:\LSH\LSH\实验\聚焦信号分类实验\1\ROI_x377_y421_w25_h26_20260626_172115\01_valid_raw_and_ifft\mat\curve_r0438_c0398_idx000447.mat,D:\LSH\LSH\实验\聚焦信号分类实验\1\ROI_x377_y421_w25_h26_20260626_172115\01_valid_raw_and_ifft\mat,valid_folder,valid,48.1745318450817,48.4222384970186,0.0068484940846122,0.00394360013226023,0.000421361980185897,0.924728527458463
429,429,429,438,399,429,Good,1,slightly degraded,D:\LSH\LSH\实验\聚焦信号分类实验\1\ROI_x377_y421_w25_h26_20260626_172115\01_valid_raw_and_ifft\mat\curve_r0438_c0399_idx000448.mat,D:\LSH\LSH\实验\聚焦信号分类实验\1\ROI_x377_y421_w25_h26_20260626_172115\01_valid_raw_and_ifft\mat,valid_folder,valid,48.1417657619886,48.4988724552738,0.00370130914437987,0.00209438390590884,0.000232375413175428,0.91627564795742
430,430,430,438,400,430,Good,1,slightly degraded,D:\LSH\LSH\实验\聚焦信号分类实验\1\ROI_x377_y421_w25_h26_20260626_172115\01_valid_raw_and_ifft\mat\curve_r0438_c0400_idx000449.mat,D:\LSH\LSH\实验\聚焦信号分类实验\1\ROI_x377_y421_w25_h26_20260626_172115\01_valid_raw_and_ifft\mat,valid_folder,valid,48.1694583426239,49.2672438945259,0.0020810340501225,0.00142606575128074,0.000135540412556922,0.939908757922897
431,431,431,438,401,431,Good,1,slightly degraded,D:\LSH\LSH\实验\聚焦信号分类实验\1\ROI_x377_y421_w25_h26_20260626_172115\01_valid_raw_and_ifft\mat\curve_r0438_c0401_idx000450.mat,D:\LSH\LSH\实验\聚焦信号分类实验\1\ROI_x377_y421_w25_h26_20260626_172115\01_valid_raw_and_ifft\mat,valid_folder,valid,50.663977318067,50.4496819738385,0.00325198677483925,0.00224779794125442,0.0001801214701162,0.956476648524438
432,432,432,439,377,432,Good,1,slightly degraded,D:\LSH\LSH\实验\聚焦信号分类实验\1\ROI_x377_y421_w25_h26_20260626_172115\01_valid_raw_and_ifft\mat\curve_r0439_c0377_idx000451.mat,D:\LSH\LSH\实验\聚焦信号分类实验\1\ROI_x377_y421_w25_h26_20260626_172115\01_valid_raw_and_ifft\mat,valid_folder,valid,48.1193312602837,48.2093410363593,0.0166098545850893,0.00940021272626792,0.00105492820695006,0.921816257491892
433,433,433,439,378,433,Good,1,slightly degraded,D:\LSH\LSH\实验\聚焦信号分类实验\1\ROI_x377_y421_w25_h26_20260626_172115\01_valid_raw_and_ifft\mat\curve_r0439_c0378_idx000452.mat,D:\LSH\LSH\实验\聚焦信号分类实验\1\ROI_x377_y421_w25_h26_20260626_172115\01_valid_raw_and_ifft\mat,valid_folder,valid,48.518997434336,48.2411426778098,0.00780049816419999,0.00531367130876067,0.000497633441482019,0.94516958315935
434,434,434,439,379,434,Good,1,slightly degraded,D:\LSH\LSH\实验\聚焦信号分类实验\1\ROI_x377_y421_w25_h26_20260626_172115\01_valid_raw_and_ifft\mat\curve_r0439_c0379_idx000453.mat,D:\LSH\LSH\实验\聚焦信号分类实验\1\ROI_x377_y421_w25_h26_20260626_172115\01_valid_raw_and_ifft\mat,valid_folder,valid,48.1284625051976,48.1112705796232,0.00372317130105513,0.0028994387295299,0.000228342086024661,0.958575700864345
435,435,435,439,380,435,Good,1,slightly degraded,D:\LSH\LSH\实验\聚焦信号分类实验\1\ROI_x377_y421_w25_h26_20260626_172115\01_valid_raw_and_ifft\mat\curve_r0439_c0380_idx000454.mat,D:\LSH\LSH\实验\聚焦信号分类实验\1\ROI_x377_y421_w25_h26_20260626_172115\01_valid_raw_and_ifft\mat,valid_folder,valid,47.0920532868649,47.311587046329,0.00379814218883567,0.00196767121374377,0.000266265705018292,0.87242983051156
436,436,436,439,381,436,Good,1,slightly degraded,D:\LSH\LSH\实验\聚焦信号分类实验\1\ROI_x377_y421_w25_h26_20260626_172115\01_valid_raw_and_ifft\mat\curve_r0439_c0381_idx000455.mat,D:\LSH\LSH\实验\聚焦信号分类实验\1\ROI_x377_y421_w25_h26_20260626_172115\01_valid_raw_and_ifft\mat,valid_folder,valid,47.1233892343305,47.4626004073158,0.0039429688807359,0.00197766441578322,0.000291270685594477,0.859254915612806
437,437,437,439,386,437,Good,1,slightly degraded,D:\LSH\LSH\实验\聚焦信号分类实验\1\ROI_x377_y421_w25_h26_20260626_172115\01_valid_raw_and_ifft\mat\curve_r0439_c0386_idx000460.mat,D:\LSH\LSH\实验\聚焦信号分类实验\1\ROI_x377_y421_w25_h26_20260626_172115\01_valid_raw_and_ifft\mat,valid_folder,valid,47.9194240314061,47.9611837416946,0.0172425619258295,0.00959401308773112,0.00114284929215288,0.912695378457739
438,438,438,439,387,438,Good,1,slightly degraded,D:\LSH\LSH\实验\聚焦信号分类实验\1\ROI_x377_y421_w25_h26_20260626_172115\01_valid_raw_and_ifft\mat\curve_r0439_c0387_idx000461.mat,D:\LSH\LSH\实验\聚焦信号分类实验\1\ROI_x377_y421_w25_h26_20260626_172115\01_valid_raw_and_ifft\mat,valid_folder,valid,47.8865127719139,47.9084681754846,0.0188043516169669,0.0107802113894392,0.00122925313183863,0.918526487716727
439,439,439,439,388,439,Good,1,slightly degraded,D:\LSH\LSH\实验\聚焦信号分类实验\1\ROI_x377_y421_w25_h26_20260626_172115\01_valid_raw_and_ifft\mat\curve_r0439_c0388_idx000462.mat,D:\LSH\LSH\实验\聚焦信号分类实验\1\ROI_x377_y421_w25_h26_20260626_172115\01_valid_raw_and_ifft\mat,valid_folder,valid,47.9502111936023,47.9306672845015,0.0417989734181848,0.0224421650042851,0.00275833477034294,0.907596575162306
440,440,440,439,389,440,Good,1,slightly degraded,D:\LSH\LSH\实验\聚焦信号分类实验\1\ROI_x377_y421_w25_h26_20260626_172115\01_valid_raw_and_ifft\mat\curve_r0439_c0389_idx000463.mat,D:\LSH\LSH\实验\聚焦信号分类实验\1\ROI_x377_y421_w25_h26_20260626_172115\01_valid_raw_and_ifft\mat,valid_folder,valid,48.1923490898179,48.1969036530354,0.130980364441207,0.0800507833885425,0.0086078427552793,0.93214270430067
441,441,441,439,390,441,Good,1,slightly degraded,D:\LSH\LSH\实验\聚焦信号分类实验\1\ROI_x377_y421_w25_h26_20260626_172115\01_valid_raw_and_ifft\mat\curve_r0439_c0390_idx000464.mat,D:\LSH\LSH\实验\聚焦信号分类实验\1\ROI_x377_y421_w25_h26_20260626_172115\01_valid_raw_and_ifft\mat,valid_folder,valid,48.2106228227081,48.2227792497475,0.12578767989009,0.0756038627116616,0.00836767660171193,0.928414460832786
442,442,442,439,391,442,Good,1,slightly degraded,D:\LSH\LSH\实验\聚焦信号分类实验\1\ROI_x377_y421_w25_h26_20260626_172115\01_valid_raw_and_ifft\mat\curve_r0439_c0391_idx000465.mat,D:\LSH\LSH\实验\聚焦信号分类实验\1\ROI_x377_y421_w25_h26_20260626_172115\01_valid_raw_and_ifft\mat,valid_folder,valid,48.0922468867454,48.2606028879241,0.0336482020656638,0.0206623635206514,0.00198062925813275,0.9438760361106
443,443,443,439,392,443,Good,1,slightly degraded,D:\LSH\LSH\实验\聚焦信号分类实验\1\ROI_x377_y421_w25_h26_20260626_172115\01_valid_raw_and_ifft\mat\curve_r0439_c0392_idx000466.mat,D:\LSH\LSH\实验\聚焦信号分类实验\1\ROI_x377_y421_w25_h26_20260626_172115\01_valid_raw_and_ifft\mat,valid_folder,valid,48.0509785493376,48.1038517398872,0.0627547169745492,0.0332223716773163,0.00412754124592393,0.907396465378326
444,444,444,439,393,444,Good,1,slightly degraded,D:\LSH\LSH\实验\聚焦信号分类实验\1\ROI_x377_y421_w25_h26_20260626_172115\01_valid_raw_and_ifft\mat\curve_r0439_c0393_idx000467.mat,D:\LSH\LSH\实验\聚焦信号分类实验\1\ROI_x377_y421_w25_h26_20260626_172115\01_valid_raw_and_ifft\mat,valid_folder,valid,48.1002545168042,48.1880139455092,0.142992749660392,0.073269212353753,0.00987046409791983,0.894325602560278
445,445,445,439,394,445,Good,1,slightly degraded,D:\LSH\LSH\实验\聚焦信号分类实验\1\ROI_x377_y421_w25_h26_20260626_172115\01_valid_raw_and_ifft\mat\curve_r0439_c0394_idx000468.mat,D:\LSH\LSH\实验\聚焦信号分类实验\1\ROI_x377_y421_w25_h26_20260626_172115\01_valid_raw_and_ifft\mat,valid_folder,valid,48.1138859224679,48.2018835488381,0.148839333656963,0.0742788230983283,0.0105992113944448,0.883265813625914
446,446,446,439,395,446,Good,1,slightly degraded,D:\LSH\LSH\实验\聚焦信号分类实验\1\ROI_x377_y421_w25_h26_20260626_172115\01_valid_raw_and_ifft\mat\curve_r0439_c0395_idx000469.mat,D:\LSH\LSH\实验\聚焦信号分类实验\1\ROI_x377_y421_w25_h26_20260626_172115\01_valid_raw_and_ifft\mat,valid_folder,valid,48.1049002157425,48.2322171458167,0.0925828194755865,0.0421549496825245,0.00705519787493577,0.844899809509786
447,447,447,439,396,447,Good,1,slightly degraded,D:\LSH\LSH\实验\聚焦信号分类实验\1\ROI_x377_y421_w25_h26_20260626_172115\01_valid_raw_and_ifft\mat\curve_r0439_c0396_idx000470.mat,D:\LSH\LSH\实验\聚焦信号分类实验\1\ROI_x377_y421_w25_h26_20260626_172115\01_valid_raw_and_ifft\mat,valid_folder,valid,48.1023418892378,48.2350751939016,0.0738404390776468,0.0336088268583582,0.00561841482030773,0.845137734113667
448,448,448,439,397,448,Good,1,slightly degraded,D:\LSH\LSH\实验\聚焦信号分类实验\1\ROI_x377_y421_w25_h26_20260626_172115\01_valid_raw_and_ifft\mat\curve_r0439_c0397_idx000471.mat,D:\LSH\LSH\实验\聚焦信号分类实验\1\ROI_x377_y421_w25_h26_20260626_172115\01_valid_raw_and_ifft\mat,valid_folder,valid,48.0981879602034,48.2405463293076,0.0220271662764751,0.0110687827989316,0.00152669109131145,0.885415006072824
449,449,449,439,398,449,Good,1,slightly degraded,D:\LSH\LSH\实验\聚焦信号分类实验\1\ROI_x377_y421_w25_h26_20260626_172115\01_valid_raw_and_ifft\mat\curve_r0439_c0398_idx000472.mat,D:\LSH\LSH\实验\聚焦信号分类实验\1\ROI_x377_y421_w25_h26_20260626_172115\01_valid_raw_and_ifft\mat,valid_folder,valid,48.1283692608929,48.3848348993543,0.00592409338634177,0.00359664973461845,0.000341370005001278,0.939862994095491
450,450,450,439,399,450,Good,1,slightly degraded,D:\LSH\LSH\实验\聚焦信号分类实验\1\ROI_x377_y421_w25_h26_20260626_172115\01_valid_raw_and_ifft\mat\curve_r0439_c0399_idx000473.mat,D:\LSH\LSH\实验\聚焦信号分类实验\1\ROI_x377_y421_w25_h26_20260626_172115\01_valid_raw_and_ifft\mat,valid_folder,valid,48.0569891435703,48.3943256112053,0.00333110619077603,0.00187344063551665,0.000215217962459408,0.912565030006313
451,451,451,439,400,451,Good,1,slightly degraded,D:\LSH\LSH\实验\聚焦信号分类实验\1\ROI_x377_y421_w25_h26_20260626_172115\01_valid_raw_and_ifft\mat\curve_r0439_c0400_idx000474.mat,D:\LSH\LSH\实验\聚焦信号分类实验\1\ROI_x377_y421_w25_h26_20260626_172115\01_valid_raw_and_ifft\mat,valid_folder,valid,50.348244189958,50.2720046017379,0.00258946522165233,0.00164905174495381,0.000168159166146769,0.927365154518271
452,452,452,439,401,452,Good,1,slightly degraded,D:\LSH\LSH\实验\聚焦信号分类实验\1\ROI_x377_y421_w25_h26_20260626_172115\01_valid_raw_and_ifft\mat\curve_r0439_c0401_idx000475.mat,D:\LSH\LSH\实验\聚焦信号分类实验\1\ROI_x377_y421_w25_h26_20260626_172115\01_valid_raw_and_ifft\mat,valid_folder,valid,50.7350183587551,50.6726571743241,0.00476144439311979,0.00315337997891772,0.000272175253005257,0.95035673926591
453,453,453,440,377,453,Good,1,slightly degraded,D:\LSH\LSH\实验\聚焦信号分类实验\1\ROI_x377_y421_w25_h26_20260626_172115\01_valid_raw_and_ifft\mat\curve_r0440_c0377_idx000476.mat,D:\LSH\LSH\实验\聚焦信号分类实验\1\ROI_x377_y421_w25_h26_20260626_172115\01_valid_raw_and_ifft\mat,valid_folder,valid,47.9733208007637,47.9734860238802,0.0518478933653357,0.0263875588863606,0.00357914444815248,0.892101121813657
454,454,454,440,378,454,Good,1,slightly degraded,D:\LSH\LSH\实验\聚焦信号分类实验\1\ROI_x377_y421_w25_h26_20260626_172115\01_valid_raw_and_ifft\mat\curve_r0440_c0378_idx000477.mat,D:\LSH\LSH\实验\聚焦信号分类实验\1\ROI_x377_y421_w25_h26_20260626_172115\01_valid_raw_and_ifft\mat,valid_folder,valid,47.9879043766311,48.0007685461809,0.0316647337150598,0.0164747094750701,0.00215533060067616,0.898534426125064
455,455,455,440,379,455,Good,1,slightly degraded,D:\LSH\LSH\实验\聚焦信号分类实验\1\ROI_x377_y421_w25_h26_20260626_172115\01_valid_raw_and_ifft\mat\curve_r0440_c0379_idx000478.mat,D:\LSH\LSH\实验\聚焦信号分类实验\1\ROI_x377_y421_w25_h26_20260626_172115\01_valid_raw_and_ifft\mat,valid_folder,valid,48.0057051458971,48.0642825660461,0.00810295080463041,0.00493057403208607,0.000477808158059129,0.939445894383905
456,456,456,440,380,456,Good,1,slightly degraded,D:\LSH\LSH\实验\聚焦信号分类实验\1\ROI_x377_y421_w25_h26_20260626_172115\01_valid_raw_and_ifft\mat\curve_r0440_c0380_idx000479.mat,D:\LSH\LSH\实验\聚焦信号分类实验\1\ROI_x377_y421_w25_h26_20260626_172115\01_valid_raw_and_ifft\mat,valid_folder,valid,47.3830174759072,47.6837459793194,0.00417626031760637,0.00262930382271512,0.000262598137165241,0.931576701683387
457,457,457,440,383,457,Good,1,slightly degraded,D:\LSH\LSH\实验\聚焦信号分类实验\1\ROI_x377_y421_w25_h26_20260626_172115\01_valid_raw_and_ifft\mat\curve_r0440_c0383_idx000482.mat,D:\LSH\LSH\实验\聚焦信号分类实验\1\ROI_x377_y421_w25_h26_20260626_172115\01_valid_raw_and_ifft\mat,valid_folder,valid,47.9857944934002,47.9796100760737,0.021987164328331,0.0101496943065362,0.00163044721696288,0.852445469600286
458,458,458,440,384,458,Good,1,slightly degraded,D:\LSH\LSH\实验\聚焦信号分类实验\1\ROI_x377_y421_w25_h26_20260626_172115\01_valid_raw_and_ifft\mat\curve_r0440_c0384_idx000483.mat,D:\LSH\LSH\实验\聚焦信号分类实验\1\ROI_x377_y421_w25_h26_20260626_172115\01_valid_raw_and_ifft\mat,valid_folder,valid,48.0074333233123,48.0405623114093,0.0269342421975221,0.0130105608153538,0.00191074756887173,0.871627845478066
459,459,459,440,385,459,Good,1,slightly degraded,D:\LSH\LSH\实验\聚焦信号分类实验\1\ROI_x377_y421_w25_h26_20260626_172115\01_valid_raw_and_ifft\mat\curve_r0440_c0385_idx000484.mat,D:\LSH\LSH\实验\聚焦信号分类实验\1\ROI_x377_y421_w25_h26_20260626_172115\01_valid_raw_and_ifft\mat,valid_folder,valid,47.9662325629004,48.0160375221554,0.0111828770618503,0.00687580096597077,0.00070457192535561,0.933703735698012
460,460,460,440,386,460,Good,1,slightly degraded,D:\LSH\LSH\实验\聚焦信号分类实验\1\ROI_x377_y421_w25_h26_20260626_172115\01_valid_raw_and_ifft\mat\curve_r0440_c0386_idx000485.mat,D:\LSH\LSH\实验\聚焦信号分类实验\1\ROI_x377_y421_w25_h26_20260626_172115\01_valid_raw_and_ifft\mat,valid_folder,valid,47.9212732491389,47.9544581994681,0.0195263003734986,0.0105667710757397,0.00131022963846101,0.905359073079049
461,461,461,440,387,461,Good,1,slightly degraded,D:\LSH\LSH\实验\聚焦信号分类实验\1\ROI_x377_y421_w25_h26_20260626_172115\01_valid_raw_and_ifft\mat\curve_r0440_c0387_idx000486.mat,D:\LSH\LSH\实验\聚焦信号分类实验\1\ROI_x377_y421_w25_h26_20260626_172115\01_valid_raw_and_ifft\mat,valid_folder,valid,47.925915341825,47.9505923835917,0.0213385128465598,0.0120188469915691,0.0013937296643774,0.916566575467908
462,462,462,440,388,462,Good,1,slightly degraded,D:\LSH\LSH\实验\聚焦信号分类实验\1\ROI_x377_y421_w25_h26_20260626_172115\01_valid_raw_and_ifft\mat\curve_r0440_c0388_idx000487.mat,D:\LSH\LSH\实验\聚焦信号分类实验\1\ROI_x377_y421_w25_h26_20260626_172115\01_valid_raw_and_ifft\mat,valid_folder,valid,47.9822598223801,47.9662082226875,0.0471033341116497,0.0242183217248132,0.00315651993934822,0.896139396408597
463,463,463,440,389,463,Good,1,slightly degraded,D:\LSH\LSH\实验\聚焦信号分类实验\1\ROI_x377_y421_w25_h26_20260626_172115\01_valid_raw_and_ifft\mat\curve_r0440_c0389_idx000488.mat,D:\LSH\LSH\实验\聚焦信号分类实验\1\ROI_x377_y421_w25_h26_20260626_172115\01_valid_raw_and_ifft\mat,valid_folder,valid,48.0925365034877,48.1568780270396,0.221450962420965,0.116282771099935,0.0150362273819025,0.902331164309952
464,464,464,440,390,464,Good,1,slightly degraded,D:\LSH\LSH\实验\聚焦信号分类实验\1\ROI_x377_y421_w25_h26_20260626_172115\01_valid_raw_and_ifft\mat\curve_r0440_c0390_idx000489.mat,D:\LSH\LSH\实验\聚焦信号分类实验\1\ROI_x377_y421_w25_h26_20260626_172115\01_valid_raw_and_ifft\mat,valid_folder,valid,48.0773232890324,48.1324219378371,0.203545171246057,0.103481245456478,0.0141638173288001,0.891627078756409
465,465,465,440,391,465,Good,1,slightly degraded,D:\LSH\LSH\实验\聚焦信号分类实验\1\ROI_x377_y421_w25_h26_20260626_172115\01_valid_raw_and_ifft\mat\curve_r0440_c0391_idx000490.mat,D:\LSH\LSH\实验\聚焦信号分类实验\1\ROI_x377_y421_w25_h26_20260626_172115\01_valid_raw_and_ifft\mat,valid_folder,valid,48.0242663887103,48.1335122949609,0.0608738655422848,0.0309092790717891,0.00411190222456332,0.892254537304223
466,466,466,440,392,466,Good,1,slightly degraded,D:\LSH\LSH\实验\聚焦信号分类实验\1\ROI_x377_y421_w25_h26_20260626_172115\01_valid_raw_and_ifft\mat\curve_r0440_c0392_idx000491.mat,D:\LSH\LSH\实验\聚焦信号分类实验\1\ROI_x377_y421_w25_h26_20260626_172115\01_valid_raw_and_ifft\mat,valid_folder,valid,48.0216998194075,48.0788204513224,0.0340851381418457,0.0141943889540872,0.00273008084018156,0.801142067296964
467,467,467,440,393,467,Good,1,slightly degraded,D:\LSH\LSH\实验\聚焦信号分类实验\1\ROI_x377_y421_w25_h26_20260626_172115\01_valid_raw_and_ifft\mat\curve_r0440_c0393_idx000492.mat,D:\LSH\LSH\实验\聚焦信号分类实验\1\ROI_x377_y421_w25_h26_20260626_172115\01_valid_raw_and_ifft\mat,valid_folder,valid,48.0434364740343,48.1583477361124,0.0638957381134057,0.025538105754569,0.00532246231534187,0.77967935806151
468,468,468,440,394,468,Good,1,slightly degraded,D:\LSH\LSH\实验\聚焦信号分类实验\1\ROI_x377_y421_w25_h26_20260626_172115\01_valid_raw_and_ifft\mat\curve_r0440_c0394_idx000493.mat,D:\LSH\LSH\实验\聚焦信号分类实验\1\ROI_x377_y421_w25_h26_20260626_172115\01_valid_raw_and_ifft\mat,valid_folder,valid,48.0548124352017,48.1692688858555,0.0609150334593115,0.0241463694348509,0.00511588207284247,0.776168088517202
469,469,469,440,395,469,Good,1,slightly degraded,D:\LSH\LSH\实验\聚焦信号分类实验\1\ROI_x377_y421_w25_h26_20260626_172115\01_valid_raw_and_ifft\mat\curve_r0440_c0395_idx000494.mat,D:\LSH\LSH\实验\聚焦信号分类实验\1\ROI_x377_y421_w25_h26_20260626_172115\01_valid_raw_and_ifft\mat,valid_folder,valid,48.1493836920124,48.2564836551296,0.0343490918420732,0.0185326008936044,0.00230088820398075,0.907969970018275
470,470,470,440,396,470,Good,1,slightly degraded,D:\LSH\LSH\实验\聚焦信号分类实验\1\ROI_x377_y421_w25_h26_20260626_172115\01_valid_raw_and_ifft\mat\curve_r0440_c0396_idx000495.mat,D:\LSH\LSH\实验\聚焦信号分类实验\1\ROI_x377_y421_w25_h26_20260626_172115\01_valid_raw_and_ifft\mat,valid_folder,valid,48.1968236295908,48.3029431430067,0.0489651770937984,0.0263599903618829,0.00340471345910967,0.902916316534796
471,471,471,440,397,471,Good,1,slightly degraded,D:\LSH\LSH\实验\聚焦信号分类实验\1\ROI_x377_y421_w25_h26_20260626_172115\01_valid_raw_and_ifft\mat\curve_r0440_c0397_idx000496.mat,D:\LSH\LSH\实验\聚焦信号分类实验\1\ROI_x377_y421_w25_h26_20260626_172115\01_valid_raw_and_ifft\mat,valid_folder,valid,48.2140503669429,48.2995530219347,0.0399688160338154,0.0220964349151652,0.00276367678507689,0.909039536862422
472,472,472,440,398,472,Good,1,slightly degraded,D:\LSH\LSH\实验\聚焦信号分类实验\1\ROI_x377_y421_w25_h26_20260626_172115\01_valid_raw_and_ifft\mat\curve_r0440_c0398_idx000497.mat,D:\LSH\LSH\实验\聚焦信号分类实验\1\ROI_x377_y421_w25_h26_20260626_172115\01_valid_raw_and_ifft\mat,valid_folder,valid,48.3088597773583,48.4852312067414,0.00557218575376286,0.00358126471475729,0.000334879733767423,0.943014010772661
473,473,473,440,399,473,Good,1,slightly degraded,D:\LSH\LSH\实验\聚焦信号分类实验\1\ROI_x377_y421_w25_h26_20260626_172115\01_valid_raw_and_ifft\mat\curve_r0440_c0399_idx000498.mat,D:\LSH\LSH\实验\聚焦信号分类实验\1\ROI_x377_y421_w25_h26_20260626_172115\01_valid_raw_and_ifft\mat,valid_folder,valid,48.0549141637353,48.6384162771342,0.00260512737330471,0.00165202301297649,0.000155735398638389,0.942311397671292
474,474,474,440,400,474,Good,1,slightly degraded,D:\LSH\LSH\实验\聚焦信号分类实验\1\ROI_x377_y421_w25_h26_20260626_172115\01_valid_raw_and_ifft\mat\curve_r0440_c0400_idx000499.mat,D:\LSH\LSH\实验\聚焦信号分类实验\1\ROI_x377_y421_w25_h26_20260626_172115\01_valid_raw_and_ifft\mat,valid_folder,valid,50.3998686329261,50.277622003023,0.00349722106554139,0.00225375482346471,0.000219296040123958,0.935857870668412
475,475,475,440,401,475,Good,1,slightly degraded,D:\LSH\LSH\实验\聚焦信号分类实验\1\ROI_x377_y421_w25_h26_20260626_172115\01_valid_raw_and_ifft\mat\curve_r0440_c0401_idx000500.mat,D:\LSH\LSH\实验\聚焦信号分类实验\1\ROI_x377_y421_w25_h26_20260626_172115\01_valid_raw_and_ifft\mat,valid_folder,valid,50.8221973177336,50.6943322722815,0.00559480393608077,0.00351440769781384,0.000314666365528941,0.948000136354984
476,476,476,441,377,476,Good,1,slightly degraded,D:\LSH\LSH\实验\聚焦信号分类实验\1\ROI_x377_y421_w25_h26_20260626_172115\01_valid_raw_and_ifft\mat\curve_r0441_c0377_idx000501.mat,D:\LSH\LSH\实验\聚焦信号分类实验\1\ROI_x377_y421_w25_h26_20260626_172115\01_valid_raw_and_ifft\mat,valid_folder,valid,47.9488666400687,47.9274408552337,0.0517542983492418,0.0253535059363731,0.0036844657830887,0.878215496674109
477,477,477,441,378,477,Good,1,slightly degraded,D:\LSH\LSH\实验\聚焦信号分类实验\1\ROI_x377_y421_w25_h26_20260626_172115\01_valid_raw_and_ifft\mat\curve_r0441_c0378_idx000502.mat,D:\LSH\LSH\实验\聚焦信号分类实验\1\ROI_x377_y421_w25_h26_20260626_172115\01_valid_raw_and_ifft\mat,valid_folder,valid,47.9517695624268,47.9439734181689,0.0317297416801229,0.0158623036639918,0.00222839507551719,0.884599296509915
478,478,478,441,379,478,Good,1,slightly degraded,D:\LSH\LSH\实验\聚焦信号分类实验\1\ROI_x377_y421_w25_h26_20260626_172115\01_valid_raw_and_ifft\mat\curve_r0441_c0379_idx000503.mat,D:\LSH\LSH\实验\聚焦信号分类实验\1\ROI_x377_y421_w25_h26_20260626_172115\01_valid_raw_and_ifft\mat,valid_folder,valid,47.8617975501432,47.8907253789982,0.00734626789170112,0.0043756990742722,0.000474518623692116,0.923826567274159
479,479,479,441,380,479,Good,1,slightly degraded,D:\LSH\LSH\实验\聚焦信号分类实验\1\ROI_x377_y421_w25_h26_20260626_172115\01_valid_raw_and_ifft\mat\curve_r0441_c0380_idx000504.mat,D:\LSH\LSH\实验\聚焦信号分类实验\1\ROI_x377_y421_w25_h26_20260626_172115\01_valid_raw_and_ifft\mat,valid_folder,valid,47.404611409618,47.6315073463806,0.00486789320757873,0.00286979003632615,0.000346091772424886,0.903439900389364
480,480,480,441,383,480,Good,1,slightly degraded,D:\LSH\LSH\实验\聚焦信号分类实验\1\ROI_x377_y421_w25_h26_20260626_172115\01_valid_raw_and_ifft\mat\curve_r0441_c0383_idx000507.mat,D:\LSH\LSH\实验\聚焦信号分类实验\1\ROI_x377_y421_w25_h26_20260626_172115\01_valid_raw_and_ifft\mat,valid_folder,valid,47.4926486477235,47.9307684253759,0.00596251985719004,0.00417144313669037,0.000394343786766761,0.941270377258291
481,481,481,441,384,481,Good,1,slightly degraded,D:\LSH\LSH\实验\聚焦信号分类实验\1\ROI_x377_y421_w25_h26_20260626_172115\01_valid_raw_and_ifft\mat\curve_r0441_c0384_idx000508.mat,D:\LSH\LSH\实验\聚焦信号分类实验\1\ROI_x377_y421_w25_h26_20260626_172115\01_valid_raw_and_ifft\mat,valid_folder,valid,48.0058549143225,48.0331801418803,0.0114486820397128,0.00700748188901496,0.000718634650723486,0.932889431219363
482,482,482,441,385,482,Good,1,slightly degraded,D:\LSH\LSH\实验\聚焦信号分类实验\1\ROI_x377_y421_w25_h26_20260626_172115\01_valid_raw_and_ifft\mat\curve_r0441_c0385_idx000509.mat,D:\LSH\LSH\实验\聚焦信号分类实验\1\ROI_x377_y421_w25_h26_20260626_172115\01_valid_raw_and_ifft\mat,valid_folder,valid,48.0293299134558,48.0622356086922,0.0114599817597772,0.00651724418062517,0.000732222308846114,0.919336798972061
483,483,483,441,386,483,Good,1,slightly degraded,D:\LSH\LSH\实验\聚焦信号分类实验\1\ROI_x377_y421_w25_h26_20260626_172115\01_valid_raw_and_ifft\mat\curve_r0441_c0386_idx000510.mat,D:\LSH\LSH\实验\聚焦信号分类实验\1\ROI_x377_y421_w25_h26_20260626_172115\01_valid_raw_and_ifft\mat,valid_folder,valid,47.9429052338959,48.0005587163097,0.009562952086669,0.00545258763406774,0.000608421088984479,0.919923936480023
484,484,484,441,387,484,Good,1,slightly degraded,D:\LSH\LSH\实验\聚焦信号分类实验\1\ROI_x377_y421_w25_h26_20260626_172115\01_valid_raw_and_ifft\mat\curve_r0441_c0387_idx000511.mat,D:\LSH\LSH\实验\聚焦信号分类实验\1\ROI_x377_y421_w25_h26_20260626_172115\01_valid_raw_and_ifft\mat,valid_folder,valid,47.9236439568909,47.9694044532761,0.0101591859997512,0.00590422103523162,0.000637760806764469,0.923506920808821
485,485,485,441,388,485,Good,1,slightly degraded,D:\LSH\LSH\实验\聚焦信号分类实验\1\ROI_x377_y421_w25_h26_20260626_172115\01_valid_raw_and_ifft\mat\curve_r0441_c0388_idx000512.mat,D:\LSH\LSH\实验\聚焦信号分类实验\1\ROI_x377_y421_w25_h26_20260626_172115\01_valid_raw_and_ifft\mat,valid_folder,valid,48.0475195075935,48.0753942511211,0.0356630843010056,0.0184128284593074,0.00236401220977742,0.897793683372203
486,486,486,441,389,486,Good,1,slightly degraded,D:\LSH\LSH\实验\聚焦信号分类实验\1\ROI_x377_y421_w25_h26_20260626_172115\01_valid_raw_and_ifft\mat\curve_r0441_c0389_idx000513.mat,D:\LSH\LSH\实验\聚焦信号分类实验\1\ROI_x377_y421_w25_h26_20260626_172115\01_valid_raw_and_ifft\mat,valid_folder,valid,48.0747182615117,48.1506106305729,0.183791877182781,0.0896761851087646,0.0130444285917976,0.878135290865586
487,487,487,441,390,487,Good,1,slightly degraded,D:\LSH\LSH\实验\聚焦信号分类实验\1\ROI_x377_y421_w25_h26_20260626_172115\01_valid_raw_and_ifft\mat\curve_r0441_c0390_idx000514.mat,D:\LSH\LSH\实验\聚焦信号分类实验\1\ROI_x377_y421_w25_h26_20260626_172115\01_valid_raw_and_ifft\mat,valid_folder,valid,48.045684445438,48.1008219520617,0.179397332267759,0.0857854335926851,0.0128830974990517,0.87102505513264
488,488,488,441,391,488,Good,1,slightly degraded,D:\LSH\LSH\实验\聚焦信号分类实验\1\ROI_x377_y421_w25_h26_20260626_172115\01_valid_raw_and_ifft\mat\curve_r0441_c0391_idx000515.mat,D:\LSH\LSH\实验\聚焦信号分类实验\1\ROI_x377_y421_w25_h26_20260626_172115\01_valid_raw_and_ifft\mat,valid_folder,valid,47.9975680367262,48.0591567929743,0.0492653146039602,0.0247141462225138,0.00337182211139203,0.887367204902451
489,489,489,441,392,489,Good,1,slightly degraded,D:\LSH\LSH\实验\聚焦信号分类实验\1\ROI_x377_y421_w25_h26_20260626_172115\01_valid_raw_and_ifft\mat\curve_r0441_c0392_idx000516.mat,D:\LSH\LSH\实验\聚焦信号分类实验\1\ROI_x377_y421_w25_h26_20260626_172115\01_valid_raw_and_ifft\mat,valid_folder,valid,47.9378402636945,48.02025922522,0.00943098577870542,0.00483947674630909,0.000652745346090859,0.880725245360208
490,490,490,441,393,490,Good,1,slightly degraded,D:\LSH\LSH\实验\聚焦信号分类实验\1\ROI_x377_y421_w25_h26_20260626_172115\01_valid_raw_and_ifft\mat\curve_r0441_c0393_idx000517.mat,D:\LSH\LSH\实验\聚焦信号分类实验\1\ROI_x377_y421_w25_h26_20260626_172115\01_valid_raw_and_ifft\mat,valid_folder,valid,48.0440111224489,48.4105988503098,0.00744566555942828,0.00418224423212001,0.000499062652316263,0.903647774112523
491,491,491,441,394,491,Good,1,slightly degraded,D:\LSH\LSH\实验\聚焦信号分类实验\1\ROI_x377_y421_w25_h26_20260626_172115\01_valid_raw_and_ifft\mat\curve_r0441_c0394_idx000518.mat,D:\LSH\LSH\实验\聚焦信号分类实验\1\ROI_x377_y421_w25_h26_20260626_172115\01_valid_raw_and_ifft\mat,valid_folder,valid,48.2449452204117,48.596812881748,0.00619882441660787,0.00402567680085836,0.000351715227011847,0.949503623266659
492,492,492,441,395,492,Good,1,slightly degraded,D:\LSH\LSH\实验\聚焦信号分类实验\1\ROI_x377_y421_w25_h26_20260626_172115\01_valid_raw_and_ifft\mat\curve_r0441_c0395_idx000519.mat,D:\LSH\LSH\实验\聚焦信号分类实验\1\ROI_x377_y421_w25_h26_20260626_172115\01_valid_raw_and_ifft\mat,valid_folder,valid,48.1355915786104,48.2409953571125,0.0307711413604235,0.0161562486046579,0.00209513201397709,0.899121194694548
493,493,493,441,396,493,Good,1,slightly degraded,D:\LSH\LSH\实验\聚焦信号分类实验\1\ROI_x377_y421_w25_h26_20260626_172115\01_valid_raw_and_ifft\mat\curve_r0441_c0396_idx000520.mat,D:\LSH\LSH\实验\聚焦信号分类实验\1\ROI_x377_y421_w25_h26_20260626_172115\01_valid_raw_and_ifft\mat,valid_folder,valid,48.1348785789933,48.2440482536153,0.0555069417435879,0.027235551659734,0.00405347566281992,0.87379834878509
494,494,494,441,397,494,Good,1,slightly degraded,D:\LSH\LSH\实验\聚焦信号分类实验\1\ROI_x377_y421_w25_h26_20260626_172115\01_valid_raw_and_ifft\mat\curve_r0441_c0397_idx000521.mat,D:\LSH\LSH\实验\聚焦信号分类实验\1\ROI_x377_y421_w25_h26_20260626_172115\01_valid_raw_and_ifft\mat,valid_folder,valid,48.1721907492703,48.298018197939,0.0480021629443119,0.0247433456311289,0.00341606084523142,0.889926491505378
495,495,495,441,398,495,Good,1,slightly degraded,D:\LSH\LSH\实验\聚焦信号分类实验\1\ROI_x377_y421_w25_h26_20260626_172115\01_valid_raw_and_ifft\mat\curve_r0441_c0398_idx000522.mat,D:\LSH\LSH\实验\聚焦信号分类实验\1\ROI_x377_y421_w25_h26_20260626_172115\01_valid_raw_and_ifft\mat,valid_folder,valid,48.6841293655625,48.8902223873735,0.00654893325646518,0.00453464084054842,0.000368965239680329,0.957062562861699
496,496,496,441,399,496,Good,1,slightly degraded,D:\LSH\LSH\实验\聚焦信号分类实验\1\ROI_x377_y421_w25_h26_20260626_172115\01_valid_raw_and_ifft\mat\curve_r0441_c0399_idx000523.mat,D:\LSH\LSH\实验\聚焦信号分类实验\1\ROI_x377_y421_w25_h26_20260626_172115\01_valid_raw_and_ifft\mat,valid_folder,valid,50.4749963034473,50.2100035280259,0.00478915706756079,0.00335569078704056,0.000270513322773352,0.957055639292574
497,497,497,441,400,497,Good,1,slightly degraded,D:\LSH\LSH\实验\聚焦信号分类实验\1\ROI_x377_y421_w25_h26_20260626_172115\01_valid_raw_and_ifft\mat\curve_r0441_c0400_idx000524.mat,D:\LSH\LSH\实验\聚焦信号分类实验\1\ROI_x377_y421_w25_h26_20260626_172115\01_valid_raw_and_ifft\mat,valid_folder,valid,50.1906540021143,50.3129597764647,0.0163417572921801,0.00960077616021069,0.00100676348379249,0.932686921658774
498,498,498,441,401,498,Good,1,slightly degraded,D:\LSH\LSH\实验\聚焦信号分类实验\1\ROI_x377_y421_w25_h26_20260626_172115\01_valid_raw_and_ifft\mat\curve_r0441_c0401_idx000525.mat,D:\LSH\LSH\实验\聚焦信号分类实验\1\ROI_x377_y421_w25_h26_20260626_172115\01_valid_raw_and_ifft\mat,valid_folder,valid,50.4120256502022,50.4180074732704,0.0267538015238692,0.01627151588336,0.0018151597767196,0.926819091611868
499,499,499,442,377,499,Good,1,slightly degraded,D:\LSH\LSH\实验\聚焦信号分类实验\1\ROI_x377_y421_w25_h26_20260626_172115\01_valid_raw_and_ifft\mat\curve_r0442_c0377_idx000526.mat,D:\LSH\LSH\实验\聚焦信号分类实验\1\ROI_x377_y421_w25_h26_20260626_172115\01_valid_raw_and_ifft\mat,valid_folder,valid,47.9853548939941,47.9423885668462,0.0269729580509597,0.0105026311595003,0.00227654366636816,0.767135294286242
500,500,500,442,378,500,Good,1,slightly degraded,D:\LSH\LSH\实验\聚焦信号分类实验\1\ROI_x377_y421_w25_h26_20260626_172115\01_valid_raw_and_ifft\mat\curve_r0442_c0378_idx000527.mat,D:\LSH\LSH\实验\聚焦信号分类实验\1\ROI_x377_y421_w25_h26_20260626_172115\01_valid_raw_and_ifft\mat,valid_folder,valid,47.9827890737318,47.9582018270762,0.0157958489846512,0.00637812330536777,0.00129668479756082,0.786604014302019
501,501,501,442,379,501,Good,1,slightly degraded,D:\LSH\LSH\实验\聚焦信号分类实验\1\ROI_x377_y421_w25_h26_20260626_172115\01_valid_raw_and_ifft\mat\curve_r0442_c0379_idx000528.mat,D:\LSH\LSH\实验\聚焦信号分类实验\1\ROI_x377_y421_w25_h26_20260626_172115\01_valid_raw_and_ifft\mat,valid_folder,valid,47.8131407586717,47.7903903795872,0.00816824639121767,0.0043858153810284,0.000585026383269304,0.889918265583417
502,502,502,442,380,502,Good,1,slightly degraded,D:\LSH\LSH\实验\聚焦信号分类实验\1\ROI_x377_y421_w25_h26_20260626_172115\01_valid_raw_and_ifft\mat\curve_r0442_c0380_idx000529.mat,D:\LSH\LSH\实验\聚焦信号分类实验\1\ROI_x377_y421_w25_h26_20260626_172115\01_valid_raw_and_ifft\mat,valid_folder,valid,47.4501140077485,47.6909043238254,0.0050568232677427,0.0029338751040846,0.000379018286422163,0.892036672067153
503,503,503,442,381,503,Good,1,slightly degraded,D:\LSH\LSH\实验\聚焦信号分类实验\1\ROI_x377_y421_w25_h26_20260626_172115\01_valid_raw_and_ifft\mat\curve_r0442_c0381_idx000530.mat,D:\LSH\LSH\实验\聚焦信号分类实验\1\ROI_x377_y421_w25_h26_20260626_172115\01_valid_raw_and_ifft\mat,valid_folder,valid,47.0929814680451,47.6040503879705,0.00309026285412865,0.00145264953161572,0.000252613721368302,0.82122157546843
504,504,504,442,382,504,Good,1,slightly degraded,D:\LSH\LSH\实验\聚焦信号分类实验\1\ROI_x377_y421_w25_h26_20260626_172115\01_valid_raw_and_ifft\mat\curve_r0442_c0382_idx000531.mat,D:\LSH\LSH\实验\聚焦信号分类实验\1\ROI_x377_y421_w25_h26_20260626_172115\01_valid_raw_and_ifft\mat,valid_folder,valid,47.629165062225,47.7262851800248,0.00627817503057123,0.00376634721284282,0.000443756213593538,0.910714131072825
505,505,505,442,383,505,Good,1,slightly degraded,D:\LSH\LSH\实验\聚焦信号分类实验\1\ROI_x377_y421_w25_h26_20260626_172115\01_valid_raw_and_ifft\mat\curve_r0442_c0383_idx000532.mat,D:\LSH\LSH\实验\聚焦信号分类实验\1\ROI_x377_y421_w25_h26_20260626_172115\01_valid_raw_and_ifft\mat,valid_folder,valid,47.8519189738501,47.8144136437395,0.015115185565944,0.0080473796887812,0.00104129913102503,0.898543481204399
506,506,506,442,384,506,Good,1,slightly degraded,D:\LSH\LSH\实验\聚焦信号分类实验\1\ROI_x377_y421_w25_h26_20260626_172115\01_valid_raw_and_ifft\mat\curve_r0442_c0384_idx000533.mat,D:\LSH\LSH\实验\聚焦信号分类实验\1\ROI_x377_y421_w25_h26_20260626_172115\01_valid_raw_and_ifft\mat,valid_folder,valid,47.8753310866856,47.8562156021444,0.0200949953171432,0.010771503665441,0.00137872885994414,0.90133604602128
507,507,507,442,385,507,Good,1,slightly degraded,D:\LSH\LSH\实验\聚焦信号分类实验\1\ROI_x377_y421_w25_h26_20260626_172115\01_valid_raw_and_ifft\mat\curve_r0442_c0385_idx000534.mat,D:\LSH\LSH\实验\聚焦信号分类实验\1\ROI_x377_y421_w25_h26_20260626_172115\01_valid_raw_and_ifft\mat,valid_folder,valid,48.0707573413409,48.0920930065517,0.0119242813698963,0.00748162649062318,0.000745219142786273,0.93878561368944
508,508,508,442,386,508,Good,1,slightly degraded,D:\LSH\LSH\实验\聚焦信号分类实验\1\ROI_x377_y421_w25_h26_20260626_172115\01_valid_raw_and_ifft\mat\curve_r0442_c0386_idx000535.mat,D:\LSH\LSH\实验\聚焦信号分类实验\1\ROI_x377_y421_w25_h26_20260626_172115\01_valid_raw_and_ifft\mat,valid_folder,valid,47.3772917165395,47.9940534007354,0.00705915655720606,0.00490546967264338,0.000497047714463354,0.933994542611927
509,509,509,442,387,509,Good,1,slightly degraded,D:\LSH\LSH\实验\聚焦信号分类实验\1\ROI_x377_y421_w25_h26_20260626_172115\01_valid_raw_and_ifft\mat\curve_r0442_c0387_idx000536.mat,D:\LSH\LSH\实验\聚焦信号分类实验\1\ROI_x377_y421_w25_h26_20260626_172115\01_valid_raw_and_ifft\mat,valid_folder,valid,47.2827041298456,47.8850006959757,0.00399107922716013,0.00265143927657803,0.000233427540402426,0.946632405257603
510,510,510,442,388,510,Good,1,slightly degraded,D:\LSH\LSH\实验\聚焦信号分类实验\1\ROI_x377_y421_w25_h26_20260626_172115\01_valid_raw_and_ifft\mat\curve_r0442_c0388_idx000537.mat,D:\LSH\LSH\实验\聚焦信号分类实验\1\ROI_x377_y421_w25_h26_20260626_172115\01_valid_raw_and_ifft\mat,valid_folder,valid,48.0830982083352,48.1565422350407,0.0157194508116944,0.0080290040648553,0.00105831705929278,0.889731767162694
511,511,511,442,389,511,Good,1,slightly degraded,D:\LSH\LSH\实验\聚焦信号分类实验\1\ROI_x377_y421_w25_h26_20260626_172115\01_valid_raw_and_ifft\mat\curve_r0442_c0389_idx000538.mat,D:\LSH\LSH\实验\聚焦信号分类实验\1\ROI_x377_y421_w25_h26_20260626_172115\01_valid_raw_and_ifft\mat,valid_folder,valid,48.0845319457187,48.1846544409931,0.0327043372160987,0.0155326700275029,0.00236179326930618,0.862891759836713
512,512,512,442,390,512,Good,1,slightly degraded,D:\LSH\LSH\实验\聚焦信号分类实验\1\ROI_x377_y421_w25_h26_20260626_172115\01_valid_raw_and_ifft\mat\curve_r0442_c0390_idx000539.mat,D:\LSH\LSH\实验\聚焦信号分类实验\1\ROI_x377_y421_w25_h26_20260626_172115\01_valid_raw_and_ifft\mat,valid_folder,valid,48.0247698545184,48.0848262378882,0.0294808039025217,0.0136615654450243,0.00214316023508822,0.854179523154808
513,513,513,442,391,513,Good,1,slightly degraded,D:\LSH\LSH\实验\聚焦信号分类实验\1\ROI_x377_y421_w25_h26_20260626_172115\01_valid_raw_and_ifft\mat\curve_r0442_c0391_idx000540.mat,D:\LSH\LSH\实验\聚焦信号分类实验\1\ROI_x377_y421_w25_h26_20260626_172115\01_valid_raw_and_ifft\mat,valid_folder,valid,47.9989917883587,48.0995689397561,0.0192886751877814,0.00932658607105268,0.00136141715646968,0.869553247382795
514,514,514,442,392,514,Good,1,slightly degraded,D:\LSH\LSH\实验\聚焦信号分类实验\1\ROI_x377_y421_w25_h26_20260626_172115\01_valid_raw_and_ifft\mat\curve_r0442_c0392_idx000541.mat,D:\LSH\LSH\实验\聚焦信号分类实验\1\ROI_x377_y421_w25_h26_20260626_172115\01_valid_raw_and_ifft\mat,valid_folder,valid,47.8118584474886,48.1223551806912,0.00424124058732411,0.00281153310226479,0.000293174064814137,0.925959725842161
515,515,515,442,393,515,Good,1,slightly degraded,D:\LSH\LSH\实验\聚焦信号分类实验\1\ROI_x377_y421_w25_h26_20260626_172115\01_valid_raw_and_ifft\mat\curve_r0442_c0393_idx000542.mat,D:\LSH\LSH\实验\聚焦信号分类实验\1\ROI_x377_y421_w25_h26_20260626_172115\01_valid_raw_and_ifft\mat,valid_folder,valid,48.0544735378808,48.3714033667585,0.00369361350890113,0.00267761872880351,0.000210163128671951,0.958407772541542
516,516,516,442,394,516,Good,1,slightly degraded,D:\LSH\LSH\实验\聚焦信号分类实验\1\ROI_x377_y421_w25_h26_20260626_172115\01_valid_raw_and_ifft\mat\curve_r0442_c0394_idx000543.mat,D:\LSH\LSH\实验\聚焦信号分类实验\1\ROI_x377_y421_w25_h26_20260626_172115\01_valid_raw_and_ifft\mat,valid_folder,valid,48.1570333169906,48.3443276358657,0.00625144821411788,0.00388635092342461,0.000354589210551279,0.945599205430912
517,517,517,442,395,517,Good,1,slightly degraded,D:\LSH\LSH\实验\聚焦信号分类实验\1\ROI_x377_y421_w25_h26_20260626_172115\01_valid_raw_and_ifft\mat\curve_r0442_c0395_idx000544.mat,D:\LSH\LSH\实验\聚焦信号分类实验\1\ROI_x377_y421_w25_h26_20260626_172115\01_valid_raw_and_ifft\mat,valid_folder,valid,48.0673340612571,48.1845490068874,0.0243406681202809,0.0106748214052292,0.00188756406415662,0.825187165806089
518,518,518,442,396,518,Good,1,slightly degraded,D:\LSH\LSH\实验\聚焦信号分类实验\1\ROI_x377_y421_w25_h26_20260626_172115\01_valid_raw_and_ifft\mat\curve_r0442_c0396_idx000545.mat,D:\LSH\LSH\实验\聚焦信号分类实验\1\ROI_x377_y421_w25_h26_20260626_172115\01_valid_raw_and_ifft\mat,valid_folder,valid,48.0683858720784,48.1785337465746,0.0417110875267272,0.0170457854623646,0.00343363759071444,0.792350046371963
519,519,519,442,397,519,Good,1,slightly degraded,D:\LSH\LSH\实验\聚焦信号分类实验\1\ROI_x377_y421_w25_h26_20260626_172115\01_valid_raw_and_ifft\mat\curve_r0442_c0397_idx000546.mat,D:\LSH\LSH\实验\聚焦信号分类实验\1\ROI_x377_y421_w25_h26_20260626_172115\01_valid_raw_and_ifft\mat,valid_folder,valid,48.0930374386844,48.2741816131443,0.037211333022102,0.0160983671606535,0.00295688099380827,0.816518335731881
520,520,520,442,398,520,Good,1,slightly degraded,D:\LSH\LSH\实验\聚焦信号分类实验\1\ROI_x377_y421_w25_h26_20260626_172115\01_valid_raw_and_ifft\mat\curve_r0442_c0398_idx000547.mat,D:\LSH\LSH\实验\聚焦信号分类实验\1\ROI_x377_y421_w25_h26_20260626_172115\01_valid_raw_and_ifft\mat,valid_folder,valid,50.1820197628594,50.092092484282,0.0139843331308643,0.00969727750566347,0.000727225854613541,0.966292669475103
521,521,521,442,399,521,Good,1,slightly degraded,D:\LSH\LSH\实验\聚焦信号分类实验\1\ROI_x377_y421_w25_h26_20260626_172115\01_valid_raw_and_ifft\mat\curve_r0442_c0399_idx000548.mat,D:\LSH\LSH\实验\聚焦信号分类实验\1\ROI_x377_y421_w25_h26_20260626_172115\01_valid_raw_and_ifft\mat,valid_folder,valid,50.3610099761434,50.416003654343,0.0218673361482481,0.0131649918435493,0.00144400669311708,0.928275763421306
522,522,522,442,400,522,Good,1,slightly degraded,D:\LSH\LSH\实验\聚焦信号分类实验\1\ROI_x377_y421_w25_h26_20260626_172115\01_valid_raw_and_ifft\mat\curve_r0442_c0400_idx000549.mat,D:\LSH\LSH\实验\聚焦信号分类实验\1\ROI_x377_y421_w25_h26_20260626_172115\01_valid_raw_and_ifft\mat,valid_folder,valid,50.2191811105811,50.3369703113636,0.0306228968588508,0.0174079706561155,0.00201859751693775,0.920785842568078
523,523,523,442,401,523,Good,1,slightly degraded,D:\LSH\LSH\实验\聚焦信号分类实验\1\ROI_x377_y421_w25_h26_20260626_172115\01_valid_raw_and_ifft\mat\curve_r0442_c0401_idx000550.mat,D:\LSH\LSH\实验\聚焦信号分类实验\1\ROI_x377_y421_w25_h26_20260626_172115\01_valid_raw_and_ifft\mat,valid_folder,valid,50.3108894493348,50.3548081039496,0.031430099786615,0.0184221516691774,0.00214127463784928,0.920900190630553
524,524,524,443,377,524,Good,1,slightly degraded,D:\LSH\LSH\实验\聚焦信号分类实验\1\ROI_x377_y421_w25_h26_20260626_172115\01_valid_raw_and_ifft\mat\curve_r0443_c0377_idx000551.mat,D:\LSH\LSH\实验\聚焦信号分类实验\1\ROI_x377_y421_w25_h26_20260626_172115\01_valid_raw_and_ifft\mat,valid_folder,valid,47.3796683266377,47.7086392693736,0.00493439694352405,0.00303320164704873,0.000327969426244456,0.924303997932096
525,525,525,443,378,525,Good,1,slightly degraded,D:\LSH\LSH\实验\聚焦信号分类实验\1\ROI_x377_y421_w25_h26_20260626_172115\01_valid_raw_and_ifft\mat\curve_r0443_c0378_idx000552.mat,D:\LSH\LSH\实验\聚焦信号分类实验\1\ROI_x377_y421_w25_h26_20260626_172115\01_valid_raw_and_ifft\mat,valid_folder,valid,47.7153060535436,47.7194705524482,0.00658448102647259,0.00390118371707656,0.000455024590464,0.915303438693535
526,526,526,443,379,526,Good,1,slightly degraded,D:\LSH\LSH\实验\聚焦信号分类实验\1\ROI_x377_y421_w25_h26_20260626_172115\01_valid_raw_and_ifft\mat\curve_r0443_c0379_idx000553.mat,D:\LSH\LSH\实验\聚焦信号分类实验\1\ROI_x377_y421_w25_h26_20260626_172115\01_valid_raw_and_ifft\mat,valid_folder,valid,47.4501122266852,47.6134303642644,0.00709348000448046,0.00413089685413968,0.000516219237474502,0.901756473487738
527,527,527,443,380,527,Good,1,slightly degraded,D:\LSH\LSH\实验\聚焦信号分类实验\1\ROI_x377_y421_w25_h26_20260626_172115\01_valid_raw_and_ifft\mat\curve_r0443_c0380_idx000554.mat,D:\LSH\LSH\实验\聚焦信号分类实验\1\ROI_x377_y421_w25_h26_20260626_172115\01_valid_raw_and_ifft\mat,valid_folder,valid,47.3166849622486,47.6593868914472,0.00748632280933909,0.00429635507350904,0.000520705695847244,0.905970990789059
528,528,528,443,381,528,Good,1,slightly degraded,D:\LSH\LSH\实验\聚焦信号分类实验\1\ROI_x377_y421_w25_h26_20260626_172115\01_valid_raw_and_ifft\mat\curve_r0443_c0381_idx000555.mat,D:\LSH\LSH\实验\聚焦信号分类实验\1\ROI_x377_y421_w25_h26_20260626_172115\01_valid_raw_and_ifft\mat,valid_folder,valid,47.320512095574,47.7780082940066,0.00582993813485454,0.00348359339772308,0.000398456615622822,0.915821404572043
529,529,529,443,382,529,Good,1,slightly degraded,D:\LSH\LSH\实验\聚焦信号分类实验\1\ROI_x377_y421_w25_h26_20260626_172115\01_valid_raw_and_ifft\mat\curve_r0443_c0382_idx000556.mat,D:\LSH\LSH\实验\聚焦信号分类实验\1\ROI_x377_y421_w25_h26_20260626_172115\01_valid_raw_and_ifft\mat,valid_folder,valid,47.7545649899026,47.7730296014988,0.00890984241886316,0.00516727835653061,0.00061176126965793,0.91260940937678
530,530,530,443,383,530,Good,1,slightly degraded,D:\LSH\LSH\实验\聚焦信号分类实验\1\ROI_x377_y421_w25_h26_20260626_172115\01_valid_raw_and_ifft\mat\curve_r0443_c0383_idx000557.mat,D:\LSH\LSH\实验\聚焦信号分类实验\1\ROI_x377_y421_w25_h26_20260626_172115\01_valid_raw_and_ifft\mat,valid_folder,valid,47.8927736058986,47.8745944202639,0.0176833811786749,0.00924015929007987,0.0012150383340178,0.894556607711235
531,531,531,443,384,531,Good,1,slightly degraded,D:\LSH\LSH\实验\聚焦信号分类实验\1\ROI_x377_y421_w25_h26_20260626_172115\01_valid_raw_and_ifft\mat\curve_r0443_c0384_idx000558.mat,D:\LSH\LSH\实验\聚焦信号分类实验\1\ROI_x377_y421_w25_h26_20260626_172115\01_valid_raw_and_ifft\mat,valid_folder,valid,47.8803265311552,47.8734238730569,0.020234013584131,0.0110341757549844,0.00137286788869319,0.906031793533915
532,532,532,443,385,532,Good,1,slightly degraded,D:\LSH\LSH\实验\聚焦信号分类实验\1\ROI_x377_y421_w25_h26_20260626_172115\01_valid_raw_and_ifft\mat\curve_r0443_c0385_idx000559.mat,D:\LSH\LSH\实验\聚焦信号分类实验\1\ROI_x377_y421_w25_h26_20260626_172115\01_valid_raw_and_ifft\mat,valid_folder,valid,48.6740106404275,48.1128327118725,0.0127093307118291,0.00849896517224251,0.00094986300932067,0.920717778408504
533,533,533,443,386,533,Good,1,slightly degraded,D:\LSH\LSH\实验\聚焦信号分类实验\1\ROI_x377_y421_w25_h26_20260626_172115\01_valid_raw_and_ifft\mat\curve_r0443_c0386_idx000560.mat,D:\LSH\LSH\实验\聚焦信号分类实验\1\ROI_x377_y421_w25_h26_20260626_172115\01_valid_raw_and_ifft\mat,valid_folder,valid,48.7748740464972,48.1210380602062,0.0123713141003516,0.00785093189756792,0.000965824949817316,0.904235774572259
534,534,534,443,387,534,Good,1,slightly degraded,D:\LSH\LSH\实验\聚焦信号分类实验\1\ROI_x377_y421_w25_h26_20260626_172115\01_valid_raw_and_ifft\mat\curve_r0443_c0387_idx000561.mat,D:\LSH\LSH\实验\聚焦信号分类实验\1\ROI_x377_y421_w25_h26_20260626_172115\01_valid_raw_and_ifft\mat,valid_folder,valid,48.7771037606041,48.3052395448657,0.00501515965755702,0.00336752955909092,0.000299883410931027,0.945033776703024
535,535,535,443,388,535,Good,1,slightly degraded,D:\LSH\LSH\实验\聚焦信号分类实验\1\ROI_x377_y421_w25_h26_20260626_172115\01_valid_raw_and_ifft\mat\curve_r0443_c0388_idx000562.mat,D:\LSH\LSH\实验\聚焦信号分类实验\1\ROI_x377_y421_w25_h26_20260626_172115\01_valid_raw_and_ifft\mat,valid_folder,valid,48.6047673123187,48.4417405578952,0.00915343641699697,0.00634420929382307,0.00050581520199361,0.960218839069082
536,536,536,443,389,536,Good,1,slightly degraded,D:\LSH\LSH\实验\聚焦信号分类实验\1\ROI_x377_y421_w25_h26_20260626_172115\01_valid_raw_and_ifft\mat\curve_r0443_c0389_idx000563.mat,D:\LSH\LSH\实验\聚焦信号分类实验\1\ROI_x377_y421_w25_h26_20260626_172115\01_valid_raw_and_ifft\mat,valid_folder,valid,48.1924822202796,48.3596043389477,0.011462010018286,0.00749977032295035,0.000622605198373465,0.957254347873814
537,537,537,443,390,537,Good,1,slightly degraded,D:\LSH\LSH\实验\聚焦信号分类实验\1\ROI_x377_y421_w25_h26_20260626_172115\01_valid_raw_and_ifft\mat\curve_r0443_c0390_idx000564.mat,D:\LSH\LSH\实验\聚焦信号分类实验\1\ROI_x377_y421_w25_h26_20260626_172115\01_valid_raw_and_ifft\mat,valid_folder,valid,47.9958253931768,48.2498545116958,0.00736731016829206,0.00439351327416168,0.000442694410446782,0.930653274782361
538,538,538,443,391,538,Good,1,slightly degraded,D:\LSH\LSH\实验\聚焦信号分类实验\1\ROI_x377_y421_w25_h26_20260626_172115\01_valid_raw_and_ifft\mat\curve_r0443_c0391_idx000565.mat,D:\LSH\LSH\实验\聚焦信号分类实验\1\ROI_x377_y421_w25_h26_20260626_172115\01_valid_raw_and_ifft\mat,valid_folder,valid,47.9368747977793,48.0455527522596,0.00712579993299131,0.00410403832626223,0.000430747789832615,0.924446283245682
539,539,539,443,392,539,Good,1,slightly degraded,D:\LSH\LSH\实验\聚焦信号分类实验\1\ROI_x377_y421_w25_h26_20260626_172115\01_valid_raw_and_ifft\mat\curve_r0443_c0392_idx000566.mat,D:\LSH\LSH\实验\聚焦信号分类实验\1\ROI_x377_y421_w25_h26_20260626_172115\01_valid_raw_and_ifft\mat,valid_folder,valid,48.3218751869802,48.3516015187477,0.00872716158547143,0.00593979569959841,0.000515392029125687,0.953002064279814
540,540,540,443,393,540,Good,1,slightly degraded,D:\LSH\LSH\实验\聚焦信号分类实验\1\ROI_x377_y421_w25_h26_20260626_172115\01_valid_raw_and_ifft\mat\curve_r0443_c0393_idx000567.mat,D:\LSH\LSH\实验\聚焦信号分类实验\1\ROI_x377_y421_w25_h26_20260626_172115\01_valid_raw_and_ifft\mat,valid_folder,valid,48.4395967499725,48.4371731703901,0.00940538005214384,0.00643569757399347,0.000553265262565008,0.954751453859723
541,541,541,443,394,541,Good,1,slightly degraded,D:\LSH\LSH\实验\聚焦信号分类实验\1\ROI_x377_y421_w25_h26_20260626_172115\01_valid_raw_and_ifft\mat\curve_r0443_c0394_idx000568.mat,D:\LSH\LSH\实验\聚焦信号分类实验\1\ROI_x377_y421_w25_h26_20260626_172115\01_valid_raw_and_ifft\mat,valid_folder,valid,48.6549891436185,48.5691730225774,0.00903481679973306,0.00637052712689234,0.000510957360715345,0.961278542035467
542,542,542,443,395,542,Good,1,slightly degraded,D:\LSH\LSH\实验\聚焦信号分类实验\1\ROI_x377_y421_w25_h26_20260626_172115\01_valid_raw_and_ifft\mat\curve_r0443_c0395_idx000569.mat,D:\LSH\LSH\实验\聚焦信号分类实验\1\ROI_x377_y421_w25_h26_20260626_172115\01_valid_raw_and_ifft\mat,valid_folder,valid,48.3586714246027,48.6292259472325,0.00659401509831744,0.00444292906401777,0.000354800300540187,0.959040274308149
543,543,543,443,396,543,Good,1,slightly degraded,D:\LSH\LSH\实验\聚焦信号分类实验\1\ROI_x377_y421_w25_h26_20260626_172115\01_valid_raw_and_ifft\mat\curve_r0443_c0396_idx000570.mat,D:\LSH\LSH\实验\聚焦信号分类实验\1\ROI_x377_y421_w25_h26_20260626_172115\01_valid_raw_and_ifft\mat,valid_folder,valid,48.3249607366064,48.6622547716673,0.00585402248942668,0.00356544657903512,0.000369452033290168,0.929202591783119
544,544,544,443,397,544,Good,1,slightly degraded,D:\LSH\LSH\实验\聚焦信号分类实验\1\ROI_x377_y421_w25_h26_20260626_172115\01_valid_raw_and_ifft\mat\curve_r0443_c0397_idx000571.mat,D:\LSH\LSH\实验\聚焦信号分类实验\1\ROI_x377_y421_w25_h26_20260626_172115\01_valid_raw_and_ifft\mat,valid_folder,valid,48.3310168737287,48.9433235650482,0.00590074825065194,0.00412977156275557,0.000315071043429278,0.963311833117398
545,545,545,443,398,545,Good,1,slightly degraded,D:\LSH\LSH\实验\聚焦信号分类实验\1\ROI_x377_y421_w25_h26_20260626_172115\01_valid_raw_and_ifft\mat\curve_r0443_c0398_idx000572.mat,D:\LSH\LSH\实验\聚焦信号分类实验\1\ROI_x377_y421_w25_h26_20260626_172115\01_valid_raw_and_ifft\mat,valid_folder,valid,50.221690467453,50.2439799884106,0.0150383908929458,0.00958116313008882,0.000839127345906081,0.951660470864464
546,546,546,443,399,546,Good,1,slightly degraded,D:\LSH\LSH\实验\聚焦信号分类实验\1\ROI_x377_y421_w25_h26_20260626_172115\01_valid_raw_and_ifft\mat\curve_r0443_c0399_idx000573.mat,D:\LSH\LSH\实验\聚焦信号分类实验\1\ROI_x377_y421_w25_h26_20260626_172115\01_valid_raw_and_ifft\mat,valid_folder,valid,50.2664835164835,50.3807885424053,0.0229306087806271,0.0131703557698769,0.00151373786223021,0.919896200923951
547,547,547,443,400,547,Good,1,slightly degraded,D:\LSH\LSH\实验\聚焦信号分类实验\1\ROI_x377_y421_w25_h26_20260626_172115\01_valid_raw_and_ifft\mat\curve_r0443_c0400_idx000574.mat,D:\LSH\LSH\实验\聚焦信号分类实验\1\ROI_x377_y421_w25_h26_20260626_172115\01_valid_raw_and_ifft\mat,valid_folder,valid,50.1992750170622,50.2994014840293,0.0255430531356539,0.0147691409019273,0.00162120148046933,0.926674377693326
548,548,548,443,401,548,Good,1,slightly degraded,D:\LSH\LSH\实验\聚焦信号分类实验\1\ROI_x377_y421_w25_h26_20260626_172115\01_valid_raw_and_ifft\mat\curve_r0443_c0401_idx000575.mat,D:\LSH\LSH\实验\聚焦信号分类实验\1\ROI_x377_y421_w25_h26_20260626_172115\01_valid_raw_and_ifft\mat,valid_folder,valid,50.2609444093215,50.3188850444345,0.0237451716100039,0.0146194161536612,0.00144280630735138,0.940360992198601
549,549,549,444,377,549,Good,1,slightly degraded,D:\LSH\LSH\实验\聚焦信号分类实验\1\ROI_x377_y421_w25_h26_20260626_172115\01_valid_raw_and_ifft\mat\curve_r0444_c0377_idx000576.mat,D:\LSH\LSH\实验\聚焦信号分类实验\1\ROI_x377_y421_w25_h26_20260626_172115\01_valid_raw_and_ifft\mat,valid_folder,valid,47.1156945685567,47.4941620836192,0.00616777897883072,0.00305999690317815,0.000461267726839947,0.855699712609694
550,550,550,444,378,550,Good,1,slightly degraded,D:\LSH\LSH\实验\聚焦信号分类实验\1\ROI_x377_y421_w25_h26_20260626_172115\01_valid_raw_and_ifft\mat\curve_r0444_c0378_idx000577.mat,D:\LSH\LSH\实验\聚焦信号分类实验\1\ROI_x377_y421_w25_h26_20260626_172115\01_valid_raw_and_ifft\mat,valid_folder,valid,47.4623591779612,47.6889806963112,0.00516033721936301,0.00316081164309506,0.00035635484782926,0.91837089698744
551,551,551,444,379,551,Good,1,slightly degraded,D:\LSH\LSH\实验\聚焦信号分类实验\1\ROI_x377_y421_w25_h26_20260626_172115\01_valid_raw_and_ifft\mat\curve_r0444_c0379_idx000578.mat,D:\LSH\LSH\实验\聚焦信号分类实验\1\ROI_x377_y421_w25_h26_20260626_172115\01_valid_raw_and_ifft\mat,valid_folder,valid,47.583866837388,47.6884591193553,0.00953604853354562,0.00573703613921945,0.000702902198762121,0.907457849771356
552,552,552,444,380,552,Good,1,slightly degraded,D:\LSH\LSH\实验\聚焦信号分类实验\1\ROI_x377_y421_w25_h26_20260626_172115\01_valid_raw_and_ifft\mat\curve_r0444_c0380_idx000579.mat,D:\LSH\LSH\实验\聚焦信号分类实验\1\ROI_x377_y421_w25_h26_20260626_172115\01_valid_raw_and_ifft\mat,valid_folder,valid,47.7847881416039,47.73787199095,0.0312386400542764,0.0165180196332779,0.00229825227461945,0.888935146595487
553,553,553,444,381,553,Good,1,slightly degraded,D:\LSH\LSH\实验\聚焦信号分类实验\1\ROI_x377_y421_w25_h26_20260626_172115\01_valid_raw_and_ifft\mat\curve_r0444_c0381_idx000580.mat,D:\LSH\LSH\实验\聚焦信号分类实验\1\ROI_x377_y421_w25_h26_20260626_172115\01_valid_raw_and_ifft\mat,valid_folder,valid,47.8559607641466,47.8137484460869,0.0289451523236186,0.0149540680886384,0.00205999439579998,0.889935887134392
554,554,554,444,382,554,Good,1,slightly degraded,D:\LSH\LSH\实验\聚焦信号分类实验\1\ROI_x377_y421_w25_h26_20260626_172115\01_valid_raw_and_ifft\mat\curve_r0444_c0382_idx000581.mat,D:\LSH\LSH\实验\聚焦信号分类实验\1\ROI_x377_y421_w25_h26_20260626_172115\01_valid_raw_and_ifft\mat,valid_folder,valid,47.8202581206884,47.7935195168375,0.00939448485124287,0.00535951645766536,0.00061316840047926,0.917862084809568
555,555,555,444,383,555,Good,1,slightly degraded,D:\LSH\LSH\实验\聚焦信号分类实验\1\ROI_x377_y421_w25_h26_20260626_172115\01_valid_raw_and_ifft\mat\curve_r0444_c0383_idx000582.mat,D:\LSH\LSH\实验\聚焦信号分类实验\1\ROI_x377_y421_w25_h26_20260626_172115\01_valid_raw_and_ifft\mat,valid_folder,valid,47.9253471826568,47.9365383736219,0.00984258546810433,0.00552916545230722,0.000608482272789409,0.920213891049095
556,556,556,444,384,556,Good,1,slightly degraded,D:\LSH\LSH\实验\聚焦信号分类实验\1\ROI_x377_y421_w25_h26_20260626_172115\01_valid_raw_and_ifft\mat\curve_r0444_c0384_idx000583.mat,D:\LSH\LSH\实验\聚焦信号分类实验\1\ROI_x377_y421_w25_h26_20260626_172115\01_valid_raw_and_ifft\mat,valid_folder,valid,47.9567118472119,47.9697452536059,0.0188642036887927,0.0103172116484236,0.00120308964187066,0.913765814744808
557,557,557,444,385,557,Good,1,slightly degraded,D:\LSH\LSH\实验\聚焦信号分类实验\1\ROI_x377_y421_w25_h26_20260626_172115\01_valid_raw_and_ifft\mat\curve_r0444_c0385_idx000584.mat,D:\LSH\LSH\实验\聚焦信号分类实验\1\ROI_x377_y421_w25_h26_20260626_172115\01_valid_raw_and_ifft\mat,valid_folder,valid,48.0611295358981,48.0954547564369,0.0735817661558075,0.0404086388352205,0.00485552258400705,0.914343819070126
558,558,558,444,386,558,Good,1,slightly degraded,D:\LSH\LSH\实验\聚焦信号分类实验\1\ROI_x377_y421_w25_h26_20260626_172115\01_valid_raw_and_ifft\mat\curve_r0444_c0386_idx000585.mat,D:\LSH\LSH\实验\聚焦信号分类实验\1\ROI_x377_y421_w25_h26_20260626_172115\01_valid_raw_and_ifft\mat,valid_folder,valid,48.06528924225,48.1000454036049,0.0754219457533151,0.0423199415902699,0.00493943014058003,0.919110855870228
559,559,559,444,387,559,Good,1,slightly degraded,D:\LSH\LSH\实验\聚焦信号分类实验\1\ROI_x377_y421_w25_h26_20260626_172115\01_valid_raw_and_ifft\mat\curve_r0444_c0387_idx000586.mat,D:\LSH\LSH\实验\聚焦信号分类实验\1\ROI_x377_y421_w25_h26_20260626_172115\01_valid_raw_and_ifft\mat,valid_folder,valid,48.60996479384,48.1575910070634,0.0150196656109868,0.0113435296137747,0.0010099278976979,0.948999862896052
560,560,560,444,388,560,Good,1,slightly degraded,D:\LSH\LSH\实验\聚焦信号分类实验\1\ROI_x377_y421_w25_h26_20260626_172115\01_valid_raw_and_ifft\mat\curve_r0444_c0388_idx000587.mat,D:\LSH\LSH\实验\聚焦信号分类实验\1\ROI_x377_y421_w25_h26_20260626_172115\01_valid_raw_and_ifft\mat,valid_folder,valid,47.3120869645738,48.104461325889,0.0162398563744935,0.0114839627462636,0.00112862044001526,0.937225557021195
561,561,561,444,389,561,Good,1,slightly degraded,D:\LSH\LSH\实验\聚焦信号分类实验\1\ROI_x377_y421_w25_h26_20260626_172115\01_valid_raw_and_ifft\mat\curve_r0444_c0389_idx000588.mat,D:\LSH\LSH\实验\聚焦信号分类实验\1\ROI_x377_y421_w25_h26_20260626_172115\01_valid_raw_and_ifft\mat,valid_folder,valid,48.0323462397673,48.0993820667396,0.0166006718204044,0.0128416314244066,0.00112216960320219,0.952773873841518
562,562,562,444,390,562,Good,1,slightly degraded,D:\LSH\LSH\实验\聚焦信号分类实验\1\ROI_x377_y421_w25_h26_20260626_172115\01_valid_raw_and_ifft\mat\curve_r0444_c0390_idx000589.mat,D:\LSH\LSH\实验\聚焦信号分类实验\1\ROI_x377_y421_w25_h26_20260626_172115\01_valid_raw_and_ifft\mat,valid_folder,valid,48.0494281272377,48.1406501029413,0.0147965001735135,0.0103965803231716,0.000861087151622362,0.957123376169958
563,563,563,444,391,563,Good,1,slightly degraded,D:\LSH\LSH\实验\聚焦信号分类实验\1\ROI_x377_y421_w25_h26_20260626_172115\01_valid_raw_and_ifft\mat\curve_r0444_c0391_idx000590.mat,D:\LSH\LSH\实验\聚焦信号分类实验\1\ROI_x377_y421_w25_h26_20260626_172115\01_valid_raw_and_ifft\mat,valid_folder,valid,48.0389317307632,48.0937715931767,0.013838408055717,0.00827546029399535,0.00082980519760389,0.934269622135807
564,564,564,444,392,564,Good,1,slightly degraded,D:\LSH\LSH\实验\聚焦信号分类实验\1\ROI_x377_y421_w25_h26_20260626_172115\01_valid_raw_and_ifft\mat\curve_r0444_c0392_idx000591.mat,D:\LSH\LSH\实验\聚焦信号分类实验\1\ROI_x377_y421_w25_h26_20260626_172115\01_valid_raw_and_ifft\mat,valid_folder,valid,48.1391734388128,48.1724265484891,0.0472911674199809,0.0286674491793454,0.00304154797705721,0.932212810781341
565,565,565,444,393,565,Good,1,slightly degraded,D:\LSH\LSH\实验\聚焦信号分类实验\1\ROI_x377_y421_w25_h26_20260626_172115\01_valid_raw_and_ifft\mat\curve_r0444_c0393_idx000592.mat,D:\LSH\LSH\实验\聚焦信号分类实验\1\ROI_x377_y421_w25_h26_20260626_172115\01_valid_raw_and_ifft\mat,valid_folder,valid,48.1440605272654,48.1960694437024,0.0532530568161646,0.0310369956737033,0.00345937998580535,0.925670509991471
566,566,566,444,394,566,Good,1,slightly degraded,D:\LSH\LSH\实验\聚焦信号分类实验\1\ROI_x377_y421_w25_h26_20260626_172115\01_valid_raw_and_ifft\mat\curve_r0444_c0394_idx000593.mat,D:\LSH\LSH\实验\聚焦信号分类实验\1\ROI_x377_y421_w25_h26_20260626_172115\01_valid_raw_and_ifft\mat,valid_folder,valid,48.127044324441,48.2465133712932,0.025099666647735,0.0149711514760993,0.00153626899742393,0.935367069726151
567,567,567,444,395,567,Good,1,slightly degraded,D:\LSH\LSH\实验\聚焦信号分类实验\1\ROI_x377_y421_w25_h26_20260626_172115\01_valid_raw_and_ifft\mat\curve_r0444_c0395_idx000594.mat,D:\LSH\LSH\实验\聚焦信号分类实验\1\ROI_x377_y421_w25_h26_20260626_172115\01_valid_raw_and_ifft\mat,valid_folder,valid,48.447080601427,48.6293836443465,0.00921859710565793,0.00630365778375163,0.000510535230374452,0.958899590412756
568,568,568,444,396,568,Good,1,slightly degraded,D:\LSH\LSH\实验\聚焦信号分类实验\1\ROI_x377_y421_w25_h26_20260626_172115\01_valid_raw_and_ifft\mat\curve_r0444_c0396_idx000595.mat,D:\LSH\LSH\实验\聚焦信号分类实验\1\ROI_x377_y421_w25_h26_20260626_172115\01_valid_raw_and_ifft\mat,valid_folder,valid,48.3519044739406,48.5694062931541,0.00865721693714919,0.00531719867732423,0.000543463747842137,0.933645481336523
569,569,569,444,397,569,Good,1,slightly degraded,D:\LSH\LSH\实验\聚焦信号分类实验\1\ROI_x377_y421_w25_h26_20260626_172115\01_valid_raw_and_ifft\mat\curve_r0444_c0397_idx000596.mat,D:\LSH\LSH\实验\聚焦信号分类实验\1\ROI_x377_y421_w25_h26_20260626_172115\01_valid_raw_and_ifft\mat,valid_folder,valid,48.1658963544977,48.3773135917721,0.0113201486300863,0.00611133583722234,0.000755581025018233,0.903745877247485
570,570,570,444,398,570,Good,1,slightly degraded,D:\LSH\LSH\实验\聚焦信号分类实验\1\ROI_x377_y421_w25_h26_20260626_172115\01_valid_raw_and_ifft\mat\curve_r0444_c0398_idx000597.mat,D:\LSH\LSH\实验\聚焦信号分类实验\1\ROI_x377_y421_w25_h26_20260626_172115\01_valid_raw_and_ifft\mat,valid_folder,valid,48.1662135921407,48.708714771264,0.00911406328181081,0.00544897163156031,0.000562770373829566,0.930874809821138
571,571,571,444,399,571,Good,1,slightly degraded,D:\LSH\LSH\实验\聚焦信号分类实验\1\ROI_x377_y421_w25_h26_20260626_172115\01_valid_raw_and_ifft\mat\curve_r0444_c0399_idx000598.mat,D:\LSH\LSH\实验\聚焦信号分类实验\1\ROI_x377_y421_w25_h26_20260626_172115\01_valid_raw_and_ifft\mat,valid_folder,valid,50.0593888535713,49.7952066174071,0.00621557299257756,0.00399816397932334,0.000384144965198337,0.93944354213096
572,572,572,444,400,572,Good,1,slightly degraded,D:\LSH\LSH\实验\聚焦信号分类实验\1\ROI_x377_y421_w25_h26_20260626_172115\01_valid_raw_and_ifft\mat\curve_r0444_c0400_idx000599.mat,D:\LSH\LSH\实验\聚焦信号分类实验\1\ROI_x377_y421_w25_h26_20260626_172115\01_valid_raw_and_ifft\mat,valid_folder,valid,48.2089037324021,48.9658530896756,0.00902520801652348,0.00614478454890834,0.000518314493501117,0.954809887385922
573,573,573,444,401,573,Good,1,slightly degraded,D:\LSH\LSH\实验\聚焦信号分类实验\1\ROI_x377_y421_w25_h26_20260626_172115\01_valid_raw_and_ifft\mat\curve_r0444_c0401_idx000600.mat,D:\LSH\LSH\实验\聚焦信号分类实验\1\ROI_x377_y421_w25_h26_20260626_172115\01_valid_raw_and_ifft\mat,valid_folder,valid,49.9721527062968,49.753714740738,0.035204011582619,0.0227476255282457,0.00190036178767116,0.95700933674017
574,574,574,445,377,574,Good,1,slightly degraded,D:\LSH\LSH\实验\聚焦信号分类实验\1\ROI_x377_y421_w25_h26_20260626_172115\01_valid_raw_and_ifft\mat\curve_r0445_c0377_idx000601.mat,D:\LSH\LSH\实验\聚焦信号分类实验\1\ROI_x377_y421_w25_h26_20260626_172115\01_valid_raw_and_ifft\mat,valid_folder,valid,47.1969468735873,47.4486717792804,0.00910840413175324,0.00479814405872668,0.00063614875828206,0.889707414510639
575,575,575,445,378,575,Good,1,slightly degraded,D:\LSH\LSH\实验\聚焦信号分类实验\1\ROI_x377_y421_w25_h26_20260626_172115\01_valid_raw_and_ifft\mat\curve_r0445_c0378_idx000602.mat,D:\LSH\LSH\实验\聚焦信号分类实验\1\ROI_x377_y421_w25_h26_20260626_172115\01_valid_raw_and_ifft\mat,valid_folder,valid,47.1277798929256,47.4479712025624,0.00393596562506536,0.00212408165808802,0.000265459446164348,0.895673914998274
576,576,576,445,379,576,Good,1,slightly degraded,D:\LSH\LSH\实验\聚焦信号分类实验\1\ROI_x377_y421_w25_h26_20260626_172115\01_valid_raw_and_ifft\mat\curve_r0445_c0379_idx000603.mat,D:\LSH\LSH\实验\聚焦信号分类实验\1\ROI_x377_y421_w25_h26_20260626_172115\01_valid_raw_and_ifft\mat,valid_folder,valid,47.6178433590312,47.7120920174823,0.00893252597398718,0.00529165538784857,0.000654301567577273,0.90688409903581
577,577,577,445,380,577,Good,1,slightly degraded,D:\LSH\LSH\实验\聚焦信号分类实验\1\ROI_x377_y421_w25_h26_20260626_172115\01_valid_raw_and_ifft\mat\curve_r0445_c0380_idx000604.mat,D:\LSH\LSH\实验\聚焦信号分类实验\1\ROI_x377_y421_w25_h26_20260626_172115\01_valid_raw_and_ifft\mat,valid_folder,valid,47.8490812563909,47.7791953275788,0.0395134576281551,0.0189764414009782,0.0030052212800653,0.861196838053654
578,578,578,445,381,578,Good,1,slightly degraded,D:\LSH\LSH\实验\聚焦信号分类实验\1\ROI_x377_y421_w25_h26_20260626_172115\01_valid_raw_and_ifft\mat\curve_r0445_c0381_idx000605.mat,D:\LSH\LSH\实验\聚焦信号分类实验\1\ROI_x377_y421_w25_h26_20260626_172115\01_valid_raw_and_ifft\mat,valid_folder,valid,47.9026701654843,47.845900156682,0.0339597800742139,0.0159549426649797,0.00253156192153765,0.858849959191969
579,579,579,445,382,579,Good,1,slightly degraded,D:\LSH\LSH\实验\聚焦信号分类实验\1\ROI_x377_y421_w25_h26_20260626_172115\01_valid_raw_and_ifft\mat\curve_r0445_c0382_idx000606.mat,D:\LSH\LSH\实验\聚焦信号分类实验\1\ROI_x377_y421_w25_h26_20260626_172115\01_valid_raw_and_ifft\mat,valid_folder,valid,47.8528582975953,47.8825717736499,0.00614749129582213,0.00353981080643009,0.000393049694631944,0.919399432419012
580,580,580,445,383,580,Good,1,slightly degraded,D:\LSH\LSH\实验\聚焦信号分类实验\1\ROI_x377_y421_w25_h26_20260626_172115\01_valid_raw_and_ifft\mat\curve_r0445_c0383_idx000607.mat,D:\LSH\LSH\实验\聚焦信号分类实验\1\ROI_x377_y421_w25_h26_20260626_172115\01_valid_raw_and_ifft\mat,valid_folder,valid,48.9021020366739,48.6346893127998,0.0036394965897609,0.00252278559921818,0.000203222265719156,0.954863717490693
581,581,581,445,384,581,Good,1,slightly degraded,D:\LSH\LSH\实验\聚焦信号分类实验\1\ROI_x377_y421_w25_h26_20260626_172115\01_valid_raw_and_ifft\mat\curve_r0445_c0384_idx000608.mat,D:\LSH\LSH\实验\聚焦信号分类实验\1\ROI_x377_y421_w25_h26_20260626_172115\01_valid_raw_and_ifft\mat,valid_folder,valid,48.0196676367244,48.0616432393448,0.0168492602456942,0.0101225095598359,0.000993224121784654,0.938138770268214
582,582,582,445,385,582,Good,1,slightly degraded,D:\LSH\LSH\实验\聚焦信号分类实验\1\ROI_x377_y421_w25_h26_20260626_172115\01_valid_raw_and_ifft\mat\curve_r0445_c0385_idx000609.mat,D:\LSH\LSH\实验\聚焦信号分类实验\1\ROI_x377_y421_w25_h26_20260626_172115\01_valid_raw_and_ifft\mat,valid_folder,valid,48.0279393111558,48.0706537813173,0.1123364594366,0.0608736009069614,0.00740166692850738,0.912339762731539
583,583,583,445,386,583,Good,1,slightly degraded,D:\LSH\LSH\实验\聚焦信号分类实验\1\ROI_x377_y421_w25_h26_20260626_172115\01_valid_raw_and_ifft\mat\curve_r0445_c0386_idx000610.mat,D:\LSH\LSH\实验\聚焦信号分类实验\1\ROI_x377_y421_w25_h26_20260626_172115\01_valid_raw_and_ifft\mat,valid_folder,valid,48.0293185717311,48.0628517265044,0.115576048553732,0.0615369530056461,0.00773025370022601,0.906698103667373
584,584,584,445,387,584,Good,1,slightly degraded,D:\LSH\LSH\实验\聚焦信号分类实验\1\ROI_x377_y421_w25_h26_20260626_172115\01_valid_raw_and_ifft\mat\curve_r0445_c0387_idx000611.mat,D:\LSH\LSH\实验\聚焦信号分类实验\1\ROI_x377_y421_w25_h26_20260626_172115\01_valid_raw_and_ifft\mat,valid_folder,valid,48.011440730006,48.0635775527475,0.0658587087527178,0.0413646352256431,0.00420416992933606,0.938336457457043
585,585,585,445,388,585,Good,1,slightly degraded,D:\LSH\LSH\实验\聚焦信号分类实验\1\ROI_x377_y421_w25_h26_20260626_172115\01_valid_raw_and_ifft\mat\curve_r0445_c0388_idx000612.mat,D:\LSH\LSH\实验\聚焦信号分类实验\1\ROI_x377_y421_w25_h26_20260626_172115\01_valid_raw_and_ifft\mat,valid_folder,valid,48.0182988163078,48.0539477016177,0.109140901266598,0.0639388344414642,0.00688133455772692,0.931152147748802
586,586,586,445,389,586,Good,1,slightly degraded,D:\LSH\LSH\实验\聚焦信号分类实验\1\ROI_x377_y421_w25_h26_20260626_172115\01_valid_raw_and_ifft\mat\curve_r0445_c0389_idx000613.mat,D:\LSH\LSH\实验\聚焦信号分类实验\1\ROI_x377_y421_w25_h26_20260626_172115\01_valid_raw_and_ifft\mat,valid_folder,valid,48.0295507407711,48.0695614699631,0.127845997086338,0.0696380564619437,0.0083574659574305,0.914695262093415
587,587,587,445,390,587,Good,1,slightly degraded,D:\LSH\LSH\实验\聚焦信号分类实验\1\ROI_x377_y421_w25_h26_20260626_172115\01_valid_raw_and_ifft\mat\curve_r0445_c0390_idx000614.mat,D:\LSH\LSH\实验\聚焦信号分类实验\1\ROI_x377_y421_w25_h26_20260626_172115\01_valid_raw_and_ifft\mat,valid_folder,valid,48.0736444703249,48.1517234244169,0.103472460469737,0.059441707522946,0.00651295496739032,0.928049851534613
588,588,588,445,391,588,Good,1,slightly degraded,D:\LSH\LSH\实验\聚焦信号分类实验\1\ROI_x377_y421_w25_h26_20260626_172115\01_valid_raw_and_ifft\mat\curve_r0445_c0391_idx000615.mat,D:\LSH\LSH\实验\聚焦信号分类实验\1\ROI_x377_y421_w25_h26_20260626_172115\01_valid_raw_and_ifft\mat,valid_folder,valid,48.0113501767172,48.1080822062713,0.02398851689237,0.0125720619254632,0.00154201886138722,0.902015995244558
589,589,589,445,392,589,Good,1,slightly degraded,D:\LSH\LSH\实验\聚焦信号分类实验\1\ROI_x377_y421_w25_h26_20260626_172115\01_valid_raw_and_ifft\mat\curve_r0445_c0392_idx000616.mat,D:\LSH\LSH\实验\聚焦信号分类实验\1\ROI_x377_y421_w25_h26_20260626_172115\01_valid_raw_and_ifft\mat,valid_folder,valid,48.0881627077104,48.1535780756523,0.125589315108628,0.0707847031587118,0.00804323009918398,0.922909977598736
590,590,590,445,393,590,Good,1,slightly degraded,D:\LSH\LSH\实验\聚焦信号分类实验\1\ROI_x377_y421_w25_h26_20260626_172115\01_valid_raw_and_ifft\mat\curve_r0445_c0393_idx000617.mat,D:\LSH\LSH\实验\聚焦信号分类实验\1\ROI_x377_y421_w25_h26_20260626_172115\01_valid_raw_and_ifft\mat,valid_folder,valid,48.1104187435582,48.1927437062825,0.139144730857827,0.072518364705224,0.00953743481617459,0.898917078284799
591,591,591,445,394,591,Good,1,slightly degraded,D:\LSH\LSH\实验\聚焦信号分类实验\1\ROI_x377_y421_w25_h26_20260626_172115\01_valid_raw_and_ifft\mat\curve_r0445_c0394_idx000618.mat,D:\LSH\LSH\实验\聚焦信号分类实验\1\ROI_x377_y421_w25_h26_20260626_172115\01_valid_raw_and_ifft\mat,valid_folder,valid,48.1378506838385,48.2395142764314,0.0883774420752071,0.0489453096825959,0.0058161104349989,0.916814382203971
592,592,592,445,395,592,Good,1,slightly degraded,D:\LSH\LSH\实验\聚焦信号分类实验\1\ROI_x377_y421_w25_h26_20260626_172115\01_valid_raw_and_ifft\mat\curve_r0445_c0395_idx000619.mat,D:\LSH\LSH\实验\聚焦信号分类实验\1\ROI_x377_y421_w25_h26_20260626_172115\01_valid_raw_and_ifft\mat,valid_folder,valid,48.2486371418768,48.368332938306,0.0346543749810657,0.0185938144001964,0.00250176614154617,0.894265824865994
593,593,593,445,396,593,Good,1,slightly degraded,D:\LSH\LSH\实验\聚焦信号分类实验\1\ROI_x377_y421_w25_h26_20260626_172115\01_valid_raw_and_ifft\mat\curve_r0445_c0396_idx000620.mat,D:\LSH\LSH\实验\聚焦信号分类实验\1\ROI_x377_y421_w25_h26_20260626_172115\01_valid_raw_and_ifft\mat,valid_folder,valid,48.1822072647892,48.3407268079129,0.0304624850066943,0.0147226384069638,0.00232472988103897,0.858875885697322
594,594,594,445,397,594,Good,1,slightly degraded,D:\LSH\LSH\实验\聚焦信号分类实验\1\ROI_x377_y421_w25_h26_20260626_172115\01_valid_raw_and_ifft\mat\curve_r0445_c0397_idx000621.mat,D:\LSH\LSH\实验\聚焦信号分类实验\1\ROI_x377_y421_w25_h26_20260626_172115\01_valid_raw_and_ifft\mat,valid_folder,valid,48.2206259006117,48.3611349287952,0.0273556709910597,0.013483577254471,0.00211308309715262,0.864008683745496
595,595,595,445,398,595,Good,1,slightly degraded,D:\LSH\LSH\实验\聚焦信号分类实验\1\ROI_x377_y421_w25_h26_20260626_172115\01_valid_raw_and_ifft\mat\curve_r0445_c0398_idx000622.mat,D:\LSH\LSH\实验\聚焦信号分类实验\1\ROI_x377_y421_w25_h26_20260626_172115\01_valid_raw_and_ifft\mat,valid_folder,valid,48.2391407220244,48.4292241850195,0.0222823787295417,0.0113143423902123,0.00167407625496461,0.875334003067613
596,596,596,445,399,596,Good,1,slightly degraded,D:\LSH\LSH\实验\聚焦信号分类实验\1\ROI_x377_y421_w25_h26_20260626_172115\01_valid_raw_and_ifft\mat\curve_r0445_c0399_idx000623.mat,D:\LSH\LSH\实验\聚焦信号分类实验\1\ROI_x377_y421_w25_h26_20260626_172115\01_valid_raw_and_ifft\mat,valid_folder,valid,48.1290978329666,48.4395972482217,0.00714581463424555,0.00401794062618153,0.000447465315943589,0.91940801023536
597,597,597,445,400,597,Good,1,slightly degraded,D:\LSH\LSH\实验\聚焦信号分类实验\1\ROI_x377_y421_w25_h26_20260626_172115\01_valid_raw_and_ifft\mat\curve_r0445_c0400_idx000624.mat,D:\LSH\LSH\实验\聚焦信号分类实验\1\ROI_x377_y421_w25_h26_20260626_172115\01_valid_raw_and_ifft\mat,valid_folder,valid,48.1678218219658,48.5813011045146,0.0118208838734282,0.00671708121818307,0.00075357714995205,0.920396652185418
598,598,598,445,401,598,Good,1,slightly degraded,D:\LSH\LSH\实验\聚焦信号分类实验\1\ROI_x377_y421_w25_h26_20260626_172115\01_valid_raw_and_ifft\mat\curve_r0445_c0401_idx000625.mat,D:\LSH\LSH\实验\聚焦信号分类实验\1\ROI_x377_y421_w25_h26_20260626_172115\01_valid_raw_and_ifft\mat,valid_folder,valid,49.9075891227324,49.6282579279969,0.0364624964848984,0.0236726806800936,0.0020384135051785,0.954465998753013
599,599,599,446,377,599,Good,1,slightly degraded,D:\LSH\LSH\实验\聚焦信号分类实验\1\ROI_x377_y421_w25_h26_20260626_172115\01_valid_raw_and_ifft\mat\curve_r0446_c0377_idx000626.mat,D:\LSH\LSH\实验\聚焦信号分类实验\1\ROI_x377_y421_w25_h26_20260626_172115\01_valid_raw_and_ifft\mat,valid_folder,valid,47.2773944245905,47.5238023912729,0.00801424295143221,0.00449072823536847,0.000546144189371217,0.907121751108968
600,600,600,446,378,600,Good,1,slightly degraded,D:\LSH\LSH\实验\聚焦信号分类实验\1\ROI_x377_y421_w25_h26_20260626_172115\01_valid_raw_and_ifft\mat\curve_r0446_c0378_idx000627.mat,D:\LSH\LSH\实验\聚焦信号分类实验\1\ROI_x377_y421_w25_h26_20260626_172115\01_valid_raw_and_ifft\mat,valid_folder,valid,47.0046689331421,47.2774270656384,0.00361610707622862,0.00179064191936831,0.000269952722505335,0.850386488173654
601,601,601,446,379,601,Good,1,slightly degraded,D:\LSH\LSH\实验\聚焦信号分类实验\1\ROI_x377_y421_w25_h26_20260626_172115\01_valid_raw_and_ifft\mat\curve_r0446_c0379_idx000628.mat,D:\LSH\LSH\实验\聚焦信号分类实验\1\ROI_x377_y421_w25_h26_20260626_172115\01_valid_raw_and_ifft\mat,valid_folder,valid,47.577996391835,47.730576182546,0.00517897594202382,0.00331023116677514,0.000354608524415273,0.926971572030839
602,602,602,446,380,602,Good,1,slightly degraded,D:\LSH\LSH\实验\聚焦信号分类实验\1\ROI_x377_y421_w25_h26_20260626_172115\01_valid_raw_and_ifft\mat\curve_r0446_c0380_idx000629.mat,D:\LSH\LSH\实验\聚焦信号分类实验\1\ROI_x377_y421_w25_h26_20260626_172115\01_valid_raw_and_ifft\mat,valid_folder,valid,47.9209532519816,47.8613153247276,0.0273902815511405,0.0119359097177447,0.00215290842821405,0.824758773829296
603,603,603,446,381,603,Good,1,slightly degraded,D:\LSH\LSH\实验\聚焦信号分类实验\1\ROI_x377_y421_w25_h26_20260626_172115\01_valid_raw_and_ifft\mat\curve_r0446_c0381_idx000630.mat,D:\LSH\LSH\实验\聚焦信号分类实验\1\ROI_x377_y421_w25_h26_20260626_172115\01_valid_raw_and_ifft\mat,valid_folder,valid,47.952139544601,47.9115415979343,0.0244783349756649,0.0103777389851955,0.00194092580991693,0.813338670507968
604,604,604,446,382,604,Good,1,slightly degraded,D:\LSH\LSH\实验\聚焦信号分类实验\1\ROI_x377_y421_w25_h26_20260626_172115\01_valid_raw_and_ifft\mat\curve_r0446_c0382_idx000631.mat,D:\LSH\LSH\实验\聚焦信号分类实验\1\ROI_x377_y421_w25_h26_20260626_172115\01_valid_raw_and_ifft\mat,valid_folder,valid,47.9880869368029,48.0501797609847,0.00633537304751657,0.00353274657955974,0.000397402894312802,0.916939036406569
605,605,605,446,383,605,Good,1,slightly degraded,D:\LSH\LSH\实验\聚焦信号分类实验\1\ROI_x377_y421_w25_h26_20260626_172115\01_valid_raw_and_ifft\mat\curve_r0446_c0383_idx000632.mat,D:\LSH\LSH\实验\聚焦信号分类实验\1\ROI_x377_y421_w25_h26_20260626_172115\01_valid_raw_and_ifft\mat,valid_folder,valid,48.2427262906579,48.2800805810084,0.00433626897386024,0.00310044395760577,0.000242031104183306,0.959518523009498
606,606,606,446,384,606,Good,1,slightly degraded,D:\LSH\LSH\实验\聚焦信号分类实验\1\ROI_x377_y421_w25_h26_20260626_172115\01_valid_raw_and_ifft\mat\curve_r0446_c0384_idx000633.mat,D:\LSH\LSH\实验\聚焦信号分类实验\1\ROI_x377_y421_w25_h26_20260626_172115\01_valid_raw_and_ifft\mat,valid_folder,valid,48.0665955862571,48.1384358204233,0.0126223148843769,0.00728440677615579,0.000751068422157731,0.930139298078963
607,607,607,446,385,607,Good,1,slightly degraded,D:\LSH\LSH\实验\聚焦信号分类实验\1\ROI_x377_y421_w25_h26_20260626_172115\01_valid_raw_and_ifft\mat\curve_r0446_c0385_idx000634.mat,D:\LSH\LSH\实验\聚焦信号分类实验\1\ROI_x377_y421_w25_h26_20260626_172115\01_valid_raw_and_ifft\mat,valid_folder,valid,48.0263949330443,48.0791337700661,0.103236888805696,0.0538553506997048,0.00687535353382413,0.902919422657603
608,608,608,446,386,608,Good,1,slightly degraded,D:\LSH\LSH\实验\聚焦信号分类实验\1\ROI_x377_y421_w25_h26_20260626_172115\01_valid_raw_and_ifft\mat\curve_r0446_c0386_idx000635.mat,D:\LSH\LSH\实验\聚焦信号分类实验\1\ROI_x377_y421_w25_h26_20260626_172115\01_valid_raw_and_ifft\mat,valid_folder,valid,48.0227217601608,48.0764286811503,0.112913579633187,0.0579660707631273,0.00756839631497956,0.898060138525197
609,609,609,446,387,609,Good,1,slightly degraded,D:\LSH\LSH\实验\聚焦信号分类实验\1\ROI_x377_y421_w25_h26_20260626_172115\01_valid_raw_and_ifft\mat\curve_r0446_c0387_idx000636.mat,D:\LSH\LSH\实验\聚焦信号分类实验\1\ROI_x377_y421_w25_h26_20260626_172115\01_valid_raw_and_ifft\mat,valid_folder,valid,48.0133078573283,48.0640732051276,0.0965874227044149,0.0517456469058744,0.00636985334535846,0.909577513874015
610,610,610,446,388,610,Good,1,slightly degraded,D:\LSH\LSH\实验\聚焦信号分类实验\1\ROI_x377_y421_w25_h26_20260626_172115\01_valid_raw_and_ifft\mat\curve_r0446_c0388_idx000637.mat,D:\LSH\LSH\实验\聚焦信号分类实验\1\ROI_x377_y421_w25_h26_20260626_172115\01_valid_raw_and_ifft\mat,valid_folder,valid,48.0445988668984,48.0885121983874,0.140438693767102,0.0783824876255719,0.00902331318839339,0.921191048811604
611,611,611,446,389,611,Good,1,slightly degraded,D:\LSH\LSH\实验\聚焦信号分类实验\1\ROI_x377_y421_w25_h26_20260626_172115\01_valid_raw_and_ifft\mat\curve_r0446_c0389_idx000638.mat,D:\LSH\LSH\实验\聚焦信号分类实验\1\ROI_x377_y421_w25_h26_20260626_172115\01_valid_raw_and_ifft\mat,valid_folder,valid,48.0339826783151,48.0852912058287,0.132801927796901,0.0687538296089859,0.00897841925601683,0.899701309079464
612,612,612,446,390,612,Good,1,slightly degraded,D:\LSH\LSH\实验\聚焦信号分类实验\1\ROI_x377_y421_w25_h26_20260626_172115\01_valid_raw_and_ifft\mat\curve_r0446_c0390_idx000639.mat,D:\LSH\LSH\实验\聚焦信号分类实验\1\ROI_x377_y421_w25_h26_20260626_172115\01_valid_raw_and_ifft\mat,valid_folder,valid,48.1043805710583,48.190420120138,0.14985933637225,0.0820370778391893,0.00977091313277157,0.915606868870406
613,613,613,446,391,613,Good,1,slightly degraded,D:\LSH\LSH\实验\聚焦信号分类实验\1\ROI_x377_y421_w25_h26_20260626_172115\01_valid_raw_and_ifft\mat\curve_r0446_c0391_idx000640.mat,D:\LSH\LSH\实验\聚焦信号分类实验\1\ROI_x377_y421_w25_h26_20260626_172115\01_valid_raw_and_ifft\mat,valid_folder,valid,48.1346223259619,48.2876125269899,0.0421292770131717,0.0242055635693562,0.00255052873109031,0.930252235785069
614,614,614,446,392,614,Good,1,slightly degraded,D:\LSH\LSH\实验\聚焦信号分类实验\1\ROI_x377_y421_w25_h26_20260626_172115\01_valid_raw_and_ifft\mat\curve_r0446_c0392_idx000641.mat,D:\LSH\LSH\实验\聚焦信号分类实验\1\ROI_x377_y421_w25_h26_20260626_172115\01_valid_raw_and_ifft\mat,valid_folder,valid,48.1233727792267,48.1960078705959,0.160706743262862,0.0918481683936216,0.0102116119537974,0.926492717935019
615,615,615,446,393,615,Good,1,slightly degraded,D:\LSH\LSH\实验\聚焦信号分类实验\1\ROI_x377_y421_w25_h26_20260626_172115\01_valid_raw_and_ifft\mat\curve_r0446_c0393_idx000642.mat,D:\LSH\LSH\实验\聚焦信号分类实验\1\ROI_x377_y421_w25_h26_20260626_172115\01_valid_raw_and_ifft\mat,valid_folder,valid,48.1153932393444,48.1964988133168,0.165429282776061,0.0842246516254668,0.0116214859974209,0.890338739453959
616,616,616,446,394,616,Good,1,slightly degraded,D:\LSH\LSH\实验\聚焦信号分类实验\1\ROI_x377_y421_w25_h26_20260626_172115\01_valid_raw_and_ifft\mat\curve_r0446_c0394_idx000643.mat,D:\LSH\LSH\实验\聚焦信号分类实验\1\ROI_x377_y421_w25_h26_20260626_172115\01_valid_raw_and_ifft\mat,valid_folder,valid,48.1596288382598,48.2776071168254,0.13387307911072,0.0730206915579889,0.00896335440868761,0.911983764700628
617,617,617,446,395,617,Good,1,slightly degraded,D:\LSH\LSH\实验\聚焦信号分类实验\1\ROI_x377_y421_w25_h26_20260626_172115\01_valid_raw_and_ifft\mat\curve_r0446_c0395_idx000644.mat,D:\LSH\LSH\实验\聚焦信号分类实验\1\ROI_x377_y421_w25_h26_20260626_172115\01_valid_raw_and_ifft\mat,valid_folder,valid,48.2244955332384,48.3425511793497,0.0405311375114784,0.0214059504869457,0.00292417117627656,0.892228907518638
618,618,618,446,396,618,Good,1,slightly degraded,D:\LSH\LSH\实验\聚焦信号分类实验\1\ROI_x377_y421_w25_h26_20260626_172115\01_valid_raw_and_ifft\mat\curve_r0446_c0396_idx000645.mat,D:\LSH\LSH\实验\聚焦信号分类实验\1\ROI_x377_y421_w25_h26_20260626_172115\01_valid_raw_and_ifft\mat,valid_folder,valid,48.1662789841248,48.3213525314854,0.0297622503474861,0.0142452070422563,0.00225893664003589,0.858161733070488
619,619,619,446,397,619,Good,1,slightly degraded,D:\LSH\LSH\实验\聚焦信号分类实验\1\ROI_x377_y421_w25_h26_20260626_172115\01_valid_raw_and_ifft\mat\curve_r0446_c0397_idx000646.mat,D:\LSH\LSH\实验\聚焦信号分类实验\1\ROI_x377_y421_w25_h26_20260626_172115\01_valid_raw_and_ifft\mat,valid_folder,valid,48.2453533698338,48.4412541762421,0.0249831182543138,0.0127433896512739,0.00187436043130922,0.877175725115739
620,620,620,446,398,620,Good,1,slightly degraded,D:\LSH\LSH\实验\聚焦信号分类实验\1\ROI_x377_y421_w25_h26_20260626_172115\01_valid_raw_and_ifft\mat\curve_r0446_c0398_idx000647.mat,D:\LSH\LSH\实验\聚焦信号分类实验\1\ROI_x377_y421_w25_h26_20260626_172115\01_valid_raw_and_ifft\mat,valid_folder,valid,48.2948167230638,48.500931356731,0.020807263674407,0.0112256729551685,0.00150775310433599,0.895487289948384
621,621,621,446,399,621,Good,1,slightly degraded,D:\LSH\LSH\实验\聚焦信号分类实验\1\ROI_x377_y421_w25_h26_20260626_172115\01_valid_raw_and_ifft\mat\curve_r0446_c0399_idx000648.mat,D:\LSH\LSH\实验\聚焦信号分类实验\1\ROI_x377_y421_w25_h26_20260626_172115\01_valid_raw_and_ifft\mat,valid_folder,valid,48.2453884713119,48.6349544262047,0.00684221367654252,0.0043044111231839,0.000397567327818705,0.945569520966371
622,622,622,446,400,622,Good,1,slightly degraded,D:\LSH\LSH\实验\聚焦信号分类实验\1\ROI_x377_y421_w25_h26_20260626_172115\01_valid_raw_and_ifft\mat\curve_r0446_c0400_idx000649.mat,D:\LSH\LSH\实验\聚焦信号分类实验\1\ROI_x377_y421_w25_h26_20260626_172115\01_valid_raw_and_ifft\mat,valid_folder,valid,48.1138830563092,48.8270693859384,0.00725022759500237,0.00426620141098161,0.000517562429853618,0.905809559455227
623,623,623,446,401,623,Good,1,slightly degraded,D:\LSH\LSH\实验\聚焦信号分类实验\1\ROI_x377_y421_w25_h26_20260626_172115\01_valid_raw_and_ifft\mat\curve_r0446_c0401_idx000650.mat,D:\LSH\LSH\实验\聚焦信号分类实验\1\ROI_x377_y421_w25_h26_20260626_172115\01_valid_raw_and_ifft\mat,valid_folder,valid,49.9527898988437,49.6924239297248,0.0215868371001592,0.013212564452345,0.00127885411221718,0.940443450372683
624,624,624,436,379,624,Good,1,slightly degraded,D:\LSH\LSH\实验\聚焦信号分类实验\1\ROI_x377_y421_w25_h26_20260626_172115\02_invalid_raw_only\mat\curve_r0436_c0379_idx000378.mat,D:\LSH\LSH\实验\聚焦信号分类实验\1\ROI_x377_y421_w25_h26_20260626_172115\02_invalid_raw_only\mat,valid_folder,invalid,48.5104614365851,47.999299240614,0.0021870877671672,0.00160670329782826,0.000142834296318609,0.940989952964372
625,625,625,436,380,625,Good,1,slightly degraded,D:\LSH\LSH\实验\聚焦信号分类实验\1\ROI_x377_y421_w25_h26_20260626_172115\02_invalid_raw_only\mat\curve_r0436_c0380_idx000379.mat,D:\LSH\LSH\实验\聚焦信号分类实验\1\ROI_x377_y421_w25_h26_20260626_172115\02_invalid_raw_only\mat,valid_folder,invalid,47.6437603801819,47.7622673598639,0.00182617936941316,0.00139080101088977,0.000113605922782803,0.949663525113429
626,630,630,437,379,630,Good,1,slightly degraded,D:\LSH\LSH\实验\聚焦信号分类实验\1\ROI_x377_y421_w25_h26_20260626_172115\02_invalid_raw_only\mat\curve_r0437_c0379_idx000403.mat,D:\LSH\LSH\实验\聚焦信号分类实验\1\ROI_x377_y421_w25_h26_20260626_172115\02_invalid_raw_only\mat,valid_folder,invalid,47.5855818944899,47.6907263874114,0.00207850566079159,0.00135579889375956,0.000149881826493832,0.915067616268042
627,639,639,438,383,639,Good,1,slightly degraded,D:\LSH\LSH\实验\聚焦信号分类实验\1\ROI_x377_y421_w25_h26_20260626_172115\02_invalid_raw_only\mat\curve_r0438_c0383_idx000432.mat,D:\LSH\LSH\实验\聚焦信号分类实验\1\ROI_x377_y421_w25_h26_20260626_172115\02_invalid_raw_only\mat,valid_folder,invalid,48.0394839617665,48.0685849132157,0.0533395277132091,0.0254023619090349,0.0038946555512565,0.86992218124069
628,643,643,439,382,643,Good,1,slightly degraded,D:\LSH\LSH\实验\聚焦信号分类实验\1\ROI_x377_y421_w25_h26_20260626_172115\02_invalid_raw_only\mat\curve_r0439_c0382_idx000456.mat,D:\LSH\LSH\实验\聚焦信号分类实验\1\ROI_x377_y421_w25_h26_20260626_172115\02_invalid_raw_only\mat,valid_folder,invalid,47.9788096073405,47.9791997098791,0.0145486807782294,0.00760933384733543,0.000974755052078617,0.900130246385587
629,644,644,439,383,644,Good,1,slightly degraded,D:\LSH\LSH\实验\聚焦信号分类实验\1\ROI_x377_y421_w25_h26_20260626_172115\02_invalid_raw_only\mat\curve_r0439_c0383_idx000457.mat,D:\LSH\LSH\实验\聚焦信号分类实验\1\ROI_x377_y421_w25_h26_20260626_172115\02_invalid_raw_only\mat,valid_folder,invalid,48.0207674100077,48.0337884718544,0.0545753052593371,0.0258899825199536,0.00399131798626974,0.869327289505967
630,645,645,439,384,645,Good,1,slightly degraded,D:\LSH\LSH\实验\聚焦信号分类实验\1\ROI_x377_y421_w25_h26_20260626_172115\02_invalid_raw_only\mat\curve_r0439_c0384_idx000458.mat,D:\LSH\LSH\实验\聚焦信号分类实验\1\ROI_x377_y421_w25_h26_20260626_172115\02_invalid_raw_only\mat,valid_folder,invalid,48.0472732446534,48.094131072566,0.056394416748981,0.0283938888546611,0.00395794938068436,0.893673230316206
631,647,647,440,381,647,Good,1,slightly degraded,D:\LSH\LSH\实验\聚焦信号分类实验\1\ROI_x377_y421_w25_h26_20260626_172115\02_invalid_raw_only\mat\curve_r0440_c0381_idx000480.mat,D:\LSH\LSH\实验\聚焦信号分类实验\1\ROI_x377_y421_w25_h26_20260626_172115\02_invalid_raw_only\mat,valid_folder,invalid,47.0700801058656,47.9549589865856,0.00246461482753543,0.00139078571508143,0.00022730544981934,0.834893973545505
632,649,649,441,381,649,Good,1,slightly degraded,D:\LSH\LSH\实验\聚焦信号分类实验\1\ROI_x377_y421_w25_h26_20260626_172115\02_invalid_raw_only\mat\curve_r0441_c0381_idx000505.mat,D:\LSH\LSH\实验\聚焦信号分类实验\1\ROI_x377_y421_w25_h26_20260626_172115\02_invalid_raw_only\mat,valid_folder,invalid,47.1174641602927,47.9504649338434,0.00237099759390094,0.00134681612104119,0.000186176317949503,0.872837911758698
633,650,650,79,617,651,Good,1,slightly degraded,D:\LSH\LSH\实验\聚焦信号分类实验\1\ROI_x617_y79_w21_h19_20260626_171804\01_valid_raw_and_ifft\mat\curve_r0079_c0617_idx000001.mat,D:\LSH\LSH\实验\聚焦信号分类实验\1\ROI_x617_y79_w21_h19_20260626_171804\01_valid_raw_and_ifft\mat,valid_folder,valid,9.03234621763757,9.10584297673996,0.00441259066541961,0.0017950970906302,0.00036759284232825,0.758529347771857
634,651,651,79,618,652,Good,1,slightly degraded,D:\LSH\LSH\实验\聚焦信号分类实验\1\ROI_x617_y79_w21_h19_20260626_171804\01_valid_raw_and_ifft\mat\curve_r0079_c0618_idx000002.mat,D:\LSH\LSH\实验\聚焦信号分类实验\1\ROI_x617_y79_w21_h19_20260626_171804\01_valid_raw_and_ifft\mat,valid_folder,valid,9.04895926062633,9.14226622778798,0.00468884702385823,0.00184643548595332,0.000400716629003504,0.739926601416784
635,652,652,79,619,653,Good,1,slightly degraded,D:\LSH\LSH\实验\聚焦信号分类实验\1\ROI_x617_y79_w21_h19_20260626_171804\01_valid_raw_and_ifft\mat\curve_r0079_c0619_idx000003.mat,D:\LSH\LSH\实验\聚焦信号分类实验\1\ROI_x617_y79_w21_h19_20260626_171804\01_valid_raw_and_ifft\mat,valid_folder,valid,9.09461706445163,9.17724682620073,0.00261992122031523,0.00118714343290649,0.00020888654005225,0.785908012902298
636,653,653,79,627,654,Good,1,slightly degraded,D:\LSH\LSH\实验\聚焦信号分类实验\1\ROI_x617_y79_w21_h19_20260626_171804\01_valid_raw_and_ifft\mat\curve_r0079_c0627_idx000011.mat,D:\LSH\LSH\实验\聚焦信号分类实验\1\ROI_x617_y79_w21_h19_20260626_171804\01_valid_raw_and_ifft\mat,valid_folder,valid,9.22080508285429,8.86119702006834,0.0014862511452646,0.00110707537044134,0.000128713670486812,0.891362686412273
637,654,654,79,628,655,Good,1,slightly degraded,D:\LSH\LSH\实验\聚焦信号分类实验\1\ROI_x617_y79_w21_h19_20260626_171804\01_valid_raw_and_ifft\mat\curve_r0079_c0628_idx000012.mat,D:\LSH\LSH\实验\聚焦信号分类实验\1\ROI_x617_y79_w21_h19_20260626_171804\01_valid_raw_and_ifft\mat,valid_folder,valid,9.76990536940695,9.05234089621096,0.00136405869091583,0.00097351005707374,9.01449428891293e-05,0.918613646239578
638,655,655,79,635,656,Good,1,slightly degraded,D:\LSH\LSH\实验\聚焦信号分类实验\1\ROI_x617_y79_w21_h19_20260626_171804\01_valid_raw_and_ifft\mat\curve_r0079_c0635_idx000019.mat,D:\LSH\LSH\实验\聚焦信号分类实验\1\ROI_x617_y79_w21_h19_20260626_171804\01_valid_raw_and_ifft\mat,valid_folder,valid,8.16512465745325,8.13522196586149,0.00975522311453732,0.00591546881982273,0.000602407790925091,0.929701843930964
639,656,656,79,636,657,Good,1,slightly degraded,D:\LSH\LSH\实验\聚焦信号分类实验\1\ROI_x617_y79_w21_h19_20260626_171804\01_valid_raw_and_ifft\mat\curve_r0079_c0636_idx000020.mat,D:\LSH\LSH\实验\聚焦信号分类实验\1\ROI_x617_y79_w21_h19_20260626_171804\01_valid_raw_and_ifft\mat,valid_folder,valid,8.03319020724321,8.00604384490506,0.0762874029603011,0.0423194122500456,0.00497415896363563,0.916576974554299
640,657,657,79,637,658,Good,1,slightly degraded,D:\LSH\LSH\实验\聚焦信号分类实验\1\ROI_x617_y79_w21_h19_20260626_171804\01_valid_raw_and_ifft\mat\curve_r0079_c0637_idx000021.mat,D:\LSH\LSH\实验\聚焦信号分类实验\1\ROI_x617_y79_w21_h19_20260626_171804\01_valid_raw_and_ifft\mat,valid_folder,valid,7.97809190444767,7.93762030880863,0.155513990024889,0.084383826034808,0.0103460929742816,0.910849243170778
641,658,658,80,617,659,Good,1,slightly degraded,D:\LSH\LSH\实验\聚焦信号分类实验\1\ROI_x617_y79_w21_h19_20260626_171804\01_valid_raw_and_ifft\mat\curve_r0080_c0617_idx000022.mat,D:\LSH\LSH\实验\聚焦信号分类实验\1\ROI_x617_y79_w21_h19_20260626_171804\01_valid_raw_and_ifft\mat,valid_folder,valid,9.04365577204198,9.08759089603937,0.00432941605998356,0.00176526465459523,0.000360481721578596,0.760935376995603
642,659,659,80,618,660,Good,1,slightly degraded,D:\LSH\LSH\实验\聚焦信号分类实验\1\ROI_x617_y79_w21_h19_20260626_171804\01_valid_raw_and_ifft\mat\curve_r0080_c0618_idx000023.mat,D:\LSH\LSH\实验\聚焦信号分类实验\1\ROI_x617_y79_w21_h19_20260626_171804\01_valid_raw_and_ifft\mat,valid_folder,valid,9.04714420444874,9.0964470086763,0.00451993976915673,0.00184887960013539,0.000375213751264511,0.76617932088692
643,660,660,80,619,661,Good,1,slightly degraded,D:\LSH\LSH\实验\聚焦信号分类实验\1\ROI_x617_y79_w21_h19_20260626_171804\01_valid_raw_and_ifft\mat\curve_r0080_c0619_idx000024.mat,D:\LSH\LSH\实验\聚焦信号分类实验\1\ROI_x617_y79_w21_h19_20260626_171804\01_valid_raw_and_ifft\mat,valid_folder,valid,9.08024808727664,9.12343033214296,0.00252822435758756,0.00124056130270212,0.000189009793537218,0.826011237047381
644,661,661,80,622,662,Good,1,slightly degraded,D:\LSH\LSH\实验\聚焦信号分类实验\1\ROI_x617_y79_w21_h19_20260626_171804\01_valid_raw_and_ifft\mat\curve_r0080_c0622_idx000027.mat,D:\LSH\LSH\实验\聚焦信号分类实验\1\ROI_x617_y79_w21_h19_20260626_171804\01_valid_raw_and_ifft\mat,valid_folder,valid,8.80883086378043,8.69273188603414,0.00152800401789274,0.000973901930169983,0.00010348003715723,0.89888594557438
645,662,662,80,623,663,Good,1,slightly degraded,D:\LSH\LSH\实验\聚焦信号分类实验\1\ROI_x617_y79_w21_h19_20260626_171804\01_valid_raw_and_ifft\mat\curve_r0080_c0623_idx000028.mat,D:\LSH\LSH\实验\聚焦信号分类实验\1\ROI_x617_y79_w21_h19_20260626_171804\01_valid_raw_and_ifft\mat,valid_folder,valid,8.80953378143706,8.74874127784742,0.00151589232692202,0.00103249997644319,9.40616004329918e-05,0.926046728142484
646,663,663,80,625,664,Good,1,slightly degraded,D:\LSH\LSH\实验\聚焦信号分类实验\1\ROI_x617_y79_w21_h19_20260626_171804\01_valid_raw_and_ifft\mat\curve_r0080_c0625_idx000030.mat,D:\LSH\LSH\实验\聚焦信号分类实验\1\ROI_x617_y79_w21_h19_20260626_171804\01_valid_raw_and_ifft\mat,valid_folder,valid,9.04967446448534,9.11968687940258,0.0062599167871968,0.00322697915555817,0.000414021656718336,0.882373629067779
647,664,664,80,626,665,Good,1,slightly degraded,D:\LSH\LSH\实验\聚焦信号分类实验\1\ROI_x617_y79_w21_h19_20260626_171804\01_valid_raw_and_ifft\mat\curve_r0080_c0626_idx000031.mat,D:\LSH\LSH\实验\聚焦信号分类实验\1\ROI_x617_y79_w21_h19_20260626_171804\01_valid_raw_and_ifft\mat,valid_folder,valid,9.25447174973174,9.17687136190375,0.00775299957652154,0.00558422067296621,0.0003981369631908,0.967386975652379
648,665,665,80,627,666,Good,1,slightly degraded,D:\LSH\LSH\实验\聚焦信号分类实验\1\ROI_x617_y79_w21_h19_20260626_171804\01_valid_raw_and_ifft\mat\curve_r0080_c0627_idx000032.mat,D:\LSH\LSH\实验\聚焦信号分类实验\1\ROI_x617_y79_w21_h19_20260626_171804\01_valid_raw_and_ifft\mat,valid_folder,valid,9.90676391684333,9.45561087853419,0.00875855220486882,0.00551657486785799,0.000489952735781004,0.94632017170584
649,666,666,80,628,667,Good,1,slightly degraded,D:\LSH\LSH\实验\聚焦信号分类实验\1\ROI_x617_y79_w21_h19_20260626_171804\01_valid_raw_and_ifft\mat\curve_r0080_c0628_idx000033.mat,D:\LSH\LSH\实验\聚焦信号分类实验\1\ROI_x617_y79_w21_h19_20260626_171804\01_valid_raw_and_ifft\mat,valid_folder,valid,10.0670863872859,9.81934320039591,0.00608405389280276,0.00335135492637902,0.000426571191135335,0.887420032615577
650,667,667,80,629,668,Good,1,slightly degraded,D:\LSH\LSH\实验\聚焦信号分类实验\1\ROI_x617_y79_w21_h19_20260626_171804\01_valid_raw_and_ifft\mat\curve_r0080_c0629_idx000034.mat,D:\LSH\LSH\实验\聚焦信号分类实验\1\ROI_x617_y79_w21_h19_20260626_171804\01_valid_raw_and_ifft\mat,valid_folder,valid,9.16623231772685,9.3513359915385,0.00177779342139903,0.00120493223716821,0.000106823365616516,0.929580849996171
651,668,668,80,635,669,Good,1,slightly degraded,D:\LSH\LSH\实验\聚焦信号分类实验\1\ROI_x617_y79_w21_h19_20260626_171804\01_valid_raw_and_ifft\mat\curve_r0080_c0635_idx000040.mat,D:\LSH\LSH\实验\聚焦信号分类实验\1\ROI_x617_y79_w21_h19_20260626_171804\01_valid_raw_and_ifft\mat,valid_folder,valid,8.07211366301318,8.02813614032352,0.0047493291848109,0.00308528085487701,0.000280532963996138,0.9376463401191
652,669,669,80,636,670,Good,1,slightly degraded,D:\LSH\LSH\实验\聚焦信号分类实验\1\ROI_x617_y79_w21_h19_20260626_171804\01_valid_raw_and_ifft\mat\curve_r0080_c0636_idx000041.mat,D:\LSH\LSH\实验\聚焦信号分类实验\1\ROI_x617_y79_w21_h19_20260626_171804\01_valid_raw_and_ifft\mat,valid_folder,valid,8.0262046152869,7.98231912847399,0.0318990712071987,0.0165652143959681,0.00213343547040243,0.89597124747426
653,670,670,80,637,671,Good,1,slightly degraded,D:\LSH\LSH\实验\聚焦信号分类实验\1\ROI_x617_y79_w21_h19_20260626_171804\01_valid_raw_and_ifft\mat\curve_r0080_c0637_idx000042.mat,D:\LSH\LSH\实验\聚焦信号分类实验\1\ROI_x617_y79_w21_h19_20260626_171804\01_valid_raw_and_ifft\mat,valid_folder,valid,7.96528732067491,7.89659530513187,0.118017884062903,0.0647811482041186,0.00771343671076563,0.91485586796734
654,671,671,81,622,672,Good,1,slightly degraded,D:\LSH\LSH\实验\聚焦信号分类实验\1\ROI_x617_y79_w21_h19_20260626_171804\01_valid_raw_and_ifft\mat\curve_r0081_c0622_idx000048.mat,D:\LSH\LSH\实验\聚焦信号分类实验\1\ROI_x617_y79_w21_h19_20260626_171804\01_valid_raw_and_ifft\mat,valid_folder,valid,8.90861798599824,8.86516012561634,0.00185149392985445,0.00116941708819688,0.000118547047547363,0.909510599118053
655,672,672,81,623,673,Good,1,slightly degraded,D:\LSH\LSH\实验\聚焦信号分类实验\1\ROI_x617_y79_w21_h19_20260626_171804\01_valid_raw_and_ifft\mat\curve_r0081_c0623_idx000049.mat,D:\LSH\LSH\实验\聚焦信号分类实验\1\ROI_x617_y79_w21_h19_20260626_171804\01_valid_raw_and_ifft\mat,valid_folder,valid,8.95812383346665,8.92796814379141,0.0021842820504901,0.00132011319407414,0.000135487368616219,0.911311284911016
656,673,673,81,624,674,Good,1,slightly degraded,D:\LSH\LSH\实验\聚焦信号分类实验\1\ROI_x617_y79_w21_h19_20260626_171804\01_valid_raw_and_ifft\mat\curve_r0081_c0624_idx000050.mat,D:\LSH\LSH\实验\聚焦信号分类实验\1\ROI_x617_y79_w21_h19_20260626_171804\01_valid_raw_and_ifft\mat,valid_folder,valid,9.00376210286155,8.98218843298543,0.00486609337468192,0.00234790781425807,0.000349085660005114,0.845919946091263
657,674,674,81,625,675,Good,1,slightly degraded,D:\LSH\LSH\实验\聚焦信号分类实验\1\ROI_x617_y79_w21_h19_20260626_171804\01_valid_raw_and_ifft\mat\curve_r0081_c0625_idx000051.mat,D:\LSH\LSH\实验\聚焦信号分类实验\1\ROI_x617_y79_w21_h19_20260626_171804\01_valid_raw_and_ifft\mat,valid_folder,valid,9.02727659360652,9.01659926446002,0.0372766464923984,0.0150441623246182,0.00307427534906209,0.781004905527126
658,675,675,81,626,676,Good,1,slightly degraded,D:\LSH\LSH\实验\聚焦信号分类实验\1\ROI_x617_y79_w21_h19_20260626_171804\01_valid_raw_and_ifft\mat\curve_r0081_c0626_idx000052.mat,D:\LSH\LSH\实验\聚焦信号分类实验\1\ROI_x617_y79_w21_h19_20260626_171804\01_valid_raw_and_ifft\mat,valid_folder,valid,8.95647519074803,8.82246211269496,0.0501863223743218,0.0256704530856841,0.00335978717341958,0.894755491657041
659,676,676,81,627,677,Good,1,slightly degraded,D:\LSH\LSH\实验\聚焦信号分类实验\1\ROI_x617_y79_w21_h19_20260626_171804\01_valid_raw_and_ifft\mat\curve_r0081_c0627_idx000053.mat,D:\LSH\LSH\实验\聚焦信号分类实验\1\ROI_x617_y79_w21_h19_20260626_171804\01_valid_raw_and_ifft\mat,valid_folder,valid,8.88611670656933,8.70859276212676,0.0385631307922881,0.0223048945158306,0.00234058114959305,0.931179450832432
660,677,677,81,628,678,Good,1,slightly degraded,D:\LSH\LSH\实验\聚焦信号分类实验\1\ROI_x617_y79_w21_h19_20260626_171804\01_valid_raw_and_ifft\mat\curve_r0081_c0628_idx000054.mat,D:\LSH\LSH\实验\聚焦信号分类实验\1\ROI_x617_y79_w21_h19_20260626_171804\01_valid_raw_and_ifft\mat,valid_folder,valid,9.08594162064307,8.98143510615299,0.0124419524681005,0.0089429506685044,0.000707634328932204,0.959933938516617
661,678,678,81,629,679,Good,1,slightly degraded,D:\LSH\LSH\实验\聚焦信号分类实验\1\ROI_x617_y79_w21_h19_20260626_171804\01_valid_raw_and_ifft\mat\curve_r0081_c0629_idx000055.mat,D:\LSH\LSH\实验\聚焦信号分类实验\1\ROI_x617_y79_w21_h19_20260626_171804\01_valid_raw_and_ifft\mat,valid_folder,valid,8.69338276885727,8.83243801599025,0.00372634012152092,0.00246358221919747,0.000231340504230514,0.934054005961265
662,679,679,81,630,680,Good,1,slightly degraded,D:\LSH\LSH\实验\聚焦信号分类实验\1\ROI_x617_y79_w21_h19_20260626_171804\01_valid_raw_and_ifft\mat\curve_r0081_c0630_idx000056.mat,D:\LSH\LSH\实验\聚焦信号分类实验\1\ROI_x617_y79_w21_h19_20260626_171804\01_valid_raw_and_ifft\mat,valid_folder,valid,9.08110801032289,9.06065303744238,0.00193836563412798,0.00106833569538458,0.00014451377810941,0.845154504836091
663,680,680,81,632,681,Good,1,slightly degraded,D:\LSH\LSH\实验\聚焦信号分类实验\1\ROI_x617_y79_w21_h19_20260626_171804\01_valid_raw_and_ifft\mat\curve_r0081_c0632_idx000058.mat,D:\LSH\LSH\实验\聚焦信号分类实验\1\ROI_x617_y79_w21_h19_20260626_171804\01_valid_raw_and_ifft\mat,valid_folder,valid,8.91319536733185,8.34830241108121,0.00186328279893054,0.00122383549927988,0.000121281394159212,0.91821437537981
664,681,681,81,633,682,Good,1,slightly degraded,D:\LSH\LSH\实验\聚焦信号分类实验\1\ROI_x617_y79_w21_h19_20260626_171804\01_valid_raw_and_ifft\mat\curve_r0081_c0633_idx000059.mat,D:\LSH\LSH\实验\聚焦信号分类实验\1\ROI_x617_y79_w21_h19_20260626_171804\01_valid_raw_and_ifft\mat,valid_folder,valid,8.81708150595204,8.25554543037816,0.00197540580718465,0.00130838295616886,0.000132903995100323,0.910065843688113
665,682,682,81,635,683,Good,1,slightly degraded,D:\LSH\LSH\实验\聚焦信号分类实验\1\ROI_x617_y79_w21_h19_20260626_171804\01_valid_raw_and_ifft\mat\curve_r0081_c0635_idx000061.mat,D:\LSH\LSH\实验\聚焦信号分类实验\1\ROI_x617_y79_w21_h19_20260626_171804\01_valid_raw_and_ifft\mat,valid_folder,valid,7.68759812321135,7.60681734963523,0.00252218495992372,0.00170107993039287,0.000159653024012932,0.927391493187629
666,683,683,81,636,684,Good,1,slightly degraded,D:\LSH\LSH\实验\聚焦信号分类实验\1\ROI_x617_y79_w21_h19_20260626_171804\01_valid_raw_and_ifft\mat\curve_r0081_c0636_idx000062.mat,D:\LSH\LSH\实验\聚焦信号分类实验\1\ROI_x617_y79_w21_h19_20260626_171804\01_valid_raw_and_ifft\mat,valid_folder,valid,8.01057380761593,8.01507393382082,0.00786534870582181,0.0056318358669426,0.000434316971353459,0.960633090636878
667,684,684,81,637,685,Good,1,slightly degraded,D:\LSH\LSH\实验\聚焦信号分类实验\1\ROI_x617_y79_w21_h19_20260626_171804\01_valid_raw_and_ifft\mat\curve_r0081_c0637_idx000063.mat,D:\LSH\LSH\实验\聚焦信号分类实验\1\ROI_x617_y79_w21_h19_20260626_171804\01_valid_raw_and_ifft\mat,valid_folder,valid,8.14420843883016,8.17408066185405,0.0150912351913041,0.00962131877640994,0.000883451112432814,0.946191802275828
668,686,686,82,622,687,Good,1,slightly degraded,D:\LSH\LSH\实验\聚焦信号分类实验\1\ROI_x617_y79_w21_h19_20260626_171804\01_valid_raw_and_ifft\mat\curve_r0082_c0622_idx000069.mat,D:\LSH\LSH\实验\聚焦信号分类实验\1\ROI_x617_y79_w21_h19_20260626_171804\01_valid_raw_and_ifft\mat,valid_folder,valid,8.94459551501685,8.97893484711202,0.00199560043588388,0.00120141552048532,0.000137120571462372,0.892199638694603
669,687,687,82,623,688,Good,1,slightly degraded,D:\LSH\LSH\实验\聚焦信号分类实验\1\ROI_x617_y79_w21_h19_20260626_171804\01_valid_raw_and_ifft\mat\curve_r0082_c0623_idx000070.mat,D:\LSH\LSH\实验\聚焦信号分类实验\1\ROI_x617_y79_w21_h19_20260626_171804\01_valid_raw_and_ifft\mat,valid_folder,valid,8.97890021503902,9.01872098405248,0.00252914072975062,0.00137638447593175,0.000175519678495708,0.870165350264879
670,688,688,82,624,689,Good,1,slightly degraded,D:\LSH\LSH\实验\聚焦信号分类实验\1\ROI_x617_y79_w21_h19_20260626_171804\01_valid_raw_and_ifft\mat\curve_r0082_c0624_idx000071.mat,D:\LSH\LSH\实验\聚焦信号分类实验\1\ROI_x617_y79_w21_h19_20260626_171804\01_valid_raw_and_ifft\mat,valid_folder,valid,8.99421286132294,8.96676668550828,0.00570095981006575,0.00265599971234505,0.000420458101945616,0.834333471218543
671,689,689,82,625,690,Good,1,slightly degraded,D:\LSH\LSH\实验\聚焦信号分类实验\1\ROI_x617_y79_w21_h19_20260626_171804\01_valid_raw_and_ifft\mat\curve_r0082_c0625_idx000072.mat,D:\LSH\LSH\实验\聚焦信号分类实验\1\ROI_x617_y79_w21_h19_20260626_171804\01_valid_raw_and_ifft\mat,valid_folder,valid,9.02199791159067,8.99005775168357,0.0439351837699379,0.0182626706133313,0.0035341469613313,0.800113476171356
672,690,690,82,626,691,Good,1,slightly degraded,D:\LSH\LSH\实验\聚焦信号分类实验\1\ROI_x617_y79_w21_h19_20260626_171804\01_valid_raw_and_ifft\mat\curve_r0082_c0626_idx000073.mat,D:\LSH\LSH\实验\聚焦信号分类实验\1\ROI_x617_y79_w21_h19_20260626_171804\01_valid_raw_and_ifft\mat,valid_folder,valid,8.91516558700914,8.82342893128789,0.0802958698151127,0.0420714541860629,0.0054147680184331,0.902208002683683
673,691,691,82,627,692,Good,1,slightly degraded,D:\LSH\LSH\实验\聚焦信号分类实验\1\ROI_x617_y79_w21_h19_20260626_171804\01_valid_raw_and_ifft\mat\curve_r0082_c0627_idx000074.mat,D:\LSH\LSH\实验\聚焦信号分类实验\1\ROI_x617_y79_w21_h19_20260626_171804\01_valid_raw_and_ifft\mat,valid_folder,valid,8.86702816360003,8.74881918752935,0.0704942799848701,0.0381239150786899,0.00465560534572943,0.910775164165816
674,692,692,82,628,693,Good,1,slightly degraded,D:\LSH\LSH\实验\聚焦信号分类实验\1\ROI_x617_y79_w21_h19_20260626_171804\01_valid_raw_and_ifft\mat\curve_r0082_c0628_idx000075.mat,D:\LSH\LSH\实验\聚焦信号分类实验\1\ROI_x617_y79_w21_h19_20260626_171804\01_valid_raw_and_ifft\mat,valid_folder,valid,8.79133417316418,8.76661348836207,0.0272283187707145,0.016437447116401,0.00173552373067814,0.932001126362439
675,693,693,82,629,694,Good,1,slightly degraded,D:\LSH\LSH\实验\聚焦信号分类实验\1\ROI_x617_y79_w21_h19_20260626_171804\01_valid_raw_and_ifft\mat\curve_r0082_c0629_idx000076.mat,D:\LSH\LSH\实验\聚焦信号分类实验\1\ROI_x617_y79_w21_h19_20260626_171804\01_valid_raw_and_ifft\mat,valid_folder,valid,8.36983922292073,8.6798241217058,0.00460985729132005,0.0028371355841601,0.000300458839392478,0.920102552389421
676,694,694,82,630,695,Good,1,slightly degraded,D:\LSH\LSH\实验\聚焦信号分类实验\1\ROI_x617_y79_w21_h19_20260626_171804\01_valid_raw_and_ifft\mat\curve_r0082_c0630_idx000077.mat,D:\LSH\LSH\实验\聚焦信号分类实验\1\ROI_x617_y79_w21_h19_20260626_171804\01_valid_raw_and_ifft\mat,valid_folder,valid,8.98105356585096,8.69066182459453,0.00158438393820473,0.00101161462204552,0.000105879507788897,0.900550892038237
677,695,695,82,631,696,Good,1,slightly degraded,D:\LSH\LSH\实验\聚焦信号分类实验\1\ROI_x617_y79_w21_h19_20260626_171804\01_valid_raw_and_ifft\mat\curve_r0082_c0631_idx000078.mat,D:\LSH\LSH\实验\聚焦信号分类实验\1\ROI_x617_y79_w21_h19_20260626_171804\01_valid_raw_and_ifft\mat,valid_folder,valid,8.93167007079889,8.23902146056265,0.00160637767182697,0.000887706472753325,0.000123821094122718,0.842150129013985
678,696,696,82,632,697,Good,1,slightly degraded,D:\LSH\LSH\实验\聚焦信号分类实验\1\ROI_x617_y79_w21_h19_20260626_171804\01_valid_raw_and_ifft\mat\curve_r0082_c0632_idx000079.mat,D:\LSH\LSH\实验\聚焦信号分类实验\1\ROI_x617_y79_w21_h19_20260626_171804\01_valid_raw_and_ifft\mat,valid_folder,valid,8.86938782149662,8.28718747850545,0.00256926430534158,0.00142688841493529,0.000187865013250152,0.871027435759931
679,697,697,82,633,698,Good,1,slightly degraded,D:\LSH\LSH\实验\聚焦信号分类实验\1\ROI_x617_y79_w21_h19_20260626_171804\01_valid_raw_and_ifft\mat\curve_r0082_c0633_idx000080.mat,D:\LSH\LSH\实验\聚焦信号分类实验\1\ROI_x617_y79_w21_h19_20260626_171804\01_valid_raw_and_ifft\mat,valid_folder,valid,8.84813448967871,8.21556591157599,0.00239693050572223,0.00141614294480238,0.000179308576804874,0.874775251662433
680,698,698,82,635,699,Good,1,slightly degraded,D:\LSH\LSH\实验\聚焦信号分类实验\1\ROI_x617_y79_w21_h19_20260626_171804\01_valid_raw_and_ifft\mat\curve_r0082_c0635_idx000082.mat,D:\LSH\LSH\实验\聚焦信号分类实验\1\ROI_x617_y79_w21_h19_20260626_171804\01_valid_raw_and_ifft\mat,valid_folder,valid,8.2407105974249,8.1137302166797,0.0023869773760016,0.00148490509822597,0.000170862485090839,0.893208846631591
681,699,699,82,636,700,Good,1,slightly degraded,D:\LSH\LSH\实验\聚焦信号分类实验\1\ROI_x617_y79_w21_h19_20260626_171804\01_valid_raw_and_ifft\mat\curve_r0082_c0636_idx000083.mat,D:\LSH\LSH\实验\聚焦信号分类实验\1\ROI_x617_y79_w21_h19_20260626_171804\01_valid_raw_and_ifft\mat,valid_folder,valid,8.45084596151598,8.22494744725297,0.0171476429144167,0.0113366342751714,0.00118644630576557,0.932918972782872
682,700,700,82,637,701,Good,1,slightly degraded,D:\LSH\LSH\实验\聚焦信号分类实验\1\ROI_x617_y79_w21_h19_20260626_171804\01_valid_raw_and_ifft\mat\curve_r0082_c0637_idx000084.mat,D:\LSH\LSH\实验\聚焦信号分类实验\1\ROI_x617_y79_w21_h19_20260626_171804\01_valid_raw_and_ifft\mat,valid_folder,valid,8.12015052931569,8.17006225665021,0.0304207930453358,0.0173669396452579,0.00195304594580682,0.923822301682855
683,701,701,83,617,702,Good,1,slightly degraded,D:\LSH\LSH\实验\聚焦信号分类实验\1\ROI_x617_y79_w21_h19_20260626_171804\01_valid_raw_and_ifft\mat\curve_r0083_c0617_idx000085.mat,D:\LSH\LSH\实验\聚焦信号分类实验\1\ROI_x617_y79_w21_h19_20260626_171804\01_valid_raw_and_ifft\mat,valid_folder,valid,9.73396108932414,9.78962542025269,0.00623732119393345,0.00402238662052678,0.000368063999436881,0.941528985124906
684,702,702,83,618,703,Good,1,slightly degraded,D:\LSH\LSH\实验\聚焦信号分类实验\1\ROI_x617_y79_w21_h19_20260626_171804\01_valid_raw_and_ifft\mat\curve_r0083_c0618_idx000086.mat,D:\LSH\LSH\实验\聚焦信号分类实验\1\ROI_x617_y79_w21_h19_20260626_171804\01_valid_raw_and_ifft\mat,valid_folder,valid,11.0713401794357,10.1232236471196,0.00164813952675529,0.00130326899214847,0.000114108843130649,0.940873186631258
685,703,703,83,622,704,Good,1,slightly degraded,D:\LSH\LSH\实验\聚焦信号分类实验\1\ROI_x617_y79_w21_h19_20260626_171804\01_valid_raw_and_ifft\mat\curve_r0083_c0622_idx000090.mat,D:\LSH\LSH\实验\聚焦信号分类实验\1\ROI_x617_y79_w21_h19_20260626_171804\01_valid_raw_and_ifft\mat,valid_folder,valid,9.13738030253967,9.32418719975777,0.00166044791067279,0.000992187553258009,0.00012138587103597,0.866321830236935
686,704,704,83,623,705,Good,1,slightly degraded,D:\LSH\LSH\实验\聚焦信号分类实验\1\ROI_x617_y79_w21_h19_20260626_171804\01_valid_raw_and_ifft\mat\curve_r0083_c0623_idx000091.mat,D:\LSH\LSH\实验\聚焦信号分类实验\1\ROI_x617_y79_w21_h19_20260626_171804\01_valid_raw_and_ifft\mat,valid_folder,valid,9.14764528697583,9.33283360308297,0.00201023628626718,0.001107018329745,0.000147682216839832,0.851565116980818
687,705,705,83,624,706,Good,1,slightly degraded,D:\LSH\LSH\实验\聚焦信号分类实验\1\ROI_x617_y79_w21_h19_20260626_171804\01_valid_raw_and_ifft\mat\curve_r0083_c0624_idx000092.mat,D:\LSH\LSH\实验\聚焦信号分类实验\1\ROI_x617_y79_w21_h19_20260626_171804\01_valid_raw_and_ifft\mat,valid_folder,valid,9.01473200661058,8.96390500645764,0.00471960235069346,0.00223699179356543,0.000344354388149622,0.836525551962295
688,706,706,83,625,707,Good,1,slightly degraded,D:\LSH\LSH\实验\聚焦信号分类实验\1\ROI_x617_y79_w21_h19_20260626_171804\01_valid_raw_and_ifft\mat\curve_r0083_c0625_idx000093.mat,D:\LSH\LSH\实验\聚焦信号分类实验\1\ROI_x617_y79_w21_h19_20260626_171804\01_valid_raw_and_ifft\mat,valid_folder,valid,8.98234836834108,8.84647388971787,0.0210791083373051,0.00952097863010938,0.00158752961786617,0.835541330466151
689,707,707,83,626,708,Good,1,slightly degraded,D:\LSH\LSH\实验\聚焦信号分类实验\1\ROI_x617_y79_w21_h19_20260626_171804\01_valid_raw_and_ifft\mat\curve_r0083_c0626_idx000094.mat,D:\LSH\LSH\实验\聚焦信号分类实验\1\ROI_x617_y79_w21_h19_20260626_171804\01_valid_raw_and_ifft\mat,valid_folder,valid,8.86420824312475,8.74434054725314,0.0620463135817395,0.0339530425919047,0.00409804124157089,0.913682210254608
690,708,708,83,627,709,Good,1,slightly degraded,D:\LSH\LSH\实验\聚焦信号分类实验\1\ROI_x617_y79_w21_h19_20260626_171804\01_valid_raw_and_ifft\mat\curve_r0083_c0627_idx000095.mat,D:\LSH\LSH\实验\聚焦信号分类实验\1\ROI_x617_y79_w21_h19_20260626_171804\01_valid_raw_and_ifft\mat,valid_folder,valid,8.86890421022112,8.74349649415443,0.0620510276972988,0.0336466082300444,0.00411101270752684,0.911035802876188
691,709,709,83,628,710,Good,1,slightly degraded,D:\LSH\LSH\实验\聚焦信号分类实验\1\ROI_x617_y79_w21_h19_20260626_171804\01_valid_raw_and_ifft\mat\curve_r0083_c0628_idx000096.mat,D:\LSH\LSH\实验\聚焦信号分类实验\1\ROI_x617_y79_w21_h19_20260626_171804\01_valid_raw_and_ifft\mat,valid_folder,valid,8.84312782045238,8.77548834545216,0.0247373100727832,0.013790946842425,0.00165735227505584,0.912895184569319
692,710,710,83,629,711,Good,1,slightly degraded,D:\LSH\LSH\实验\聚焦信号分类实验\1\ROI_x617_y79_w21_h19_20260626_171804\01_valid_raw_and_ifft\mat\curve_r0083_c0629_idx000097.mat,D:\LSH\LSH\实验\聚焦信号分类实验\1\ROI_x617_y79_w21_h19_20260626_171804\01_valid_raw_and_ifft\mat,valid_folder,valid,8.19010565422981,8.52181554701929,0.00299500227155479,0.00174863919809513,0.000192539912050651,0.907538292446078
693,711,711,83,631,712,Good,1,slightly degraded,D:\LSH\LSH\实验\聚焦信号分类实验\1\ROI_x617_y79_w21_h19_20260626_171804\01_valid_raw_and_ifft\mat\curve_r0083_c0631_idx000099.mat,D:\LSH\LSH\实验\聚焦信号分类实验\1\ROI_x617_y79_w21_h19_20260626_171804\01_valid_raw_and_ifft\mat,valid_folder,valid,8.86293717177055,8.2470324312539,0.00115296731627365,0.000708652418298221,7.78508901740337e-05,0.886112529316753
694,712,712,83,632,713,Good,1,slightly degraded,D:\LSH\LSH\实验\聚焦信号分类实验\1\ROI_x617_y79_w21_h19_20260626_171804\01_valid_raw_and_ifft\mat\curve_r0083_c0632_idx000100.mat,D:\LSH\LSH\实验\聚焦信号分类实验\1\ROI_x617_y79_w21_h19_20260626_171804\01_valid_raw_and_ifft\mat,valid_folder,valid,8.73451474289231,8.34862209547847,0.00200687391379993,0.00115703747519538,0.000148887226730598,0.877349394946999
695,713,713,83,635,714,Good,1,slightly degraded,D:\LSH\LSH\实验\聚焦信号分类实验\1\ROI_x617_y79_w21_h19_20260626_171804\01_valid_raw_and_ifft\mat\curve_r0083_c0635_idx000103.mat,D:\LSH\LSH\实验\聚焦信号分类实验\1\ROI_x617_y79_w21_h19_20260626_171804\01_valid_raw_and_ifft\mat,valid_folder,valid,8.346466443271,8.27723122932092,0.00283473651190839,0.0017176075136877,0.000202139387515057,0.894368327776136
696,714,714,83,636,715,Good,1,slightly degraded,D:\LSH\LSH\实验\聚焦信号分类实验\1\ROI_x617_y79_w21_h19_20260626_171804\01_valid_raw_and_ifft\mat\curve_r0083_c0636_idx000104.mat,D:\LSH\LSH\实验\聚焦信号分类实验\1\ROI_x617_y79_w21_h19_20260626_171804\01_valid_raw_and_ifft\mat,valid_folder,valid,8.26688836937116,8.2264213838477,0.0217209984999384,0.0131393007557448,0.00148384903064254,0.923496638473744
697,715,715,83,637,716,Good,1,slightly degraded,D:\LSH\LSH\实验\聚焦信号分类实验\1\ROI_x617_y79_w21_h19_20260626_171804\01_valid_raw_and_ifft\mat\curve_r0083_c0637_idx000105.mat,D:\LSH\LSH\实验\聚焦信号分类实验\1\ROI_x617_y79_w21_h19_20260626_171804\01_valid_raw_and_ifft\mat,valid_folder,valid,8.11573357392147,8.18421518339447,0.0376357782025352,0.0197291772156075,0.0025910073894571,0.898591832337606
698,716,716,84,617,717,Good,1,slightly degraded,D:\LSH\LSH\实验\聚焦信号分类实验\1\ROI_x617_y79_w21_h19_20260626_171804\01_valid_raw_and_ifft\mat\curve_r0084_c0617_idx000106.mat,D:\LSH\LSH\实验\聚焦信号分类实验\1\ROI_x617_y79_w21_h19_20260626_171804\01_valid_raw_and_ifft\mat,valid_folder,valid,9.61081428102337,9.63805730470399,0.0192996408295055,0.0116878427427093,0.00131092888497471,0.922434067638174
699,717,717,84,618,718,Good,1,slightly degraded,D:\LSH\LSH\实验\聚焦信号分类实验\1\ROI_x617_y79_w21_h19_20260626_171804\01_valid_raw_and_ifft\mat\curve_r0084_c0618_idx000107.mat,D:\LSH\LSH\实验\聚焦信号分类实验\1\ROI_x617_y79_w21_h19_20260626_171804\01_valid_raw_and_ifft\mat,valid_folder,valid,10.0190989704693,9.99274583515915,0.00555582210867996,0.00297713433731715,0.000354271607793116,0.897217821585265
700,718,718,84,619,719,Good,1,slightly degraded,D:\LSH\LSH\实验\聚焦信号分类实验\1\ROI_x617_y79_w21_h19_20260626_171804\01_valid_raw_and_ifft\mat\curve_r0084_c0619_idx000108.mat,D:\LSH\LSH\实验\聚焦信号分类实验\1\ROI_x617_y79_w21_h19_20260626_171804\01_valid_raw_and_ifft\mat,valid_folder,valid,9.88176066522053,9.70385899589682,0.0019801921452658,0.00113500062754074,0.000138440871505896,0.875894837355944
701,719,719,84,624,720,Good,1,slightly degraded,D:\LSH\LSH\实验\聚焦信号分类实验\1\ROI_x617_y79_w21_h19_20260626_171804\01_valid_raw_and_ifft\mat\curve_r0084_c0624_idx000113.mat,D:\LSH\LSH\实验\聚焦信号分类实验\1\ROI_x617_y79_w21_h19_20260626_171804\01_valid_raw_and_ifft\mat,valid_folder,valid,9.12691209059465,8.99690342085353,0.00179333616131413,0.00114173315864921,0.000117755017655326,0.904929653807401
702,720,720,84,625,721,Good,1,slightly degraded,D:\LSH\LSH\实验\聚焦信号分类实验\1\ROI_x617_y79_w21_h19_20260626_171804\01_valid_raw_and_ifft\mat\curve_r0084_c0625_idx000114.mat,D:\LSH\LSH\实验\聚焦信号分类实验\1\ROI_x617_y79_w21_h19_20260626_171804\01_valid_raw_and_ifft\mat,valid_folder,valid,8.91014963741158,8.58213178349763,0.00247233727595141,0.00155391767771604,0.000153548397717549,0.920556999774748
703,721,721,84,626,722,Good,1,slightly degraded,D:\LSH\LSH\实验\聚焦信号分类实验\1\ROI_x617_y79_w21_h19_20260626_171804\01_valid_raw_and_ifft\mat\curve_r0084_c0626_idx000115.mat,D:\LSH\LSH\实验\聚焦信号分类实验\1\ROI_x617_y79_w21_h19_20260626_171804\01_valid_raw_and_ifft\mat,valid_folder,valid,8.84151002731605,8.67748747374784,0.00641494640960237,0.00389509986977703,0.000386294974066988,0.935571882665352
704,722,722,84,627,723,Good,1,slightly degraded,D:\LSH\LSH\实验\聚焦信号分类实验\1\ROI_x617_y79_w21_h19_20260626_171804\01_valid_raw_and_ifft\mat\curve_r0084_c0627_idx000116.mat,D:\LSH\LSH\实验\聚焦信号分类实验\1\ROI_x617_y79_w21_h19_20260626_171804\01_valid_raw_and_ifft\mat,valid_folder,valid,8.91264995476188,8.76024329099902,0.00810124911666008,0.00440504690954029,0.000526502116360176,0.905077079494662
705,723,723,84,628,724,Good,1,slightly degraded,D:\LSH\LSH\实验\聚焦信号分类实验\1\ROI_x617_y79_w21_h19_20260626_171804\01_valid_raw_and_ifft\mat\curve_r0084_c0628_idx000117.mat,D:\LSH\LSH\实验\聚焦信号分类实验\1\ROI_x617_y79_w21_h19_20260626_171804\01_valid_raw_and_ifft\mat,valid_folder,valid,8.93862454224807,8.86110087754299,0.00441958104461092,0.00243493998581771,0.000284995378489214,0.899665133531289
706,724,724,84,632,725,Good,1,slightly degraded,D:\LSH\LSH\实验\聚焦信号分类实验\1\ROI_x617_y79_w21_h19_20260626_171804\01_valid_raw_and_ifft\mat\curve_r0084_c0632_idx000121.mat,D:\LSH\LSH\实验\聚焦信号分类实验\1\ROI_x617_y79_w21_h19_20260626_171804\01_valid_raw_and_ifft\mat,valid_folder,valid,8.77462163421602,8.66358128538783,0.00147466499748401,0.000852609906948846,0.000115065543391631,0.856727821435377
707,725,725,84,636,726,Good,1,slightly degraded,D:\LSH\LSH\实验\聚焦信号分类实验\1\ROI_x617_y79_w21_h19_20260626_171804\01_valid_raw_and_ifft\mat\curve_r0084_c0636_idx000125.mat,D:\LSH\LSH\实验\聚焦信号分类实验\1\ROI_x617_y79_w21_h19_20260626_171804\01_valid_raw_and_ifft\mat,valid_folder,valid,8.05307825959261,8.06861363216525,0.0135732007240405,0.00618399112537757,0.0010228557189633,0.839872030955475
708,726,726,84,637,727,Good,1,slightly degraded,D:\LSH\LSH\实验\聚焦信号分类实验\1\ROI_x617_y79_w21_h19_20260626_171804\01_valid_raw_and_ifft\mat\curve_r0084_c0637_idx000126.mat,D:\LSH\LSH\实验\聚焦信号分类实验\1\ROI_x617_y79_w21_h19_20260626_171804\01_valid_raw_and_ifft\mat,valid_folder,valid,8.03462118999426,8.06606507870311,0.0262675864222575,0.0112108819579418,0.0020716112908355,0.816052588154051
709,727,727,85,617,728,Good,1,slightly degraded,D:\LSH\LSH\实验\聚焦信号分类实验\1\ROI_x617_y79_w21_h19_20260626_171804\01_valid_raw_and_ifft\mat\curve_r0085_c0617_idx000127.mat,D:\LSH\LSH\实验\聚焦信号分类实验\1\ROI_x617_y79_w21_h19_20260626_171804\01_valid_raw_and_ifft\mat,valid_folder,valid,9.79499933125555,9.70715420790478,0.0184678164073877,0.0109978818507848,0.00117493427658062,0.92999599610328
710,728,728,85,618,729,Good,1,slightly degraded,D:\LSH\LSH\实验\聚焦信号分类实验\1\ROI_x617_y79_w21_h19_20260626_171804\01_valid_raw_and_ifft\mat\curve_r0085_c0618_idx000128.mat,D:\LSH\LSH\实验\聚焦信号分类实验\1\ROI_x617_y79_w21_h19_20260626_171804\01_valid_raw_and_ifft\mat,valid_folder,valid,10.0232505146497,9.98221642662238,0.00745031982946668,0.00330736711174375,0.000576934809393462,0.818930061781482
711,729,729,85,632,730,Good,1,slightly degraded,D:\LSH\LSH\实验\聚焦信号分类实验\1\ROI_x617_y79_w21_h19_20260626_171804\01_valid_raw_and_ifft\mat\curve_r0085_c0632_idx000142.mat,D:\LSH\LSH\实验\聚焦信号分类实验\1\ROI_x617_y79_w21_h19_20260626_171804\01_valid_raw_and_ifft\mat,valid_folder,valid,9.00221533777558,9.04384715537537,0.00171496009585865,0.000961141265096066,0.000116820652411861,0.878750305818089
712,730,730,85,633,731,Good,1,slightly degraded,D:\LSH\LSH\实验\聚焦信号分类实验\1\ROI_x617_y79_w21_h19_20260626_171804\01_valid_raw_and_ifft\mat\curve_r0085_c0633_idx000143.mat,D:\LSH\LSH\实验\聚焦信号分类实验\1\ROI_x617_y79_w21_h19_20260626_171804\01_valid_raw_and_ifft\mat,valid_folder,valid,8.88727256855679,9.01383680988355,0.00136675748542815,0.000933806761248124,9.82905644632658e-05,0.900302804690907
713,731,731,86,617,732,Good,1,slightly degraded,D:\LSH\LSH\实验\聚焦信号分类实验\1\ROI_x617_y79_w21_h19_20260626_171804\01_valid_raw_and_ifft\mat\curve_r0086_c0617_idx000148.mat,D:\LSH\LSH\实验\聚焦信号分类实验\1\ROI_x617_y79_w21_h19_20260626_171804\01_valid_raw_and_ifft\mat,valid_folder,valid,9.82198847574052,9.60931383904154,0.00563941360102802,0.00394699281884396,0.000321622161029142,0.955533389483892
714,732,732,86,620,733,Good,1,slightly degraded,D:\LSH\LSH\实验\聚焦信号分类实验\1\ROI_x617_y79_w21_h19_20260626_171804\01_valid_raw_and_ifft\mat\curve_r0086_c0620_idx000151.mat,D:\LSH\LSH\实验\聚焦信号分类实验\1\ROI_x617_y79_w21_h19_20260626_171804\01_valid_raw_and_ifft\mat,valid_folder,valid,9.98437646713262,10.0018663264253,0.0062212128479888,0.00312035292671342,0.00043179952823668,0.872512005677041
715,733,733,86,621,734,Good,1,slightly degraded,D:\LSH\LSH\实验\聚焦信号分类实验\1\ROI_x617_y79_w21_h19_20260626_171804\01_valid_raw_and_ifft\mat\curve_r0086_c0621_idx000152.mat,D:\LSH\LSH\实验\聚焦信号分类实验\1\ROI_x617_y79_w21_h19_20260626_171804\01_valid_raw_and_ifft\mat,valid_folder,valid,9.94586961113833,9.93378084026699,0.0103053335518837,0.00504596601763417,0.00072784965312259,0.869543593944541
716,734,734,86,622,735,Good,1,slightly degraded,D:\LSH\LSH\实验\聚焦信号分类实验\1\ROI_x617_y79_w21_h19_20260626_171804\01_valid_raw_and_ifft\mat\curve_r0086_c0622_idx000153.mat,D:\LSH\LSH\实验\聚焦信号分类实验\1\ROI_x617_y79_w21_h19_20260626_171804\01_valid_raw_and_ifft\mat,valid_folder,valid,9.83131103088251,9.78583519528571,0.0152143409794634,0.00806794387169264,0.00108263587057521,0.89186002314545
717,735,735,86,623,736,Good,1,slightly degraded,D:\LSH\LSH\实验\聚焦信号分类实验\1\ROI_x617_y79_w21_h19_20260626_171804\01_valid_raw_and_ifft\mat\curve_r0086_c0623_idx000154.mat,D:\LSH\LSH\实验\聚焦信号分类实验\1\ROI_x617_y79_w21_h19_20260626_171804\01_valid_raw_and_ifft\mat,valid_folder,valid,9.68396958924637,9.74387239352597,0.00959518843636183,0.00567984369869495,0.000686407487753137,0.909215792529681
718,736,736,86,628,737,Good,1,slightly degraded,D:\LSH\LSH\实验\聚焦信号分类实验\1\ROI_x617_y79_w21_h19_20260626_171804\01_valid_raw_and_ifft\mat\curve_r0086_c0628_idx000159.mat,D:\LSH\LSH\实验\聚焦信号分类实验\1\ROI_x617_y79_w21_h19_20260626_171804\01_valid_raw_and_ifft\mat,valid_folder,valid,9.08200878400939,9.20713953669854,0.00210291975028015,0.00118118850961044,0.000138015148280217,0.879187711759633
719,737,737,86,629,738,Good,1,slightly degraded,D:\LSH\LSH\实验\聚焦信号分类实验\1\ROI_x617_y79_w21_h19_20260626_171804\01_valid_raw_and_ifft\mat\curve_r0086_c0629_idx000160.mat,D:\LSH\LSH\实验\聚焦信号分类实验\1\ROI_x617_y79_w21_h19_20260626_171804\01_valid_raw_and_ifft\mat,valid_folder,valid,9.17963639507295,9.36617992111476,0.00162487600552715,0.00101222081427789,0.000101725640351826,0.906923524755473
720,738,738,87,618,740,Good,1,slightly degraded,D:\LSH\LSH\实验\聚焦信号分类实验\1\ROI_x617_y79_w21_h19_20260626_171804\01_valid_raw_and_ifft\mat\curve_r0087_c0618_idx000170.mat,D:\LSH\LSH\实验\聚焦信号分类实验\1\ROI_x617_y79_w21_h19_20260626_171804\01_valid_raw_and_ifft\mat,valid_folder,valid,10.0825048954728,10.3118831190999,0.00521033420211697,0.00264403078393319,0.000358759999747719,0.873106305295616
721,739,739,87,619,741,Good,1,slightly degraded,D:\LSH\LSH\实验\聚焦信号分类实验\1\ROI_x617_y79_w21_h19_20260626_171804\01_valid_raw_and_ifft\mat\curve_r0087_c0619_idx000171.mat,D:\LSH\LSH\实验\聚焦信号分类实验\1\ROI_x617_y79_w21_h19_20260626_171804\01_valid_raw_and_ifft\mat,valid_folder,valid,10.0039792504598,10.1538676339916,0.00746576441234826,0.00369913656323528,0.000527108861528361,0.86434999440028
722,740,740,87,620,742,Good,1,slightly degraded,D:\LSH\LSH\实验\聚焦信号分类实验\1\ROI_x617_y79_w21_h19_20260626_171804\01_valid_raw_and_ifft\mat\curve_r0087_c0620_idx000172.mat,D:\LSH\LSH\实验\聚焦信号分类实验\1\ROI_x617_y79_w21_h19_20260626_171804\01_valid_raw_and_ifft\mat,valid_folder,valid,9.92904755081045,9.90770269058106,0.0117049982095141,0.00578897009608628,0.000816290921466057,0.872933589375246
723,741,741,87,621,743,Good,1,slightly degraded,D:\LSH\LSH\实验\聚焦信号分类实验\1\ROI_x617_y79_w21_h19_20260626_171804\01_valid_raw_and_ifft\mat\curve_r0087_c0621_idx000173.mat,D:\LSH\LSH\实验\聚焦信号分类实验\1\ROI_x617_y79_w21_h19_20260626_171804\01_valid_raw_and_ifft\mat,valid_folder,valid,9.96494604173162,9.92808348486278,0.0162150729082751,0.0072858117572982,0.00122052934459102,0.837432536441576
724,742,742,87,622,744,Good,1,slightly degraded,D:\LSH\LSH\实验\聚焦信号分类实验\1\ROI_x617_y79_w21_h19_20260626_171804\01_valid_raw_and_ifft\mat\curve_r0087_c0622_idx000174.mat,D:\LSH\LSH\实验\聚焦信号分类实验\1\ROI_x617_y79_w21_h19_20260626_171804\01_valid_raw_and_ifft\mat,valid_folder,valid,9.88890547379932,9.81971448604524,0.0201619481646201,0.00981937498884057,0.00146842137280786,0.869590767913982
725,743,743,87,623,745,Good,1,slightly degraded,D:\LSH\LSH\实验\聚焦信号分类实验\1\ROI_x617_y79_w21_h19_20260626_171804\01_valid_raw_and_ifft\mat\curve_r0087_c0623_idx000175.mat,D:\LSH\LSH\实验\聚焦信号分类实验\1\ROI_x617_y79_w21_h19_20260626_171804\01_valid_raw_and_ifft\mat,valid_folder,valid,9.73592655967273,9.71906562697517,0.011151553292908,0.00638845785022603,0.000780443236864736,0.909039419850755
726,744,744,87,628,746,Good,1,slightly degraded,D:\LSH\LSH\实验\聚焦信号分类实验\1\ROI_x617_y79_w21_h19_20260626_171804\01_valid_raw_and_ifft\mat\curve_r0087_c0628_idx000180.mat,D:\LSH\LSH\实验\聚焦信号分类实验\1\ROI_x617_y79_w21_h19_20260626_171804\01_valid_raw_and_ifft\mat,valid_folder,valid,9.03598841326859,9.09286528558906,0.00321080876120096,0.00190383054479565,0.000195177626981192,0.920577902372736
727,745,745,87,629,747,Good,1,slightly degraded,D:\LSH\LSH\实验\聚焦信号分类实验\1\ROI_x617_y79_w21_h19_20260626_171804\01_valid_raw_and_ifft\mat\curve_r0087_c0629_idx000181.mat,D:\LSH\LSH\实验\聚焦信号分类实验\1\ROI_x617_y79_w21_h19_20260626_171804\01_valid_raw_and_ifft\mat,valid_folder,valid,8.99776962198431,9.04733870387329,0.0026399674143325,0.00173871852786852,0.000157462672547941,0.938362989964738
728,746,746,87,630,748,Good,1,slightly degraded,D:\LSH\LSH\实验\聚焦信号分类实验\1\ROI_x617_y79_w21_h19_20260626_171804\01_valid_raw_and_ifft\mat\curve_r0087_c0630_idx000182.mat,D:\LSH\LSH\实验\聚焦信号分类实验\1\ROI_x617_y79_w21_h19_20260626_171804\01_valid_raw_and_ifft\mat,valid_folder,valid,9.82105178296736,9.43775951284794,0.00119772521522907,0.000806557265608167,7.71323993424188e-05,0.911451426526781
729,747,747,88,617,749,Good,1,slightly degraded,D:\LSH\LSH\实验\聚焦信号分类实验\1\ROI_x617_y79_w21_h19_20260626_171804\01_valid_raw_and_ifft\mat\curve_r0088_c0617_idx000190.mat,D:\LSH\LSH\实验\聚焦信号分类实验\1\ROI_x617_y79_w21_h19_20260626_171804\01_valid_raw_and_ifft\mat,valid_folder,valid,10.6785762554648,10.7278329042334,0.00994447577083079,0.00616590968165063,0.000677234686940386,0.924063317221541
730,748,748,88,618,750,Good,1,slightly degraded,D:\LSH\LSH\实验\聚焦信号分类实验\1\ROI_x617_y79_w21_h19_20260626_171804\01_valid_raw_and_ifft\mat\curve_r0088_c0618_idx000191.mat,D:\LSH\LSH\实验\聚焦信号分类实验\1\ROI_x617_y79_w21_h19_20260626_171804\01_valid_raw_and_ifft\mat,valid_folder,valid,10.0589711962826,10.1436399276969,0.0140709554965274,0.00714946868883771,0.000957585865879565,0.888398630397719
731,749,749,88,619,751,Good,1,slightly degraded,D:\LSH\LSH\实验\聚焦信号分类实验\1\ROI_x617_y79_w21_h19_20260626_171804\01_valid_raw_and_ifft\mat\curve_r0088_c0619_idx000192.mat,D:\LSH\LSH\实验\聚焦信号分类实验\1\ROI_x617_y79_w21_h19_20260626_171804\01_valid_raw_and_ifft\mat,valid_folder,valid,10.0044054955435,10.0683324867176,0.0157154865366841,0.00778944110149111,0.00108404087430161,0.880274950987968
732,750,750,88,620,752,Good,1,slightly degraded,D:\LSH\LSH\实验\聚焦信号分类实验\1\ROI_x617_y79_w21_h19_20260626_171804\01_valid_raw_and_ifft\mat\curve_r0088_c0620_idx000193.mat,D:\LSH\LSH\实验\聚焦信号分类实验\1\ROI_x617_y79_w21_h19_20260626_171804\01_valid_raw_and_ifft\mat,valid_folder,valid,9.96314283640789,9.96557694030415,0.0147971566183412,0.00713021198054527,0.00104544567389412,0.866647669666248
733,751,751,88,621,753,Good,1,slightly degraded,D:\LSH\LSH\实验\聚焦信号分类实验\1\ROI_x617_y79_w21_h19_20260626_171804\01_valid_raw_and_ifft\mat\curve_r0088_c0621_idx000194.mat,D:\LSH\LSH\实验\聚焦信号分类实验\1\ROI_x617_y79_w21_h19_20260626_171804\01_valid_raw_and_ifft\mat,valid_folder,valid,9.93912018584513,9.86966649941387,0.0137649814786525,0.00625236994749911,0.00103676517805782,0.84046248869569
734,752,752,88,622,754,Good,1,slightly degraded,D:\LSH\LSH\实验\聚焦信号分类实验\1\ROI_x617_y79_w21_h19_20260626_171804\01_valid_raw_and_ifft\mat\curve_r0088_c0622_idx000195.mat,D:\LSH\LSH\实验\聚焦信号分类实验\1\ROI_x617_y79_w21_h19_20260626_171804\01_valid_raw_and_ifft\mat,valid_folder,valid,9.89508380745979,9.80533090965326,0.0129095752434622,0.00608534751653692,0.000966675272320485,0.853010333320569
735,753,753,88,623,755,Good,1,slightly degraded,D:\LSH\LSH\实验\聚焦信号分类实验\1\ROI_x617_y79_w21_h19_20260626_171804\01_valid_raw_and_ifft\mat\curve_r0088_c0623_idx000196.mat,D:\LSH\LSH\实验\聚焦信号分类实验\1\ROI_x617_y79_w21_h19_20260626_171804\01_valid_raw_and_ifft\mat,valid_folder,valid,9.38979867642674,9.48253110906635,0.00373047538886396,0.00232350214307953,0.000247117926374855,0.922750220914887
736,754,754,88,628,756,Good,1,slightly degraded,D:\LSH\LSH\实验\聚焦信号分类实验\1\ROI_x617_y79_w21_h19_20260626_171804\01_valid_raw_and_ifft\mat\curve_r0088_c0628_idx000201.mat,D:\LSH\LSH\实验\聚焦信号分类实验\1\ROI_x617_y79_w21_h19_20260626_171804\01_valid_raw_and_ifft\mat,valid_folder,valid,9.13172116965929,9.15736359387332,0.00242825070450187,0.00159338568223987,0.00015778481445736,0.928156460077148
737,755,755,88,629,757,Good,1,slightly degraded,D:\LSH\LSH\实验\聚焦信号分类实验\1\ROI_x617_y79_w21_h19_20260626_171804\01_valid_raw_and_ifft\mat\curve_r0088_c0629_idx000202.mat,D:\LSH\LSH\实验\聚焦信号分类实验\1\ROI_x617_y79_w21_h19_20260626_171804\01_valid_raw_and_ifft\mat,valid_folder,valid,9.10367984152743,9.10798253918079,0.00247399917620785,0.00165644758493211,0.000157314432408161,0.933956042054798
738,756,756,88,630,758,Good,1,slightly degraded,D:\LSH\LSH\实验\聚焦信号分类实验\1\ROI_x617_y79_w21_h19_20260626_171804\01_valid_raw_and_ifft\mat\curve_r0088_c0630_idx000203.mat,D:\LSH\LSH\实验\聚焦信号分类实验\1\ROI_x617_y79_w21_h19_20260626_171804\01_valid_raw_and_ifft\mat,valid_folder,valid,9.74148400871179,9.29650179188279,0.00107614159422634,0.000741417117262405,7.66725222762212e-05,0.896288006927073
739,757,757,89,617,759,Good,1,slightly degraded,D:\LSH\LSH\实验\聚焦信号分类实验\1\ROI_x617_y79_w21_h19_20260626_171804\01_valid_raw_and_ifft\mat\curve_r0089_c0617_idx000211.mat,D:\LSH\LSH\实验\聚焦信号分类实验\1\ROI_x617_y79_w21_h19_20260626_171804\01_valid_raw_and_ifft\mat,valid_folder,valid,10.7404111108964,10.7846968636251,0.0116137071603704,0.00745169264177924,0.000770461704403618,0.933978831168146
740,758,758,89,618,760,Good,1,slightly degraded,D:\LSH\LSH\实验\聚焦信号分类实验\1\ROI_x617_y79_w21_h19_20260626_171804\01_valid_raw_and_ifft\mat\curve_r0089_c0618_idx000212.mat,D:\LSH\LSH\实验\聚焦信号分类实验\1\ROI_x617_y79_w21_h19_20260626_171804\01_valid_raw_and_ifft\mat,valid_folder,valid,10.0643633102417,10.1241927386606,0.0128304514273194,0.0066483970702007,0.000862472395759717,0.895520005181939
741,759,759,89,619,761,Good,1,slightly degraded,D:\LSH\LSH\实验\聚焦信号分类实验\1\ROI_x617_y79_w21_h19_20260626_171804\01_valid_raw_and_ifft\mat\curve_r0089_c0619_idx000213.mat,D:\LSH\LSH\实验\聚焦信号分类实验\1\ROI_x617_y79_w21_h19_20260626_171804\01_valid_raw_and_ifft\mat,valid_folder,valid,10.0469353919394,10.0967990406606,0.0128846412289738,0.00642807851007742,0.000890809886803358,0.882311614051436
742,760,760,89,620,762,Good,1,slightly degraded,D:\LSH\LSH\实验\聚焦信号分类实验\1\ROI_x617_y79_w21_h19_20260626_171804\01_valid_raw_and_ifft\mat\curve_r0089_c0620_idx000214.mat,D:\LSH\LSH\实验\聚焦信号分类实验\1\ROI_x617_y79_w21_h19_20260626_171804\01_valid_raw_and_ifft\mat,valid_folder,valid,10.0869784522734,10.1898104653526,0.00824028178026947,0.0038867748474278,0.000606256108898222,0.850539185359025
743,761,761,90,617,763,Good,1,slightly degraded,D:\LSH\LSH\实验\聚焦信号分类实验\1\ROI_x617_y79_w21_h19_20260626_171804\01_valid_raw_and_ifft\mat\curve_r0090_c0617_idx000232.mat,D:\LSH\LSH\实验\聚焦信号分类实验\1\ROI_x617_y79_w21_h19_20260626_171804\01_valid_raw_and_ifft\mat,valid_folder,valid,10.8363496645866,10.7281811205402,0.00966636205389768,0.00515740138402371,0.000666849637513706,0.896339889669596
744,762,762,90,637,764,Good,1,slightly degraded,D:\LSH\LSH\实验\聚焦信号分类实验\1\ROI_x617_y79_w21_h19_20260626_171804\01_valid_raw_and_ifft\mat\curve_r0090_c0637_idx000252.mat,D:\LSH\LSH\实验\聚焦信号分类实验\1\ROI_x617_y79_w21_h19_20260626_171804\01_valid_raw_and_ifft\mat,valid_folder,valid,9.04178654710917,9.22726169801331,0.00217734800889677,0.000934324516719336,0.000186398132154155,0.732563981336132
745,763,763,91,617,765,Good,1,slightly degraded,D:\LSH\LSH\实验\聚焦信号分类实验\1\ROI_x617_y79_w21_h19_20260626_171804\01_valid_raw_and_ifft\mat\curve_r0091_c0617_idx000253.mat,D:\LSH\LSH\实验\聚焦信号分类实验\1\ROI_x617_y79_w21_h19_20260626_171804\01_valid_raw_and_ifft\mat,valid_folder,valid,10.9841088789493,10.8167889023045,0.00206874283277035,0.00120073327212503,0.000130766561971882,0.906577633264587
746,765,765,91,636,767,Good,1,slightly degraded,D:\LSH\LSH\实验\聚焦信号分类实验\1\ROI_x617_y79_w21_h19_20260626_171804\01_valid_raw_and_ifft\mat\curve_r0091_c0636_idx000272.mat,D:\LSH\LSH\实验\聚焦信号分类实验\1\ROI_x617_y79_w21_h19_20260626_171804\01_valid_raw_and_ifft\mat,valid_folder,valid,9.08141818344114,9.21991161939392,0.00737705093720136,0.00312562112839114,0.000597936649515563,0.790654754154767
747,766,766,91,637,768,Good,1,slightly degraded,D:\LSH\LSH\实验\聚焦信号分类实验\1\ROI_x617_y79_w21_h19_20260626_171804\01_valid_raw_and_ifft\mat\curve_r0091_c0637_idx000273.mat,D:\LSH\LSH\实验\聚焦信号分类实验\1\ROI_x617_y79_w21_h19_20260626_171804\01_valid_raw_and_ifft\mat,valid_folder,valid,9.08297644012742,9.20525943531585,0.00828736940237797,0.00345322556972409,0.000682311630987672,0.783297553318592
748,767,767,92,617,769,Good,1,slightly degraded,D:\LSH\LSH\实验\聚焦信号分类实验\1\ROI_x617_y79_w21_h19_20260626_171804\01_valid_raw_and_ifft\mat\curve_r0092_c0617_idx000274.mat,D:\LSH\LSH\实验\聚焦信号分类实验\1\ROI_x617_y79_w21_h19_20260626_171804\01_valid_raw_and_ifft\mat,valid_folder,valid,10.8815361928686,10.6915177943324,0.000946287519064091,0.000676169808396573,6.00665999058382e-05,0.929262008824762
749,768,768,92,621,770,Good,1,slightly degraded,D:\LSH\LSH\实验\聚焦信号分类实验\1\ROI_x617_y79_w21_h19_20260626_171804\01_valid_raw_and_ifft\mat\curve_r0092_c0621_idx000278.mat,D:\LSH\LSH\实验\聚焦信号分类实验\1\ROI_x617_y79_w21_h19_20260626_171804\01_valid_raw_and_ifft\mat,valid_folder,valid,9.2173314639978,10.321621186246,0.001852998820495,0.00116926672798715,0.000174016962098681,0.860044221054385
750,769,769,92,622,771,Good,1,slightly degraded,D:\LSH\LSH\实验\聚焦信号分类实验\1\ROI_x617_y79_w21_h19_20260626_171804\01_valid_raw_and_ifft\mat\curve_r0092_c0622_idx000279.mat,D:\LSH\LSH\实验\聚焦信号分类实验\1\ROI_x617_y79_w21_h19_20260626_171804\01_valid_raw_and_ifft\mat,valid_folder,valid,9.13909074342659,10.798131449091,0.00179813574348272,0.00130913464125465,0.000140329785619192,0.921378479506076
751,770,770,92,623,772,Good,1,slightly degraded,D:\LSH\LSH\实验\聚焦信号分类实验\1\ROI_x617_y79_w21_h19_20260626_171804\01_valid_raw_and_ifft\mat\curve_r0092_c0623_idx000280.mat,D:\LSH\LSH\实验\聚焦信号分类实验\1\ROI_x617_y79_w21_h19_20260626_171804\01_valid_raw_and_ifft\mat,valid_folder,valid,12.5679478993743,11.9603990698384,0.00174850847580488,0.00143629871749673,0.000115400535309153,0.951640425287183
752,771,771,92,624,773,Good,1,slightly degraded,D:\LSH\LSH\实验\聚焦信号分类实验\1\ROI_x617_y79_w21_h19_20260626_171804\01_valid_raw_and_ifft\mat\curve_r0092_c0624_idx000281.mat,D:\LSH\LSH\实验\聚焦信号分类实验\1\ROI_x617_y79_w21_h19_20260626_171804\01_valid_raw_and_ifft\mat,valid_folder,valid,12.6124077181445,11.8510101417496,0.00280969899382128,0.00223031380813913,0.000142006759361625,0.971551044589726
753,772,772,92,625,774,Good,1,slightly degraded,D:\LSH\LSH\实验\聚焦信号分类实验\1\ROI_x617_y79_w21_h19_20260626_171804\01_valid_raw_and_ifft\mat\curve_r0092_c0625_idx000282.mat,D:\LSH\LSH\实验\聚焦信号分类实验\1\ROI_x617_y79_w21_h19_20260626_171804\01_valid_raw_and_ifft\mat,valid_folder,valid,9.96688139485262,10.9893977809715,0.00294534934140429,0.00244175002974837,0.000174518102608454,0.965221989671309
754,773,773,92,626,775,Good,1,slightly degraded,D:\LSH\LSH\实验\聚焦信号分类实验\1\ROI_x617_y79_w21_h19_20260626_171804\01_valid_raw_and_ifft\mat\curve_r0092_c0626_idx000283.mat,D:\LSH\LSH\实验\聚焦信号分类实验\1\ROI_x617_y79_w21_h19_20260626_171804\01_valid_raw_and_ifft\mat,valid_folder,valid,9.89040426662222,10.2471468633577,0.00276995957193646,0.00180524082437032,0.000167184761402951,0.936551569386243
755,775,775,92,636,777,Good,1,slightly degraded,D:\LSH\LSH\实验\聚焦信号分类实验\1\ROI_x617_y79_w21_h19_20260626_171804\01_valid_raw_and_ifft\mat\curve_r0092_c0636_idx000293.mat,D:\LSH\LSH\实验\聚焦信号分类实验\1\ROI_x617_y79_w21_h19_20260626_171804\01_valid_raw_and_ifft\mat,valid_folder,valid,9.12094701469446,9.27719090723904,0.00763890813274392,0.00344230092886832,0.000600213822447406,0.819761396078549
756,776,776,92,637,778,Good,1,slightly degraded,D:\LSH\LSH\实验\聚焦信号分类实验\1\ROI_x617_y79_w21_h19_20260626_171804\01_valid_raw_and_ifft\mat\curve_r0092_c0637_idx000294.mat,D:\LSH\LSH\实验\聚焦信号分类实验\1\ROI_x617_y79_w21_h19_20260626_171804\01_valid_raw_and_ifft\mat,valid_folder,valid,9.14528458883532,9.28562362738578,0.00836212223548697,0.00378940353429217,0.000666756874535064,0.819842698374581
757,777,777,93,621,779,Good,1,slightly degraded,D:\LSH\LSH\实验\聚焦信号分类实验\1\ROI_x617_y79_w21_h19_20260626_171804\01_valid_raw_and_ifft\mat\curve_r0093_c0621_idx000299.mat,D:\LSH\LSH\实验\聚焦信号分类实验\1\ROI_x617_y79_w21_h19_20260626_171804\01_valid_raw_and_ifft\mat,valid_folder,valid,11.980631160233,10.4167418725613,0.00366902861117514,0.00212353539642658,0.000342917007805259,0.851498911168638
758,778,778,93,622,780,Good,1,slightly degraded,D:\LSH\LSH\实验\聚焦信号分类实验\1\ROI_x617_y79_w21_h19_20260626_171804\01_valid_raw_and_ifft\mat\curve_r0093_c0622_idx000300.mat,D:\LSH\LSH\实验\聚焦信号分类实验\1\ROI_x617_y79_w21_h19_20260626_171804\01_valid_raw_and_ifft\mat,valid_folder,valid,11.66532549735,10.9268270547892,0.010846999791045,0.00780619493596758,0.000735047124154192,0.941649046534877
759,779,779,93,623,781,Good,1,slightly degraded,D:\LSH\LSH\实验\聚焦信号分类实验\1\ROI_x617_y79_w21_h19_20260626_171804\01_valid_raw_and_ifft\mat\curve_r0093_c0623_idx000301.mat,D:\LSH\LSH\实验\聚焦信号分类实验\1\ROI_x617_y79_w21_h19_20260626_171804\01_valid_raw_and_ifft\mat,valid_folder,valid,11.6827678993926,11.1706737455355,0.0150750002832903,0.010033673317627,0.00090994979285956,0.947438097274971
760,780,780,93,624,782,Good,1,slightly degraded,D:\LSH\LSH\实验\聚焦信号分类实验\1\ROI_x617_y79_w21_h19_20260626_171804\01_valid_raw_and_ifft\mat\curve_r0093_c0624_idx000302.mat,D:\LSH\LSH\实验\聚焦信号分类实验\1\ROI_x617_y79_w21_h19_20260626_171804\01_valid_raw_and_ifft\mat,valid_folder,valid,11.4720235257418,11.3585059634108,0.0208160081101573,0.0140266197975045,0.00121033946722059,0.954160024494443
761,781,781,93,625,783,Good,1,slightly degraded,D:\LSH\LSH\实验\聚焦信号分类实验\1\ROI_x617_y79_w21_h19_20260626_171804\01_valid_raw_and_ifft\mat\curve_r0093_c0625_idx000303.mat,D:\LSH\LSH\实验\聚焦信号分类实验\1\ROI_x617_y79_w21_h19_20260626_171804\01_valid_raw_and_ifft\mat,valid_folder,valid,11.3783954631655,11.1882340050387,0.0206782937589288,0.0147658693771888,0.00117082676578835,0.961689915493548
762,782,782,93,626,784,Good,1,slightly degraded,D:\LSH\LSH\实验\聚焦信号分类实验\1\ROI_x617_y79_w21_h19_20260626_171804\01_valid_raw_and_ifft\mat\curve_r0093_c0626_idx000304.mat,D:\LSH\LSH\实验\聚焦信号分类实验\1\ROI_x617_y79_w21_h19_20260626_171804\01_valid_raw_and_ifft\mat,valid_folder,valid,11.1322342636636,11.0975526473965,0.0141553970200422,0.0100594826328149,0.000830777869602787,0.95785908866811
763,783,783,93,627,785,Good,1,slightly degraded,D:\LSH\LSH\实验\聚焦信号分类实验\1\ROI_x617_y79_w21_h19_20260626_171804\01_valid_raw_and_ifft\mat\curve_r0093_c0627_idx000305.mat,D:\LSH\LSH\实验\聚焦信号分类实验\1\ROI_x617_y79_w21_h19_20260626_171804\01_valid_raw_and_ifft\mat,valid_folder,valid,10.2541831708518,10.7585716409473,0.00332236440870511,0.00224571163227551,0.000211689314275139,0.935437295684091
764,784,784,93,637,786,Good,1,slightly degraded,D:\LSH\LSH\实验\聚焦信号分类实验\1\ROI_x617_y79_w21_h19_20260626_171804\01_valid_raw_and_ifft\mat\curve_r0093_c0637_idx000315.mat,D:\LSH\LSH\实验\聚焦信号分类实验\1\ROI_x617_y79_w21_h19_20260626_171804\01_valid_raw_and_ifft\mat,valid_folder,valid,9.39169778849541,9.51047688780072,0.00300749861235318,0.00168556265956696,0.000229103437132257,0.874556949615264
765,785,785,94,617,787,Good,1,slightly degraded,D:\LSH\LSH\实验\聚焦信号分类实验\1\ROI_x617_y79_w21_h19_20260626_171804\01_valid_raw_and_ifft\mat\curve_r0094_c0617_idx000316.mat,D:\LSH\LSH\实验\聚焦信号分类实验\1\ROI_x617_y79_w21_h19_20260626_171804\01_valid_raw_and_ifft\mat,valid_folder,valid,12.0968054780028,12.6044997592961,0.00118334838336396,0.000741022326946386,9.06335969686893e-05,0.881093467775228
766,786,786,94,620,788,Good,1,slightly degraded,D:\LSH\LSH\实验\聚焦信号分类实验\1\ROI_x617_y79_w21_h19_20260626_171804\01_valid_raw_and_ifft\mat\curve_r0094_c0620_idx000319.mat,D:\LSH\LSH\实验\聚焦信号分类实验\1\ROI_x617_y79_w21_h19_20260626_171804\01_valid_raw_and_ifft\mat,valid_folder,valid,11.2103354781952,11.5435897275784,0.0020307822185803,0.00132886651742414,0.00012566921217536,0.931812644614454
767,787,787,94,621,789,Good,1,slightly degraded,D:\LSH\LSH\实验\聚焦信号分类实验\1\ROI_x617_y79_w21_h19_20260626_171804\01_valid_raw_and_ifft\mat\curve_r0094_c0621_idx000320.mat,D:\LSH\LSH\实验\聚焦信号分类实验\1\ROI_x617_y79_w21_h19_20260626_171804\01_valid_raw_and_ifft\mat,valid_folder,valid,11.7133875793729,11.2776603451908,0.00393852116245593,0.00316238315452603,0.000180125202081827,0.979584552833506
768,788,788,94,622,790,Good,1,slightly degraded,D:\LSH\LSH\实验\聚焦信号分类实验\1\ROI_x617_y79_w21_h19_20260626_171804\01_valid_raw_and_ifft\mat\curve_r0094_c0622_idx000321.mat,D:\LSH\LSH\实验\聚焦信号分类实验\1\ROI_x617_y79_w21_h19_20260626_171804\01_valid_raw_and_ifft\mat,valid_folder,valid,11.0287758844598,11.0587263465048,0.0384638208885142,0.0208850093477276,0.0024858633908452,0.912846569807786
769,789,789,94,623,791,Good,1,slightly degraded,D:\LSH\LSH\实验\聚焦信号分类实验\1\ROI_x617_y79_w21_h19_20260626_171804\01_valid_raw_and_ifft\mat\curve_r0094_c0623_idx000322.mat,D:\LSH\LSH\实验\聚焦信号分类实验\1\ROI_x617_y79_w21_h19_20260626_171804\01_valid_raw_and_ifft\mat,valid_folder,valid,11.0812642200258,11.1443213388941,0.0534986408925321,0.0284882391563744,0.00353306238654726,0.906214356545928
770,790,790,94,624,792,Good,1,slightly degraded,D:\LSH\LSH\实验\聚焦信号分类实验\1\ROI_x617_y79_w21_h19_20260626_171804\01_valid_raw_and_ifft\mat\curve_r0094_c0624_idx000323.mat,D:\LSH\LSH\实验\聚焦信号分类实验\1\ROI_x617_y79_w21_h19_20260626_171804\01_valid_raw_and_ifft\mat,valid_folder,valid,11.2259615599251,11.3595883725648,0.0419067614538813,0.0244456240780696,0.00260889753475844,0.929412835797652
771,791,791,94,625,793,Good,1,slightly degraded,D:\LSH\LSH\实验\聚焦信号分类实验\1\ROI_x617_y79_w21_h19_20260626_171804\01_valid_raw_and_ifft\mat\curve_r0094_c0625_idx000324.mat,D:\LSH\LSH\实验\聚焦信号分类实验\1\ROI_x617_y79_w21_h19_20260626_171804\01_valid_raw_and_ifft\mat,valid_folder,valid,11.3677029097902,11.4077106396133,0.0391049822716744,0.0246397508872184,0.00242677677088135,0.941272007661102
772,792,792,94,626,794,Good,1,slightly degraded,D:\LSH\LSH\实验\聚焦信号分类实验\1\ROI_x617_y79_w21_h19_20260626_171804\01_valid_raw_and_ifft\mat\curve_r0094_c0626_idx000325.mat,D:\LSH\LSH\实验\聚焦信号分类实验\1\ROI_x617_y79_w21_h19_20260626_171804\01_valid_raw_and_ifft\mat,valid_folder,valid,11.267193186109,11.3110235337864,0.0276080921696429,0.0173886382074247,0.00169876491351854,0.942159595739432
773,793,793,94,627,795,Good,1,slightly degraded,D:\LSH\LSH\实验\聚焦信号分类实验\1\ROI_x617_y79_w21_h19_20260626_171804\01_valid_raw_and_ifft\mat\curve_r0094_c0627_idx000326.mat,D:\LSH\LSH\实验\聚焦信号分类实验\1\ROI_x617_y79_w21_h19_20260626_171804\01_valid_raw_and_ifft\mat,valid_folder,valid,10.6911932188289,10.933203734097,0.00444325667887405,0.0033675501958662,0.000274157265910754,0.954174405924227
774,794,794,95,617,796,Good,1,slightly degraded,D:\LSH\LSH\实验\聚焦信号分类实验\1\ROI_x617_y79_w21_h19_20260626_171804\01_valid_raw_and_ifft\mat\curve_r0095_c0617_idx000337.mat,D:\LSH\LSH\实验\聚焦信号分类实验\1\ROI_x617_y79_w21_h19_20260626_171804\01_valid_raw_and_ifft\mat,valid_folder,valid,12.14903936018,12.3561935689763,0.00447192894506614,0.00225452216135877,0.000319430379991471,0.867639088248678
775,795,795,95,619,797,Good,1,slightly degraded,D:\LSH\LSH\实验\聚焦信号分类实验\1\ROI_x617_y79_w21_h19_20260626_171804\01_valid_raw_and_ifft\mat\curve_r0095_c0619_idx000339.mat,D:\LSH\LSH\实验\聚焦信号分类实验\1\ROI_x617_y79_w21_h19_20260626_171804\01_valid_raw_and_ifft\mat,valid_folder,valid,13.0584501486532,12.7700788956454,0.00108994993695303,0.000633453958265612,8.45112786204885e-05,0.884808151218153
776,796,796,95,620,798,Good,1,slightly degraded,D:\LSH\LSH\实验\聚焦信号分类实验\1\ROI_x617_y79_w21_h19_20260626_171804\01_valid_raw_and_ifft\mat\curve_r0095_c0620_idx000340.mat,D:\LSH\LSH\实验\聚焦信号分类实验\1\ROI_x617_y79_w21_h19_20260626_171804\01_valid_raw_and_ifft\mat,valid_folder,valid,11.0016675585201,11.5348995593964,0.00210092699020061,0.00136852155591438,0.000139731089806916,0.927337328114837
777,797,797,95,621,799,Good,1,slightly degraded,D:\LSH\LSH\实验\聚焦信号分类实验\1\ROI_x617_y79_w21_h19_20260626_171804\01_valid_raw_and_ifft\mat\curve_r0095_c0621_idx000341.mat,D:\LSH\LSH\实验\聚焦信号分类实验\1\ROI_x617_y79_w21_h19_20260626_171804\01_valid_raw_and_ifft\mat,valid_folder,valid,10.8889996091682,11.2124363307679,0.00394515910813113,0.00311172966323049,0.000206715480383049,0.97149049259489
778,798,798,95,622,800,Good,1,slightly degraded,D:\LSH\LSH\实验\聚焦信号分类实验\1\ROI_x617_y79_w21_h19_20260626_171804\01_valid_raw_and_ifft\mat\curve_r0095_c0622_idx000342.mat,D:\LSH\LSH\实验\聚焦信号分类实验\1\ROI_x617_y79_w21_h19_20260626_171804\01_valid_raw_and_ifft\mat,valid_folder,valid,10.9993773910451,11.0366899997312,0.0384138887894622,0.0205045808550874,0.00250112931970748,0.908910151802343
779,799,799,95,623,801,Good,1,slightly degraded,D:\LSH\LSH\实验\聚焦信号分类实验\1\ROI_x617_y79_w21_h19_20260626_171804\01_valid_raw_and_ifft\mat\curve_r0095_c0623_idx000343.mat,D:\LSH\LSH\实验\聚焦信号分类实验\1\ROI_x617_y79_w21_h19_20260626_171804\01_valid_raw_and_ifft\mat,valid_folder,valid,11.0551111870759,11.1125480234367,0.0517013136712678,0.0271588689291242,0.00345297929520827,0.902462473917811
780,800,800,95,624,802,Good,1,slightly degraded,D:\LSH\LSH\实验\聚焦信号分类实验\1\ROI_x617_y79_w21_h19_20260626_171804\01_valid_raw_and_ifft\mat\curve_r0095_c0624_idx000344.mat,D:\LSH\LSH\实验\聚焦信号分类实验\1\ROI_x617_y79_w21_h19_20260626_171804\01_valid_raw_and_ifft\mat,valid_folder,valid,11.1462657728959,11.3492946797822,0.0335002955559061,0.0179741311466912,0.00220362167911656,0.906639722971408
781,801,801,95,625,803,Good,1,slightly degraded,D:\LSH\LSH\实验\聚焦信号分类实验\1\ROI_x617_y79_w21_h19_20260626_171804\01_valid_raw_and_ifft\mat\curve_r0095_c0625_idx000345.mat,D:\LSH\LSH\实验\聚焦信号分类实验\1\ROI_x617_y79_w21_h19_20260626_171804\01_valid_raw_and_ifft\mat,valid_folder,valid,11.1857543625294,11.3911333631963,0.0361977697196778,0.0199719598004825,0.00236097660145107,0.913809368933761
782,802,802,95,626,804,Good,1,slightly degraded,D:\LSH\LSH\实验\聚焦信号分类实验\1\ROI_x617_y79_w21_h19_20260626_171804\01_valid_raw_and_ifft\mat\curve_r0095_c0626_idx000346.mat,D:\LSH\LSH\实验\聚焦信号分类实验\1\ROI_x617_y79_w21_h19_20260626_171804\01_valid_raw_and_ifft\mat,valid_folder,valid,11.1327420553461,11.2833519894723,0.0299067386226243,0.0161171498001814,0.0019558339546264,0.909471306535857
783,803,803,95,627,805,Good,1,slightly degraded,D:\LSH\LSH\实验\聚焦信号分类实验\1\ROI_x617_y79_w21_h19_20260626_171804\01_valid_raw_and_ifft\mat\curve_r0095_c0627_idx000347.mat,D:\LSH\LSH\实验\聚焦信号分类实验\1\ROI_x617_y79_w21_h19_20260626_171804\01_valid_raw_and_ifft\mat,valid_folder,valid,11.3461432160804,11.368038214179,0.00490786577440119,0.00323296306286102,0.000289304606659915,0.94521219296438
784,804,804,96,617,806,Good,1,slightly degraded,D:\LSH\LSH\实验\聚焦信号分类实验\1\ROI_x617_y79_w21_h19_20260626_171804\01_valid_raw_and_ifft\mat\curve_r0096_c0617_idx000358.mat,D:\LSH\LSH\实验\聚焦信号分类实验\1\ROI_x617_y79_w21_h19_20260626_171804\01_valid_raw_and_ifft\mat,valid_folder,valid,12.1431708274732,12.3713669017129,0.00420914170575749,0.0022007771320513,0.000287269877323498,0.883879787672235
785,805,805,96,620,807,Good,1,slightly degraded,D:\LSH\LSH\实验\聚焦信号分类实验\1\ROI_x617_y79_w21_h19_20260626_171804\01_valid_raw_and_ifft\mat\curve_r0096_c0620_idx000361.mat,D:\LSH\LSH\实验\聚焦信号分类实验\1\ROI_x617_y79_w21_h19_20260626_171804\01_valid_raw_and_ifft\mat,valid_folder,valid,12.9025673666143,12.3418045280141,0.0013583455790243,0.000891402441081716,8.53350054683899e-05,0.930505409477608
786,806,806,96,621,808,Good,1,slightly degraded,D:\LSH\LSH\实验\聚焦信号分类实验\1\ROI_x617_y79_w21_h19_20260626_171804\01_valid_raw_and_ifft\mat\curve_r0096_c0621_idx000362.mat,D:\LSH\LSH\实验\聚焦信号分类实验\1\ROI_x617_y79_w21_h19_20260626_171804\01_valid_raw_and_ifft\mat,valid_folder,valid,12.9571692190362,11.1851110748715,0.00206110783148811,0.00130945177990163,0.000177540044562511,0.88797844961668
787,807,807,96,622,809,Good,1,slightly degraded,D:\LSH\LSH\实验\聚焦信号分类实验\1\ROI_x617_y79_w21_h19_20260626_171804\01_valid_raw_and_ifft\mat\curve_r0096_c0622_idx000363.mat,D:\LSH\LSH\实验\聚焦信号分类实验\1\ROI_x617_y79_w21_h19_20260626_171804\01_valid_raw_and_ifft\mat,valid_folder,valid,10.6975336191395,11.0901100451702,0.00436995507662354,0.00307579854153016,0.000330826965090095,0.92238949452895
788,808,808,96,623,810,Good,1,slightly degraded,D:\LSH\LSH\实验\聚焦信号分类实验\1\ROI_x617_y79_w21_h19_20260626_171804\01_valid_raw_and_ifft\mat\curve_r0096_c0623_idx000364.mat,D:\LSH\LSH\实验\聚焦信号分类实验\1\ROI_x617_y79_w21_h19_20260626_171804\01_valid_raw_and_ifft\mat,valid_folder,valid,10.7772712483355,11.0281377064179,0.00657313082557109,0.00446819636202059,0.000382411968331688,0.950585606002003
789,809,809,96,624,811,Good,1,slightly degraded,D:\LSH\LSH\实验\聚焦信号分类实验\1\ROI_x617_y79_w21_h19_20260626_171804\01_valid_raw_and_ifft\mat\curve_r0096_c0624_idx000365.mat,D:\LSH\LSH\实验\聚焦信号分类实验\1\ROI_x617_y79_w21_h19_20260626_171804\01_valid_raw_and_ifft\mat,valid_folder,valid,10.9277175662819,11.0423872438627,0.00946780758143905,0.00529607795295268,0.000584942963320538,0.916920918035398
790,810,810,96,625,812,Good,1,slightly degraded,D:\LSH\LSH\实验\聚焦信号分类实验\1\ROI_x617_y79_w21_h19_20260626_171804\01_valid_raw_and_ifft\mat\curve_r0096_c0625_idx000366.mat,D:\LSH\LSH\实验\聚焦信号分类实验\1\ROI_x617_y79_w21_h19_20260626_171804\01_valid_raw_and_ifft\mat,valid_folder,valid,11.0692803479654,11.2014543218177,0.0166933159548519,0.00828464722378735,0.0011521868496458,0.87777497457893
791,811,811,96,626,813,Good,1,slightly degraded,D:\LSH\LSH\实验\聚焦信号分类实验\1\ROI_x617_y79_w21_h19_20260626_171804\01_valid_raw_and_ifft\mat\curve_r0096_c0626_idx000367.mat,D:\LSH\LSH\实验\聚焦信号分类实验\1\ROI_x617_y79_w21_h19_20260626_171804\01_valid_raw_and_ifft\mat,valid_folder,valid,11.0732927138252,11.1771117695133,0.0156059233440778,0.00778620839679582,0.00108107540364014,0.881230199674173
792,812,812,96,627,814,Good,1,slightly degraded,D:\LSH\LSH\实验\聚焦信号分类实验\1\ROI_x617_y79_w21_h19_20260626_171804\01_valid_raw_and_ifft\mat\curve_r0096_c0627_idx000368.mat,D:\LSH\LSH\实验\聚焦信号分类实验\1\ROI_x617_y79_w21_h19_20260626_171804\01_valid_raw_and_ifft\mat,valid_folder,valid,11.3035548208409,11.437742117458,0.00433729514267587,0.00258634801663894,0.000286528653592112,0.915905586337727
793,813,813,96,631,815,Good,1,slightly degraded,D:\LSH\LSH\实验\聚焦信号分类实验\1\ROI_x617_y79_w21_h19_20260626_171804\01_valid_raw_and_ifft\mat\curve_r0096_c0631_idx000372.mat,D:\LSH\LSH\实验\聚焦信号分类实验\1\ROI_x617_y79_w21_h19_20260626_171804\01_valid_raw_and_ifft\mat,valid_folder,valid,10.7487381173314,10.684245494383,0.00344540201758136,0.00197037317344728,0.000232476694681827,0.902035788556205
794,814,814,96,632,816,Good,1,slightly degraded,D:\LSH\LSH\实验\聚焦信号分类实验\1\ROI_x617_y79_w21_h19_20260626_171804\01_valid_raw_and_ifft\mat\curve_r0096_c0632_idx000373.mat,D:\LSH\LSH\实验\聚焦信号分类实验\1\ROI_x617_y79_w21_h19_20260626_171804\01_valid_raw_and_ifft\mat,valid_folder,valid,10.6728172922562,10.6090760789738,0.00605704844662625,0.00363682627568,0.000396526343879039,0.922555193589279
795,815,815,96,633,817,Good,1,slightly degraded,D:\LSH\LSH\实验\聚焦信号分类实验\1\ROI_x617_y79_w21_h19_20260626_171804\01_valid_raw_and_ifft\mat\curve_r0096_c0633_idx000374.mat,D:\LSH\LSH\实验\聚焦信号分类实验\1\ROI_x617_y79_w21_h19_20260626_171804\01_valid_raw_and_ifft\mat,valid_folder,valid,10.5608543159346,10.5451841546136,0.00611714186918257,0.00367393630317893,0.000429316014266256,0.91184452005038
796,816,816,96,634,818,Good,1,slightly degraded,D:\LSH\LSH\实验\聚焦信号分类实验\1\ROI_x617_y79_w21_h19_20260626_171804\01_valid_raw_and_ifft\mat\curve_r0096_c0634_idx000375.mat,D:\LSH\LSH\实验\聚焦信号分类实验\1\ROI_x617_y79_w21_h19_20260626_171804\01_valid_raw_and_ifft\mat,valid_folder,valid,10.4108181362695,10.5090298669208,0.0044218641768228,0.00244128826772266,0.000349123453046478,0.870815632098536
797,817,817,97,617,819,Good,1,slightly degraded,D:\LSH\LSH\实验\聚焦信号分类实验\1\ROI_x617_y79_w21_h19_20260626_171804\01_valid_raw_and_ifft\mat\curve_r0097_c0617_idx000379.mat,D:\LSH\LSH\实验\聚焦信号分类实验\1\ROI_x617_y79_w21_h19_20260626_171804\01_valid_raw_and_ifft\mat,valid_folder,valid,12.031024183304,12.3902762255039,0.00160490553009338,0.00103159184280994,0.000105857914369546,0.915954712034234
798,818,818,97,621,820,Good,1,slightly degraded,D:\LSH\LSH\实验\聚焦信号分类实验\1\ROI_x617_y79_w21_h19_20260626_171804\01_valid_raw_and_ifft\mat\curve_r0097_c0621_idx000383.mat,D:\LSH\LSH\实验\聚焦信号分类实验\1\ROI_x617_y79_w21_h19_20260626_171804\01_valid_raw_and_ifft\mat,valid_folder,valid,11.9676841675053,11.7034374421877,0.00116599000991144,0.000749205402125976,9.16966336465584e-05,0.880633030492793
799,819,819,97,622,821,Good,1,slightly degraded,D:\LSH\LSH\实验\聚焦信号分类实验\1\ROI_x617_y79_w21_h19_20260626_171804\01_valid_raw_and_ifft\mat\curve_r0097_c0622_idx000384.mat,D:\LSH\LSH\实验\聚焦信号分类实验\1\ROI_x617_y79_w21_h19_20260626_171804\01_valid_raw_and_ifft\mat,valid_folder,valid,9.11732178928512,11.1018785006156,0.00123863209395131,0.000788142046719078,0.000114439758688327,0.869117221039021
800,820,820,97,623,822,Good,1,slightly degraded,D:\LSH\LSH\实验\聚焦信号分类实验\1\ROI_x617_y79_w21_h19_20260626_171804\01_valid_raw_and_ifft\mat\curve_r0097_c0623_idx000385.mat,D:\LSH\LSH\实验\聚焦信号分类实验\1\ROI_x617_y79_w21_h19_20260626_171804\01_valid_raw_and_ifft\mat,valid_folder,valid,9.01628280983203,9.44203941700839,0.00175373466867981,0.000943117068192727,0.000132393616096664,0.870981909258831
801,821,821,97,624,823,Good,1,slightly degraded,D:\LSH\LSH\实验\聚焦信号分类实验\1\ROI_x617_y79_w21_h19_20260626_171804\01_valid_raw_and_ifft\mat\curve_r0097_c0624_idx000386.mat,D:\LSH\LSH\实验\聚焦信号分类实验\1\ROI_x617_y79_w21_h19_20260626_171804\01_valid_raw_and_ifft\mat,valid_folder,valid,9.01737965789139,10.6454594777872,0.00172969188285098,0.00105993050604202,0.000135861834926309,0.892352906123318
802,822,822,97,625,824,Good,1,slightly degraded,D:\LSH\LSH\实验\聚焦信号分类实验\1\ROI_x617_y79_w21_h19_20260626_171804\01_valid_raw_and_ifft\mat\curve_r0097_c0625_idx000387.mat,D:\LSH\LSH\实验\聚焦信号分类实验\1\ROI_x617_y79_w21_h19_20260626_171804\01_valid_raw_and_ifft\mat,valid_folder,valid,11.2703833555123,11.4247567311591,0.00371940125769256,0.00216619352297491,0.000248960763978918,0.901319843817807
803,823,823,97,626,825,Good,1,slightly degraded,D:\LSH\LSH\实验\聚焦信号分类实验\1\ROI_x617_y79_w21_h19_20260626_171804\01_valid_raw_and_ifft\mat\curve_r0097_c0626_idx000388.mat,D:\LSH\LSH\实验\聚焦信号分类实验\1\ROI_x617_y79_w21_h19_20260626_171804\01_valid_raw_and_ifft\mat,valid_folder,valid,11.436025271805,11.5115765395368,0.00354606481702035,0.00218908837214856,0.000236265566815444,0.915831299625205
804,824,824,97,627,826,Good,1,slightly degraded,D:\LSH\LSH\实验\聚焦信号分类实验\1\ROI_x617_y79_w21_h19_20260626_171804\01_valid_raw_and_ifft\mat\curve_r0097_c0627_idx000389.mat,D:\LSH\LSH\实验\聚焦信号分类实验\1\ROI_x617_y79_w21_h19_20260626_171804\01_valid_raw_and_ifft\mat,valid_folder,valid,11.650749679256,11.4919423718453,0.00193473262123393,0.00122173995712073,0.000129429207918084,0.910377716321044
805,825,825,97,629,827,Good,1,slightly degraded,D:\LSH\LSH\实验\聚焦信号分类实验\1\ROI_x617_y79_w21_h19_20260626_171804\01_valid_raw_and_ifft\mat\curve_r0097_c0629_idx000391.mat,D:\LSH\LSH\实验\聚焦信号分类实验\1\ROI_x617_y79_w21_h19_20260626_171804\01_valid_raw_and_ifft\mat,valid_folder,valid,11.1270586438333,11.1224141046651,0.00103776020165853,0.000784689243272368,6.5056851704157e-05,0.93560174871944
806,826,826,97,630,828,Good,1,slightly degraded,D:\LSH\LSH\实验\聚焦信号分类实验\1\ROI_x617_y79_w21_h19_20260626_171804\01_valid_raw_and_ifft\mat\curve_r0097_c0630_idx000392.mat,D:\LSH\LSH\实验\聚焦信号分类实验\1\ROI_x617_y79_w21_h19_20260626_171804\01_valid_raw_and_ifft\mat,valid_folder,valid,11.2612947967447,11.3215884881642,0.00268190250597685,0.00180079709745847,0.000145110022005565,0.949948262721129
807,827,827,97,631,829,Good,1,slightly degraded,D:\LSH\LSH\实验\聚焦信号分类实验\1\ROI_x617_y79_w21_h19_20260626_171804\01_valid_raw_and_ifft\mat\curve_r0097_c0631_idx000393.mat,D:\LSH\LSH\实验\聚焦信号分类实验\1\ROI_x617_y79_w21_h19_20260626_171804\01_valid_raw_and_ifft\mat,valid_folder,valid,10.990619138812,11.018356837717,0.00809933720152304,0.00482713684472175,0.000482447563937642,0.934012427587596
808,828,828,97,632,830,Good,1,slightly degraded,D:\LSH\LSH\实验\聚焦信号分类实验\1\ROI_x617_y79_w21_h19_20260626_171804\01_valid_raw_and_ifft\mat\curve_r0097_c0632_idx000394.mat,D:\LSH\LSH\实验\聚焦信号分类实验\1\ROI_x617_y79_w21_h19_20260626_171804\01_valid_raw_and_ifft\mat,valid_folder,valid,10.8855443583465,10.8298084179101,0.0132684190478053,0.0075187238917408,0.000854324671951661,0.91854526861986
809,829,829,97,633,831,Good,1,slightly degraded,D:\LSH\LSH\实验\聚焦信号分类实验\1\ROI_x617_y79_w21_h19_20260626_171804\01_valid_raw_and_ifft\mat\curve_r0097_c0633_idx000395.mat,D:\LSH\LSH\实验\聚焦信号分类实验\1\ROI_x617_y79_w21_h19_20260626_171804\01_valid_raw_and_ifft\mat,valid_folder,valid,10.8403262411766,10.7785916075287,0.0121626532650462,0.00697235914247514,0.000797253824412236,0.917520105805426
810,830,830,97,634,832,Good,1,slightly degraded,D:\LSH\LSH\实验\聚焦信号分类实验\1\ROI_x617_y79_w21_h19_20260626_171804\01_valid_raw_and_ifft\mat\curve_r0097_c0634_idx000396.mat,D:\LSH\LSH\实验\聚焦信号分类实验\1\ROI_x617_y79_w21_h19_20260626_171804\01_valid_raw_and_ifft\mat,valid_folder,valid,10.7827716879775,10.784627668227,0.00719182545463657,0.00427837149131762,0.000489793358994894,0.915894193764732
811,837,837,79,626,839,Good,1,slightly degraded,D:\LSH\LSH\实验\聚焦信号分类实验\1\ROI_x617_y79_w21_h19_20260626_171804\02_invalid_raw_only\mat\curve_r0079_c0626_idx000010.mat,D:\LSH\LSH\实验\聚焦信号分类实验\1\ROI_x617_y79_w21_h19_20260626_171804\02_invalid_raw_only\mat,valid_folder,invalid,9.02635576851198,8.65561534231141,0.00173393390535614,0.0010707255356857,0.000146174747747138,0.860988448531709
812,844,844,80,620,846,Good,1,slightly degraded,D:\LSH\LSH\实验\聚焦信号分类实验\1\ROI_x617_y79_w21_h19_20260626_171804\02_invalid_raw_only\mat\curve_r0080_c0620_idx000025.mat,D:\LSH\LSH\实验\聚焦信号分类实验\1\ROI_x617_y79_w21_h19_20260626_171804\02_invalid_raw_only\mat,valid_folder,invalid,9.06856406519093,9.13513088154314,0.00091036084320946,0.00047106476877146,8.31566103601411e-05,0.724560564997963
813,846,846,80,624,848,Good,1,slightly degraded,D:\LSH\LSH\实验\聚焦信号分类实验\1\ROI_x617_y79_w21_h19_20260626_171804\02_invalid_raw_only\mat\curve_r0080_c0624_idx000029.mat,D:\LSH\LSH\实验\聚焦信号分类实验\1\ROI_x617_y79_w21_h19_20260626_171804\02_invalid_raw_only\mat,valid_folder,invalid,8.93889758963571,8.87029699261266,0.00145860245442656,0.00101405491251131,8.33687670123518e-05,0.937241821361687
814,847,847,80,630,849,Good,1,slightly degraded,D:\LSH\LSH\实验\聚焦信号分类实验\1\ROI_x617_y79_w21_h19_20260626_171804\02_invalid_raw_only\mat\curve_r0080_c0630_idx000035.mat,D:\LSH\LSH\实验\聚焦信号分类实验\1\ROI_x617_y79_w21_h19_20260626_171804\02_invalid_raw_only\mat,valid_folder,invalid,9.28915440405819,9.35062296432279,0.00132951601610424,0.000819456515104491,0.000109296187728495,0.843937515796784
815,852,852,81,618,855,Good,1,slightly degraded,D:\LSH\LSH\实验\聚焦信号分类实验\1\ROI_x617_y79_w21_h19_20260626_171804\02_invalid_raw_only\mat\curve_r0081_c0618_idx000044.mat,D:\LSH\LSH\实验\聚焦信号分类实验\1\ROI_x617_y79_w21_h19_20260626_171804\02_invalid_raw_only\mat,valid_folder,invalid,9.02052684293096,9.07121757184913,0.00186234712163718,0.000869353858228264,0.000147186300491143,0.783526022854036
816,853,853,81,619,856,Good,1,slightly degraded,D:\LSH\LSH\实验\聚焦信号分类实验\1\ROI_x617_y79_w21_h19_20260626_171804\02_invalid_raw_only\mat\curve_r0081_c0619_idx000045.mat,D:\LSH\LSH\实验\聚焦信号分类实验\1\ROI_x617_y79_w21_h19_20260626_171804\02_invalid_raw_only\mat,valid_folder,invalid,9.01282781079972,9.0905371392265,0.00127880495481197,0.000715145491201209,9.35275539158275e-05,0.829203576991496
817,863,863,83,620,867,Good,1,slightly degraded,D:\LSH\LSH\实验\聚焦信号分类实验\1\ROI_x617_y79_w21_h19_20260626_171804\02_invalid_raw_only\mat\curve_r0083_c0620_idx000088.mat,D:\LSH\LSH\实验\聚焦信号分类实验\1\ROI_x617_y79_w21_h19_20260626_171804\02_invalid_raw_only\mat,valid_folder,invalid,9.13362621683614,9.50935094088355,0.000967251282589666,0.000569360490381959,7.69611592890346e-05,0.837877055616156
818,865,865,83,630,869,Good,1,slightly degraded,D:\LSH\LSH\实验\聚焦信号分类实验\1\ROI_x617_y79_w21_h19_20260626_171804\02_invalid_raw_only\mat\curve_r0083_c0630_idx000098.mat,D:\LSH\LSH\实验\聚焦信号分类实验\1\ROI_x617_y79_w21_h19_20260626_171804\02_invalid_raw_only\mat,valid_folder,invalid,8.8772576999944,8.41551645215152,0.000984215259753347,0.000774192652193819,6.36541761158981e-05,0.931819050028884
819,869,869,84,623,875,Good,1,slightly degraded,D:\LSH\LSH\实验\聚焦信号分类实验\1\ROI_x617_y79_w21_h19_20260626_171804\02_invalid_raw_only\mat\curve_r0084_c0623_idx000112.mat,D:\LSH\LSH\实验\聚焦信号分类实验\1\ROI_x617_y79_w21_h19_20260626_171804\02_invalid_raw_only\mat,valid_folder,invalid,9.32438865051201,9.60829691807297,0.00162655559399715,0.000985883134077907,0.000122027839958242,0.868711098093468
820,872,872,84,631,878,Good,1,slightly degraded,D:\LSH\LSH\实验\聚焦信号分类实验\1\ROI_x617_y79_w21_h19_20260626_171804\02_invalid_raw_only\mat\curve_r0084_c0631_idx000120.mat,D:\LSH\LSH\实验\聚焦信号分类实验\1\ROI_x617_y79_w21_h19_20260626_171804\02_invalid_raw_only\mat,valid_folder,invalid,8.85967025897378,8.63846341305088,0.00116474082282479,0.00068313788474684,8.27467204000636e-05,0.8708750856069
821,874,874,84,635,881,Good,1,slightly degraded,D:\LSH\LSH\实验\聚焦信号分类实验\1\ROI_x617_y79_w21_h19_20260626_171804\02_invalid_raw_only\mat\curve_r0084_c0635_idx000124.mat,D:\LSH\LSH\实验\聚焦信号分类实验\1\ROI_x617_y79_w21_h19_20260626_171804\02_invalid_raw_only\mat,valid_folder,invalid,8.15276511895526,8.19367014579532,0.00210048584678768,0.00114445792635261,0.00015256742314944,0.855188678382043
822,886,886,85,634,895,Good,1,slightly degraded,D:\LSH\LSH\实验\聚焦信号分类实验\1\ROI_x617_y79_w21_h19_20260626_171804\02_invalid_raw_only\mat\curve_r0085_c0634_idx000144.mat,D:\LSH\LSH\实验\聚焦信号分类实验\1\ROI_x617_y79_w21_h19_20260626_171804\02_invalid_raw_only\mat,valid_folder,invalid,8.65491395429912,8.76455480469278,0.00105448882259539,0.000660745799593552,9.10901466908619e-05,0.820254612565715
823,887,887,85,635,896,Good,1,slightly degraded,D:\LSH\LSH\实验\聚焦信号分类实验\1\ROI_x617_y79_w21_h19_20260626_171804\02_invalid_raw_only\mat\curve_r0085_c0635_idx000145.mat,D:\LSH\LSH\实验\聚焦信号分类实验\1\ROI_x617_y79_w21_h19_20260626_171804\02_invalid_raw_only\mat,valid_folder,invalid,8.09458013224783,8.14404853988675,0.00104199617438268,0.000564418779674602,8.83305819675544e-05,0.784387036525247
824,888,888,85,636,897,Good,1,slightly degraded,D:\LSH\LSH\实验\聚焦信号分类实验\1\ROI_x617_y79_w21_h19_20260626_171804\02_invalid_raw_only\mat\curve_r0085_c0636_idx000146.mat,D:\LSH\LSH\实验\聚焦信号分类实验\1\ROI_x617_y79_w21_h19_20260626_171804\02_invalid_raw_only\mat,valid_folder,invalid,8.01593364274379,8.03278836037127,0.00186468446946597,0.000817914742407916,0.000162874262963314,0.746314280701532
825,896,896,86,632,906,Good,1,slightly degraded,D:\LSH\LSH\实验\聚焦信号分类实验\1\ROI_x617_y79_w21_h19_20260626_171804\02_invalid_raw_only\mat\curve_r0086_c0632_idx000163.mat,D:\LSH\LSH\实验\聚焦信号分类实验\1\ROI_x617_y79_w21_h19_20260626_171804\02_invalid_raw_only\mat,valid_folder,invalid,9.01921399438904,9.17498002632304,0.00137006262414907,0.000842816057680346,9.71218375425204e-05,0.876175490359016
826,897,897,86,633,907,Good,1,slightly degraded,D:\LSH\LSH\实验\聚焦信号分类实验\1\ROI_x617_y79_w21_h19_20260626_171804\02_invalid_raw_only\mat\curve_r0086_c0633_idx000164.mat,D:\LSH\LSH\实验\聚焦信号分类实验\1\ROI_x617_y79_w21_h19_20260626_171804\02_invalid_raw_only\mat,valid_folder,invalid,8.93816471134859,9.09818141706618,0.00146279329118661,0.000959965627543306,0.000105498472190528,0.890692050258268
827,902,902,87,617,912,Good,1,slightly degraded,D:\LSH\LSH\实验\聚焦信号分类实验\1\ROI_x617_y79_w21_h19_20260626_171804\02_invalid_raw_only\mat\curve_r0087_c0617_idx000169.mat,D:\LSH\LSH\实验\聚焦信号分类实验\1\ROI_x617_y79_w21_h19_20260626_171804\02_invalid_raw_only\mat,valid_folder,invalid,10.7299544655607,10.6476044442163,0.00310934139196905,0.00182590719813221,0.000214084728275066,0.893914090390927
828,905,905,87,627,916,Good,1,slightly degraded,D:\LSH\LSH\实验\聚焦信号分类实验\1\ROI_x617_y79_w21_h19_20260626_171804\02_invalid_raw_only\mat\curve_r0087_c0627_idx000179.mat,D:\LSH\LSH\实验\聚焦信号分类实验\1\ROI_x617_y79_w21_h19_20260626_171804\02_invalid_raw_only\mat,valid_folder,invalid,8.94153123548952,8.81619204577413,0.00181637902435805,0.000858528584765125,0.000147434353742365,0.768168494911213
829,909,909,87,634,920,Good,1,slightly degraded,D:\LSH\LSH\实验\聚焦信号分类实验\1\ROI_x617_y79_w21_h19_20260626_171804\02_invalid_raw_only\mat\curve_r0087_c0634_idx000186.mat,D:\LSH\LSH\实验\聚焦信号分类实验\1\ROI_x617_y79_w21_h19_20260626_171804\02_invalid_raw_only\mat,valid_folder,invalid,8.98613591956724,9.06669889277095,0.00141340764088695,0.000696902527083946,0.000113911579701427,0.79111051012114
830,926,926,89,624,938,Good,1,slightly degraded,D:\LSH\LSH\实验\聚焦信号分类实验\1\ROI_x617_y79_w21_h19_20260626_171804\02_invalid_raw_only\mat\curve_r0089_c0624_idx000218.mat,D:\LSH\LSH\实验\聚焦信号分类实验\1\ROI_x617_y79_w21_h19_20260626_171804\02_invalid_raw_only\mat,valid_folder,invalid,27.7794318617402,27.4256074378722,0.00117481957653486,0.00077180937207369,8.98398027786528e-05,0.874038789848045
831,958,958,90,636,970,Good,1,slightly degraded,D:\LSH\LSH\实验\聚焦信号分类实验\1\ROI_x617_y79_w21_h19_20260626_171804\02_invalid_raw_only\mat\curve_r0090_c0636_idx000251.mat,D:\LSH\LSH\实验\聚焦信号分类实验\1\ROI_x617_y79_w21_h19_20260626_171804\02_invalid_raw_only\mat,valid_folder,invalid,9.07367294709438,9.33461495960426,0.00147447743980514,0.000730215084961956,0.00011866305187838,0.7841512447217
832,975,975,91,635,987,Good,1,slightly degraded,D:\LSH\LSH\实验\聚焦信号分类实验\1\ROI_x617_y79_w21_h19_20260626_171804\02_invalid_raw_only\mat\curve_r0091_c0635_idx000271.mat,D:\LSH\LSH\实验\聚焦信号分类实验\1\ROI_x617_y79_w21_h19_20260626_171804\02_invalid_raw_only\mat,valid_folder,invalid,9.02159329577223,9.16426224299197,0.00221645543614612,0.00094132087597206,0.000186319386383426,0.738427949454862
833,978,978,92,620,990,Good,1,slightly degraded,D:\LSH\LSH\实验\聚焦信号分类实验\1\ROI_x617_y79_w21_h19_20260626_171804\02_invalid_raw_only\mat\curve_r0092_c0620_idx000277.mat,D:\LSH\LSH\实验\聚焦信号分类实验\1\ROI_x617_y79_w21_h19_20260626_171804\02_invalid_raw_only\mat,valid_folder,invalid,11.8111730555614,11.1604037149241,0.00132611725605811,0.000854372332597861,9.67858241326906e-05,0.902354378979848
834,986,986,92,635,998,Good,1,slightly degraded,D:\LSH\LSH\实验\聚焦信号分类实验\1\ROI_x617_y79_w21_h19_20260626_171804\02_invalid_raw_only\mat\curve_r0092_c0635_idx000292.mat,D:\LSH\LSH\实验\聚焦信号分类实验\1\ROI_x617_y79_w21_h19_20260626_171804\02_invalid_raw_only\mat,valid_folder,invalid,9.03594335307954,9.22084229087891,0.0022512709009619,0.00101166821293892,0.000181777868817921,0.77193274411253
835,988,988,93,618,1000,Good,1,slightly degraded,D:\LSH\LSH\实验\聚焦信号分类实验\1\ROI_x617_y79_w21_h19_20260626_171804\02_invalid_raw_only\mat\curve_r0093_c0618_idx000296.mat,D:\LSH\LSH\实验\聚焦信号分类实验\1\ROI_x617_y79_w21_h19_20260626_171804\02_invalid_raw_only\mat,valid_folder,invalid,10.8236710736711,10.8590750504709,0.000580013644263241,0.000360450992894373,4.34931656627239e-05,0.888153423854937
836,990,990,93,620,1002,Good,1,slightly degraded,D:\LSH\LSH\实验\聚焦信号分类实验\1\ROI_x617_y79_w21_h19_20260626_171804\02_invalid_raw_only\mat\curve_r0093_c0620_idx000298.mat,D:\LSH\LSH\实验\聚焦信号分类实验\1\ROI_x617_y79_w21_h19_20260626_171804\02_invalid_raw_only\mat,valid_folder,invalid,11.8836552444163,11.5688412642366,0.00158503204119334,0.000869270441441754,0.000118387110532412,0.866897173006262
837,1015,1015,95,632,1029,Good,1,slightly degraded,D:\LSH\LSH\实验\聚焦信号分类实验\1\ROI_x617_y79_w21_h19_20260626_171804\02_invalid_raw_only\mat\curve_r0095_c0632_idx000352.mat,D:\LSH\LSH\实验\聚焦信号分类实验\1\ROI_x617_y79_w21_h19_20260626_171804\02_invalid_raw_only\mat,valid_folder,invalid,10.918389906945,10.9546026944707,0.00131153689949225,0.000869246941102425,8.87630288129852e-05,0.921095238067072
838,1021,1021,96,618,1035,Good,1,slightly degraded,D:\LSH\LSH\实验\聚焦信号分类实验\1\ROI_x617_y79_w21_h19_20260626_171804\02_invalid_raw_only\mat\curve_r0096_c0618_idx000359.mat,D:\LSH\LSH\实验\聚焦信号分类实验\1\ROI_x617_y79_w21_h19_20260626_171804\02_invalid_raw_only\mat,valid_folder,invalid,12.0564624756237,12.5315199946401,0.000797824765816024,0.000479080135549555,6.11828676998786e-05,0.868363486136565
839,1022,1022,96,619,1036,Good,1,slightly degraded,D:\LSH\LSH\实验\聚焦信号分类实验\1\ROI_x617_y79_w21_h19_20260626_171804\02_invalid_raw_only\mat\curve_r0096_c0619_idx000360.mat,D:\LSH\LSH\实验\聚焦信号分类实验\1\ROI_x617_y79_w21_h19_20260626_171804\02_invalid_raw_only\mat,valid_folder,invalid,12.8684539967847,12.6477513602119,0.000886497530272389,0.000592401081087459,6.71165128347205e-05,0.892333551109795
840,1023,1023,96,628,1037,Good,1,slightly degraded,D:\LSH\LSH\实验\聚焦信号分类实验\1\ROI_x617_y79_w21_h19_20260626_171804\02_invalid_raw_only\mat\curve_r0096_c0628_idx000369.mat,D:\LSH\LSH\实验\聚焦信号分类实验\1\ROI_x617_y79_w21_h19_20260626_171804\02_invalid_raw_only\mat,valid_folder,invalid,11.9215965729989,11.7793256024143,0.00111786089206413,0.000739087860582554,7.96253810964184e-05,0.905543974313647
841,1024,1024,96,629,1038,Good,1,slightly degraded,D:\LSH\LSH\实验\聚焦信号分类实验\1\ROI_x617_y79_w21_h19_20260626_171804\02_invalid_raw_only\mat\curve_r0096_c0629_idx000370.mat,D:\LSH\LSH\实验\聚焦信号分类实验\1\ROI_x617_y79_w21_h19_20260626_171804\02_invalid_raw_only\mat,valid_folder,invalid,10.9539298057343,10.908283635056,0.00119359226859967,0.000667529492238113,8.88372629069045e-05,0.85655255133644
842,1025,1025,96,630,1039,Good,1,slightly degraded,D:\LSH\LSH\实验\聚焦信号分类实验\1\ROI_x617_y79_w21_h19_20260626_171804\02_invalid_raw_only\mat\curve_r0096_c0630_idx000371.mat,D:\LSH\LSH\实验\聚焦信号分类实验\1\ROI_x617_y79_w21_h19_20260626_171804\02_invalid_raw_only\mat,valid_folder,invalid,10.9407313149744,10.8456968678868,0.00161862074917845,0.000891067811572468,0.000110946793289093,0.874836595820586
843,1028,1028,96,637,1042,Good,1,slightly degraded,D:\LSH\LSH\实验\聚焦信号分类实验\1\ROI_x617_y79_w21_h19_20260626_171804\02_invalid_raw_only\mat\curve_r0096_c0637_idx000378.mat,D:\LSH\LSH\实验\聚焦信号分类实验\1\ROI_x617_y79_w21_h19_20260626_171804\02_invalid_raw_only\mat,valid_folder,invalid,27.6395384578052,27.7593796427767,0.00110182658341669,0.00078135034407179,7.38189852040762e-05,0.914030135586459
844,1036,1036,538,729,1050,Good,1,slightly degraded,D:\LSH\LSH\实验\聚焦信号分类实验\1\ROI_x729_y538_w32_h39_20260626_212915\01_valid_raw_and_ifft\mat\curve_r0538_c0729_idx000001.mat,D:\LSH\LSH\实验\聚焦信号分类实验\1\ROI_x729_y538_w32_h39_20260626_212915\01_valid_raw_and_ifft\mat,valid_folder,valid,30.9607771785733,30.9420007378115,0.02256662642428,0.0121061026015768,0.0015520728952708,0.90292641928027
845,1037,1037,538,730,1051,Good,1,slightly degraded,D:\LSH\LSH\实验\聚焦信号分类实验\1\ROI_x729_y538_w32_h39_20260626_212915\01_valid_raw_and_ifft\mat\curve_r0538_c0730_idx000002.mat,D:\LSH\LSH\实验\聚焦信号分类实验\1\ROI_x729_y538_w32_h39_20260626_212915\01_valid_raw_and_ifft\mat,valid_folder,valid,30.776357637232,30.7564694629326,0.0253508780987147,0.0141239974630133,0.00181517871226766,0.904578805369265
846,1038,1038,538,731,1052,Good,1,slightly degraded,D:\LSH\LSH\实验\聚焦信号分类实验\1\ROI_x729_y538_w32_h39_20260626_212915\01_valid_raw_and_ifft\mat\curve_r0538_c0731_idx000003.mat,D:\LSH\LSH\实验\聚焦信号分类实验\1\ROI_x729_y538_w32_h39_20260626_212915\01_valid_raw_and_ifft\mat,valid_folder,valid,30.5985534613436,30.6746696211489,0.0178262705845657,0.0109887048843078,0.00126712583540484,0.921169022800158
847,1039,1039,538,732,1053,Good,1,slightly degraded,D:\LSH\LSH\实验\聚焦信号分类实验\1\ROI_x729_y538_w32_h39_20260626_212915\01_valid_raw_and_ifft\mat\curve_r0538_c0732_idx000004.mat,D:\LSH\LSH\实验\聚焦信号分类实验\1\ROI_x729_y538_w32_h39_20260626_212915\01_valid_raw_and_ifft\mat,valid_folder,valid,30.7131213108391,30.6128809078696,0.0192422436003294,0.0110456110737853,0.00130713221558089,0.914436349433101
848,1040,1040,538,733,1054,Good,1,slightly degraded,D:\LSH\LSH\实验\聚焦信号分类实验\1\ROI_x729_y538_w32_h39_20260626_212915\01_valid_raw_and_ifft\mat\curve_r0538_c0733_idx000005.mat,D:\LSH\LSH\实验\聚焦信号分类实验\1\ROI_x729_y538_w32_h39_20260626_212915\01_valid_raw_and_ifft\mat,valid_folder,valid,30.8129795125251,30.548795819319,0.0275238370024036,0.013928623034507,0.00198183505739292,0.878816459347121
849,1041,1041,538,734,1055,Good,1,slightly degraded,D:\LSH\LSH\实验\聚焦信号分类实验\1\ROI_x729_y538_w32_h39_20260626_212915\01_valid_raw_and_ifft\mat\curve_r0538_c0734_idx000006.mat,D:\LSH\LSH\实验\聚焦信号分类实验\1\ROI_x729_y538_w32_h39_20260626_212915\01_valid_raw_and_ifft\mat,valid_folder,valid,30.6706935511373,30.362365225048,0.0301861863749943,0.0169969831706707,0.00212047374547111,0.905762485059346
850,1042,1042,538,735,1056,Good,1,slightly degraded,D:\LSH\LSH\实验\聚焦信号分类实验\1\ROI_x729_y538_w32_h39_20260626_212915\01_valid_raw_and_ifft\mat\curve_r0538_c0735_idx000007.mat,D:\LSH\LSH\实验\聚焦信号分类实验\1\ROI_x729_y538_w32_h39_20260626_212915\01_valid_raw_and_ifft\mat,valid_folder,valid,30.1553234322086,30.1852323202204,0.0303171074078659,0.0160300332774066,0.00212036493708485,0.895052834247913
851,1043,1043,538,736,1057,Good,1,slightly degraded,D:\LSH\LSH\实验\聚焦信号分类实验\1\ROI_x729_y538_w32_h39_20260626_212915\01_valid_raw_and_ifft\mat\curve_r0538_c0736_idx000008.mat,D:\LSH\LSH\实验\聚焦信号分类实验\1\ROI_x729_y538_w32_h39_20260626_212915\01_valid_raw_and_ifft\mat,valid_folder,valid,30.1327438092213,30.1880390041262,0.0575680411123152,0.0282260192454463,0.00424068621673729,0.870721107282978
852,1044,1044,538,737,1058,Good,1,slightly degraded,D:\LSH\LSH\实验\聚焦信号分类实验\1\ROI_x729_y538_w32_h39_20260626_212915\01_valid_raw_and_ifft\mat\curve_r0538_c0737_idx000009.mat,D:\LSH\LSH\实验\聚焦信号分类实验\1\ROI_x729_y538_w32_h39_20260626_212915\01_valid_raw_and_ifft\mat,valid_folder,valid,30.1226308014421,30.1777803785211,0.0751486817447367,0.0358564901904884,0.00563236209727003,0.860923879907885
853,1045,1045,538,738,1059,Good,1,slightly degraded,D:\LSH\LSH\实验\聚焦信号分类实验\1\ROI_x729_y538_w32_h39_20260626_212915\01_valid_raw_and_ifft\mat\curve_r0538_c0738_idx000010.mat,D:\LSH\LSH\实验\聚焦信号分类实验\1\ROI_x729_y538_w32_h39_20260626_212915\01_valid_raw_and_ifft\mat,valid_folder,valid,30.1607854782282,30.2113955645905,0.0569811523834283,0.0285073532569665,0.00422617017650067,0.874290144715781
854,1046,1046,538,739,1060,Good,1,slightly degraded,D:\LSH\LSH\实验\聚焦信号分类实验\1\ROI_x729_y538_w32_h39_20260626_212915\01_valid_raw_and_ifft\mat\curve_r0538_c0739_idx000011.mat,D:\LSH\LSH\实验\聚焦信号分类实验\1\ROI_x729_y538_w32_h39_20260626_212915\01_valid_raw_and_ifft\mat,valid_folder,valid,30.1177080315583,30.064156671143,0.02840127304243,0.0157520628829306,0.0018629472699068,0.911743068569654
855,1047,1047,538,740,1061,Good,1,slightly degraded,D:\LSH\LSH\实验\聚焦信号分类实验\1\ROI_x729_y538_w32_h39_20260626_212915\01_valid_raw_and_ifft\mat\curve_r0538_c0740_idx000012.mat,D:\LSH\LSH\实验\聚焦信号分类实验\1\ROI_x729_y538_w32_h39_20260626_212915\01_valid_raw_and_ifft\mat,valid_folder,valid,29.5909982875876,29.4758037912825,0.0158218334181839,0.0104391220583251,0.000929067571572087,0.951027990909102
856,1048,1048,538,741,1062,Good,1,slightly degraded,D:\LSH\LSH\实验\聚焦信号分类实验\1\ROI_x729_y538_w32_h39_20260626_212915\01_valid_raw_and_ifft\mat\curve_r0538_c0741_idx000013.mat,D:\LSH\LSH\实验\聚焦信号分类实验\1\ROI_x729_y538_w32_h39_20260626_212915\01_valid_raw_and_ifft\mat,valid_folder,valid,29.0743851736632,29.1654773337273,0.00717476693754213,0.00467858521939599,0.00042682115979587,0.942613519981136
857,1049,1049,538,742,1063,Good,1,slightly degraded,D:\LSH\LSH\实验\聚焦信号分类实验\1\ROI_x729_y538_w32_h39_20260626_212915\01_valid_raw_and_ifft\mat\curve_r0538_c0742_idx000014.mat,D:\LSH\LSH\实验\聚焦信号分类实验\1\ROI_x729_y538_w32_h39_20260626_212915\01_valid_raw_and_ifft\mat,valid_folder,valid,29.6783927257611,29.2416443607118,0.025433239439513,0.0160678215220779,0.00163338144200808,0.934391165009007
858,1050,1050,538,743,1064,Good,1,slightly degraded,D:\LSH\LSH\实验\聚焦信号分类实验\1\ROI_x729_y538_w32_h39_20260626_212915\01_valid_raw_and_ifft\mat\curve_r0538_c0743_idx000015.mat,D:\LSH\LSH\实验\聚焦信号分类实验\1\ROI_x729_y538_w32_h39_20260626_212915\01_valid_raw_and_ifft\mat,valid_folder,valid,29.577289474989,29.4353240207231,0.0637642990783505,0.0374690747362948,0.00445660757638627,0.916852945656967
859,1051,1051,538,744,1065,Good,1,slightly degraded,D:\LSH\LSH\实验\聚焦信号分类实验\1\ROI_x729_y538_w32_h39_20260626_212915\01_valid_raw_and_ifft\mat\curve_r0538_c0744_idx000016.mat,D:\LSH\LSH\实验\聚焦信号分类实验\1\ROI_x729_y538_w32_h39_20260626_212915\01_valid_raw_and_ifft\mat,valid_folder,valid,29.7240174739878,29.493873761941,0.0725276819494475,0.0402190137457916,0.00496539202858984,0.909622864658009
860,1052,1052,538,745,1066,Good,1,slightly degraded,D:\LSH\LSH\实验\聚焦信号分类实验\1\ROI_x729_y538_w32_h39_20260626_212915\01_valid_raw_and_ifft\mat\curve_r0538_c0745_idx000017.mat,D:\LSH\LSH\实验\聚焦信号分类实验\1\ROI_x729_y538_w32_h39_20260626_212915\01_valid_raw_and_ifft\mat,valid_folder,valid,29.733619122246,29.5373513622662,0.0415433896905697,0.0228837037082313,0.00286321284733054,0.905956155895433
861,1053,1053,538,746,1067,Good,1,slightly degraded,D:\LSH\LSH\实验\聚焦信号分类实验\1\ROI_x729_y538_w32_h39_20260626_212915\01_valid_raw_and_ifft\mat\curve_r0538_c0746_idx000018.mat,D:\LSH\LSH\实验\聚焦信号分类实验\1\ROI_x729_y538_w32_h39_20260626_212915\01_valid_raw_and_ifft\mat,valid_folder,valid,28.0678270657405,28.3012683429946,0.0125514997458785,0.00677807942176189,0.000792178401300217,0.910233506401812
862,1054,1054,538,747,1068,Good,1,slightly degraded,D:\LSH\LSH\实验\聚焦信号分类实验\1\ROI_x729_y538_w32_h39_20260626_212915\01_valid_raw_and_ifft\mat\curve_r0538_c0747_idx000019.mat,D:\LSH\LSH\实验\聚焦信号分类实验\1\ROI_x729_y538_w32_h39_20260626_212915\01_valid_raw_and_ifft\mat,valid_folder,valid,28.3364618748292,28.4083739087645,0.0112203544709164,0.00676479565755631,0.000742553749153471,0.92463214417222
863,1055,1055,538,748,1069,Good,1,slightly degraded,D:\LSH\LSH\实验\聚焦信号分类实验\1\ROI_x729_y538_w32_h39_20260626_212915\01_valid_raw_and_ifft\mat\curve_r0538_c0748_idx000020.mat,D:\LSH\LSH\实验\聚焦信号分类实验\1\ROI_x729_y538_w32_h39_20260626_212915\01_valid_raw_and_ifft\mat,valid_folder,valid,28.383870195029,28.2751687282547,0.0136360196068058,0.00837768547634636,0.000978181107798102,0.916401483701213
864,1056,1056,538,749,1070,Good,1,slightly degraded,D:\LSH\LSH\实验\聚焦信号分类实验\1\ROI_x729_y538_w32_h39_20260626_212915\01_valid_raw_and_ifft\mat\curve_r0538_c0749_idx000021.mat,D:\LSH\LSH\实验\聚焦信号分类实验\1\ROI_x729_y538_w32_h39_20260626_212915\01_valid_raw_and_ifft\mat,valid_folder,valid,28.5683317962447,28.4208133654615,0.00799399340431393,0.00478095394772349,0.000546078110399745,0.917585936260195
865,1057,1057,538,750,1071,Good,1,slightly degraded,D:\LSH\LSH\实验\聚焦信号分类实验\1\ROI_x729_y538_w32_h39_20260626_212915\01_valid_raw_and_ifft\mat\curve_r0538_c0750_idx000022.mat,D:\LSH\LSH\实验\聚焦信号分类实验\1\ROI_x729_y538_w32_h39_20260626_212915\01_valid_raw_and_ifft\mat,valid_folder,valid,28.6679777478812,28.3853275732604,0.00496795818025282,0.00293340444015686,0.000334222065266179,0.913862732758715
866,1058,1058,538,751,1072,Good,1,slightly degraded,D:\LSH\LSH\实验\聚焦信号分类实验\1\ROI_x729_y538_w32_h39_20260626_212915\01_valid_raw_and_ifft\mat\curve_r0538_c0751_idx000023.mat,D:\LSH\LSH\实验\聚焦信号分类实验\1\ROI_x729_y538_w32_h39_20260626_212915\01_valid_raw_and_ifft\mat,valid_folder,valid,28.2238536102213,28.0936093566562,0.00920776274964731,0.00588044473673252,0.000634939195830228,0.926024834497062
867,1059,1059,538,752,1073,Good,1,slightly degraded,D:\LSH\LSH\实验\聚焦信号分类实验\1\ROI_x729_y538_w32_h39_20260626_212915\01_valid_raw_and_ifft\mat\curve_r0538_c0752_idx000024.mat,D:\LSH\LSH\实验\聚焦信号分类实验\1\ROI_x729_y538_w32_h39_20260626_212915\01_valid_raw_and_ifft\mat,valid_folder,valid,27.9227074664512,27.9057415026636,0.0397148924084471,0.0235213495361966,0.00266361883755198,0.924428611902514
868,1060,1060,538,753,1074,Good,1,slightly degraded,D:\LSH\LSH\实验\聚焦信号分类实验\1\ROI_x729_y538_w32_h39_20260626_212915\01_valid_raw_and_ifft\mat\curve_r0538_c0753_idx000025.mat,D:\LSH\LSH\实验\聚焦信号分类实验\1\ROI_x729_y538_w32_h39_20260626_212915\01_valid_raw_and_ifft\mat,valid_folder,valid,27.8132540265374,27.833624511316,0.0487181303303095,0.0302129758512557,0.00333129511824818,0.928809770522552
869,1061,1061,538,754,1075,Good,1,slightly degraded,D:\LSH\LSH\实验\聚焦信号分类实验\1\ROI_x729_y538_w32_h39_20260626_212915\01_valid_raw_and_ifft\mat\curve_r0538_c0754_idx000026.mat,D:\LSH\LSH\实验\聚焦信号分类实验\1\ROI_x729_y538_w32_h39_20260626_212915\01_valid_raw_and_ifft\mat,valid_folder,valid,27.6484563020229,27.8067624292814,0.0336364664540505,0.0226034742965057,0.0023892209651867,0.933923372223339
870,1062,1062,538,755,1076,Good,1,slightly degraded,D:\LSH\LSH\实验\聚焦信号分类实验\1\ROI_x729_y538_w32_h39_20260626_212915\01_valid_raw_and_ifft\mat\curve_r0538_c0755_idx000027.mat,D:\LSH\LSH\实验\聚焦信号分类实验\1\ROI_x729_y538_w32_h39_20260626_212915\01_valid_raw_and_ifft\mat,valid_folder,valid,27.4783233828597,27.7038215379651,0.0174356996187722,0.0113764420251525,0.00109979990327203,0.942680824568384
871,1063,1063,538,756,1077,Good,1,slightly degraded,D:\LSH\LSH\实验\聚焦信号分类实验\1\ROI_x729_y538_w32_h39_20260626_212915\01_valid_raw_and_ifft\mat\curve_r0538_c0756_idx000028.mat,D:\LSH\LSH\实验\聚焦信号分类实验\1\ROI_x729_y538_w32_h39_20260626_212915\01_valid_raw_and_ifft\mat,valid_folder,valid,27.9009542586329,27.7717109426619,0.00765525877439791,0.00556830968923584,0.00041376851285699,0.964963485871284
872,1064,1064,538,757,1078,Good,1,slightly degraded,D:\LSH\LSH\实验\聚焦信号分类实验\1\ROI_x729_y538_w32_h39_20260626_212915\01_valid_raw_and_ifft\mat\curve_r0538_c0757_idx000029.mat,D:\LSH\LSH\实验\聚焦信号分类实验\1\ROI_x729_y538_w32_h39_20260626_212915\01_valid_raw_and_ifft\mat,valid_folder,valid,27.1436303004239,27.2211441956592,0.0132973134475151,0.0077668627361731,0.000815584366883566,0.929845390728025
873,1065,1065,538,758,1079,Good,1,slightly degraded,D:\LSH\LSH\实验\聚焦信号分类实验\1\ROI_x729_y538_w32_h39_20260626_212915\01_valid_raw_and_ifft\mat\curve_r0538_c0758_idx000030.mat,D:\LSH\LSH\实验\聚焦信号分类实验\1\ROI_x729_y538_w32_h39_20260626_212915\01_valid_raw_and_ifft\mat,valid_folder,valid,26.8986912571155,26.8474135765151,0.0218139096351917,0.0116503610728715,0.00145149144354598,0.904756421955193
874,1066,1066,538,759,1080,Good,1,slightly degraded,D:\LSH\LSH\实验\聚焦信号分类实验\1\ROI_x729_y538_w32_h39_20260626_212915\01_valid_raw_and_ifft\mat\curve_r0538_c0759_idx000031.mat,D:\LSH\LSH\实验\聚焦信号分类实验\1\ROI_x729_y538_w32_h39_20260626_212915\01_valid_raw_and_ifft\mat,valid_folder,valid,26.7683214114392,26.6037252711892,0.0240874101324598,0.0133982378650908,0.00161846246161633,0.911336323623336
875,1067,1067,538,760,1081,Good,1,slightly degraded,D:\LSH\LSH\实验\聚焦信号分类实验\1\ROI_x729_y538_w32_h39_20260626_212915\01_valid_raw_and_ifft\mat\curve_r0538_c0760_idx000032.mat,D:\LSH\LSH\实验\聚焦信号分类实验\1\ROI_x729_y538_w32_h39_20260626_212915\01_valid_raw_and_ifft\mat,valid_folder,valid,26.4067135399329,26.3352088183203,0.0265926545126207,0.0165723203224967,0.00183793707364372,0.926636518065922
876,1068,1068,539,729,1082,Good,1,slightly degraded,D:\LSH\LSH\实验\聚焦信号分类实验\1\ROI_x729_y538_w32_h39_20260626_212915\01_valid_raw_and_ifft\mat\curve_r0539_c0729_idx000033.mat,D:\LSH\LSH\实验\聚焦信号分类实验\1\ROI_x729_y538_w32_h39_20260626_212915\01_valid_raw_and_ifft\mat,valid_folder,valid,30.9727055937269,30.9717329496206,0.0212644341903696,0.0120720171748782,0.001431495592007,0.916394449074352
877,1069,1069,539,730,1083,Good,1,slightly degraded,D:\LSH\LSH\实验\聚焦信号分类实验\1\ROI_x729_y538_w32_h39_20260626_212915\01_valid_raw_and_ifft\mat\curve_r0539_c0730_idx000034.mat,D:\LSH\LSH\实验\聚焦信号分类实验\1\ROI_x729_y538_w32_h39_20260626_212915\01_valid_raw_and_ifft\mat,valid_folder,valid,30.6263770911706,30.6395521742152,0.0265985672644486,0.0149084936052685,0.00204031313935022,0.893053975949088
878,1070,1070,539,731,1084,Good,1,slightly degraded,D:\LSH\LSH\实验\聚焦信号分类实验\1\ROI_x729_y538_w32_h39_20260626_212915\01_valid_raw_and_ifft\mat\curve_r0539_c0731_idx000035.mat,D:\LSH\LSH\实验\聚焦信号分类实验\1\ROI_x729_y538_w32_h39_20260626_212915\01_valid_raw_and_ifft\mat,valid_folder,valid,30.3429661750689,30.5092544834554,0.0297557648310828,0.0161693562313167,0.00222049089128939,0.892089517342881
879,1071,1071,539,732,1085,Good,1,slightly degraded,D:\LSH\LSH\实验\聚焦信号分类实验\1\ROI_x729_y538_w32_h39_20260626_212915\01_valid_raw_and_ifft\mat\curve_r0539_c0732_idx000036.mat,D:\LSH\LSH\实验\聚焦信号分类实验\1\ROI_x729_y538_w32_h39_20260626_212915\01_valid_raw_and_ifft\mat,valid_folder,valid,30.3249435173001,30.4128269115356,0.040512439406852,0.0219791050511155,0.00302507631387565,0.889491752540088
880,1072,1072,539,733,1086,Good,1,slightly degraded,D:\LSH\LSH\实验\聚焦信号分类实验\1\ROI_x729_y538_w32_h39_20260626_212915\01_valid_raw_and_ifft\mat\curve_r0539_c0733_idx000037.mat,D:\LSH\LSH\实验\聚焦信号分类实验\1\ROI_x729_y538_w32_h39_20260626_212915\01_valid_raw_and_ifft\mat,valid_folder,valid,30.6255498367549,30.4615063702426,0.0623082559955266,0.0338875067711401,0.00474247926152496,0.887682027963769
881,1073,1073,539,734,1087,Good,1,slightly degraded,D:\LSH\LSH\实验\聚焦信号分类实验\1\ROI_x729_y538_w32_h39_20260626_212915\01_valid_raw_and_ifft\mat\curve_r0539_c0734_idx000038.mat,D:\LSH\LSH\实验\聚焦信号分类实验\1\ROI_x729_y538_w32_h39_20260626_212915\01_valid_raw_and_ifft\mat,valid_folder,valid,30.4688005825363,30.3660970207685,0.0656089682330863,0.0381276753510796,0.0050225417565586,0.898669910374227
882,1074,1074,539,735,1088,Good,1,slightly degraded,D:\LSH\LSH\实验\聚焦信号分类实验\1\ROI_x729_y538_w32_h39_20260626_212915\01_valid_raw_and_ifft\mat\curve_r0539_c0735_idx000039.mat,D:\LSH\LSH\实验\聚焦信号分类实验\1\ROI_x729_y538_w32_h39_20260626_212915\01_valid_raw_and_ifft\mat,valid_folder,valid,30.2021095043081,30.2461342383508,0.0445466381544893,0.0245800371831884,0.00307844506540825,0.905840004141762
883,1075,1075,539,736,1089,Good,1,slightly degraded,D:\LSH\LSH\实验\聚焦信号分类实验\1\ROI_x729_y538_w32_h39_20260626_212915\01_valid_raw_and_ifft\mat\curve_r0539_c0736_idx000040.mat,D:\LSH\LSH\实验\聚焦信号分类实验\1\ROI_x729_y538_w32_h39_20260626_212915\01_valid_raw_and_ifft\mat,valid_folder,valid,30.0812779481431,30.0877759046139,0.0420662269933172,0.0230086056412354,0.00276578409504938,0.91210206448373
884,1076,1076,539,737,1090,Good,1,slightly degraded,D:\LSH\LSH\实验\聚焦信号分类实验\1\ROI_x729_y538_w32_h39_20260626_212915\01_valid_raw_and_ifft\mat\curve_r0539_c0737_idx000041.mat,D:\LSH\LSH\实验\聚焦信号分类实验\1\ROI_x729_y538_w32_h39_20260626_212915\01_valid_raw_and_ifft\mat,valid_folder,valid,30.027041485243,30.0000057060121,0.0367440775532676,0.0200651674260544,0.00238204905837992,0.913603803217076
885,1077,1077,539,738,1091,Good,1,slightly degraded,D:\LSH\LSH\实验\聚焦信号分类实验\1\ROI_x729_y538_w32_h39_20260626_212915\01_valid_raw_and_ifft\mat\curve_r0539_c0738_idx000042.mat,D:\LSH\LSH\实验\聚焦信号分类实验\1\ROI_x729_y538_w32_h39_20260626_212915\01_valid_raw_and_ifft\mat,valid_folder,valid,30.0420872163177,30.0200892783992,0.0317197987464712,0.0179413912158041,0.00202577594597017,0.921678202744977
886,1078,1078,539,739,1092,Good,1,slightly degraded,D:\LSH\LSH\实验\聚焦信号分类实验\1\ROI_x729_y538_w32_h39_20260626_212915\01_valid_raw_and_ifft\mat\curve_r0539_c0739_idx000043.mat,D:\LSH\LSH\实验\聚焦信号分类实验\1\ROI_x729_y538_w32_h39_20260626_212915\01_valid_raw_and_ifft\mat,valid_folder,valid,29.9006693460449,29.7400073835659,0.0180639853932986,0.0115366236513725,0.000976158828033684,0.954308274714927
887,1079,1079,539,740,1093,Good,1,slightly degraded,D:\LSH\LSH\实验\聚焦信号分类实验\1\ROI_x729_y538_w32_h39_20260626_212915\01_valid_raw_and_ifft\mat\curve_r0539_c0740_idx000044.mat,D:\LSH\LSH\实验\聚焦信号分类实验\1\ROI_x729_y538_w32_h39_20260626_212915\01_valid_raw_and_ifft\mat,valid_folder,valid,29.5069732322925,29.6159068195854,0.0194398103550035,0.0128050839174019,0.00124834750925576,0.940743645371867
888,1080,1080,539,741,1094,Good,1,slightly degraded,D:\LSH\LSH\实验\聚焦信号分类实验\1\ROI_x729_y538_w32_h39_20260626_212915\01_valid_raw_and_ifft\mat\curve_r0539_c0741_idx000045.mat,D:\LSH\LSH\实验\聚焦信号分类实验\1\ROI_x729_y538_w32_h39_20260626_212915\01_valid_raw_and_ifft\mat,valid_folder,valid,29.0444014887123,29.1584420033612,0.0081995572947814,0.00456899603045457,0.000512068026805981,0.913467026773761
889,1081,1081,539,742,1095,Good,1,slightly degraded,D:\LSH\LSH\实验\聚焦信号分类实验\1\ROI_x729_y538_w32_h39_20260626_212915\01_valid_raw_and_ifft\mat\curve_r0539_c0742_idx000046.mat,D:\LSH\LSH\实验\聚焦信号分类实验\1\ROI_x729_y538_w32_h39_20260626_212915\01_valid_raw_and_ifft\mat,valid_folder,valid,28.4923550691877,28.997407474458,0.0088337793197401,0.00660404786848059,0.000555025727398791,0.953904727319235
890,1082,1082,539,743,1096,Good,1,slightly degraded,D:\LSH\LSH\实验\聚焦信号分类实验\1\ROI_x729_y538_w32_h39_20260626_212915\01_valid_raw_and_ifft\mat\curve_r0539_c0743_idx000047.mat,D:\LSH\LSH\实验\聚焦信号分类实验\1\ROI_x729_y538_w32_h39_20260626_212915\01_valid_raw_and_ifft\mat,valid_folder,valid,29.5269895086228,29.3239404296026,0.0519398294242147,0.0309921453291717,0.00365877923164292,0.917622872334112
891,1083,1083,539,744,1097,Good,1,slightly degraded,D:\LSH\LSH\实验\聚焦信号分类实验\1\ROI_x729_y538_w32_h39_20260626_212915\01_valid_raw_and_ifft\mat\curve_r0539_c0744_idx000048.mat,D:\LSH\LSH\实验\聚焦信号分类实验\1\ROI_x729_y538_w32_h39_20260626_212915\01_valid_raw_and_ifft\mat,valid_folder,valid,29.690755556521,29.3897352397629,0.064058498715306,0.0362776536484938,0.00442555322615931,0.911513451428969
892,1084,1084,539,745,1098,Good,1,slightly degraded,D:\LSH\LSH\实验\聚焦信号分类实验\1\ROI_x729_y538_w32_h39_20260626_212915\01_valid_raw_and_ifft\mat\curve_r0539_c0745_idx000049.mat,D:\LSH\LSH\实验\聚焦信号分类实验\1\ROI_x729_y538_w32_h39_20260626_212915\01_valid_raw_and_ifft\mat,valid_folder,valid,29.7375324277841,29.4351308090013,0.0349520940610649,0.0198520713368569,0.00232020666260698,0.916983771705627
893,1085,1085,539,746,1099,Good,1,slightly degraded,D:\LSH\LSH\实验\聚焦信号分类实验\1\ROI_x729_y538_w32_h39_20260626_212915\01_valid_raw_and_ifft\mat\curve_r0539_c0746_idx000050.mat,D:\LSH\LSH\实验\聚焦信号分类实验\1\ROI_x729_y538_w32_h39_20260626_212915\01_valid_raw_and_ifft\mat,valid_folder,valid,28.2364777674204,28.4147491893719,0.0178795963147237,0.0101500961476372,0.00117796717643877,0.915886984463247
894,1086,1086,539,747,1100,Good,1,slightly degraded,D:\LSH\LSH\实验\聚焦信号分类实验\1\ROI_x729_y538_w32_h39_20260626_212915\01_valid_raw_and_ifft\mat\curve_r0539_c0747_idx000051.mat,D:\LSH\LSH\实验\聚焦信号分类实验\1\ROI_x729_y538_w32_h39_20260626_212915\01_valid_raw_and_ifft\mat,valid_folder,valid,28.6164627261068,28.568744177849,0.0152061421765802,0.00868652999680612,0.00110271770075798,0.903537394391405
895,1087,1087,539,748,1101,Good,1,slightly degraded,D:\LSH\LSH\实验\聚焦信号分类实验\1\ROI_x729_y538_w32_h39_20260626_212915\01_valid_raw_and_ifft\mat\curve_r0539_c0748_idx000052.mat,D:\LSH\LSH\实验\聚焦信号分类实验\1\ROI_x729_y538_w32_h39_20260626_212915\01_valid_raw_and_ifft\mat,valid_folder,valid,28.56697751418,28.3894080343134,0.0144312544163548,0.00833701960754547,0.00104389167408489,0.905346007587476
896,1088,1088,539,749,1102,Good,1,slightly degraded,D:\LSH\LSH\实验\聚焦信号分类实验\1\ROI_x729_y538_w32_h39_20260626_212915\01_valid_raw_and_ifft\mat\curve_r0539_c0749_idx000053.mat,D:\LSH\LSH\实验\聚焦信号分类实验\1\ROI_x729_y538_w32_h39_20260626_212915\01_valid_raw_and_ifft\mat,valid_folder,valid,28.5999040977379,28.3802044182336,0.00590354634402736,0.00359319629127809,0.000387391712905577,0.923137213993841
897,1089,1089,539,750,1103,Good,1,slightly degraded,D:\LSH\LSH\实验\聚焦信号分类实验\1\ROI_x729_y538_w32_h39_20260626_212915\01_valid_raw_and_ifft\mat\curve_r0539_c0750_idx000054.mat,D:\LSH\LSH\实验\聚焦信号分类实验\1\ROI_x729_y538_w32_h39_20260626_212915\01_valid_raw_and_ifft\mat,valid_folder,valid,28.8105164886757,28.503825274722,0.00690353431895138,0.00356034079262294,0.000500650531052757,0.874747354886843
898,1090,1090,539,751,1104,Good,1,slightly degraded,D:\LSH\LSH\实验\聚焦信号分类实验\1\ROI_x729_y538_w32_h39_20260626_212915\01_valid_raw_and_ifft\mat\curve_r0539_c0751_idx000055.mat,D:\LSH\LSH\实验\聚焦信号分类实验\1\ROI_x729_y538_w32_h39_20260626_212915\01_valid_raw_and_ifft\mat,valid_folder,valid,28.0977479891782,28.0191410239025,0.0197149068664696,0.01309374854031,0.00139739899123967,0.930807284951126
899,1091,1091,539,752,1105,Good,1,slightly degraded,D:\LSH\LSH\实验\聚焦信号分类实验\1\ROI_x729_y538_w32_h39_20260626_212915\01_valid_raw_and_ifft\mat\curve_r0539_c0752_idx000056.mat,D:\LSH\LSH\实验\聚焦信号分类实验\1\ROI_x729_y538_w32_h39_20260626_212915\01_valid_raw_and_ifft\mat,valid_folder,valid,28.0440735137442,28.0011193777102,0.0549459369388483,0.0354481545108363,0.00387483897249342,0.929883911369233
900,1092,1092,539,753,1106,Good,1,slightly degraded,D:\LSH\LSH\实验\聚焦信号分类实验\1\ROI_x729_y538_w32_h39_20260626_212915\01_valid_raw_and_ifft\mat\curve_r0539_c0753_idx000057.mat,D:\LSH\LSH\实验\聚焦信号分类实验\1\ROI_x729_y538_w32_h39_20260626_212915\01_valid_raw_and_ifft\mat,valid_folder,valid,28.0706257014219,28.0017502924108,0.0641771544158888,0.0435221198508746,0.00473317477435784,0.930575556321292
901,1093,1093,539,754,1107,Good,1,slightly degraded,D:\LSH\LSH\实验\聚焦信号分类实验\1\ROI_x729_y538_w32_h39_20260626_212915\01_valid_raw_and_ifft\mat\curve_r0539_c0754_idx000058.mat,D:\LSH\LSH\实验\聚焦信号分类实验\1\ROI_x729_y538_w32_h39_20260626_212915\01_valid_raw_and_ifft\mat,valid_folder,valid,28.1419894652267,28.0338092062641,0.0406580946387358,0.0280576855526273,0.0030463666768944,0.930176164771816
902,1094,1094,539,755,1108,Good,1,slightly degraded,D:\LSH\LSH\实验\聚焦信号分类实验\1\ROI_x729_y538_w32_h39_20260626_212915\01_valid_raw_and_ifft\mat\curve_r0539_c0755_idx000059.mat,D:\LSH\LSH\实验\聚焦信号分类实验\1\ROI_x729_y538_w32_h39_20260626_212915\01_valid_raw_and_ifft\mat,valid_folder,valid,27.8535952446065,27.8361798867988,0.0186347829892691,0.0114476159368798,0.00118738272370842,0.933772085509914
903,1095,1095,539,756,1109,Good,1,slightly degraded,D:\LSH\LSH\实验\聚焦信号分类实验\1\ROI_x729_y538_w32_h39_20260626_212915\01_valid_raw_and_ifft\mat\curve_r0539_c0756_idx000060.mat,D:\LSH\LSH\实验\聚焦信号分类实验\1\ROI_x729_y538_w32_h39_20260626_212915\01_valid_raw_and_ifft\mat,valid_folder,valid,27.8668859402599,27.79609244001,0.00925239872359431,0.00575695138766555,0.000547414737157144,0.940017166252287
904,1096,1096,539,757,1110,Good,1,slightly degraded,D:\LSH\LSH\实验\聚焦信号分类实验\1\ROI_x729_y538_w32_h39_20260626_212915\01_valid_raw_and_ifft\mat\curve_r0539_c0757_idx000061.mat,D:\LSH\LSH\实验\聚焦信号分类实验\1\ROI_x729_y538_w32_h39_20260626_212915\01_valid_raw_and_ifft\mat,valid_folder,valid,27.1654294537256,27.2840401772982,0.0123878189641202,0.00666793076596442,0.000828437371930568,0.902094476176619
905,1097,1097,539,758,1111,Good,1,slightly degraded,D:\LSH\LSH\实验\聚焦信号分类实验\1\ROI_x729_y538_w32_h39_20260626_212915\01_valid_raw_and_ifft\mat\curve_r0539_c0758_idx000062.mat,D:\LSH\LSH\实验\聚焦信号分类实验\1\ROI_x729_y538_w32_h39_20260626_212915\01_valid_raw_and_ifft\mat,valid_folder,valid,26.9668992512413,26.9414187334526,0.0187205797113909,0.00919753789023048,0.00129482028144356,0.877932934578925
906,1098,1098,539,759,1112,Good,1,slightly degraded,D:\LSH\LSH\实验\聚焦信号分类实验\1\ROI_x729_y538_w32_h39_20260626_212915\01_valid_raw_and_ifft\mat\curve_r0539_c0759_idx000063.mat,D:\LSH\LSH\实验\聚焦信号分类实验\1\ROI_x729_y538_w32_h39_20260626_212915\01_valid_raw_and_ifft\mat,valid_folder,valid,26.7394669976919,26.5355946676544,0.0213953722916159,0.0119380169343871,0.00145711840598809,0.909634829101516
907,1099,1099,539,760,1113,Good,1,slightly degraded,D:\LSH\LSH\实验\聚焦信号分类实验\1\ROI_x729_y538_w32_h39_20260626_212915\01_valid_raw_and_ifft\mat\curve_r0539_c0760_idx000064.mat,D:\LSH\LSH\实验\聚焦信号分类实验\1\ROI_x729_y538_w32_h39_20260626_212915\01_valid_raw_and_ifft\mat,valid_folder,valid,26.3119029460247,26.2268676656859,0.0278635017849053,0.0180298666492088,0.00191132105853121,0.932974951139258
908,1100,1100,540,729,1114,Good,1,slightly degraded,D:\LSH\LSH\实验\聚焦信号分类实验\1\ROI_x729_y538_w32_h39_20260626_212915\01_valid_raw_and_ifft\mat\curve_r0540_c0729_idx000065.mat,D:\LSH\LSH\实验\聚焦信号分类实验\1\ROI_x729_y538_w32_h39_20260626_212915\01_valid_raw_and_ifft\mat,valid_folder,valid,31.1395165216677,31.1679403490313,0.0185160585676681,0.0102659684497737,0.00124328379370451,0.911458054245195
909,1101,1101,540,730,1115,Good,1,slightly degraded,D:\LSH\LSH\实验\聚焦信号分类实验\1\ROI_x729_y538_w32_h39_20260626_212915\01_valid_raw_and_ifft\mat\curve_r0540_c0730_idx000066.mat,D:\LSH\LSH\实验\聚焦信号分类实验\1\ROI_x729_y538_w32_h39_20260626_212915\01_valid_raw_and_ifft\mat,valid_folder,valid,30.3800118430092,30.5309556800642,0.014506725535292,0.00810770570303072,0.00106979062694029,0.895428484094023
910,1102,1102,540,731,1116,Good,1,slightly degraded,D:\LSH\LSH\实验\聚焦信号分类实验\1\ROI_x729_y538_w32_h39_20260626_212915\01_valid_raw_and_ifft\mat\curve_r0540_c0731_idx000067.mat,D:\LSH\LSH\实验\聚焦信号分类实验\1\ROI_x729_y538_w32_h39_20260626_212915\01_valid_raw_and_ifft\mat,valid_folder,valid,30.2805478883101,30.4761647222118,0.0261393581133741,0.0138366790796169,0.00192721545929004,0.886922033045448
911,1103,1103,540,732,1117,Good,1,slightly degraded,D:\LSH\LSH\实验\聚焦信号分类实验\1\ROI_x729_y538_w32_h39_20260626_212915\01_valid_raw_and_ifft\mat\curve_r0540_c0732_idx000068.mat,D:\LSH\LSH\实验\聚焦信号分类实验\1\ROI_x729_y538_w32_h39_20260626_212915\01_valid_raw_and_ifft\mat,valid_folder,valid,30.2393567432419,30.3364588419138,0.0430646443461901,0.0224314869195395,0.00317112716217233,0.882372061515521
912,1104,1104,540,733,1118,Good,1,slightly degraded,D:\LSH\LSH\实验\聚焦信号分类实验\1\ROI_x729_y538_w32_h39_20260626_212915\01_valid_raw_and_ifft\mat\curve_r0540_c0733_idx000069.mat,D:\LSH\LSH\实验\聚焦信号分类实验\1\ROI_x729_y538_w32_h39_20260626_212915\01_valid_raw_and_ifft\mat,valid_folder,valid,30.4938583257163,30.4166773017408,0.0690780224653684,0.0390967843934686,0.00545949839161288,0.888856914497836
913,1105,1105,540,734,1119,Good,1,slightly degraded,D:\LSH\LSH\实验\聚焦信号分类实验\1\ROI_x729_y538_w32_h39_20260626_212915\01_valid_raw_and_ifft\mat\curve_r0540_c0734_idx000070.mat,D:\LSH\LSH\实验\聚焦信号分类实验\1\ROI_x729_y538_w32_h39_20260626_212915\01_valid_raw_and_ifft\mat,valid_folder,valid,30.3583296165278,30.3666532486879,0.0768904367196609,0.042352369690771,0.00592164029263192,0.888181165769134
914,1106,1106,540,735,1120,Good,1,slightly degraded,D:\LSH\LSH\实验\聚焦信号分类实验\1\ROI_x729_y538_w32_h39_20260626_212915\01_valid_raw_and_ifft\mat\curve_r0540_c0735_idx000071.mat,D:\LSH\LSH\实验\聚焦信号分类实验\1\ROI_x729_y538_w32_h39_20260626_212915\01_valid_raw_and_ifft\mat,valid_folder,valid,30.2274781932168,30.3098163156312,0.053182926513239,0.0279418716906493,0.00391121036370566,0.886042572601716
915,1107,1107,540,736,1121,Good,1,slightly degraded,D:\LSH\LSH\实验\聚焦信号分类实验\1\ROI_x729_y538_w32_h39_20260626_212915\01_valid_raw_and_ifft\mat\curve_r0540_c0736_idx000072.mat,D:\LSH\LSH\实验\聚焦信号分类实验\1\ROI_x729_y538_w32_h39_20260626_212915\01_valid_raw_and_ifft\mat,valid_folder,valid,30.1501049518176,30.2235390662167,0.0417778963623147,0.0211028702901914,0.00304401431257582,0.879236127677677
916,1108,1108,540,737,1122,Good,1,slightly degraded,D:\LSH\LSH\实验\聚焦信号分类实验\1\ROI_x729_y538_w32_h39_20260626_212915\01_valid_raw_and_ifft\mat\curve_r0540_c0737_idx000073.mat,D:\LSH\LSH\实验\聚焦信号分类实验\1\ROI_x729_y538_w32_h39_20260626_212915\01_valid_raw_and_ifft\mat,valid_folder,valid,30.201188810264,30.2135504123053,0.0299526254036683,0.0161887801899341,0.00214814570414422,0.895206681912414
917,1109,1109,540,738,1123,Good,1,slightly degraded,D:\LSH\LSH\实验\聚焦信号分类实验\1\ROI_x729_y538_w32_h39_20260626_212915\01_valid_raw_and_ifft\mat\curve_r0540_c0738_idx000074.mat,D:\LSH\LSH\实验\聚焦信号分类实验\1\ROI_x729_y538_w32_h39_20260626_212915\01_valid_raw_and_ifft\mat,valid_folder,valid,30.1014387435553,30.0695853743168,0.0293636819590336,0.0161960320936371,0.0019572227509354,0.910779656901813
918,1110,1110,540,739,1124,Good,1,slightly degraded,D:\LSH\LSH\实验\聚焦信号分类实验\1\ROI_x729_y538_w32_h39_20260626_212915\01_valid_raw_and_ifft\mat\curve_r0540_c0739_idx000075.mat,D:\LSH\LSH\实验\聚焦信号分类实验\1\ROI_x729_y538_w32_h39_20260626_212915\01_valid_raw_and_ifft\mat,valid_folder,valid,30.1223351013841,30.0520036615646,0.0345312117022348,0.0201410691602564,0.00219355867061421,0.926145942065561
919,1111,1111,540,740,1125,Good,1,slightly degraded,D:\LSH\LSH\实验\聚焦信号分类实验\1\ROI_x729_y538_w32_h39_20260626_212915\01_valid_raw_and_ifft\mat\curve_r0540_c0740_idx000076.mat,D:\LSH\LSH\实验\聚焦信号分类实验\1\ROI_x729_y538_w32_h39_20260626_212915\01_valid_raw_and_ifft\mat,valid_folder,valid,29.6291531551693,29.6661528436078,0.0368933878411082,0.0250288897771183,0.0022120569703358,0.953742258209909
920,1112,1112,540,741,1126,Good,1,slightly degraded,D:\LSH\LSH\实验\聚焦信号分类实验\1\ROI_x729_y538_w32_h39_20260626_212915\01_valid_raw_and_ifft\mat\curve_r0540_c0741_idx000077.mat,D:\LSH\LSH\实验\聚焦信号分类实验\1\ROI_x729_y538_w32_h39_20260626_212915\01_valid_raw_and_ifft\mat,valid_folder,valid,29.0409370008953,29.1522700707993,0.02966372120782,0.0159651311294478,0.00187756135502503,0.913085953768945
921,1113,1113,540,742,1127,Good,1,slightly degraded,D:\LSH\LSH\实验\聚焦信号分类实验\1\ROI_x729_y538_w32_h39_20260626_212915\01_valid_raw_and_ifft\mat\curve_r0540_c0742_idx000078.mat,D:\LSH\LSH\实验\聚焦信号分类实验\1\ROI_x729_y538_w32_h39_20260626_212915\01_valid_raw_and_ifft\mat,valid_folder,valid,28.979483303625,28.9837536983093,0.0120630129847704,0.00592614633710456,0.000833373749872117,0.87425280951881
922,1114,1114,540,743,1128,Good,1,slightly degraded,D:\LSH\LSH\实验\聚焦信号分类实验\1\ROI_x729_y538_w32_h39_20260626_212915\01_valid_raw_and_ifft\mat\curve_r0540_c0743_idx000079.mat,D:\LSH\LSH\实验\聚焦信号分类实验\1\ROI_x729_y538_w32_h39_20260626_212915\01_valid_raw_and_ifft\mat,valid_folder,valid,29.1313382131446,29.1502805256347,0.0140431887625611,0.00842268385739291,0.000897903552822235,0.929029570286313
923,1115,1115,540,744,1129,Good,1,slightly degraded,D:\LSH\LSH\实验\聚焦信号分类实验\1\ROI_x729_y538_w32_h39_20260626_212915\01_valid_raw_and_ifft\mat\curve_r0540_c0744_idx000080.mat,D:\LSH\LSH\实验\聚焦信号分类实验\1\ROI_x729_y538_w32_h39_20260626_212915\01_valid_raw_and_ifft\mat,valid_folder,valid,28.8579632099467,28.9452633869507,0.0144658041566503,0.00995052288181484,0.000972012883112502,0.940692971268789
924,1116,1116,540,745,1130,Good,1,slightly degraded,D:\LSH\LSH\实验\聚焦信号分类实验\1\ROI_x729_y538_w32_h39_20260626_212915\01_valid_raw_and_ifft\mat\curve_r0540_c0745_idx000081.mat,D:\LSH\LSH\实验\聚焦信号分类实验\1\ROI_x729_y538_w32_h39_20260626_212915\01_valid_raw_and_ifft\mat,valid_folder,valid,28.8038657949352,28.780058513758,0.0197833708536778,0.0110054646372965,0.00136608765722082,0.907011425262829
925,1117,1117,540,746,1131,Good,1,slightly degraded,D:\LSH\LSH\实验\聚焦信号分类实验\1\ROI_x729_y538_w32_h39_20260626_212915\01_valid_raw_and_ifft\mat\curve_r0540_c0746_idx000082.mat,D:\LSH\LSH\实验\聚焦信号分类实验\1\ROI_x729_y538_w32_h39_20260626_212915\01_valid_raw_and_ifft\mat,valid_folder,valid,28.6223545818072,28.5273655376417,0.0183754319528441,0.0100677622403706,0.00139910077692765,0.888472715439883
926,1118,1118,540,747,1132,Good,1,slightly degraded,D:\LSH\LSH\实验\聚焦信号分类实验\1\ROI_x729_y538_w32_h39_20260626_212915\01_valid_raw_and_ifft\mat\curve_r0540_c0747_idx000083.mat,D:\LSH\LSH\实验\聚焦信号分类实验\1\ROI_x729_y538_w32_h39_20260626_212915\01_valid_raw_and_ifft\mat,valid_folder,valid,28.7547365261251,28.6241759264433,0.0182149324267249,0.00945978401386955,0.00134939936879204,0.882581303312485
927,1119,1119,540,748,1133,Good,1,slightly degraded,D:\LSH\LSH\实验\聚焦信号分类实验\1\ROI_x729_y538_w32_h39_20260626_212915\01_valid_raw_and_ifft\mat\curve_r0540_c0748_idx000084.mat,D:\LSH\LSH\实验\聚焦信号分类实验\1\ROI_x729_y538_w32_h39_20260626_212915\01_valid_raw_and_ifft\mat,valid_folder,valid,28.7773029800768,28.5853296535768,0.016368336684738,0.00833039256972995,0.00121095061652983,0.877065977514567
928,1120,1120,540,749,1134,Good,1,slightly degraded,D:\LSH\LSH\实验\聚焦信号分类实验\1\ROI_x729_y538_w32_h39_20260626_212915\01_valid_raw_and_ifft\mat\curve_r0540_c0749_idx000085.mat,D:\LSH\LSH\实验\聚焦信号分类实验\1\ROI_x729_y538_w32_h39_20260626_212915\01_valid_raw_and_ifft\mat,valid_folder,valid,28.7025997036964,28.4384284112115,0.00717203591135968,0.0040512837318824,0.000494136185971564,0.906301716526047
929,1121,1121,540,750,1135,Good,1,slightly degraded,D:\LSH\LSH\实验\聚焦信号分类实验\1\ROI_x729_y538_w32_h39_20260626_212915\01_valid_raw_and_ifft\mat\curve_r0540_c0750_idx000086.mat,D:\LSH\LSH\实验\聚焦信号分类实验\1\ROI_x729_y538_w32_h39_20260626_212915\01_valid_raw_and_ifft\mat,valid_folder,valid,28.768780785804,28.3789023454722,0.00823278848939627,0.00448143448725133,0.000590492501812247,0.891242933642704
930,1122,1122,540,751,1136,Good,1,slightly degraded,D:\LSH\LSH\实验\聚焦信号分类实验\1\ROI_x729_y538_w32_h39_20260626_212915\01_valid_raw_and_ifft\mat\curve_r0540_c0751_idx000087.mat,D:\LSH\LSH\实验\聚焦信号分类实验\1\ROI_x729_y538_w32_h39_20260626_212915\01_valid_raw_and_ifft\mat,valid_folder,valid,28.0134267762672,27.981819730561,0.0390473511209695,0.0209696637325861,0.00264805608969467,0.905349495664986
931,1123,1123,540,752,1137,Good,1,slightly degraded,D:\LSH\LSH\实验\聚焦信号分类实验\1\ROI_x729_y538_w32_h39_20260626_212915\01_valid_raw_and_ifft\mat\curve_r0540_c0752_idx000088.mat,D:\LSH\LSH\实验\聚焦信号分类实验\1\ROI_x729_y538_w32_h39_20260626_212915\01_valid_raw_and_ifft\mat,valid_folder,valid,28.1111060684862,28.1133898594527,0.0934411173705016,0.0499731023623525,0.00665689323910149,0.898615034828368
932,1124,1124,540,753,1138,Good,1,slightly degraded,D:\LSH\LSH\实验\聚焦信号分类实验\1\ROI_x729_y538_w32_h39_20260626_212915\01_valid_raw_and_ifft\mat\curve_r0540_c0753_idx000089.mat,D:\LSH\LSH\实验\聚焦信号分类实验\1\ROI_x729_y538_w32_h39_20260626_212915\01_valid_raw_and_ifft\mat,valid_folder,valid,28.1733794403835,28.1530355301761,0.0952750276455756,0.0534741774712051,0.00687594634607983,0.905479749339561
933,1125,1125,540,754,1139,Good,1,slightly degraded,D:\LSH\LSH\实验\聚焦信号分类实验\1\ROI_x729_y538_w32_h39_20260626_212915\01_valid_raw_and_ifft\mat\curve_r0540_c0754_idx000090.mat,D:\LSH\LSH\实验\聚焦信号分类实验\1\ROI_x729_y538_w32_h39_20260626_212915\01_valid_raw_and_ifft\mat,valid_folder,valid,28.2924331411537,28.1876679507767,0.0542640712134195,0.0328489315212045,0.00402362182972446,0.912959915713028
934,1126,1126,540,755,1140,Good,1,slightly degraded,D:\LSH\LSH\实验\聚焦信号分类实验\1\ROI_x729_y538_w32_h39_20260626_212915\01_valid_raw_and_ifft\mat\curve_r0540_c0755_idx000091.mat,D:\LSH\LSH\实验\聚焦信号分类实验\1\ROI_x729_y538_w32_h39_20260626_212915\01_valid_raw_and_ifft\mat,valid_folder,valid,27.8988287258395,27.8307434465876,0.0190180371958477,0.0111546406461157,0.00119151972498077,0.929114827861612
935,1127,1127,540,756,1141,Good,1,slightly degraded,D:\LSH\LSH\实验\聚焦信号分类实验\1\ROI_x729_y538_w32_h39_20260626_212915\01_valid_raw_and_ifft\mat\curve_r0540_c0756_idx000092.mat,D:\LSH\LSH\实验\聚焦信号分类实验\1\ROI_x729_y538_w32_h39_20260626_212915\01_valid_raw_and_ifft\mat,valid_folder,valid,27.2077860879176,27.2667529297035,0.015309563451887,0.00925783891823222,0.000957920645190095,0.932768126801723
936,1128,1128,540,757,1142,Good,1,slightly degraded,D:\LSH\LSH\实验\聚焦信号分类实验\1\ROI_x729_y538_w32_h39_20260626_212915\01_valid_raw_and_ifft\mat\curve_r0540_c0757_idx000093.mat,D:\LSH\LSH\实验\聚焦信号分类实验\1\ROI_x729_y538_w32_h39_20260626_212915\01_valid_raw_and_ifft\mat,valid_folder,valid,27.0253023542246,27.085105359112,0.0196940808145402,0.00978234235767451,0.00135115533162099,0.882435364394827
937,1129,1129,540,758,1143,Good,1,slightly degraded,D:\LSH\LSH\实验\聚焦信号分类实验\1\ROI_x729_y538_w32_h39_20260626_212915\01_valid_raw_and_ifft\mat\curve_r0540_c0758_idx000094.mat,D:\LSH\LSH\实验\聚焦信号分类实验\1\ROI_x729_y538_w32_h39_20260626_212915\01_valid_raw_and_ifft\mat,valid_folder,valid,26.9545344412027,26.9269218381658,0.0157434940293551,0.00761746305137862,0.00110449928917674,0.868906091316683
938,1130,1130,540,759,1144,Good,1,slightly degraded,D:\LSH\LSH\实验\聚焦信号分类实验\1\ROI_x729_y538_w32_h39_20260626_212915\01_valid_raw_and_ifft\mat\curve_r0540_c0759_idx000095.mat,D:\LSH\LSH\实验\聚焦信号分类实验\1\ROI_x729_y538_w32_h39_20260626_212915\01_valid_raw_and_ifft\mat,valid_folder,valid,26.6649773429431,26.4771240665222,0.0162567369811403,0.00948548152472012,0.00109904822478245,0.917807426893672
939,1131,1131,540,760,1145,Good,1,slightly degraded,D:\LSH\LSH\实验\聚焦信号分类实验\1\ROI_x729_y538_w32_h39_20260626_212915\01_valid_raw_and_ifft\mat\curve_r0540_c0760_idx000096.mat,D:\LSH\LSH\实验\聚焦信号分类实验\1\ROI_x729_y538_w32_h39_20260626_212915\01_valid_raw_and_ifft\mat,valid_folder,valid,26.0820670956478,26.0885351709501,0.0237975983809129,0.0144508860739788,0.00157195709956272,0.928755479432562
940,1132,1132,541,729,1146,Good,1,slightly degraded,D:\LSH\LSH\实验\聚焦信号分类实验\1\ROI_x729_y538_w32_h39_20260626_212915\01_valid_raw_and_ifft\mat\curve_r0541_c0729_idx000097.mat,D:\LSH\LSH\实验\聚焦信号分类实验\1\ROI_x729_y538_w32_h39_20260626_212915\01_valid_raw_and_ifft\mat,valid_folder,valid,31.151304481459,31.1639246941721,0.0170575090508127,0.00958235163619749,0.00113780099331847,0.9137869866676
941,1133,1133,541,730,1147,Good,1,slightly degraded,D:\LSH\LSH\实验\聚焦信号分类实验\1\ROI_x729_y538_w32_h39_20260626_212915\01_valid_raw_and_ifft\mat\curve_r0541_c0730_idx000098.mat,D:\LSH\LSH\实验\聚焦信号分类实验\1\ROI_x729_y538_w32_h39_20260626_212915\01_valid_raw_and_ifft\mat,valid_folder,valid,30.9801199373949,30.9461293149237,0.00646313094214263,0.00372594415460415,0.000370174327853792,0.932906251451309
942,1134,1134,541,731,1148,Good,1,slightly degraded,D:\LSH\LSH\实验\聚焦信号分类实验\1\ROI_x729_y538_w32_h39_20260626_212915\01_valid_raw_and_ifft\mat\curve_r0541_c0731_idx000099.mat,D:\LSH\LSH\实验\聚焦信号分类实验\1\ROI_x729_y538_w32_h39_20260626_212915\01_valid_raw_and_ifft\mat,valid_folder,valid,30.3135570357415,30.5447462813568,0.00755512095366236,0.00437344124036835,0.000503528993463704,0.914846572643781
943,1135,1135,541,732,1149,Good,1,slightly degraded,D:\LSH\LSH\实验\聚焦信号分类实验\1\ROI_x729_y538_w32_h39_20260626_212915\01_valid_raw_and_ifft\mat\curve_r0541_c0732_idx000100.mat,D:\LSH\LSH\实验\聚焦信号分类实验\1\ROI_x729_y538_w32_h39_20260626_212915\01_valid_raw_and_ifft\mat,valid_folder,valid,30.1852451623892,30.2519540754133,0.0261469228788438,0.0133270350614153,0.0019059265268389,0.876905520641254
944,1136,1136,541,733,1150,Good,1,slightly degraded,D:\LSH\LSH\实验\聚焦信号分类实验\1\ROI_x729_y538_w32_h39_20260626_212915\01_valid_raw_and_ifft\mat\curve_r0541_c0733_idx000101.mat,D:\LSH\LSH\实验\聚焦信号分类实验\1\ROI_x729_y538_w32_h39_20260626_212915\01_valid_raw_and_ifft\mat,valid_folder,valid,30.3804856233544,30.3335683790222,0.0551883125584481,0.0320939968468615,0.00407981286101286,0.906396131430511
945,1137,1137,541,734,1151,Good,1,slightly degraded,D:\LSH\LSH\实验\聚焦信号分类实验\1\ROI_x729_y538_w32_h39_20260626_212915\01_valid_raw_and_ifft\mat\curve_r0541_c0734_idx000102.mat,D:\LSH\LSH\实验\聚焦信号分类实验\1\ROI_x729_y538_w32_h39_20260626_212915\01_valid_raw_and_ifft\mat,valid_folder,valid,30.2043692882606,30.221233706442,0.0593231099524037,0.0334919219107482,0.00409766569302374,0.911138231713364
946,1138,1138,541,735,1152,Good,1,slightly degraded,D:\LSH\LSH\实验\聚焦信号分类实验\1\ROI_x729_y538_w32_h39_20260626_212915\01_valid_raw_and_ifft\mat\curve_r0541_c0735_idx000103.mat,D:\LSH\LSH\实验\聚焦信号分类实验\1\ROI_x729_y538_w32_h39_20260626_212915\01_valid_raw_and_ifft\mat,valid_folder,valid,30.1167715094593,30.1541537466183,0.0469272303180447,0.0251411470791711,0.00320300988170589,0.902835388952423
947,1139,1139,541,736,1153,Good,1,slightly degraded,D:\LSH\LSH\实验\聚焦信号分类实验\1\ROI_x729_y538_w32_h39_20260626_212915\01_valid_raw_and_ifft\mat\curve_r0541_c0736_idx000104.mat,D:\LSH\LSH\实验\聚焦信号分类实验\1\ROI_x729_y538_w32_h39_20260626_212915\01_valid_raw_and_ifft\mat,valid_folder,valid,30.1162219082402,30.1397859469918,0.0388680516982678,0.0213220078889922,0.00263267894006696,0.908281244146036
948,1140,1140,541,737,1154,Good,1,slightly degraded,D:\LSH\LSH\实验\聚焦信号分类实验\1\ROI_x729_y538_w32_h39_20260626_212915\01_valid_raw_and_ifft\mat\curve_r0541_c0737_idx000105.mat,D:\LSH\LSH\实验\聚焦信号分类实验\1\ROI_x729_y538_w32_h39_20260626_212915\01_valid_raw_and_ifft\mat,valid_folder,valid,30.20881527557,30.1690143165912,0.0303111843250923,0.0179736994993357,0.00204973125696766,0.921488771626377
949,1141,1141,541,738,1155,Good,1,slightly degraded,D:\LSH\LSH\实验\聚焦信号分类实验\1\ROI_x729_y538_w32_h39_20260626_212915\01_valid_raw_and_ifft\mat\curve_r0541_c0738_idx000106.mat,D:\LSH\LSH\实验\聚焦信号分类实验\1\ROI_x729_y538_w32_h39_20260626_212915\01_valid_raw_and_ifft\mat,valid_folder,valid,30.1355928028734,30.148407226823,0.0462171021784789,0.0243753454354387,0.00321195524615147,0.896558191965801
950,1142,1142,541,739,1156,Good,1,slightly degraded,D:\LSH\LSH\实验\聚焦信号分类实验\1\ROI_x729_y538_w32_h39_20260626_212915\01_valid_raw_and_ifft\mat\curve_r0541_c0739_idx000107.mat,D:\LSH\LSH\实验\聚焦信号分类实验\1\ROI_x729_y538_w32_h39_20260626_212915\01_valid_raw_and_ifft\mat,valid_folder,valid,30.1029011349143,30.0804689600382,0.0516323727191199,0.0269964797471076,0.00350600480948254,0.896989615600699
951,1143,1143,541,740,1157,Good,1,slightly degraded,D:\LSH\LSH\实验\聚焦信号分类实验\1\ROI_x729_y538_w32_h39_20260626_212915\01_valid_raw_and_ifft\mat\curve_r0541_c0740_idx000108.mat,D:\LSH\LSH\实验\聚焦信号分类实验\1\ROI_x729_y538_w32_h39_20260626_212915\01_valid_raw_and_ifft\mat,valid_folder,valid,29.8934954168358,29.7961211451409,0.0515857410623362,0.0303942117844269,0.0031421158967615,0.935914113638071
952,1144,1144,541,741,1158,Good,1,slightly degraded,D:\LSH\LSH\实验\聚焦信号分类实验\1\ROI_x729_y538_w32_h39_20260626_212915\01_valid_raw_and_ifft\mat\curve_r0541_c0741_idx000109.mat,D:\LSH\LSH\实验\聚焦信号分类实验\1\ROI_x729_y538_w32_h39_20260626_212915\01_valid_raw_and_ifft\mat,valid_folder,valid,29.2447746225254,29.2972680762961,0.0364750425127237,0.0223815573349005,0.00232020452500437,0.936132339428908
953,1145,1145,541,742,1159,Good,1,slightly degraded,D:\LSH\LSH\实验\聚焦信号分类实验\1\ROI_x729_y538_w32_h39_20260626_212915\01_valid_raw_and_ifft\mat\curve_r0541_c0742_idx000110.mat,D:\LSH\LSH\实验\聚焦信号分类实验\1\ROI_x729_y538_w32_h39_20260626_212915\01_valid_raw_and_ifft\mat,valid_folder,valid,28.9445286545337,28.9506785792146,0.0216278958155209,0.0104907804839829,0.00152873042049236,0.871358007738558
954,1146,1146,541,743,1160,Good,1,slightly degraded,D:\LSH\LSH\实验\聚焦信号分类实验\1\ROI_x729_y538_w32_h39_20260626_212915\01_valid_raw_and_ifft\mat\curve_r0541_c0743_idx000111.mat,D:\LSH\LSH\实验\聚焦信号分类实验\1\ROI_x729_y538_w32_h39_20260626_212915\01_valid_raw_and_ifft\mat,valid_folder,valid,28.9477057697636,28.9031647224584,0.0181932480220588,0.00822316155017832,0.00136770359927388,0.839795654260252
955,1147,1147,541,744,1161,Good,1,slightly degraded,D:\LSH\LSH\实验\聚焦信号分类实验\1\ROI_x729_y538_w32_h39_20260626_212915\01_valid_raw_and_ifft\mat\curve_r0541_c0744_idx000112.mat,D:\LSH\LSH\实验\聚焦信号分类实验\1\ROI_x729_y538_w32_h39_20260626_212915\01_valid_raw_and_ifft\mat,valid_folder,valid,28.8194696947726,28.6964246679548,0.0121724687356159,0.0064608870279884,0.000835097362741317,0.896914382410619
956,1148,1148,541,745,1162,Good,1,slightly degraded,D:\LSH\LSH\实验\聚焦信号分类实验\1\ROI_x729_y538_w32_h39_20260626_212915\01_valid_raw_and_ifft\mat\curve_r0541_c0745_idx000113.mat,D:\LSH\LSH\实验\聚焦信号分类实验\1\ROI_x729_y538_w32_h39_20260626_212915\01_valid_raw_and_ifft\mat,valid_folder,valid,28.8636912582504,28.7278123308384,0.0201131518356291,0.00922994093030826,0.00155570903922641,0.840982243148147
957,1149,1149,541,746,1163,Good,1,slightly degraded,D:\LSH\LSH\实验\聚焦信号分类实验\1\ROI_x729_y538_w32_h39_20260626_212915\01_valid_raw_and_ifft\mat\curve_r0541_c0746_idx000114.mat,D:\LSH\LSH\实验\聚焦信号分类实验\1\ROI_x729_y538_w32_h39_20260626_212915\01_valid_raw_and_ifft\mat,valid_folder,valid,28.8421551473084,28.6942479689124,0.0211562756083402,0.00957135554299121,0.00168742410238366,0.831022126520409
958,1150,1150,541,747,1164,Good,1,slightly degraded,D:\LSH\LSH\实验\聚焦信号分类实验\1\ROI_x729_y538_w32_h39_20260626_212915\01_valid_raw_and_ifft\mat\curve_r0541_c0747_idx000115.mat,D:\LSH\LSH\实验\聚焦信号分类实验\1\ROI_x729_y538_w32_h39_20260626_212915\01_valid_raw_and_ifft\mat,valid_folder,valid,28.7646108735071,28.571577678274,0.0157198272170452,0.00793810958863993,0.0011854843857312,0.870707941904093
959,1151,1151,541,748,1165,Good,1,slightly degraded,D:\LSH\LSH\实验\聚焦信号分类实验\1\ROI_x729_y538_w32_h39_20260626_212915\01_valid_raw_and_ifft\mat\curve_r0541_c0748_idx000116.mat,D:\LSH\LSH\实验\聚焦信号分类实验\1\ROI_x729_y538_w32_h39_20260626_212915\01_valid_raw_and_ifft\mat,valid_folder,valid,28.7212769965679,28.4601490713747,0.0147077362193948,0.00792863544647109,0.00105889367813258,0.894730790297479
960,1152,1152,541,749,1166,Good,1,slightly degraded,D:\LSH\LSH\实验\聚焦信号分类实验\1\ROI_x729_y538_w32_h39_20260626_212915\01_valid_raw_and_ifft\mat\curve_r0541_c0749_idx000117.mat,D:\LSH\LSH\实验\聚焦信号分类实验\1\ROI_x729_y538_w32_h39_20260626_212915\01_valid_raw_and_ifft\mat,valid_folder,valid,28.7061882739517,28.2697289785219,0.0124307038959998,0.0072725059177511,0.000856975573556475,0.914679337272652
961,1153,1153,541,750,1167,Good,1,slightly degraded,D:\LSH\LSH\实验\聚焦信号分类实验\1\ROI_x729_y538_w32_h39_20260626_212915\01_valid_raw_and_ifft\mat\curve_r0541_c0750_idx000118.mat,D:\LSH\LSH\实验\聚焦信号分类实验\1\ROI_x729_y538_w32_h39_20260626_212915\01_valid_raw_and_ifft\mat,valid_folder,valid,28.5420132262708,28.2464198407566,0.00838949961204313,0.00525068980156074,0.00056350389455893,0.927443747566685
962,1154,1154,541,751,1168,Good,1,slightly degraded,D:\LSH\LSH\实验\聚焦信号分类实验\1\ROI_x729_y538_w32_h39_20260626_212915\01_valid_raw_and_ifft\mat\curve_r0541_c0751_idx000119.mat,D:\LSH\LSH\实验\聚焦信号分类实验\1\ROI_x729_y538_w32_h39_20260626_212915\01_valid_raw_and_ifft\mat,valid_folder,valid,27.9987996943556,27.9467379325176,0.0368947781657568,0.0180031856265135,0.00260437541877159,0.87675302603385
963,1155,1155,541,752,1169,Good,1,slightly degraded,D:\LSH\LSH\实验\聚焦信号分类实验\1\ROI_x729_y538_w32_h39_20260626_212915\01_valid_raw_and_ifft\mat\curve_r0541_c0752_idx000120.mat,D:\LSH\LSH\实验\聚焦信号分类实验\1\ROI_x729_y538_w32_h39_20260626_212915\01_valid_raw_and_ifft\mat,valid_folder,valid,28.0601514966977,28.0552340531977,0.0790175959927645,0.0398877240895922,0.00562503749420833,0.885667029327182
964,1156,1156,541,753,1170,Good,1,slightly degraded,D:\LSH\LSH\实验\聚焦信号分类实验\1\ROI_x729_y538_w32_h39_20260626_212915\01_valid_raw_and_ifft\mat\curve_r0541_c0753_idx000121.mat,D:\LSH\LSH\实验\聚焦信号分类实验\1\ROI_x729_y538_w32_h39_20260626_212915\01_valid_raw_and_ifft\mat,valid_folder,valid,28.1032347739376,28.0754973530978,0.0834651865478596,0.0461747189693504,0.00579114108879241,0.908011178227027
965,1157,1157,541,754,1171,Good,1,slightly degraded,D:\LSH\LSH\实验\聚焦信号分类实验\1\ROI_x729_y538_w32_h39_20260626_212915\01_valid_raw_and_ifft\mat\curve_r0541_c0754_idx000122.mat,D:\LSH\LSH\实验\聚焦信号分类实验\1\ROI_x729_y538_w32_h39_20260626_212915\01_valid_raw_and_ifft\mat,valid_folder,valid,28.1330099850308,28.0200769636903,0.0458258203216332,0.0296854528298262,0.00315611357452992,0.932542927605825
966,1158,1158,541,755,1172,Good,1,slightly degraded,D:\LSH\LSH\实验\聚焦信号分类实验\1\ROI_x729_y538_w32_h39_20260626_212915\01_valid_raw_and_ifft\mat\curve_r0541_c0755_idx000123.mat,D:\LSH\LSH\实验\聚焦信号分类实验\1\ROI_x729_y538_w32_h39_20260626_212915\01_valid_raw_and_ifft\mat,valid_folder,valid,27.2838382695589,27.4281507495415,0.0209927192157806,0.0135263093211159,0.00122073980580992,0.950232117115506
967,1159,1159,541,756,1173,Good,1,slightly degraded,D:\LSH\LSH\实验\聚焦信号分类实验\1\ROI_x729_y538_w32_h39_20260626_212915\01_valid_raw_and_ifft\mat\curve_r0541_c0756_idx000124.mat,D:\LSH\LSH\实验\聚焦信号分类实验\1\ROI_x729_y538_w32_h39_20260626_212915\01_valid_raw_and_ifft\mat,valid_folder,valid,27.0468165663727,27.1239399027446,0.0277119856670331,0.014896201315971,0.00180510104154382,0.909115178308832
968,1160,1160,541,757,1174,Good,1,slightly degraded,D:\LSH\LSH\实验\聚焦信号分类实验\1\ROI_x729_y538_w32_h39_20260626_212915\01_valid_raw_and_ifft\mat\curve_r0541_c0757_idx000125.mat,D:\LSH\LSH\实验\聚焦信号分类实验\1\ROI_x729_y538_w32_h39_20260626_212915\01_valid_raw_and_ifft\mat,valid_folder,valid,26.9860222801603,27.0032295116376,0.0288212201536978,0.0158798110926322,0.0017799064102324,0.920719837714663
969,1161,1161,541,758,1175,Good,1,slightly degraded,D:\LSH\LSH\实验\聚焦信号分类实验\1\ROI_x729_y538_w32_h39_20260626_212915\01_valid_raw_and_ifft\mat\curve_r0541_c0758_idx000126.mat,D:\LSH\LSH\实验\聚焦信号分类实验\1\ROI_x729_y538_w32_h39_20260626_212915\01_valid_raw_and_ifft\mat,valid_folder,valid,26.7583181621127,26.6530931220619,0.017988103594856,0.0110441732830892,0.00106326326475264,0.94104126829369
970,1162,1162,541,759,1176,Good,1,slightly degraded,D:\LSH\LSH\实验\聚焦信号分类实验\1\ROI_x729_y538_w32_h39_20260626_212915\01_valid_raw_and_ifft\mat\curve_r0541_c0759_idx000127.mat,D:\LSH\LSH\实验\聚焦信号分类实验\1\ROI_x729_y538_w32_h39_20260626_212915\01_valid_raw_and_ifft\mat,valid_folder,valid,26.4731048847037,26.3465732774595,0.0284506363409224,0.0172241702380969,0.00215083873493753,0.907246379622905
971,1163,1163,541,760,1177,Good,1,slightly degraded,D:\LSH\LSH\实验\聚焦信号分类实验\1\ROI_x729_y538_w32_h39_20260626_212915\01_valid_raw_and_ifft\mat\curve_r0541_c0760_idx000128.mat,D:\LSH\LSH\实验\聚焦信号分类实验\1\ROI_x729_y538_w32_h39_20260626_212915\01_valid_raw_and_ifft\mat,valid_folder,valid,26.188103844525,26.1337571166516,0.0240632644563112,0.015066516616116,0.00168236507561896,0.925077951962212
972,1164,1164,542,729,1178,Good,1,slightly degraded,D:\LSH\LSH\实验\聚焦信号分类实验\1\ROI_x729_y538_w32_h39_20260626_212915\01_valid_raw_and_ifft\mat\curve_r0542_c0729_idx000129.mat,D:\LSH\LSH\实验\聚焦信号分类实验\1\ROI_x729_y538_w32_h39_20260626_212915\01_valid_raw_and_ifft\mat,valid_folder,valid,30.8926953607331,30.767318107645,0.0230126151970297,0.0129484019959222,0.0014435738969363,0.923016615830615
973,1165,1165,542,730,1179,Good,1,slightly degraded,D:\LSH\LSH\实验\聚焦信号分类实验\1\ROI_x729_y538_w32_h39_20260626_212915\01_valid_raw_and_ifft\mat\curve_r0542_c0730_idx000130.mat,D:\LSH\LSH\实验\聚焦信号分类实验\1\ROI_x729_y538_w32_h39_20260626_212915\01_valid_raw_and_ifft\mat,valid_folder,valid,30.9088653562485,30.7280777730141,0.0179933549909751,0.010573805312971,0.00106320184694681,0.935914977641266
974,1166,1166,542,731,1180,Good,1,slightly degraded,D:\LSH\LSH\实验\聚焦信号分类实验\1\ROI_x729_y538_w32_h39_20260626_212915\01_valid_raw_and_ifft\mat\curve_r0542_c0731_idx000131.mat,D:\LSH\LSH\实验\聚焦信号分类实验\1\ROI_x729_y538_w32_h39_20260626_212915\01_valid_raw_and_ifft\mat,valid_folder,valid,30.85974656102,30.8951522157194,0.00726202174336793,0.00530068164903891,0.000395867208850986,0.964713228791426
975,1167,1167,542,732,1181,Good,1,slightly degraded,D:\LSH\LSH\实验\聚焦信号分类实验\1\ROI_x729_y538_w32_h39_20260626_212915\01_valid_raw_and_ifft\mat\curve_r0542_c0732_idx000132.mat,D:\LSH\LSH\实验\聚焦信号分类实验\1\ROI_x729_y538_w32_h39_20260626_212915\01_valid_raw_and_ifft\mat,valid_folder,valid,30.1537569716449,30.0599458583176,0.0128971848968406,0.0087075633813578,0.000710571064780829,0.956727344052833
976,1168,1168,542,733,1182,Good,1,slightly degraded,D:\LSH\LSH\实验\聚焦信号分类实验\1\ROI_x729_y538_w32_h39_20260626_212915\01_valid_raw_and_ifft\mat\curve_r0542_c0733_idx000133.mat,D:\LSH\LSH\实验\聚焦信号分类实验\1\ROI_x729_y538_w32_h39_20260626_212915\01_valid_raw_and_ifft\mat,valid_folder,valid,30.2772189066937,30.24349694282,0.051523412632308,0.0303953171814152,0.00360083630659124,0.916666791476194
977,1169,1169,542,734,1183,Good,1,slightly degraded,D:\LSH\LSH\实验\聚焦信号分类实验\1\ROI_x729_y538_w32_h39_20260626_212915\01_valid_raw_and_ifft\mat\curve_r0542_c0734_idx000134.mat,D:\LSH\LSH\实验\聚焦信号分类实验\1\ROI_x729_y538_w32_h39_20260626_212915\01_valid_raw_and_ifft\mat,valid_folder,valid,30.1036346952008,30.1097505728264,0.0632740672498583,0.0344582001255658,0.00427576920829523,0.908075283570901
978,1170,1170,542,735,1184,Good,1,slightly degraded,D:\LSH\LSH\实验\聚焦信号分类实验\1\ROI_x729_y538_w32_h39_20260626_212915\01_valid_raw_and_ifft\mat\curve_r0542_c0735_idx000135.mat,D:\LSH\LSH\实验\聚焦信号分类实验\1\ROI_x729_y538_w32_h39_20260626_212915\01_valid_raw_and_ifft\mat,valid_folder,valid,30.1075256192145,30.1055851846305,0.0516211608499239,0.0284606441475682,0.0034791746003655,0.910315385570929
979,1171,1171,542,736,1185,Good,1,slightly degraded,D:\LSH\LSH\实验\聚焦信号分类实验\1\ROI_x729_y538_w32_h39_20260626_212915\01_valid_raw_and_ifft\mat\curve_r0542_c0736_idx000136.mat,D:\LSH\LSH\实验\聚焦信号分类实验\1\ROI_x729_y538_w32_h39_20260626_212915\01_valid_raw_and_ifft\mat,valid_folder,valid,30.1464435660372,30.1667227591509,0.0563540626874329,0.0300254888518483,0.00399402650854074,0.896473961580318
980,1172,1172,542,737,1186,Good,1,slightly degraded,D:\LSH\LSH\实验\聚焦信号分类实验\1\ROI_x729_y538_w32_h39_20260626_212915\01_valid_raw_and_ifft\mat\curve_r0542_c0737_idx000137.mat,D:\LSH\LSH\实验\聚焦信号分类实验\1\ROI_x729_y538_w32_h39_20260626_212915\01_valid_raw_and_ifft\mat,valid_folder,valid,30.208948265573,30.2167473177711,0.0422434522480283,0.0234337956711742,0.00301989846637188,0.902968398558152
981,1173,1173,542,738,1187,Good,1,slightly degraded,D:\LSH\LSH\实验\聚焦信号分类实验\1\ROI_x729_y538_w32_h39_20260626_212915\01_valid_raw_and_ifft\mat\curve_r0542_c0738_idx000138.mat,D:\LSH\LSH\实验\聚焦信号分类实验\1\ROI_x729_y538_w32_h39_20260626_212915\01_valid_raw_and_ifft\mat,valid_folder,valid,30.0993540300658,30.1324835149556,0.0357162133351014,0.0175122277144309,0.00256609639708011,0.872758554649194
982,1174,1174,542,739,1188,Good,1,slightly degraded,D:\LSH\LSH\实验\聚焦信号分类实验\1\ROI_x729_y538_w32_h39_20260626_212915\01_valid_raw_and_ifft\mat\curve_r0542_c0739_idx000139.mat,D:\LSH\LSH\实验\聚焦信号分类实验\1\ROI_x729_y538_w32_h39_20260626_212915\01_valid_raw_and_ifft\mat,valid_folder,valid,30.0519770854718,29.9641001045372,0.0401292222165717,0.0206307347606355,0.00273460288963928,0.891261088386367
983,1175,1175,542,740,1189,Good,1,slightly degraded,D:\LSH\LSH\实验\聚焦信号分类实验\1\ROI_x729_y538_w32_h39_20260626_212915\01_valid_raw_and_ifft\mat\curve_r0542_c0740_idx000140.mat,D:\LSH\LSH\实验\聚焦信号分类实验\1\ROI_x729_y538_w32_h39_20260626_212915\01_valid_raw_and_ifft\mat,valid_folder,valid,29.7868131509322,29.6105660098658,0.0474606593250682,0.0295500444381708,0.00275149018225521,0.947912609406485
984,1176,1176,542,741,1190,Good,1,slightly degraded,D:\LSH\LSH\实验\聚焦信号分类实验\1\ROI_x729_y538_w32_h39_20260626_212915\01_valid_raw_and_ifft\mat\curve_r0542_c0741_idx000141.mat,D:\LSH\LSH\实验\聚焦信号分类实验\1\ROI_x729_y538_w32_h39_20260626_212915\01_valid_raw_and_ifft\mat,valid_folder,valid,29.1022186022743,29.1544285110733,0.0470101854841262,0.0270143359536276,0.00297072290825842,0.926695842669537
985,1177,1177,542,742,1191,Good,1,slightly degraded,D:\LSH\LSH\实验\聚焦信号分类实验\1\ROI_x729_y538_w32_h39_20260626_212915\01_valid_raw_and_ifft\mat\curve_r0542_c0742_idx000142.mat,D:\LSH\LSH\实验\聚焦信号分类实验\1\ROI_x729_y538_w32_h39_20260626_212915\01_valid_raw_and_ifft\mat,valid_folder,valid,28.9155827920309,28.8643198460388,0.0330538471093758,0.0164516408154927,0.00231268945956357,0.880771690568927
986,1178,1178,542,743,1192,Good,1,slightly degraded,D:\LSH\LSH\实验\聚焦信号分类实验\1\ROI_x729_y538_w32_h39_20260626_212915\01_valid_raw_and_ifft\mat\curve_r0542_c0743_idx000143.mat,D:\LSH\LSH\实验\聚焦信号分类实验\1\ROI_x729_y538_w32_h39_20260626_212915\01_valid_raw_and_ifft\mat,valid_folder,valid,28.9179113435565,28.8307095187729,0.0342527069509024,0.0157548331618262,0.0025725747963551,0.84898430385066
987,1179,1179,542,744,1193,Good,1,slightly degraded,D:\LSH\LSH\实验\聚焦信号分类实验\1\ROI_x729_y538_w32_h39_20260626_212915\01_valid_raw_and_ifft\mat\curve_r0542_c0744_idx000144.mat,D:\LSH\LSH\实验\聚焦信号分类实验\1\ROI_x729_y538_w32_h39_20260626_212915\01_valid_raw_and_ifft\mat,valid_folder,valid,28.7363808621506,28.6011409254551,0.0259760856599028,0.0141386216030214,0.00184369602989052,0.900227520167675
988,1180,1180,542,745,1194,Good,1,slightly degraded,D:\LSH\LSH\实验\聚焦信号分类实验\1\ROI_x729_y538_w32_h39_20260626_212915\01_valid_raw_and_ifft\mat\curve_r0542_c0745_idx000145.mat,D:\LSH\LSH\实验\聚焦信号分类实验\1\ROI_x729_y538_w32_h39_20260626_212915\01_valid_raw_and_ifft\mat,valid_folder,valid,28.8304322292636,28.7108941090296,0.0238176901214308,0.0118972086096229,0.00174242325957182,0.874817635374308
989,1181,1181,542,746,1195,Good,1,slightly degraded,D:\LSH\LSH\实验\聚焦信号分类实验\1\ROI_x729_y538_w32_h39_20260626_212915\01_valid_raw_and_ifft\mat\curve_r0542_c0746_idx000146.mat,D:\LSH\LSH\实验\聚焦信号分类实验\1\ROI_x729_y538_w32_h39_20260626_212915\01_valid_raw_and_ifft\mat,valid_folder,valid,28.894726209581,28.7931967991457,0.0266264533101535,0.011981180639443,0.00206362526794181,0.8353836426549
990,1182,1182,542,747,1196,Good,1,slightly degraded,D:\LSH\LSH\实验\聚焦信号分类实验\1\ROI_x729_y538_w32_h39_20260626_212915\01_valid_raw_and_ifft\mat\curve_r0542_c0747_idx000147.mat,D:\LSH\LSH\实验\聚焦信号分类实验\1\ROI_x729_y538_w32_h39_20260626_212915\01_valid_raw_and_ifft\mat,valid_folder,valid,28.8260738629107,28.6027377440251,0.0230226997234232,0.0112231286176193,0.00171818550112184,0.863196457209602
991,1183,1183,542,748,1197,Good,1,slightly degraded,D:\LSH\LSH\实验\聚焦信号分类实验\1\ROI_x729_y538_w32_h39_20260626_212915\01_valid_raw_and_ifft\mat\curve_r0542_c0748_idx000148.mat,D:\LSH\LSH\实验\聚焦信号分类实验\1\ROI_x729_y538_w32_h39_20260626_212915\01_valid_raw_and_ifft\mat,valid_folder,valid,28.6996968582825,28.4812290811021,0.0225256202699027,0.0123226458813109,0.00161338540812703,0.899205001709181
992,1184,1184,542,749,1198,Good,1,slightly degraded,D:\LSH\LSH\实验\聚焦信号分类实验\1\ROI_x729_y538_w32_h39_20260626_212915\01_valid_raw_and_ifft\mat\curve_r0542_c0749_idx000149.mat,D:\LSH\LSH\实验\聚焦信号分类实验\1\ROI_x729_y538_w32_h39_20260626_212915\01_valid_raw_and_ifft\mat,valid_folder,valid,28.3340440544852,28.2204851021925,0.0236552131553667,0.0147414207375701,0.00169454293246939,0.921562435444683
993,1185,1185,542,750,1199,Good,1,slightly degraded,D:\LSH\LSH\实验\聚焦信号分类实验\1\ROI_x729_y538_w32_h39_20260626_212915\01_valid_raw_and_ifft\mat\curve_r0542_c0750_idx000150.mat,D:\LSH\LSH\实验\聚焦信号分类实验\1\ROI_x729_y538_w32_h39_20260626_212915\01_valid_raw_and_ifft\mat,valid_folder,valid,28.7797457895602,28.5490110386882,0.0120370724916777,0.00650603109318792,0.000823152037241657,0.900968453792221
994,1186,1186,542,751,1200,Good,1,slightly degraded,D:\LSH\LSH\实验\聚焦信号分类实验\1\ROI_x729_y538_w32_h39_20260626_212915\01_valid_raw_and_ifft\mat\curve_r0542_c0751_idx000151.mat,D:\LSH\LSH\实验\聚焦信号分类实验\1\ROI_x729_y538_w32_h39_20260626_212915\01_valid_raw_and_ifft\mat,valid_folder,valid,27.9913374986563,27.9197372374359,0.0119798628945135,0.00660375827615336,0.000765052182829015,0.915561446516743
995,1187,1187,542,752,1201,Good,1,slightly degraded,D:\LSH\LSH\实验\聚焦信号分类实验\1\ROI_x729_y538_w32_h39_20260626_212915\01_valid_raw_and_ifft\mat\curve_r0542_c0752_idx000152.mat,D:\LSH\LSH\实验\聚焦信号分类实验\1\ROI_x729_y538_w32_h39_20260626_212915\01_valid_raw_and_ifft\mat,valid_folder,valid,28.08336117525,28.0298433635513,0.0203950655426523,0.0120423502886238,0.00134545054677463,0.923950582167458
996,1188,1188,542,753,1202,Good,1,slightly degraded,D:\LSH\LSH\实验\聚焦信号分类实验\1\ROI_x729_y538_w32_h39_20260626_212915\01_valid_raw_and_ifft\mat\curve_r0542_c0753_idx000153.mat,D:\LSH\LSH\实验\聚焦信号分类实验\1\ROI_x729_y538_w32_h39_20260626_212915\01_valid_raw_and_ifft\mat,valid_folder,valid,27.9252596835259,27.8622662062185,0.0201992272809046,0.013407768424573,0.0013071760302956,0.941767075839566
997,1189,1189,542,754,1203,Good,1,slightly degraded,D:\LSH\LSH\实验\聚焦信号分类实验\1\ROI_x729_y538_w32_h39_20260626_212915\01_valid_raw_and_ifft\mat\curve_r0542_c0754_idx000154.mat,D:\LSH\LSH\实验\聚焦信号分类实验\1\ROI_x729_y538_w32_h39_20260626_212915\01_valid_raw_and_ifft\mat,valid_folder,valid,27.4297599182083,27.6993827506987,0.0161717674276251,0.0108761285527636,0.00102238246041809,0.944960226350161
998,1190,1190,542,755,1204,Good,1,slightly degraded,D:\LSH\LSH\实验\聚焦信号分类实验\1\ROI_x729_y538_w32_h39_20260626_212915\01_valid_raw_and_ifft\mat\curve_r0542_c0755_idx000155.mat,D:\LSH\LSH\实验\聚焦信号分类实验\1\ROI_x729_y538_w32_h39_20260626_212915\01_valid_raw_and_ifft\mat,valid_folder,valid,27.1514428412042,27.2379764079131,0.0157811313077159,0.0100638247850117,0.000859680106289368,0.953614643649731
999,1191,1191,542,756,1205,Good,1,slightly degraded,D:\LSH\LSH\实验\聚焦信号分类实验\1\ROI_x729_y538_w32_h39_20260626_212915\01_valid_raw_and_ifft\mat\curve_r0542_c0756_idx000156.mat,D:\LSH\LSH\实验\聚焦信号分类实验\1\ROI_x729_y538_w32_h39_20260626_212915\01_valid_raw_and_ifft\mat,valid_folder,valid,27.0149040235948,27.0488575608734,0.0364755036471888,0.0187918030016617,0.00241583816976896,0.898073904318106
1000,1192,1192,542,757,1206,Good,1,slightly degraded,D:\LSH\LSH\实验\聚焦信号分类实验\1\ROI_x729_y538_w32_h39_20260626_212915\01_valid_raw_and_ifft\mat\curve_r0542_c0757_idx000157.mat,D:\LSH\LSH\实验\聚焦信号分类实验\1\ROI_x729_y538_w32_h39_20260626_212915\01_valid_raw_and_ifft\mat,valid_folder,valid,26.8557033955254,26.7371669994626,0.0378123519420445,0.0217853556629128,0.00229184503831965,0.93104606295951
1001,1193,1193,542,758,1207,Good,1,slightly degraded,D:\LSH\LSH\实验\聚焦信号分类实验\1\ROI_x729_y538_w32_h39_20260626_212915\01_valid_raw_and_ifft\mat\curve_r0542_c0758_idx000158.mat,D:\LSH\LSH\实验\聚焦信号分类实验\1\ROI_x729_y538_w32_h39_20260626_212915\01_valid_raw_and_ifft\mat,valid_folder,valid,26.7602151125197,26.5899609922743,0.0250454186886595,0.0149559747839546,0.00153547612498143,0.933818656965282
1002,1194,1194,542,759,1208,Good,1,slightly degraded,D:\LSH\LSH\实验\聚焦信号分类实验\1\ROI_x729_y538_w32_h39_20260626_212915\01_valid_raw_and_ifft\mat\curve_r0542_c0759_idx000159.mat,D:\LSH\LSH\实验\聚焦信号分类实验\1\ROI_x729_y538_w32_h39_20260626_212915\01_valid_raw_and_ifft\mat,valid_folder,valid,26.2926668912694,26.2605149952278,0.0317188027536445,0.0192896903178013,0.00225914224093254,0.917370606844875
1003,1195,1195,542,760,1209,Good,1,slightly degraded,D:\LSH\LSH\实验\聚焦信号分类实验\1\ROI_x729_y538_w32_h39_20260626_212915\01_valid_raw_and_ifft\mat\curve_r0542_c0760_idx000160.mat,D:\LSH\LSH\实验\聚焦信号分类实验\1\ROI_x729_y538_w32_h39_20260626_212915\01_valid_raw_and_ifft\mat,valid_folder,valid,26.2935641766263,26.1128666481262,0.0194825151259948,0.0138211676226138,0.00148652230006739,0.928893272371574
1004,1196,1196,543,729,1210,Good,1,slightly degraded,D:\LSH\LSH\实验\聚焦信号分类实验\1\ROI_x729_y538_w32_h39_20260626_212915\01_valid_raw_and_ifft\mat\curve_r0543_c0729_idx000161.mat,D:\LSH\LSH\实验\聚焦信号分类实验\1\ROI_x729_y538_w32_h39_20260626_212915\01_valid_raw_and_ifft\mat,valid_folder,valid,30.8718358067234,30.779392701823,0.053574139251726,0.0299391564439106,0.00349285022519065,0.918574884786615
1005,1197,1197,543,730,1211,Good,1,slightly degraded,D:\LSH\LSH\实验\聚焦信号分类实验\1\ROI_x729_y538_w32_h39_20260626_212915\01_valid_raw_and_ifft\mat\curve_r0543_c0730_idx000162.mat,D:\LSH\LSH\实验\聚焦信号分类实验\1\ROI_x729_y538_w32_h39_20260626_212915\01_valid_raw_and_ifft\mat,valid_folder,valid,30.7450556189602,30.6293157617208,0.0482116980715772,0.0292841957597001,0.00296078484166557,0.938158846033224
1006,1198,1198,543,731,1212,Good,1,slightly degraded,D:\LSH\LSH\实验\聚焦信号分类实验\1\ROI_x729_y538_w32_h39_20260626_212915\01_valid_raw_and_ifft\mat\curve_r0543_c0731_idx000163.mat,D:\LSH\LSH\实验\聚焦信号分类实验\1\ROI_x729_y538_w32_h39_20260626_212915\01_valid_raw_and_ifft\mat,valid_folder,valid,30.2455077295353,30.6364169208904,0.0187202375629934,0.0117267806058584,0.00109476686691387,0.944581681009707
1007,1199,1199,543,732,1213,Good,1,slightly degraded,D:\LSH\LSH\实验\聚焦信号分类实验\1\ROI_x729_y538_w32_h39_20260626_212915\01_valid_raw_and_ifft\mat\curve_r0543_c0732_idx000164.mat,D:\LSH\LSH\实验\聚焦信号分类实验\1\ROI_x729_y538_w32_h39_20260626_212915\01_valid_raw_and_ifft\mat,valid_folder,valid,30.2750348434589,30.263462188137,0.0422480777098878,0.0240986146760298,0.0030136850231176,0.905733265117565
1008,1200,1200,543,733,1214,Good,1,slightly degraded,D:\LSH\LSH\实验\聚焦信号分类实验\1\ROI_x729_y538_w32_h39_20260626_212915\01_valid_raw_and_ifft\mat\curve_r0543_c0733_idx000165.mat,D:\LSH\LSH\实验\聚焦信号分类实验\1\ROI_x729_y538_w32_h39_20260626_212915\01_valid_raw_and_ifft\mat,valid_folder,valid,30.2154587334015,30.2179183829624,0.0692854690461357,0.0391453792625881,0.00483013462827604,0.909907200023685
1009,1201,1201,543,734,1215,Good,1,slightly degraded,D:\LSH\LSH\实验\聚焦信号分类实验\1\ROI_x729_y538_w32_h39_20260626_212915\01_valid_raw_and_ifft\mat\curve_r0543_c0734_idx000166.mat,D:\LSH\LSH\实验\聚焦信号分类实验\1\ROI_x729_y538_w32_h39_20260626_212915\01_valid_raw_and_ifft\mat,valid_folder,valid,30.1258384744839,30.1194617884835,0.0594903827247932,0.0327652125024631,0.00409686859436352,0.907249535438863
1010,1202,1202,543,735,1216,Good,1,slightly degraded,D:\LSH\LSH\实验\聚焦信号分类实验\1\ROI_x729_y538_w32_h39_20260626_212915\01_valid_raw_and_ifft\mat\curve_r0543_c0735_idx000167.mat,D:\LSH\LSH\实验\聚焦信号分类实验\1\ROI_x729_y538_w32_h39_20260626_212915\01_valid_raw_and_ifft\mat,valid_folder,valid,30.1021704339104,30.061357146652,0.0470530457188657,0.0273341121654529,0.00309140750682677,0.922639419911959
1011,1203,1203,543,736,1217,Good,1,slightly degraded,D:\LSH\LSH\实验\聚焦信号分类实验\1\ROI_x729_y538_w32_h39_20260626_212915\01_valid_raw_and_ifft\mat\curve_r0543_c0736_idx000168.mat,D:\LSH\LSH\实验\聚焦信号分类实验\1\ROI_x729_y538_w32_h39_20260626_212915\01_valid_raw_and_ifft\mat,valid_folder,valid,30.1595111276416,30.1725158835458,0.0555600857077332,0.0300249419181876,0.00389718245729575,0.900828340063124
1012,1204,1204,543,737,1218,Good,1,slightly degraded,D:\LSH\LSH\实验\聚焦信号分类实验\1\ROI_x729_y538_w32_h39_20260626_212915\01_valid_raw_and_ifft\mat\curve_r0543_c0737_idx000169.mat,D:\LSH\LSH\实验\聚焦信号分类实验\1\ROI_x729_y538_w32_h39_20260626_212915\01_valid_raw_and_ifft\mat,valid_folder,valid,30.1938701447092,30.2131654290664,0.0465918130468317,0.0249287148242656,0.00338351531738077,0.893521168781372
1013,1205,1205,543,738,1219,Good,1,slightly degraded,D:\LSH\LSH\实验\聚焦信号分类实验\1\ROI_x729_y538_w32_h39_20260626_212915\01_valid_raw_and_ifft\mat\curve_r0543_c0738_idx000170.mat,D:\LSH\LSH\实验\聚焦信号分类实验\1\ROI_x729_y538_w32_h39_20260626_212915\01_valid_raw_and_ifft\mat,valid_folder,valid,30.0902961907078,30.1220417958646,0.0325833479430156,0.0156974391535854,0.00237464214924323,0.867136805857076
1014,1206,1206,543,739,1220,Good,1,slightly degraded,D:\LSH\LSH\实验\聚焦信号分类实验\1\ROI_x729_y538_w32_h39_20260626_212915\01_valid_raw_and_ifft\mat\curve_r0543_c0739_idx000171.mat,D:\LSH\LSH\实验\聚焦信号分类实验\1\ROI_x729_y538_w32_h39_20260626_212915\01_valid_raw_and_ifft\mat,valid_folder,valid,30.0629030417541,30.0074598190034,0.0222861426494622,0.0114737810670793,0.00150911262375342,0.891914810965392
1015,1207,1207,543,740,1221,Good,1,slightly degraded,D:\LSH\LSH\实验\聚焦信号分类实验\1\ROI_x729_y538_w32_h39_20260626_212915\01_valid_raw_and_ifft\mat\curve_r0543_c0740_idx000172.mat,D:\LSH\LSH\实验\聚焦信号分类实验\1\ROI_x729_y538_w32_h39_20260626_212915\01_valid_raw_and_ifft\mat,valid_folder,valid,29.2142282549046,29.2736632923735,0.0207952890158608,0.0135814650228284,0.00114947322299515,0.956085496115816
1016,1208,1208,543,741,1222,Good,1,slightly degraded,D:\LSH\LSH\实验\聚焦信号分类实验\1\ROI_x729_y538_w32_h39_20260626_212915\01_valid_raw_and_ifft\mat\curve_r0543_c0741_idx000173.mat,D:\LSH\LSH\实验\聚焦信号分类实验\1\ROI_x729_y538_w32_h39_20260626_212915\01_valid_raw_and_ifft\mat,valid_folder,valid,29.0481180538176,29.1074470924548,0.0303521698905539,0.0164908545366877,0.0019353869709314,0.914861581764927
1017,1209,1209,543,742,1223,Good,1,slightly degraded,D:\LSH\LSH\实验\聚焦信号分类实验\1\ROI_x729_y538_w32_h39_20260626_212915\01_valid_raw_and_ifft\mat\curve_r0543_c0742_idx000174.mat,D:\LSH\LSH\实验\聚焦信号分类实验\1\ROI_x729_y538_w32_h39_20260626_212915\01_valid_raw_and_ifft\mat,valid_folder,valid,28.8720392058832,28.8225423542337,0.028284683979308,0.0156595400081905,0.00184446417605261,0.914107546091902
1018,1210,1210,543,743,1224,Good,1,slightly degraded,D:\LSH\LSH\实验\聚焦信号分类实验\1\ROI_x729_y538_w32_h39_20260626_212915\01_valid_raw_and_ifft\mat\curve_r0543_c0743_idx000175.mat,D:\LSH\LSH\实验\聚焦信号分类实验\1\ROI_x729_y538_w32_h39_20260626_212915\01_valid_raw_and_ifft\mat,valid_folder,valid,28.8920686118006,28.79404939206,0.0387286016412416,0.019121901179722,0.00276593732246298,0.877796648544158
1019,1211,1211,543,744,1225,Good,1,slightly degraded,D:\LSH\LSH\实验\聚焦信号分类实验\1\ROI_x729_y538_w32_h39_20260626_212915\01_valid_raw_and_ifft\mat\curve_r0543_c0744_idx000176.mat,D:\LSH\LSH\实验\聚焦信号分类实验\1\ROI_x729_y538_w32_h39_20260626_212915\01_valid_raw_and_ifft\mat,valid_folder,valid,28.4943132388647,28.439803795795,0.0308839777096551,0.0182655497314409,0.00226907411268876,0.909712215197139
1020,1212,1212,543,745,1226,Good,1,slightly degraded,D:\LSH\LSH\实验\聚焦信号分类实验\1\ROI_x729_y538_w32_h39_20260626_212915\01_valid_raw_and_ifft\mat\curve_r0543_c0745_idx000177.mat,D:\LSH\LSH\实验\聚焦信号分类实验\1\ROI_x729_y538_w32_h39_20260626_212915\01_valid_raw_and_ifft\mat,valid_folder,valid,28.8047591367358,28.6022338764783,0.0467243358555602,0.0244375535213426,0.00326884685900234,0.894083469879005
1021,1213,1213,543,746,1227,Good,1,slightly degraded,D:\LSH\LSH\实验\聚焦信号分类实验\1\ROI_x729_y538_w32_h39_20260626_212915\01_valid_raw_and_ifft\mat\curve_r0543_c0746_idx000178.mat,D:\LSH\LSH\实验\聚焦信号分类实验\1\ROI_x729_y538_w32_h39_20260626_212915\01_valid_raw_and_ifft\mat,valid_folder,valid,28.873300991965,28.6779230216964,0.0598480254742963,0.0288885151708285,0.00435535003913344,0.867393097008449
1022,1214,1214,543,747,1228,Good,1,slightly degraded,D:\LSH\LSH\实验\聚焦信号分类实验\1\ROI_x729_y538_w32_h39_20260626_212915\01_valid_raw_and_ifft\mat\curve_r0543_c0747_idx000179.mat,D:\LSH\LSH\实验\聚焦信号分类实验\1\ROI_x729_y538_w32_h39_20260626_212915\01_valid_raw_and_ifft\mat,valid_folder,valid,28.8988372049356,28.751815792665,0.0363342326677845,0.0161856894167892,0.0028222523476374,0.83074028332756
1023,1215,1215,543,748,1229,Good,1,slightly degraded,D:\LSH\LSH\实验\聚焦信号分类实验\1\ROI_x729_y538_w32_h39_20260626_212915\01_valid_raw_and_ifft\mat\curve_r0543_c0748_idx000180.mat,D:\LSH\LSH\实验\聚焦信号分类实验\1\ROI_x729_y538_w32_h39_20260626_212915\01_valid_raw_and_ifft\mat,valid_folder,valid,28.531100642631,28.3526119869908,0.0253352972220645,0.0149442219474189,0.00181885230379301,0.912387165958321
1024,1216,1216,543,749,1230,Good,1,slightly degraded,D:\LSH\LSH\实验\聚焦信号分类实验\1\ROI_x729_y538_w32_h39_20260626_212915\01_valid_raw_and_ifft\mat\curve_r0543_c0749_idx000181.mat,D:\LSH\LSH\实验\聚焦信号分类实验\1\ROI_x729_y538_w32_h39_20260626_212915\01_valid_raw_and_ifft\mat,valid_folder,valid,28.1406678135647,28.128042550925,0.0289513560803084,0.0168333533252254,0.00197345029427474,0.918337850740079
1025,1217,1217,543,750,1231,Good,1,slightly degraded,D:\LSH\LSH\实验\聚焦信号分类实验\1\ROI_x729_y538_w32_h39_20260626_212915\01_valid_raw_and_ifft\mat\curve_r0543_c0750_idx000182.mat,D:\LSH\LSH\实验\聚焦信号分类实验\1\ROI_x729_y538_w32_h39_20260626_212915\01_valid_raw_and_ifft\mat,valid_folder,valid,27.2925055086396,27.9168175697692,0.0196658924177652,0.0130317801983003,0.00149593277227586,0.917698488972548
1026,1218,1218,543,751,1232,Good,1,slightly degraded,D:\LSH\LSH\实验\聚焦信号分类实验\1\ROI_x729_y538_w32_h39_20260626_212915\01_valid_raw_and_ifft\mat\curve_r0543_c0751_idx000183.mat,D:\LSH\LSH\实验\聚焦信号分类实验\1\ROI_x729_y538_w32_h39_20260626_212915\01_valid_raw_and_ifft\mat,valid_folder,valid,27.1552729637959,27.6395153513032,0.0193131434912147,0.0104971635207252,0.00142115261964964,0.888672355357977
1027,1219,1219,543,752,1233,Good,1,slightly degraded,D:\LSH\LSH\实验\聚焦信号分类实验\1\ROI_x729_y538_w32_h39_20260626_212915\01_valid_raw_and_ifft\mat\curve_r0543_c0752_idx000184.mat,D:\LSH\LSH\实验\聚焦信号分类实验\1\ROI_x729_y538_w32_h39_20260626_212915\01_valid_raw_and_ifft\mat,valid_folder,valid,27.39967280957,27.6912371157816,0.00720389754962958,0.00470502497885391,0.000446272990047781,0.942940946908807
1028,1220,1220,543,753,1234,Good,1,slightly degraded,D:\LSH\LSH\实验\聚焦信号分类实验\1\ROI_x729_y538_w32_h39_20260626_212915\01_valid_raw_and_ifft\mat\curve_r0543_c0753_idx000185.mat,D:\LSH\LSH\实验\聚焦信号分类实验\1\ROI_x729_y538_w32_h39_20260626_212915\01_valid_raw_and_ifft\mat,valid_folder,valid,27.2148310879936,27.3622153109813,0.00642573201950539,0.00401305373541784,0.000375314210019555,0.941836831193598
1029,1221,1221,543,754,1235,Good,1,slightly degraded,D:\LSH\LSH\实验\聚焦信号分类实验\1\ROI_x729_y538_w32_h39_20260626_212915\01_valid_raw_and_ifft\mat\curve_r0543_c0754_idx000186.mat,D:\LSH\LSH\实验\聚焦信号分类实验\1\ROI_x729_y538_w32_h39_20260626_212915\01_valid_raw_and_ifft\mat,valid_folder,valid,26.6085896356692,26.7763697428454,0.00620538700006836,0.00459583557111577,0.000352900443643265,0.961037965359429
1030,1222,1222,543,755,1236,Good,1,slightly degraded,D:\LSH\LSH\实验\聚焦信号分类实验\1\ROI_x729_y538_w32_h39_20260626_212915\01_valid_raw_and_ifft\mat\curve_r0543_c0755_idx000187.mat,D:\LSH\LSH\实验\聚焦信号分类实验\1\ROI_x729_y538_w32_h39_20260626_212915\01_valid_raw_and_ifft\mat,valid_folder,valid,26.9959787339613,26.9695387514036,0.0329905261190656,0.0161880807673411,0.00228536440328534,0.878697631772361
1031,1223,1223,543,756,1237,Good,1,slightly degraded,D:\LSH\LSH\实验\聚焦信号分类实验\1\ROI_x729_y538_w32_h39_20260626_212915\01_valid_raw_and_ifft\mat\curve_r0543_c0756_idx000188.mat,D:\LSH\LSH\实验\聚焦信号分类实验\1\ROI_x729_y538_w32_h39_20260626_212915\01_valid_raw_and_ifft\mat,valid_folder,valid,26.9960559044349,26.9822528229417,0.0524966124027977,0.0229611263384873,0.00401633641402023,0.827352553531674
1032,1224,1224,543,757,1238,Good,1,slightly degraded,D:\LSH\LSH\实验\聚焦信号分类实验\1\ROI_x729_y538_w32_h39_20260626_212915\01_valid_raw_and_ifft\mat\curve_r0543_c0757_idx000189.mat,D:\LSH\LSH\实验\聚焦信号分类实验\1\ROI_x729_y538_w32_h39_20260626_212915\01_valid_raw_and_ifft\mat,valid_folder,valid,26.8665039673651,26.6636840502094,0.0500274061534469,0.0245993821111633,0.00360139272073283,0.873484796117427
1033,1225,1225,543,758,1239,Good,1,slightly degraded,D:\LSH\LSH\实验\聚焦信号分类实验\1\ROI_x729_y538_w32_h39_20260626_212915\01_valid_raw_and_ifft\mat\curve_r0543_c0758_idx000190.mat,D:\LSH\LSH\实验\聚焦信号分类实验\1\ROI_x729_y538_w32_h39_20260626_212915\01_valid_raw_and_ifft\mat,valid_folder,valid,26.8833980277652,26.7307491290634,0.0390783869792975,0.0186290485392773,0.00286575838398226,0.860611022611209
1034,1226,1226,543,759,1240,Good,1,slightly degraded,D:\LSH\LSH\实验\聚焦信号分类实验\1\ROI_x729_y538_w32_h39_20260626_212915\01_valid_raw_and_ifft\mat\curve_r0543_c0759_idx000191.mat,D:\LSH\LSH\实验\聚焦信号分类实验\1\ROI_x729_y538_w32_h39_20260626_212915\01_valid_raw_and_ifft\mat,valid_folder,valid,26.3752986160409,26.2441764612623,0.0197399455662289,0.0129241206044543,0.00140560102982722,0.926137020664728
1035,1227,1227,543,760,1241,Good,1,slightly degraded,D:\LSH\LSH\实验\聚焦信号分类实验\1\ROI_x729_y538_w32_h39_20260626_212915\01_valid_raw_and_ifft\mat\curve_r0543_c0760_idx000192.mat,D:\LSH\LSH\实验\聚焦信号分类实验\1\ROI_x729_y538_w32_h39_20260626_212915\01_valid_raw_and_ifft\mat,valid_folder,valid,26.6396319315794,26.0827082860176,0.0133146756835122,0.0090607329127192,0.00102869745473952,0.917885586130382
1036,1228,1228,544,729,1242,Good,1,slightly degraded,D:\LSH\LSH\实验\聚焦信号分类实验\1\ROI_x729_y538_w32_h39_20260626_212915\01_valid_raw_and_ifft\mat\curve_r0544_c0729_idx000193.mat,D:\LSH\LSH\实验\聚焦信号分类实验\1\ROI_x729_y538_w32_h39_20260626_212915\01_valid_raw_and_ifft\mat,valid_folder,valid,30.8151147244693,30.7141651284443,0.0833156449788696,0.0445687925238396,0.00579559278269593,0.901354560847594
1037,1229,1229,544,730,1243,Good,1,slightly degraded,D:\LSH\LSH\实验\聚焦信号分类实验\1\ROI_x729_y538_w32_h39_20260626_212915\01_valid_raw_and_ifft\mat\curve_r0544_c0730_idx000194.mat,D:\LSH\LSH\实验\聚焦信号分类实验\1\ROI_x729_y538_w32_h39_20260626_212915\01_valid_raw_and_ifft\mat,valid_folder,valid,30.6114972593535,30.5134503889061,0.0801130795670256,0.0467439170991946,0.00556556430201527,0.916114627274076
1038,1230,1230,544,731,1244,Good,1,slightly degraded,D:\LSH\LSH\实验\聚焦信号分类实验\1\ROI_x729_y538_w32_h39_20260626_212915\01_valid_raw_and_ifft\mat\curve_r0544_c0731_idx000195.mat,D:\LSH\LSH\实验\聚焦信号分类实验\1\ROI_x729_y538_w32_h39_20260626_212915\01_valid_raw_and_ifft\mat,valid_folder,valid,30.1861697169926,30.3947964779761,0.0294745842145753,0.0180955684964242,0.00165362371510458,0.9476155779985
1039,1231,1231,544,732,1245,Good,1,slightly degraded,D:\LSH\LSH\实验\聚焦信号分类实验\1\ROI_x729_y538_w32_h39_20260626_212915\01_valid_raw_and_ifft\mat\curve_r0544_c0732_idx000196.mat,D:\LSH\LSH\实验\聚焦信号分类实验\1\ROI_x729_y538_w32_h39_20260626_212915\01_valid_raw_and_ifft\mat,valid_folder,valid,30.2706274390927,30.2889965633233,0.0466124139146487,0.0266759030766105,0.00327777131653375,0.910044095238143
1040,1232,1232,544,733,1246,Good,1,slightly degraded,D:\LSH\LSH\实验\聚焦信号分类实验\1\ROI_x729_y538_w32_h39_20260626_212915\01_valid_raw_and_ifft\mat\curve_r0544_c0733_idx000197.mat,D:\LSH\LSH\实验\聚焦信号分类实验\1\ROI_x729_y538_w32_h39_20260626_212915\01_valid_raw_and_ifft\mat,valid_folder,valid,30.1637903142706,30.2080380298089,0.0551374924429247,0.0296972157581803,0.00386454666076031,0.900423339421179
1041,1233,1233,544,734,1247,Good,1,slightly degraded,D:\LSH\LSH\实验\聚焦信号分类实验\1\ROI_x729_y538_w32_h39_20260626_212915\01_valid_raw_and_ifft\mat\curve_r0544_c0734_idx000198.mat,D:\LSH\LSH\实验\聚焦信号分类实验\1\ROI_x729_y538_w32_h39_20260626_212915\01_valid_raw_and_ifft\mat,valid_folder,valid,30.1929827219326,30.2910499042014,0.0307596752679443,0.0160016977334059,0.00220382684651973,0.887236160411539
1042,1234,1234,544,735,1248,Good,1,slightly degraded,D:\LSH\LSH\实验\聚焦信号分类实验\1\ROI_x729_y538_w32_h39_20260626_212915\01_valid_raw_and_ifft\mat\curve_r0544_c0735_idx000199.mat,D:\LSH\LSH\实验\聚焦信号分类实验\1\ROI_x729_y538_w32_h39_20260626_212915\01_valid_raw_and_ifft\mat,valid_folder,valid,30.0151924403239,29.9282821618938,0.0350562842252565,0.0203697342670847,0.00213360707534967,0.931671977892594
1043,1235,1235,544,736,1249,Good,1,slightly degraded,D:\LSH\LSH\实验\聚焦信号分类实验\1\ROI_x729_y538_w32_h39_20260626_212915\01_valid_raw_and_ifft\mat\curve_r0544_c0736_idx000200.mat,D:\LSH\LSH\实验\聚焦信号分类实验\1\ROI_x729_y538_w32_h39_20260626_212915\01_valid_raw_and_ifft\mat,valid_folder,valid,30.1245341552953,30.0982917265691,0.0322443856069976,0.0183398358818548,0.00209097278828762,0.920099263481
1044,1236,1236,544,737,1250,Good,1,slightly degraded,D:\LSH\LSH\实验\聚焦信号分类实验\1\ROI_x729_y538_w32_h39_20260626_212915\01_valid_raw_and_ifft\mat\curve_r0544_c0737_idx000201.mat,D:\LSH\LSH\实验\聚焦信号分类实验\1\ROI_x729_y538_w32_h39_20260626_212915\01_valid_raw_and_ifft\mat,valid_folder,valid,30.0362552129952,30.0112081459902,0.0248112523617972,0.0134941559726231,0.00162563916249067,0.911186837981833
1045,1237,1237,544,738,1251,Good,1,slightly degraded,D:\LSH\LSH\实验\聚焦信号分类实验\1\ROI_x729_y538_w32_h39_20260626_212915\01_valid_raw_and_ifft\mat\curve_r0544_c0738_idx000202.mat,D:\LSH\LSH\实验\聚焦信号分类实验\1\ROI_x729_y538_w32_h39_20260626_212915\01_valid_raw_and_ifft\mat,valid_folder,valid,30.0524940098496,30.0600704449916,0.0158539398205984,0.00830429716129632,0.00104946864149329,0.900707787753253
1046,1238,1238,544,739,1252,Good,1,slightly degraded,D:\LSH\LSH\实验\聚焦信号分类实验\1\ROI_x729_y538_w32_h39_20260626_212915\01_valid_raw_and_ifft\mat\curve_r0544_c0739_idx000203.mat,D:\LSH\LSH\实验\聚焦信号分类实验\1\ROI_x729_y538_w32_h39_20260626_212915\01_valid_raw_and_ifft\mat,valid_folder,valid,29.9305136776602,29.759816117882,0.011584493377456,0.00727557101506454,0.000632793055416345,0.951384597723651
1047,1239,1239,544,740,1253,Good,1,slightly degraded,D:\LSH\LSH\实验\聚焦信号分类实验\1\ROI_x729_y538_w32_h39_20260626_212915\01_valid_raw_and_ifft\mat\curve_r0544_c0740_idx000204.mat,D:\LSH\LSH\实验\聚焦信号分类实验\1\ROI_x729_y538_w32_h39_20260626_212915\01_valid_raw_and_ifft\mat,valid_folder,valid,29.2460870651311,29.1960806821238,0.0164958810803762,0.0109255701736635,0.000949664358966574,0.953406346633573
1048,1240,1240,544,741,1254,Good,1,slightly degraded,D:\LSH\LSH\实验\聚焦信号分类实验\1\ROI_x729_y538_w32_h39_20260626_212915\01_valid_raw_and_ifft\mat\curve_r0544_c0741_idx000205.mat,D:\LSH\LSH\实验\聚焦信号分类实验\1\ROI_x729_y538_w32_h39_20260626_212915\01_valid_raw_and_ifft\mat,valid_folder,valid,29.2141349177544,29.3437138530411,0.0179123933932386,0.00995366721624553,0.00118077039336404,0.912621154861916
1049,1241,1241,544,742,1255,Good,1,slightly degraded,D:\LSH\LSH\实验\聚焦信号分类实验\1\ROI_x729_y538_w32_h39_20260626_212915\01_valid_raw_and_ifft\mat\curve_r0544_c0742_idx000206.mat,D:\LSH\LSH\实验\聚焦信号分类实验\1\ROI_x729_y538_w32_h39_20260626_212915\01_valid_raw_and_ifft\mat,valid_folder,valid,28.3012201772905,28.6476059368604,0.0110720957802207,0.00665132292890616,0.000717627270797655,0.925491908204926
1050,1242,1242,544,743,1256,Good,1,slightly degraded,D:\LSH\LSH\实验\聚焦信号分类实验\1\ROI_x729_y538_w32_h39_20260626_212915\01_valid_raw_and_ifft\mat\curve_r0544_c0743_idx000207.mat,D:\LSH\LSH\实验\聚焦信号分类实验\1\ROI_x729_y538_w32_h39_20260626_212915\01_valid_raw_and_ifft\mat,valid_folder,valid,28.673559054316,28.7265535102884,0.0203501691408875,0.0122927060173229,0.00143855946769759,0.917555723639579
1051,1243,1243,544,744,1257,Good,1,slightly degraded,D:\LSH\LSH\实验\聚焦信号分类实验\1\ROI_x729_y538_w32_h39_20260626_212915\01_valid_raw_and_ifft\mat\curve_r0544_c0744_idx000208.mat,D:\LSH\LSH\实验\聚焦信号分类实验\1\ROI_x729_y538_w32_h39_20260626_212915\01_valid_raw_and_ifft\mat,valid_folder,valid,28.2109927635426,28.3666733533482,0.0404196078651068,0.0217248867262367,0.00278363142918693,0.901935614725848
1052,1244,1244,544,745,1258,Good,1,slightly degraded,D:\LSH\LSH\实验\聚焦信号分类实验\1\ROI_x729_y538_w32_h39_20260626_212915\01_valid_raw_and_ifft\mat\curve_r0544_c0745_idx000209.mat,D:\LSH\LSH\实验\聚焦信号分类实验\1\ROI_x729_y538_w32_h39_20260626_212915\01_valid_raw_and_ifft\mat,valid_folder,valid,28.820594648336,28.6745349703108,0.0685875089904501,0.0349317686741884,0.00491912874097641,0.88520463730247
1053,1245,1245,544,746,1259,Good,1,slightly degraded,D:\LSH\LSH\实验\聚焦信号分类实验\1\ROI_x729_y538_w32_h39_20260626_212915\01_valid_raw_and_ifft\mat\curve_r0544_c0746_idx000210.mat,D:\LSH\LSH\实验\聚焦信号分类实验\1\ROI_x729_y538_w32_h39_20260626_212915\01_valid_raw_and_ifft\mat,valid_folder,valid,28.8049997822714,28.6393442632021,0.081936610020665,0.0423802695991803,0.00581449719095134,0.89052396933534
1054,1246,1246,544,747,1260,Good,1,slightly degraded,D:\LSH\LSH\实验\聚焦信号分类实验\1\ROI_x729_y538_w32_h39_20260626_212915\01_valid_raw_and_ifft\mat\curve_r0544_c0747_idx000211.mat,D:\LSH\LSH\实验\聚焦信号分类实验\1\ROI_x729_y538_w32_h39_20260626_212915\01_valid_raw_and_ifft\mat,valid_folder,valid,28.9142932098768,28.8089449187226,0.0425714444538816,0.0193694094189905,0.00321326255568531,0.844898321678976
1055,1247,1247,544,748,1261,Good,1,slightly degraded,D:\LSH\LSH\实验\聚焦信号分类实验\1\ROI_x729_y538_w32_h39_20260626_212915\01_valid_raw_and_ifft\mat\curve_r0544_c0748_idx000212.mat,D:\LSH\LSH\实验\聚焦信号分类实验\1\ROI_x729_y538_w32_h39_20260626_212915\01_valid_raw_and_ifft\mat,valid_folder,valid,28.3563412444562,28.343678104096,0.0195642063946907,0.0114804027921372,0.00140524255485387,0.911427857241219
1056,1248,1248,544,749,1262,Good,1,slightly degraded,D:\LSH\LSH\实验\聚焦信号分类实验\1\ROI_x729_y538_w32_h39_20260626_212915\01_valid_raw_and_ifft\mat\curve_r0544_c0749_idx000213.mat,D:\LSH\LSH\实验\聚焦信号分类实验\1\ROI_x729_y538_w32_h39_20260626_212915\01_valid_raw_and_ifft\mat,valid_folder,valid,28.0339461233235,28.0145037752021,0.0271752552942107,0.0137512890812168,0.00188347636810399,0.889188248213407
1057,1249,1249,544,750,1263,Good,1,slightly degraded,D:\LSH\LSH\实验\聚焦信号分类实验\1\ROI_x729_y538_w32_h39_20260626_212915\01_valid_raw_and_ifft\mat\curve_r0544_c0750_idx000214.mat,D:\LSH\LSH\实验\聚焦信号分类实验\1\ROI_x729_y538_w32_h39_20260626_212915\01_valid_raw_and_ifft\mat,valid_folder,valid,27.8668420262299,27.857182912836,0.0313843994046122,0.0184362445847677,0.00211979705007356,0.921669407707362
1058,1250,1250,544,751,1264,Good,1,slightly degraded,D:\LSH\LSH\实验\聚焦信号分类实验\1\ROI_x729_y538_w32_h39_20260626_212915\01_valid_raw_and_ifft\mat\curve_r0544_c0751_idx000215.mat,D:\LSH\LSH\实验\聚焦信号分类实验\1\ROI_x729_y538_w32_h39_20260626_212915\01_valid_raw_and_ifft\mat,valid_folder,valid,27.5631909397028,27.6754324815376,0.0250102658710733,0.0156991212450356,0.00175853590899384,0.925087745374327
1059,1251,1251,544,752,1265,Good,1,slightly degraded,D:\LSH\LSH\实验\聚焦信号分类实验\1\ROI_x729_y538_w32_h39_20260626_212915\01_valid_raw_and_ifft\mat\curve_r0544_c0752_idx000216.mat,D:\LSH\LSH\实验\聚焦信号分类实验\1\ROI_x729_y538_w32_h39_20260626_212915\01_valid_raw_and_ifft\mat,valid_folder,valid,27.2596295526385,27.6028288126845,0.00645370607155422,0.00393852670766494,0.000391578821821762,0.933718466909776
1060,1252,1252,544,753,1266,Good,1,slightly degraded,D:\LSH\LSH\实验\聚焦信号分类实验\1\ROI_x729_y538_w32_h39_20260626_212915\01_valid_raw_and_ifft\mat\curve_r0544_c0753_idx000217.mat,D:\LSH\LSH\实验\聚焦信号分类实验\1\ROI_x729_y538_w32_h39_20260626_212915\01_valid_raw_and_ifft\mat,valid_folder,valid,27.6489968030783,27.4829313466148,0.00414830475468043,0.00279314379590173,0.000233656220149904,0.949326112904557
1061,1253,1253,544,754,1267,Good,1,slightly degraded,D:\LSH\LSH\实验\聚焦信号分类实验\1\ROI_x729_y538_w32_h39_20260626_212915\01_valid_raw_and_ifft\mat\curve_r0544_c0754_idx000218.mat,D:\LSH\LSH\实验\聚焦信号分类实验\1\ROI_x729_y538_w32_h39_20260626_212915\01_valid_raw_and_ifft\mat,valid_folder,valid,26.3460246974821,26.8429888355884,0.00541977242403738,0.00427987202668199,0.000324906588073543,0.95828802763725
1062,1254,1254,544,755,1268,Good,1,slightly degraded,D:\LSH\LSH\实验\聚焦信号分类实验\1\ROI_x729_y538_w32_h39_20260626_212915\01_valid_raw_and_ifft\mat\curve_r0544_c0755_idx000219.mat,D:\LSH\LSH\实验\聚焦信号分类实验\1\ROI_x729_y538_w32_h39_20260626_212915\01_valid_raw_and_ifft\mat,valid_folder,valid,27.012969329076,27.0225821025779,0.0280944351183128,0.0138154200592429,0.00194867950441294,0.874719769790189
1063,1255,1255,544,756,1269,Good,1,slightly degraded,D:\LSH\LSH\实验\聚焦信号分类实验\1\ROI_x729_y538_w32_h39_20260626_212915\01_valid_raw_and_ifft\mat\curve_r0544_c0756_idx000220.mat,D:\LSH\LSH\实验\聚焦信号分类实验\1\ROI_x729_y538_w32_h39_20260626_212915\01_valid_raw_and_ifft\mat,valid_folder,valid,26.9584323277477,26.8787144276306,0.0448375060790065,0.0190998144747535,0.00353441176326916,0.810396508140275
1064,1256,1256,544,757,1270,Good,1,slightly degraded,D:\LSH\LSH\实验\聚焦信号分类实验\1\ROI_x729_y538_w32_h39_20260626_212915\01_valid_raw_and_ifft\mat\curve_r0544_c0757_idx000221.mat,D:\LSH\LSH\实验\聚焦信号分类实验\1\ROI_x729_y538_w32_h39_20260626_212915\01_valid_raw_and_ifft\mat,valid_folder,valid,26.8974010776262,26.749801765365,0.0446225369885974,0.0205485644865564,0.00335920939281346,0.845249528915571
1065,1257,1257,544,758,1271,Good,1,slightly degraded,D:\LSH\LSH\实验\聚焦信号分类实验\1\ROI_x729_y538_w32_h39_20260626_212915\01_valid_raw_and_ifft\mat\curve_r0544_c0758_idx000222.mat,D:\LSH\LSH\实验\聚焦信号分类实验\1\ROI_x729_y538_w32_h39_20260626_212915\01_valid_raw_and_ifft\mat,valid_folder,valid,26.8610742767545,26.7236975254755,0.0390738171684218,0.0180926541807953,0.00300643565092892,0.842229957588193
1066,1258,1258,544,759,1272,Good,1,slightly degraded,D:\LSH\LSH\实验\聚焦信号分类实验\1\ROI_x729_y538_w32_h39_20260626_212915\01_valid_raw_and_ifft\mat\curve_r0544_c0759_idx000223.mat,D:\LSH\LSH\实验\聚焦信号分类实验\1\ROI_x729_y538_w32_h39_20260626_212915\01_valid_raw_and_ifft\mat,valid_folder,valid,26.4246566811667,26.3732001984482,0.0145687989025636,0.00871454422131162,0.00104633017685862,0.907446478329152
1067,1259,1259,544,760,1273,Good,1,slightly degraded,D:\LSH\LSH\实验\聚焦信号分类实验\1\ROI_x729_y538_w32_h39_20260626_212915\01_valid_raw_and_ifft\mat\curve_r0544_c0760_idx000224.mat,D:\LSH\LSH\实验\聚焦信号分类实验\1\ROI_x729_y538_w32_h39_20260626_212915\01_valid_raw_and_ifft\mat,valid_folder,valid,26.558962656502,26.1755603048048,0.00564611725825289,0.00369146786705952,0.000351999120215405,0.93801626077807
1068,1260,1260,545,729,1274,Good,1,slightly degraded,D:\LSH\LSH\实验\聚焦信号分类实验\1\ROI_x729_y538_w32_h39_20260626_212915\01_valid_raw_and_ifft\mat\curve_r0545_c0729_idx000225.mat,D:\LSH\LSH\实验\聚焦信号分类实验\1\ROI_x729_y538_w32_h39_20260626_212915\01_valid_raw_and_ifft\mat,valid_folder,valid,30.7981101960926,30.6490357136564,0.0764385642714759,0.0396242740162634,0.00547635117577115,0.889497174635517
1069,1261,1261,545,730,1275,Good,1,slightly degraded,D:\LSH\LSH\实验\聚焦信号分类实验\1\ROI_x729_y538_w32_h39_20260626_212915\01_valid_raw_and_ifft\mat\curve_r0545_c0730_idx000226.mat,D:\LSH\LSH\实验\聚焦信号分类实验\1\ROI_x729_y538_w32_h39_20260626_212915\01_valid_raw_and_ifft\mat,valid_folder,valid,30.5845219420765,30.4702121873553,0.0785316493441317,0.0450366754351052,0.0056717634988674,0.906948602298088
1070,1262,1262,545,731,1276,Good,1,slightly degraded,D:\LSH\LSH\实验\聚焦信号分类实验\1\ROI_x729_y538_w32_h39_20260626_212915\01_valid_raw_and_ifft\mat\curve_r0545_c0731_idx000227.mat,D:\LSH\LSH\实验\聚焦信号分类实验\1\ROI_x729_y538_w32_h39_20260626_212915\01_valid_raw_and_ifft\mat,valid_folder,valid,30.1413639493812,30.2683249998784,0.064044471706485,0.0322570562175001,0.00454289661722494,0.881868510577618
1071,1263,1263,545,732,1277,Good,1,slightly degraded,D:\LSH\LSH\实验\聚焦信号分类实验\1\ROI_x729_y538_w32_h39_20260626_212915\01_valid_raw_and_ifft\mat\curve_r0545_c0732_idx000228.mat,D:\LSH\LSH\实验\聚焦信号分类实验\1\ROI_x729_y538_w32_h39_20260626_212915\01_valid_raw_and_ifft\mat,valid_folder,valid,30.2005386724267,30.2862079177785,0.0590974687098436,0.0304035165884344,0.00434758787734379,0.881460373717786
1072,1264,1264,545,733,1278,Good,1,slightly degraded,D:\LSH\LSH\实验\聚焦信号分类实验\1\ROI_x729_y538_w32_h39_20260626_212915\01_valid_raw_and_ifft\mat\curve_r0545_c0733_idx000229.mat,D:\LSH\LSH\实验\聚焦信号分类实验\1\ROI_x729_y538_w32_h39_20260626_212915\01_valid_raw_and_ifft\mat,valid_folder,valid,30.2508008397088,30.3090082756551,0.0375716516225455,0.0200908791248273,0.00278185539450975,0.889220523691017
1073,1265,1265,545,734,1279,Good,1,slightly degraded,D:\LSH\LSH\实验\聚焦信号分类实验\1\ROI_x729_y538_w32_h39_20260626_212915\01_valid_raw_and_ifft\mat\curve_r0545_c0734_idx000230.mat,D:\LSH\LSH\实验\聚焦信号分类实验\1\ROI_x729_y538_w32_h39_20260626_212915\01_valid_raw_and_ifft\mat,valid_folder,valid,30.191356466877,30.3491243964303,0.0135768484229994,0.00757528999583298,0.000877349217893335,0.914244627380699
1074,1266,1266,545,735,1280,Good,1,slightly degraded,D:\LSH\LSH\实验\聚焦信号分类实验\1\ROI_x729_y538_w32_h39_20260626_212915\01_valid_raw_and_ifft\mat\curve_r0545_c0735_idx000231.mat,D:\LSH\LSH\实验\聚焦信号分类实验\1\ROI_x729_y538_w32_h39_20260626_212915\01_valid_raw_and_ifft\mat,valid_folder,valid,30.0613057825989,29.9743834502169,0.0354337201923761,0.0184597131506645,0.00240023544971062,0.895511458113094
1075,1267,1267,545,736,1281,Good,1,slightly degraded,D:\LSH\LSH\实验\聚焦信号分类实验\1\ROI_x729_y538_w32_h39_20260626_212915\01_valid_raw_and_ifft\mat\curve_r0545_c0736_idx000232.mat,D:\LSH\LSH\实验\聚焦信号分类实验\1\ROI_x729_y538_w32_h39_20260626_212915\01_valid_raw_and_ifft\mat,valid_folder,valid,30.0296391930426,29.9726783069295,0.0340861833542369,0.0186865121096442,0.00220130103078754,0.915150405238436
1076,1268,1268,545,737,1282,Good,1,slightly degraded,D:\LSH\LSH\实验\聚焦信号分类实验\1\ROI_x729_y538_w32_h39_20260626_212915\01_valid_raw_and_ifft\mat\curve_r0545_c0737_idx000233.mat,D:\LSH\LSH\实验\聚焦信号分类实验\1\ROI_x729_y538_w32_h39_20260626_212915\01_valid_raw_and_ifft\mat,valid_folder,valid,29.860194214497,29.7126254043488,0.0256969055485403,0.0147164470019509,0.00157253337652013,0.928904940376801
1077,1269,1269,545,738,1283,Good,1,slightly degraded,D:\LSH\LSH\实验\聚焦信号分类实验\1\ROI_x729_y538_w32_h39_20260626_212915\01_valid_raw_and_ifft\mat\curve_r0545_c0738_idx000234.mat,D:\LSH\LSH\实验\聚焦信号分类实验\1\ROI_x729_y538_w32_h39_20260626_212915\01_valid_raw_and_ifft\mat,valid_folder,valid,29.7320089325545,29.4704083734128,0.0214415992318105,0.0135942118036996,0.00127534563255609,0.945804103127589
1078,1270,1270,545,739,1284,Good,1,slightly degraded,D:\LSH\LSH\实验\聚焦信号分类实验\1\ROI_x729_y538_w32_h39_20260626_212915\01_valid_raw_and_ifft\mat\curve_r0545_c0739_idx000235.mat,D:\LSH\LSH\实验\聚焦信号分类实验\1\ROI_x729_y538_w32_h39_20260626_212915\01_valid_raw_and_ifft\mat,valid_folder,valid,29.0769495820758,29.1549356180854,0.0295096321771132,0.0180627498226577,0.00173326286216007,0.943200811748828
1079,1271,1271,545,740,1285,Good,1,slightly degraded,D:\LSH\LSH\实验\聚焦信号分类实验\1\ROI_x729_y538_w32_h39_20260626_212915\01_valid_raw_and_ifft\mat\curve_r0545_c0740_idx000236.mat,D:\LSH\LSH\实验\聚焦信号分类实验\1\ROI_x729_y538_w32_h39_20260626_212915\01_valid_raw_and_ifft\mat,valid_folder,valid,28.9532803388302,28.9375964037416,0.0466466476743723,0.0230134444460023,0.00323817853282475,0.881291942386644
1080,1272,1272,545,741,1286,Good,1,slightly degraded,D:\LSH\LSH\实验\聚焦信号分类实验\1\ROI_x729_y538_w32_h39_20260626_212915\01_valid_raw_and_ifft\mat\curve_r0545_c0741_idx000237.mat,D:\LSH\LSH\实验\聚焦信号分类实验\1\ROI_x729_y538_w32_h39_20260626_212915\01_valid_raw_and_ifft\mat,valid_folder,valid,28.9957856274892,29.0114855191351,0.0440386676538408,0.0208077790147069,0.00315107584648793,0.864986295717104
1081,1273,1273,545,742,1287,Good,1,slightly degraded,D:\LSH\LSH\实验\聚焦信号分类实验\1\ROI_x729_y538_w32_h39_20260626_212915\01_valid_raw_and_ifft\mat\curve_r0545_c0742_idx000238.mat,D:\LSH\LSH\实验\聚焦信号分类实验\1\ROI_x729_y538_w32_h39_20260626_212915\01_valid_raw_and_ifft\mat,valid_folder,valid,28.900438033169,28.9446328835684,0.00700228588859772,0.00422632802380666,0.000396848186221331,0.939947162963034
1082,1274,1274,545,743,1288,Good,1,slightly degraded,D:\LSH\LSH\实验\聚焦信号分类实验\1\ROI_x729_y538_w32_h39_20260626_212915\01_valid_raw_and_ifft\mat\curve_r0545_c0743_idx000239.mat,D:\LSH\LSH\实验\聚焦信号分类实验\1\ROI_x729_y538_w32_h39_20260626_212915\01_valid_raw_and_ifft\mat,valid_folder,valid,28.3143010087003,28.5453513510679,0.00552986910307457,0.00338147484873123,0.000355217935320437,0.92623406722208
1083,1275,1275,545,744,1289,Good,1,slightly degraded,D:\LSH\LSH\实验\聚焦信号分类实验\1\ROI_x729_y538_w32_h39_20260626_212915\01_valid_raw_and_ifft\mat\curve_r0545_c0744_idx000240.mat,D:\LSH\LSH\实验\聚焦信号分类实验\1\ROI_x729_y538_w32_h39_20260626_212915\01_valid_raw_and_ifft\mat,valid_folder,valid,28.0658140918273,28.19769321842,0.0324371409902439,0.0148316574741925,0.00242064436054569,0.84585370383071
1084,1276,1276,545,745,1290,Good,1,slightly degraded,D:\LSH\LSH\实验\聚焦信号分类实验\1\ROI_x729_y538_w32_h39_20260626_212915\01_valid_raw_and_ifft\mat\curve_r0545_c0745_idx000241.mat,D:\LSH\LSH\实验\聚焦信号分类实验\1\ROI_x729_y538_w32_h39_20260626_212915\01_valid_raw_and_ifft\mat,valid_folder,valid,28.7633166648783,28.6090563191951,0.0615718403342987,0.0327820009134764,0.00438425317634435,0.896626268189443
1085,1277,1277,545,746,1291,Good,1,slightly degraded,D:\LSH\LSH\实验\聚焦信号分类实验\1\ROI_x729_y538_w32_h39_20260626_212915\01_valid_raw_and_ifft\mat\curve_r0545_c0746_idx000242.mat,D:\LSH\LSH\实验\聚焦信号分类实验\1\ROI_x729_y538_w32_h39_20260626_212915\01_valid_raw_and_ifft\mat,valid_folder,valid,28.7605270421529,28.588505518887,0.0667099833905606,0.0354838442205148,0.00472947618561066,0.896452619614412
1086,1278,1278,545,747,1292,Good,1,slightly degraded,D:\LSH\LSH\实验\聚焦信号分类实验\1\ROI_x729_y538_w32_h39_20260626_212915\01_valid_raw_and_ifft\mat\curve_r0545_c0747_idx000243.mat,D:\LSH\LSH\实验\聚焦信号分类实验\1\ROI_x729_y538_w32_h39_20260626_212915\01_valid_raw_and_ifft\mat,valid_folder,valid,28.8433292821481,28.7209296205566,0.0231693401049514,0.0121970910135897,0.00156500794504233,0.899340627097236
1087,1279,1279,545,748,1293,Good,1,slightly degraded,D:\LSH\LSH\实验\聚焦信号分类实验\1\ROI_x729_y538_w32_h39_20260626_212915\01_valid_raw_and_ifft\mat\curve_r0545_c0748_idx000244.mat,D:\LSH\LSH\实验\聚焦信号分类实验\1\ROI_x729_y538_w32_h39_20260626_212915\01_valid_raw_and_ifft\mat,valid_folder,valid,28.0813626520349,28.1594032638334,0.00912411937313821,0.00518790400288469,0.000556792897256344,0.924929421292113
1088,1280,1280,545,749,1294,Good,1,slightly degraded,D:\LSH\LSH\实验\聚焦信号分类实验\1\ROI_x729_y538_w32_h39_20260626_212915\01_valid_raw_and_ifft\mat\curve_r0545_c0749_idx000245.mat,D:\LSH\LSH\实验\聚焦信号分类实验\1\ROI_x729_y538_w32_h39_20260626_212915\01_valid_raw_and_ifft\mat,valid_folder,valid,27.942282880168,27.8318631111529,0.014398281937485,0.00723070060721183,0.000988586970455724,0.885920348271269
1089,1281,1281,545,750,1295,Good,1,slightly degraded,D:\LSH\LSH\实验\聚焦信号分类实验\1\ROI_x729_y538_w32_h39_20260626_212915\01_valid_raw_and_ifft\mat\curve_r0545_c0750_idx000246.mat,D:\LSH\LSH\实验\聚焦信号分类实验\1\ROI_x729_y538_w32_h39_20260626_212915\01_valid_raw_and_ifft\mat,valid_folder,valid,27.89692349848,27.8251715752343,0.0243173792788863,0.0136304886720527,0.00159458956188117,0.91710949014788
1090,1282,1282,545,751,1296,Good,1,slightly degraded,D:\LSH\LSH\实验\聚焦信号分类实验\1\ROI_x729_y538_w32_h39_20260626_212915\01_valid_raw_and_ifft\mat\curve_r0545_c0751_idx000247.mat,D:\LSH\LSH\实验\聚焦信号分类实验\1\ROI_x729_y538_w32_h39_20260626_212915\01_valid_raw_and_ifft\mat,valid_folder,valid,27.7983472453001,27.6965482501301,0.0249735112547856,0.0142776439005239,0.00164892468791719,0.918984340936506
1091,1283,1283,545,752,1297,Good,1,slightly degraded,D:\LSH\LSH\实验\聚焦信号分类实验\1\ROI_x729_y538_w32_h39_20260626_212915\01_valid_raw_and_ifft\mat\curve_r0545_c0752_idx000248.mat,D:\LSH\LSH\实验\聚焦信号分类实验\1\ROI_x729_y538_w32_h39_20260626_212915\01_valid_raw_and_ifft\mat,valid_folder,valid,27.229812088515,27.4125827176454,0.00766304452882293,0.00552210359541585,0.000397107224978493,0.966832021536068
1092,1284,1284,545,753,1298,Good,1,slightly degraded,D:\LSH\LSH\实验\聚焦信号分类实验\1\ROI_x729_y538_w32_h39_20260626_212915\01_valid_raw_and_ifft\mat\curve_r0545_c0753_idx000249.mat,D:\LSH\LSH\实验\聚焦信号分类实验\1\ROI_x729_y538_w32_h39_20260626_212915\01_valid_raw_and_ifft\mat,valid_folder,valid,26.9903405162442,27.1618371312585,0.00850436933800333,0.00540296608624122,0.000478209082009261,0.944877387888606
1093,1285,1285,545,754,1299,Good,1,slightly degraded,D:\LSH\LSH\实验\聚焦信号分类实验\1\ROI_x729_y538_w32_h39_20260626_212915\01_valid_raw_and_ifft\mat\curve_r0545_c0754_idx000250.mat,D:\LSH\LSH\实验\聚焦信号分类实验\1\ROI_x729_y538_w32_h39_20260626_212915\01_valid_raw_and_ifft\mat,valid_folder,valid,26.987761347369,27.0518698260384,0.00877523438151976,0.00526928455927374,0.000495187601220115,0.932236405694365
1094,1286,1286,545,755,1300,Good,1,slightly degraded,D:\LSH\LSH\实验\聚焦信号分类实验\1\ROI_x729_y538_w32_h39_20260626_212915\01_valid_raw_and_ifft\mat\curve_r0545_c0755_idx000251.mat,D:\LSH\LSH\实验\聚焦信号分类实验\1\ROI_x729_y538_w32_h39_20260626_212915\01_valid_raw_and_ifft\mat,valid_folder,valid,26.974493013862,26.9794997606897,0.0148608101327098,0.00817226423269116,0.000921471888530705,0.905932984801042
1095,1287,1287,545,756,1301,Good,1,slightly degraded,D:\LSH\LSH\实验\聚焦信号分类实验\1\ROI_x729_y538_w32_h39_20260626_212915\01_valid_raw_and_ifft\mat\curve_r0545_c0756_idx000252.mat,D:\LSH\LSH\实验\聚焦信号分类实验\1\ROI_x729_y538_w32_h39_20260626_212915\01_valid_raw_and_ifft\mat,valid_folder,valid,26.9466137190417,26.8543024175506,0.0147048815267011,0.00772480487347879,0.000954777629811024,0.894409567944443
1096,1288,1288,545,757,1302,Good,1,slightly degraded,D:\LSH\LSH\实验\聚焦信号分类实验\1\ROI_x729_y538_w32_h39_20260626_212915\01_valid_raw_and_ifft\mat\curve_r0545_c0757_idx000253.mat,D:\LSH\LSH\实验\聚焦信号分类实验\1\ROI_x729_y538_w32_h39_20260626_212915\01_valid_raw_and_ifft\mat,valid_folder,valid,26.8180911409093,26.7110732061901,0.0115048809696369,0.00646842798521269,0.000740547025843853,0.905178545211251
1097,1289,1289,545,758,1303,Good,1,slightly degraded,D:\LSH\LSH\实验\聚焦信号分类实验\1\ROI_x729_y538_w32_h39_20260626_212915\01_valid_raw_and_ifft\mat\curve_r0545_c0758_idx000254.mat,D:\LSH\LSH\实验\聚焦信号分类实验\1\ROI_x729_y538_w32_h39_20260626_212915\01_valid_raw_and_ifft\mat,valid_folder,valid,26.6933490869452,26.5556705170217,0.0177790670958464,0.00949933336172826,0.00134372235795922,0.876613049464817
1098,1290,1290,545,759,1304,Good,1,slightly degraded,D:\LSH\LSH\实验\聚焦信号分类实验\1\ROI_x729_y538_w32_h39_20260626_212915\01_valid_raw_and_ifft\mat\curve_r0545_c0759_idx000255.mat,D:\LSH\LSH\实验\聚焦信号分类实验\1\ROI_x729_y538_w32_h39_20260626_212915\01_valid_raw_and_ifft\mat,valid_folder,valid,26.3622974682501,26.3041112578998,0.0121202555952172,0.00717653815277841,0.000862535796237568,0.906710239497016
1099,1291,1291,545,760,1305,Good,1,slightly degraded,D:\LSH\LSH\实验\聚焦信号分类实验\1\ROI_x729_y538_w32_h39_20260626_212915\01_valid_raw_and_ifft\mat\curve_r0545_c0760_idx000256.mat,D:\LSH\LSH\实验\聚焦信号分类实验\1\ROI_x729_y538_w32_h39_20260626_212915\01_valid_raw_and_ifft\mat,valid_folder,valid,26.020736611911,25.925141196786,0.00533001389151941,0.0036288706350105,0.000313052712296901,0.951170367485497
1100,1292,1292,546,729,1306,Good,1,slightly degraded,D:\LSH\LSH\实验\聚焦信号分类实验\1\ROI_x729_y538_w32_h39_20260626_212915\01_valid_raw_and_ifft\mat\curve_r0546_c0729_idx000257.mat,D:\LSH\LSH\实验\聚焦信号分类实验\1\ROI_x729_y538_w32_h39_20260626_212915\01_valid_raw_and_ifft\mat,valid_folder,valid,30.6701620118918,30.5476206305037,0.0797005071475758,0.0429523649178206,0.0060121659497558,0.889500223276691
1101,1293,1293,546,730,1307,Good,1,slightly degraded,D:\LSH\LSH\实验\聚焦信号分类实验\1\ROI_x729_y538_w32_h39_20260626_212915\01_valid_raw_and_ifft\mat\curve_r0546_c0730_idx000258.mat,D:\LSH\LSH\实验\聚焦信号分类实验\1\ROI_x729_y538_w32_h39_20260626_212915\01_valid_raw_and_ifft\mat,valid_folder,valid,30.4516956528833,30.435699769638,0.0859022877722098,0.0484513102766158,0.00669101936133284,0.891593864564629
1102,1294,1294,546,731,1308,Good,1,slightly degraded,D:\LSH\LSH\实验\聚焦信号分类实验\1\ROI_x729_y538_w32_h39_20260626_212915\01_valid_raw_and_ifft\mat\curve_r0546_c0731_idx000259.mat,D:\LSH\LSH\实验\聚焦信号分类实验\1\ROI_x729_y538_w32_h39_20260626_212915\01_valid_raw_and_ifft\mat,valid_folder,valid,30.1898681512375,30.3036884301762,0.0578555135835089,0.0297865476979557,0.00419515765058888,0.884223896021334
1103,1295,1295,546,732,1309,Good,1,slightly degraded,D:\LSH\LSH\实验\聚焦信号分类实验\1\ROI_x729_y538_w32_h39_20260626_212915\01_valid_raw_and_ifft\mat\curve_r0546_c0732_idx000260.mat,D:\LSH\LSH\实验\聚焦信号分类实验\1\ROI_x729_y538_w32_h39_20260626_212915\01_valid_raw_and_ifft\mat,valid_folder,valid,30.1750567643368,30.2684447832585,0.0454603159877314,0.0226319308431998,0.00338326805358236,0.871483506492635
1104,1296,1296,546,733,1310,Good,1,slightly degraded,D:\LSH\LSH\实验\聚焦信号分类实验\1\ROI_x729_y538_w32_h39_20260626_212915\01_valid_raw_and_ifft\mat\curve_r0546_c0733_idx000261.mat,D:\LSH\LSH\实验\聚焦信号分类实验\1\ROI_x729_y538_w32_h39_20260626_212915\01_valid_raw_and_ifft\mat,valid_folder,valid,30.38872461883,30.3998516902478,0.0191921325782311,0.0109027410194575,0.0014231699091277,0.898716402194868
1105,1297,1297,546,734,1311,Good,1,slightly degraded,D:\LSH\LSH\实验\聚焦信号分类实验\1\ROI_x729_y538_w32_h39_20260626_212915\01_valid_raw_and_ifft\mat\curve_r0546_c0734_idx000262.mat,D:\LSH\LSH\实验\聚焦信号分类实验\1\ROI_x729_y538_w32_h39_20260626_212915\01_valid_raw_and_ifft\mat,valid_folder,valid,30.0793436710582,30.0880943523201,0.00836434521615134,0.0051803370456221,0.000449095387304337,0.948893347072346
1106,1298,1298,546,735,1312,Good,1,slightly degraded,D:\LSH\LSH\实验\聚焦信号分类实验\1\ROI_x729_y538_w32_h39_20260626_212915\01_valid_raw_and_ifft\mat\curve_r0546_c0735_idx000263.mat,D:\LSH\LSH\实验\聚焦信号分类实验\1\ROI_x729_y538_w32_h39_20260626_212915\01_valid_raw_and_ifft\mat,valid_folder,valid,29.9981872765658,29.8658977775454,0.0250950407873364,0.0137283323497571,0.00160509054411015,0.914337481478384
1107,1299,1299,546,736,1313,Good,1,slightly degraded,D:\LSH\LSH\实验\聚焦信号分类实验\1\ROI_x729_y538_w32_h39_20260626_212915\01_valid_raw_and_ifft\mat\curve_r0546_c0736_idx000264.mat,D:\LSH\LSH\实验\聚焦信号分类实验\1\ROI_x729_y538_w32_h39_20260626_212915\01_valid_raw_and_ifft\mat,valid_folder,valid,29.9246644196488,29.8075193166326,0.0319402404943939,0.0182684697701542,0.00198197977038024,0.928027211150883
1108,1300,1300,546,737,1314,Good,1,slightly degraded,D:\LSH\LSH\实验\聚焦信号分类实验\1\ROI_x729_y538_w32_h39_20260626_212915\01_valid_raw_and_ifft\mat\curve_r0546_c0737_idx000265.mat,D:\LSH\LSH\实验\聚焦信号分类实验\1\ROI_x729_y538_w32_h39_20260626_212915\01_valid_raw_and_ifft\mat,valid_folder,valid,29.795214625664,29.5929362851865,0.0417500601328155,0.0235875396876368,0.00268203957906654,0.921223507722339
1109,1301,1301,546,738,1315,Good,1,slightly degraded,D:\LSH\LSH\实验\聚焦信号分类实验\1\ROI_x729_y538_w32_h39_20260626_212915\01_valid_raw_and_ifft\mat\curve_r0546_c0738_idx000266.mat,D:\LSH\LSH\实验\聚焦信号分类实验\1\ROI_x729_y538_w32_h39_20260626_212915\01_valid_raw_and_ifft\mat,valid_folder,valid,29.7839907871166,29.4453509192143,0.0518372576391179,0.0288546016164681,0.00350308926023338,0.910978663093519
1110,1302,1302,546,739,1316,Good,1,slightly degraded,D:\LSH\LSH\实验\聚焦信号分类实验\1\ROI_x729_y538_w32_h39_20260626_212915\01_valid_raw_and_ifft\mat\curve_r0546_c0739_idx000267.mat,D:\LSH\LSH\实验\聚焦信号分类实验\1\ROI_x729_y538_w32_h39_20260626_212915\01_valid_raw_and_ifft\mat,valid_folder,valid,29.2325181425532,29.1860326763192,0.056111205543767,0.0355088834571809,0.00371061908097409,0.934669673142482
1111,1303,1303,546,740,1317,Good,1,slightly degraded,D:\LSH\LSH\实验\聚焦信号分类实验\1\ROI_x729_y538_w32_h39_20260626_212915\01_valid_raw_and_ifft\mat\curve_r0546_c0740_idx000268.mat,D:\LSH\LSH\实验\聚焦信号分类实验\1\ROI_x729_y538_w32_h39_20260626_212915\01_valid_raw_and_ifft\mat,valid_folder,valid,28.9797461129432,28.97980719457,0.0683337220794534,0.0330346048169313,0.00485209930152092,0.873678812125272
1112,1304,1304,546,741,1318,Good,1,slightly degraded,D:\LSH\LSH\实验\聚焦信号分类实验\1\ROI_x729_y538_w32_h39_20260626_212915\01_valid_raw_and_ifft\mat\curve_r0546_c0741_idx000269.mat,D:\LSH\LSH\实验\聚焦信号分类实验\1\ROI_x729_y538_w32_h39_20260626_212915\01_valid_raw_and_ifft\mat,valid_folder,valid,28.9753174649778,28.9821880557606,0.0505623116915044,0.0243512900337364,0.0035947940152984,0.872056039343499
1113,1305,1305,546,742,1319,Good,1,slightly degraded,D:\LSH\LSH\实验\聚焦信号分类实验\1\ROI_x729_y538_w32_h39_20260626_212915\01_valid_raw_and_ifft\mat\curve_r0546_c0742_idx000270.mat,D:\LSH\LSH\实验\聚焦信号分类实验\1\ROI_x729_y538_w32_h39_20260626_212915\01_valid_raw_and_ifft\mat,valid_folder,valid,28.9105039559273,28.9283368403385,0.0135485737664503,0.00746082863156761,0.000852576632685582,0.914693273756062
1114,1306,1306,546,743,1320,Good,1,slightly degraded,D:\LSH\LSH\实验\聚焦信号分类实验\1\ROI_x729_y538_w32_h39_20260626_212915\01_valid_raw_and_ifft\mat\curve_r0546_c0743_idx000271.mat,D:\LSH\LSH\实验\聚焦信号分类实验\1\ROI_x729_y538_w32_h39_20260626_212915\01_valid_raw_and_ifft\mat,valid_folder,valid,28.8030069836425,28.7649566919124,0.00611747880057703,0.00368537765781051,0.000379589967676674,0.929530550392599
1115,1307,1307,546,744,1321,Good,1,slightly degraded,D:\LSH\LSH\实验\聚焦信号分类实验\1\ROI_x729_y538_w32_h39_20260626_212915\01_valid_raw_and_ifft\mat\curve_r0546_c0744_idx000272.mat,D:\LSH\LSH\实验\聚焦信号分类实验\1\ROI_x729_y538_w32_h39_20260626_212915\01_valid_raw_and_ifft\mat,valid_folder,valid,28.3332747792529,28.4931841938019,0.00979558110192304,0.00568249768733802,0.000667257792597763,0.915494703563595
1116,1308,1308,546,745,1322,Good,1,slightly degraded,D:\LSH\LSH\实验\聚焦信号分类实验\1\ROI_x729_y538_w32_h39_20260626_212915\01_valid_raw_and_ifft\mat\curve_r0546_c0745_idx000273.mat,D:\LSH\LSH\实验\聚焦信号分类实验\1\ROI_x729_y538_w32_h39_20260626_212915\01_valid_raw_and_ifft\mat,valid_folder,valid,28.7927215145315,28.7021278695726,0.022779863949059,0.0117241966939282,0.00168809085701053,0.880746649315031
1117,1309,1309,546,746,1323,Good,1,slightly degraded,D:\LSH\LSH\实验\聚焦信号分类实验\1\ROI_x729_y538_w32_h39_20260626_212915\01_valid_raw_and_ifft\mat\curve_r0546_c0746_idx000274.mat,D:\LSH\LSH\实验\聚焦信号分类实验\1\ROI_x729_y538_w32_h39_20260626_212915\01_valid_raw_and_ifft\mat,valid_folder,valid,28.7040297677917,28.6558714730521,0.0238789064849415,0.013090125618255,0.00175482476948699,0.895055682516395
1118,1310,1310,546,747,1324,Good,1,slightly degraded,D:\LSH\LSH\实验\聚焦信号分类实验\1\ROI_x729_y538_w32_h39_20260626_212915\01_valid_raw_and_ifft\mat\curve_r0546_c0747_idx000275.mat,D:\LSH\LSH\实验\聚焦信号分类实验\1\ROI_x729_y538_w32_h39_20260626_212915\01_valid_raw_and_ifft\mat,valid_folder,valid,28.567646794104,28.537510444207,0.00935014462969383,0.00570902757029215,0.00062230500689507,0.925398882550253
1119,1311,1311,546,748,1325,Good,1,slightly degraded,D:\LSH\LSH\实验\聚焦信号分类实验\1\ROI_x729_y538_w32_h39_20260626_212915\01_valid_raw_and_ifft\mat\curve_r0546_c0748_idx000276.mat,D:\LSH\LSH\实验\聚焦信号分类实验\1\ROI_x729_y538_w32_h39_20260626_212915\01_valid_raw_and_ifft\mat,valid_folder,valid,27.9989767724305,27.9438680615944,0.00385168452100296,0.00240168624491691,0.000223533785551321,0.940509592802691
1120,1312,1312,546,749,1326,Good,1,slightly degraded,D:\LSH\LSH\实验\聚焦信号分类实验\1\ROI_x729_y538_w32_h39_20260626_212915\01_valid_raw_and_ifft\mat\curve_r0546_c0749_idx000277.mat,D:\LSH\LSH\实验\聚焦信号分类实验\1\ROI_x729_y538_w32_h39_20260626_212915\01_valid_raw_and_ifft\mat,valid_folder,valid,27.9473345508747,27.8439614560257,0.00459521661145865,0.00332894367661117,0.000287141212251554,0.952264120856372
1121,1313,1313,546,750,1327,Good,1,slightly degraded,D:\LSH\LSH\实验\聚焦信号分类实验\1\ROI_x729_y538_w32_h39_20260626_212915\01_valid_raw_and_ifft\mat\curve_r0546_c0750_idx000278.mat,D:\LSH\LSH\实验\聚焦信号分类实验\1\ROI_x729_y538_w32_h39_20260626_212915\01_valid_raw_and_ifft\mat,valid_folder,valid,27.9597746179145,27.8109223820318,0.011016196763074,0.00714281724098446,0.000656842614507489,0.946878688602956
1122,1314,1314,546,751,1328,Good,1,slightly degraded,D:\LSH\LSH\实验\聚焦信号分类实验\1\ROI_x729_y538_w32_h39_20260626_212915\01_valid_raw_and_ifft\mat\curve_r0546_c0751_idx000279.mat,D:\LSH\LSH\实验\聚焦信号分类实验\1\ROI_x729_y538_w32_h39_20260626_212915\01_valid_raw_and_ifft\mat,valid_folder,valid,27.9247332806848,27.726698219675,0.0135287452916873,0.00875039063175566,0.000773038826607892,0.950348386968757
1123,1315,1315,546,752,1329,Good,1,slightly degraded,D:\LSH\LSH\实验\聚焦信号分类实验\1\ROI_x729_y538_w32_h39_20260626_212915\01_valid_raw_and_ifft\mat\curve_r0546_c0752_idx000280.mat,D:\LSH\LSH\实验\聚焦信号分类实验\1\ROI_x729_y538_w32_h39_20260626_212915\01_valid_raw_and_ifft\mat,valid_folder,valid,27.2599935228269,27.3179623872757,0.0275981861484422,0.0170994719215392,0.001710907187202,0.938471929839839
1124,1316,1316,546,753,1330,Good,1,slightly degraded,D:\LSH\LSH\实验\聚焦信号分类实验\1\ROI_x729_y538_w32_h39_20260626_212915\01_valid_raw_and_ifft\mat\curve_r0546_c0753_idx000281.mat,D:\LSH\LSH\实验\聚焦信号分类实验\1\ROI_x729_y538_w32_h39_20260626_212915\01_valid_raw_and_ifft\mat,valid_folder,valid,27.0913258946472,27.184923626798,0.0299852648287985,0.0169900758982015,0.00184146237930015,0.925223405962886
1125,1317,1317,546,754,1331,Good,1,slightly degraded,D:\LSH\LSH\实验\聚焦信号分类实验\1\ROI_x729_y538_w32_h39_20260626_212915\01_valid_raw_and_ifft\mat\curve_r0546_c0754_idx000282.mat,D:\LSH\LSH\实验\聚焦信号分类实验\1\ROI_x729_y538_w32_h39_20260626_212915\01_valid_raw_and_ifft\mat,valid_folder,valid,27.0371325808422,27.1385401740376,0.0235450842960437,0.0115478140409771,0.00163230868190687,0.871040541879871
1126,1318,1318,546,755,1332,Good,1,slightly degraded,D:\LSH\LSH\实验\聚焦信号分类实验\1\ROI_x729_y538_w32_h39_20260626_212915\01_valid_raw_and_ifft\mat\curve_r0546_c0755_idx000283.mat,D:\LSH\LSH\实验\聚焦信号分类实验\1\ROI_x729_y538_w32_h39_20260626_212915\01_valid_raw_and_ifft\mat,valid_folder,valid,26.5940777477937,26.5510603297588,0.0182877027925009,0.0110887959826661,0.00124006356075147,0.916976676971194
1127,1319,1319,546,756,1333,Good,1,slightly degraded,D:\LSH\LSH\实验\聚焦信号分类实验\1\ROI_x729_y538_w32_h39_20260626_212915\01_valid_raw_and_ifft\mat\curve_r0546_c0756_idx000284.mat,D:\LSH\LSH\实验\聚焦信号分类实验\1\ROI_x729_y538_w32_h39_20260626_212915\01_valid_raw_and_ifft\mat,valid_folder,valid,26.808644551242,26.6030892052764,0.024319030994913,0.0126500766292458,0.00171942038175049,0.883439018581622
1128,1320,1320,546,757,1334,Good,1,slightly degraded,D:\LSH\LSH\实验\聚焦信号分类实验\1\ROI_x729_y538_w32_h39_20260626_212915\01_valid_raw_and_ifft\mat\curve_r0546_c0757_idx000285.mat,D:\LSH\LSH\实验\聚焦信号分类实验\1\ROI_x729_y538_w32_h39_20260626_212915\01_valid_raw_and_ifft\mat,valid_folder,valid,26.8967879248783,26.7970196115802,0.0225573427665099,0.0105151462397602,0.00169110615169506,0.841869791022057
1129,1321,1321,546,758,1335,Good,1,slightly degraded,D:\LSH\LSH\实验\聚焦信号分类实验\1\ROI_x729_y538_w32_h39_20260626_212915\01_valid_raw_and_ifft\mat\curve_r0546_c0758_idx000286.mat,D:\LSH\LSH\实验\聚焦信号分类实验\1\ROI_x729_y538_w32_h39_20260626_212915\01_valid_raw_and_ifft\mat,valid_folder,valid,26.1941977202603,26.315132757755,0.00602398639783181,0.00347020918378332,0.000416505288716189,0.8953942147774
1130,1322,1322,546,759,1336,Good,1,slightly degraded,D:\LSH\LSH\实验\聚焦信号分类实验\1\ROI_x729_y538_w32_h39_20260626_212915\01_valid_raw_and_ifft\mat\curve_r0546_c0759_idx000287.mat,D:\LSH\LSH\实验\聚焦信号分类实验\1\ROI_x729_y538_w32_h39_20260626_212915\01_valid_raw_and_ifft\mat,valid_folder,valid,25.9451616463283,25.9209986942989,0.00578862141003231,0.00295994634239145,0.000402882073019549,0.872656357540386
1131,1323,1323,546,760,1337,Good,1,slightly degraded,D:\LSH\LSH\实验\聚焦信号分类实验\1\ROI_x729_y538_w32_h39_20260626_212915\01_valid_raw_and_ifft\mat\curve_r0546_c0760_idx000288.mat,D:\LSH\LSH\实验\聚焦信号分类实验\1\ROI_x729_y538_w32_h39_20260626_212915\01_valid_raw_and_ifft\mat,valid_folder,valid,25.7858054174056,25.7109856518502,0.00416731356019762,0.00259188032992057,0.00025812196132682,0.935843713582927
1132,1324,1324,547,729,1338,Good,1,slightly degraded,D:\LSH\LSH\实验\聚焦信号分类实验\1\ROI_x729_y538_w32_h39_20260626_212915\01_valid_raw_and_ifft\mat\curve_r0547_c0729_idx000289.mat,D:\LSH\LSH\实验\聚焦信号分类实验\1\ROI_x729_y538_w32_h39_20260626_212915\01_valid_raw_and_ifft\mat,valid_folder,valid,30.5605295545022,30.4930897923731,0.0665729663711116,0.036774121469492,0.00518678461033158,0.888633293616949
1133,1325,1325,547,730,1339,Good,1,slightly degraded,D:\LSH\LSH\实验\聚焦信号分类实验\1\ROI_x729_y538_w32_h39_20260626_212915\01_valid_raw_and_ifft\mat\curve_r0547_c0730_idx000290.mat,D:\LSH\LSH\实验\聚焦信号分类实验\1\ROI_x729_y538_w32_h39_20260626_212915\01_valid_raw_and_ifft\mat,valid_folder,valid,30.4429635882962,30.4602406208962,0.068591226006011,0.0383722115445869,0.00533553326476449,0.890108093544574
1134,1326,1326,547,731,1340,Good,1,slightly degraded,D:\LSH\LSH\实验\聚焦信号分类实验\1\ROI_x729_y538_w32_h39_20260626_212915\01_valid_raw_and_ifft\mat\curve_r0547_c0731_idx000291.mat,D:\LSH\LSH\实验\聚焦信号分类实验\1\ROI_x729_y538_w32_h39_20260626_212915\01_valid_raw_and_ifft\mat,valid_folder,valid,30.3720765758655,30.4832648581311,0.0175177458434887,0.0105905818986198,0.00115676428019425,0.924405083428143
1135,1327,1327,547,732,1341,Good,1,slightly degraded,D:\LSH\LSH\实验\聚焦信号分类实验\1\ROI_x729_y538_w32_h39_20260626_212915\01_valid_raw_and_ifft\mat\curve_r0547_c0732_idx000292.mat,D:\LSH\LSH\实验\聚焦信号分类实验\1\ROI_x729_y538_w32_h39_20260626_212915\01_valid_raw_and_ifft\mat,valid_folder,valid,30.0810175654868,30.1386356449963,0.0117438564897394,0.00616613141814698,0.000772220219352638,0.896318569057305
1136,1328,1328,547,733,1342,Good,1,slightly degraded,D:\LSH\LSH\实验\聚焦信号分类实验\1\ROI_x729_y538_w32_h39_20260626_212915\01_valid_raw_and_ifft\mat\curve_r0547_c0733_idx000293.mat,D:\LSH\LSH\实验\聚焦信号分类实验\1\ROI_x729_y538_w32_h39_20260626_212915\01_valid_raw_and_ifft\mat,valid_folder,valid,30.3136272525524,30.034642262365,0.00833933836038036,0.00564077452017158,0.00054679643341264,0.937674310337361
1137,1329,1329,547,734,1343,Good,1,slightly degraded,D:\LSH\LSH\实验\聚焦信号分类实验\1\ROI_x729_y538_w32_h39_20260626_212915\01_valid_raw_and_ifft\mat\curve_r0547_c0734_idx000294.mat,D:\LSH\LSH\实验\聚焦信号分类实验\1\ROI_x729_y538_w32_h39_20260626_212915\01_valid_raw_and_ifft\mat,valid_folder,valid,29.9031488940204,29.7941304172107,0.0263131769632738,0.0182500911365037,0.00156804180161958,0.955424249527374
1138,1330,1330,547,735,1344,Good,1,slightly degraded,D:\LSH\LSH\实验\聚焦信号分类实验\1\ROI_x729_y538_w32_h39_20260626_212915\01_valid_raw_and_ifft\mat\curve_r0547_c0735_idx000295.mat,D:\LSH\LSH\实验\聚焦信号分类实验\1\ROI_x729_y538_w32_h39_20260626_212915\01_valid_raw_and_ifft\mat,valid_folder,valid,29.9694818961816,29.8824002260013,0.0403352717955168,0.0244769759285306,0.00246379301897604,0.938613859500149
1139,1331,1331,547,736,1345,Good,1,slightly degraded,D:\LSH\LSH\实验\聚焦信号分类实验\1\ROI_x729_y538_w32_h39_20260626_212915\01_valid_raw_and_ifft\mat\curve_r0547_c0736_idx000296.mat,D:\LSH\LSH\实验\聚焦信号分类实验\1\ROI_x729_y538_w32_h39_20260626_212915\01_valid_raw_and_ifft\mat,valid_folder,valid,29.995677888132,29.9507282907489,0.0312605747413644,0.0171709890576964,0.00200084518122443,0.916510210671468
1140,1332,1332,547,737,1346,Good,1,slightly degraded,D:\LSH\LSH\实验\聚焦信号分类实验\1\ROI_x729_y538_w32_h39_20260626_212915\01_valid_raw_and_ifft\mat\curve_r0547_c0737_idx000297.mat,D:\LSH\LSH\实验\聚焦信号分类实验\1\ROI_x729_y538_w32_h39_20260626_212915\01_valid_raw_and_ifft\mat,valid_folder,valid,29.8003411118811,29.5394191768849,0.0403988404593224,0.0222729995646133,0.002691902355087,0.911525186020284
1141,1333,1333,547,738,1347,Good,1,slightly degraded,D:\LSH\LSH\实验\聚焦信号分类实验\1\ROI_x729_y538_w32_h39_20260626_212915\01_valid_raw_and_ifft\mat\curve_r0547_c0738_idx000298.mat,D:\LSH\LSH\实验\聚焦信号分类实验\1\ROI_x729_y538_w32_h39_20260626_212915\01_valid_raw_and_ifft\mat,valid_folder,valid,29.6657686539014,29.3777701977281,0.0493090767181004,0.0287281654236492,0.00338878473081459,0.917446485042958
1142,1334,1334,547,739,1348,Good,1,slightly degraded,D:\LSH\LSH\实验\聚焦信号分类实验\1\ROI_x729_y538_w32_h39_20260626_212915\01_valid_raw_and_ifft\mat\curve_r0547_c0739_idx000299.mat,D:\LSH\LSH\实验\聚焦信号分类实验\1\ROI_x729_y538_w32_h39_20260626_212915\01_valid_raw_and_ifft\mat,valid_folder,valid,29.2825854546884,29.2063652806974,0.0509583830594944,0.0323191635562763,0.00355206127760293,0.928447873751758
1143,1335,1335,547,740,1349,Good,1,slightly degraded,D:\LSH\LSH\实验\聚焦信号分类实验\1\ROI_x729_y538_w32_h39_20260626_212915\01_valid_raw_and_ifft\mat\curve_r0547_c0740_idx000300.mat,D:\LSH\LSH\实验\聚焦信号分类实验\1\ROI_x729_y538_w32_h39_20260626_212915\01_valid_raw_and_ifft\mat,valid_folder,valid,28.9695527660292,28.9692898212025,0.0553369175998208,0.0291729192793833,0.00369931721743532,0.903494462781618
1144,1336,1336,547,741,1350,Good,1,slightly degraded,D:\LSH\LSH\实验\聚焦信号分类实验\1\ROI_x729_y538_w32_h39_20260626_212915\01_valid_raw_and_ifft\mat\curve_r0547_c0741_idx000301.mat,D:\LSH\LSH\实验\聚焦信号分类实验\1\ROI_x729_y538_w32_h39_20260626_212915\01_valid_raw_and_ifft\mat,valid_folder,valid,28.9376981077255,28.9234015744261,0.0528295541879624,0.0262236711820907,0.00374807536249002,0.881303495273836
1145,1337,1337,547,742,1351,Good,1,slightly degraded,D:\LSH\LSH\实验\聚焦信号分类实验\1\ROI_x729_y538_w32_h39_20260626_212915\01_valid_raw_and_ifft\mat\curve_r0547_c0742_idx000302.mat,D:\LSH\LSH\实验\聚焦信号分类实验\1\ROI_x729_y538_w32_h39_20260626_212915\01_valid_raw_and_ifft\mat,valid_folder,valid,28.8679167390455,28.8355126553668,0.0290185025081657,0.0145125597749097,0.00209742777165839,0.876859183856069
1146,1338,1338,547,743,1352,Good,1,slightly degraded,D:\LSH\LSH\实验\聚焦信号分类实验\1\ROI_x729_y538_w32_h39_20260626_212915\01_valid_raw_and_ifft\mat\curve_r0547_c0743_idx000303.mat,D:\LSH\LSH\实验\聚焦信号分类实验\1\ROI_x729_y538_w32_h39_20260626_212915\01_valid_raw_and_ifft\mat,valid_folder,valid,28.8730976273283,28.8453798707712,0.0134782980041153,0.00639347157249823,0.00102113149559969,0.848575681375708
1147,1339,1339,547,744,1353,Good,1,slightly degraded,D:\LSH\LSH\实验\聚焦信号分类实验\1\ROI_x729_y538_w32_h39_20260626_212915\01_valid_raw_and_ifft\mat\curve_r0547_c0744_idx000304.mat,D:\LSH\LSH\实验\聚焦信号分类实验\1\ROI_x729_y538_w32_h39_20260626_212915\01_valid_raw_and_ifft\mat,valid_folder,valid,28.729280608748,28.6333609320239,0.00766846953084913,0.00403092813955951,0.000581552262297506,0.873281353506733
1148,1340,1340,547,745,1354,Good,1,slightly degraded,D:\LSH\LSH\实验\聚焦信号分类实验\1\ROI_x729_y538_w32_h39_20260626_212915\01_valid_raw_and_ifft\mat\curve_r0547_c0745_idx000305.mat,D:\LSH\LSH\实验\聚焦信号分类实验\1\ROI_x729_y538_w32_h39_20260626_212915\01_valid_raw_and_ifft\mat,valid_folder,valid,28.831379728419,28.6877236982471,0.00814258650844492,0.0041246105747739,0.000588628338982827,0.874197696558525
1149,1341,1341,547,746,1355,Good,1,slightly degraded,D:\LSH\LSH\实验\聚焦信号分类实验\1\ROI_x729_y538_w32_h39_20260626_212915\01_valid_raw_and_ifft\mat\curve_r0547_c0746_idx000306.mat,D:\LSH\LSH\实验\聚焦信号分类实验\1\ROI_x729_y538_w32_h39_20260626_212915\01_valid_raw_and_ifft\mat,valid_folder,valid,28.8361016051121,28.6589618033483,0.00718180553230021,0.00379064288925306,0.00048951801484654,0.894804954454131
1150,1342,1342,547,747,1356,Good,1,slightly degraded,D:\LSH\LSH\实验\聚焦信号分类实验\1\ROI_x729_y538_w32_h39_20260626_212915\01_valid_raw_and_ifft\mat\curve_r0547_c0747_idx000307.mat,D:\LSH\LSH\实验\聚焦信号分类实验\1\ROI_x729_y538_w32_h39_20260626_212915\01_valid_raw_and_ifft\mat,valid_folder,valid,28.5264559490547,28.2502190490595,0.00599647299358398,0.00380379213061984,0.000389319335469805,0.932005840299594
1151,1343,1343,547,748,1357,Good,1,slightly degraded,D:\LSH\LSH\实验\聚焦信号分类实验\1\ROI_x729_y538_w32_h39_20260626_212915\01_valid_raw_and_ifft\mat\curve_r0547_c0748_idx000308.mat,D:\LSH\LSH\实验\聚焦信号分类实验\1\ROI_x729_y538_w32_h39_20260626_212915\01_valid_raw_and_ifft\mat,valid_folder,valid,28.576496161919,28.0960772528852,0.0041628750847755,0.00266810986947214,0.000267447965468823,0.93137121899728
1152,1344,1344,547,749,1358,Good,1,slightly degraded,D:\LSH\LSH\实验\聚焦信号分类实验\1\ROI_x729_y538_w32_h39_20260626_212915\01_valid_raw_and_ifft\mat\curve_r0547_c0749_idx000309.mat,D:\LSH\LSH\实验\聚焦信号分类实验\1\ROI_x729_y538_w32_h39_20260626_212915\01_valid_raw_and_ifft\mat,valid_folder,valid,27.8273849001311,27.7206756972598,0.00555897859337856,0.00376877321805432,0.000309147742348296,0.957442807875668
1153,1345,1345,547,750,1359,Good,1,slightly degraded,D:\LSH\LSH\实验\聚焦信号分类实验\1\ROI_x729_y538_w32_h39_20260626_212915\01_valid_raw_and_ifft\mat\curve_r0547_c0750_idx000310.mat,D:\LSH\LSH\实验\聚焦信号分类实验\1\ROI_x729_y538_w32_h39_20260626_212915\01_valid_raw_and_ifft\mat,valid_folder,valid,27.730089496863,27.5207868847153,0.0267650694372158,0.0163553629542889,0.00163886853830925,0.939480430600528
1154,1346,1346,547,751,1360,Good,1,slightly degraded,D:\LSH\LSH\实验\聚焦信号分类实验\1\ROI_x729_y538_w32_h39_20260626_212915\01_valid_raw_and_ifft\mat\curve_r0547_c0751_idx000311.mat,D:\LSH\LSH\实验\聚焦信号分类实验\1\ROI_x729_y538_w32_h39_20260626_212915\01_valid_raw_and_ifft\mat,valid_folder,valid,27.2573602598411,27.3970790799108,0.0503521783931601,0.0296594365383279,0.00323010033574048,0.929402046897408
1155,1347,1347,547,752,1361,Good,1,slightly degraded,D:\LSH\LSH\实验\聚焦信号分类实验\1\ROI_x729_y538_w32_h39_20260626_212915\01_valid_raw_and_ifft\mat\curve_r0547_c0752_idx000312.mat,D:\LSH\LSH\实验\聚焦信号分类实验\1\ROI_x729_y538_w32_h39_20260626_212915\01_valid_raw_and_ifft\mat,valid_folder,valid,27.1458116355868,27.2743215313945,0.0666138926843692,0.0347131460894778,0.00457023493386072,0.896821900043952
1156,1348,1348,547,753,1362,Good,1,slightly degraded,D:\LSH\LSH\实验\聚焦信号分类实验\1\ROI_x729_y538_w32_h39_20260626_212915\01_valid_raw_and_ifft\mat\curve_r0547_c0753_idx000313.mat,D:\LSH\LSH\实验\聚焦信号分类实验\1\ROI_x729_y538_w32_h39_20260626_212915\01_valid_raw_and_ifft\mat,valid_folder,valid,27.0460064643291,27.0934519537198,0.0411732698941076,0.0201228857312392,0.00287455941917682,0.87558684504651
1157,1349,1349,547,754,1363,Good,1,slightly degraded,D:\LSH\LSH\实验\聚焦信号分类实验\1\ROI_x729_y538_w32_h39_20260626_212915\01_valid_raw_and_ifft\mat\curve_r0547_c0754_idx000314.mat,D:\LSH\LSH\实验\聚焦信号分类实验\1\ROI_x729_y538_w32_h39_20260626_212915\01_valid_raw_and_ifft\mat,valid_folder,valid,27.0186297906338,27.0266517303101,0.0295473848743625,0.0141554474824115,0.00211059883904022,0.864439487315465
1158,1350,1350,547,755,1364,Good,1,slightly degraded,D:\LSH\LSH\实验\聚焦信号分类实验\1\ROI_x729_y538_w32_h39_20260626_212915\01_valid_raw_and_ifft\mat\curve_r0547_c0755_idx000315.mat,D:\LSH\LSH\实验\聚焦信号分类实验\1\ROI_x729_y538_w32_h39_20260626_212915\01_valid_raw_and_ifft\mat,valid_folder,valid,26.7670235313191,26.6464122510381,0.0239607044880224,0.0133588401017008,0.00162775057115234,0.905087245708617
1159,1351,1351,547,756,1365,Good,1,slightly degraded,D:\LSH\LSH\实验\聚焦信号分类实验\1\ROI_x729_y538_w32_h39_20260626_212915\01_valid_raw_and_ifft\mat\curve_r0547_c0756_idx000316.mat,D:\LSH\LSH\实验\聚焦信号分类实验\1\ROI_x729_y538_w32_h39_20260626_212915\01_valid_raw_and_ifft\mat,valid_folder,valid,26.8414354151166,26.6598929189581,0.0323386730440376,0.0158052642224641,0.00238837054558788,0.86066505900626
1160,1352,1352,547,757,1366,Good,1,slightly degraded,D:\LSH\LSH\实验\聚焦信号分类实验\1\ROI_x729_y538_w32_h39_20260626_212915\01_valid_raw_and_ifft\mat\curve_r0547_c0757_idx000317.mat,D:\LSH\LSH\实验\聚焦信号分类实验\1\ROI_x729_y538_w32_h39_20260626_212915\01_valid_raw_and_ifft\mat,valid_folder,valid,26.8996945315473,26.81325615583,0.0263724554361551,0.0118718277824951,0.00203929969002993,0.82544195333533
1161,1353,1353,547,758,1367,Good,1,slightly degraded,D:\LSH\LSH\实验\聚焦信号分类实验\1\ROI_x729_y538_w32_h39_20260626_212915\01_valid_raw_and_ifft\mat\curve_r0547_c0758_idx000318.mat,D:\LSH\LSH\实验\聚焦信号分类实验\1\ROI_x729_y538_w32_h39_20260626_212915\01_valid_raw_and_ifft\mat,valid_folder,valid,26.6428698465015,26.4869630432112,0.00615049917824737,0.00359388734120946,0.000450180622811833,0.888400325726807
1162,1354,1354,547,759,1368,Good,1,slightly degraded,D:\LSH\LSH\实验\聚焦信号分类实验\1\ROI_x729_y538_w32_h39_20260626_212915\01_valid_raw_and_ifft\mat\curve_r0547_c0759_idx000319.mat,D:\LSH\LSH\实验\聚焦信号分类实验\1\ROI_x729_y538_w32_h39_20260626_212915\01_valid_raw_and_ifft\mat,valid_folder,valid,25.9851843553057,25.9927746804208,0.00478654649089141,0.00280185108139733,0.000313508130514818,0.909922708753323
1163,1355,1355,547,760,1369,Good,1,slightly degraded,D:\LSH\LSH\实验\聚焦信号分类实验\1\ROI_x729_y538_w32_h39_20260626_212915\01_valid_raw_and_ifft\mat\curve_r0547_c0760_idx000320.mat,D:\LSH\LSH\实验\聚焦信号分类实验\1\ROI_x729_y538_w32_h39_20260626_212915\01_valid_raw_and_ifft\mat,valid_folder,valid,25.7265007025168,25.7521335290773,0.0104814213662022,0.0063879058792908,0.000726711121090763,0.921059497971886
1164,1356,1356,548,729,1370,Good,1,slightly degraded,D:\LSH\LSH\实验\聚焦信号分类实验\1\ROI_x729_y538_w32_h39_20260626_212915\01_valid_raw_and_ifft\mat\curve_r0548_c0729_idx000321.mat,D:\LSH\LSH\实验\聚焦信号分类实验\1\ROI_x729_y538_w32_h39_20260626_212915\01_valid_raw_and_ifft\mat,valid_folder,valid,30.2070475733065,30.3109925409892,0.0256244005278854,0.0128016250968138,0.00195768542714222,0.867152562311022
1165,1357,1357,548,730,1371,Good,1,slightly degraded,D:\LSH\LSH\实验\聚焦信号分类实验\1\ROI_x729_y538_w32_h39_20260626_212915\01_valid_raw_and_ifft\mat\curve_r0548_c0730_idx000322.mat,D:\LSH\LSH\实验\聚焦信号分类实验\1\ROI_x729_y538_w32_h39_20260626_212915\01_valid_raw_and_ifft\mat,valid_folder,valid,30.1443536542039,30.2729679100897,0.0260311860249299,0.0120003646563961,0.00203532810110306,0.839644597684108
1166,1358,1358,548,731,1372,Good,1,slightly degraded,D:\LSH\LSH\实验\聚焦信号分类实验\1\ROI_x729_y538_w32_h39_20260626_212915\01_valid_raw_and_ifft\mat\curve_r0548_c0731_idx000323.mat,D:\LSH\LSH\实验\聚焦信号分类实验\1\ROI_x729_y538_w32_h39_20260626_212915\01_valid_raw_and_ifft\mat,valid_folder,valid,30.1801749428898,30.2466298494522,0.00666130718231738,0.00382347057479941,0.000438250299490776,0.908672590422709
1167,1359,1359,548,732,1373,Good,1,slightly degraded,D:\LSH\LSH\实验\聚焦信号分类实验\1\ROI_x729_y538_w32_h39_20260626_212915\01_valid_raw_and_ifft\mat\curve_r0548_c0732_idx000324.mat,D:\LSH\LSH\实验\聚焦信号分类实验\1\ROI_x729_y538_w32_h39_20260626_212915\01_valid_raw_and_ifft\mat,valid_folder,valid,30.1289721140387,30.0601492699692,0.00567144098374481,0.00375821291939494,0.000311463280030243,0.95298373397415
1168,1360,1360,548,733,1374,Good,1,slightly degraded,D:\LSH\LSH\实验\聚焦信号分类实验\1\ROI_x729_y538_w32_h39_20260626_212915\01_valid_raw_and_ifft\mat\curve_r0548_c0733_idx000325.mat,D:\LSH\LSH\实验\聚焦信号分类实验\1\ROI_x729_y538_w32_h39_20260626_212915\01_valid_raw_and_ifft\mat,valid_folder,valid,30.2363916620016,30.001565971624,0.0103167107919711,0.0066514352272649,0.000685281181343147,0.930721648743988
1169,1361,1361,548,734,1375,Good,1,slightly degraded,D:\LSH\LSH\实验\聚焦信号分类实验\1\ROI_x729_y538_w32_h39_20260626_212915\01_valid_raw_and_ifft\mat\curve_r0548_c0734_idx000326.mat,D:\LSH\LSH\实验\聚焦信号分类实验\1\ROI_x729_y538_w32_h39_20260626_212915\01_valid_raw_and_ifft\mat,valid_folder,valid,30.0616188586409,30.0033295214987,0.0554979541308119,0.0307458189107057,0.00366309001842188,0.914637028146144
1170,1362,1362,548,735,1376,Good,1,slightly degraded,D:\LSH\LSH\实验\聚焦信号分类实验\1\ROI_x729_y538_w32_h39_20260626_212915\01_valid_raw_and_ifft\mat\curve_r0548_c0735_idx000327.mat,D:\LSH\LSH\实验\聚焦信号分类实验\1\ROI_x729_y538_w32_h39_20260626_212915\01_valid_raw_and_ifft\mat,valid_folder,valid,30.0881701056483,30.0883016980285,0.079815271553933,0.0401448454835049,0.00565425139581482,0.884366453500645
1171,1363,1363,548,736,1377,Good,1,slightly degraded,D:\LSH\LSH\实验\聚焦信号分类实验\1\ROI_x729_y538_w32_h39_20260626_212915\01_valid_raw_and_ifft\mat\curve_r0548_c0736_idx000328.mat,D:\LSH\LSH\实验\聚焦信号分类实验\1\ROI_x729_y538_w32_h39_20260626_212915\01_valid_raw_and_ifft\mat,valid_folder,valid,30.0571624792835,30.0343994338052,0.054655298426592,0.028279207932848,0.00368306665586894,0.89739723698139
1172,1364,1364,548,737,1378,Good,1,slightly degraded,D:\LSH\LSH\实验\聚焦信号分类实验\1\ROI_x729_y538_w32_h39_20260626_212915\01_valid_raw_and_ifft\mat\curve_r0548_c0737_idx000329.mat,D:\LSH\LSH\实验\聚焦信号分类实验\1\ROI_x729_y538_w32_h39_20260626_212915\01_valid_raw_and_ifft\mat,valid_folder,valid,29.7858591077419,29.6154608600634,0.0317624668651295,0.0196445923105175,0.00187699528352279,0.944404040795066
1173,1365,1365,548,738,1379,Good,1,slightly degraded,D:\LSH\LSH\实验\聚焦信号分类实验\1\ROI_x729_y538_w32_h39_20260626_212915\01_valid_raw_and_ifft\mat\curve_r0548_c0738_idx000330.mat,D:\LSH\LSH\实验\聚焦信号分类实验\1\ROI_x729_y538_w32_h39_20260626_212915\01_valid_raw_and_ifft\mat,valid_folder,valid,29.3065357305853,29.3894099469563,0.0269903261296734,0.0163623134651111,0.00173717502246951,0.93167045042093
1174,1366,1366,548,739,1380,Good,1,slightly degraded,D:\LSH\LSH\实验\聚焦信号分类实验\1\ROI_x729_y538_w32_h39_20260626_212915\01_valid_raw_and_ifft\mat\curve_r0548_c0739_idx000331.mat,D:\LSH\LSH\实验\聚焦信号分类实验\1\ROI_x729_y538_w32_h39_20260626_212915\01_valid_raw_and_ifft\mat,valid_folder,valid,29.1533270357887,29.2174236822263,0.0167573145846702,0.00929610633424951,0.001128635467786,0.908684184626901
1175,1367,1367,548,740,1381,Good,1,slightly degraded,D:\LSH\LSH\实验\聚焦信号分类实验\1\ROI_x729_y538_w32_h39_20260626_212915\01_valid_raw_and_ifft\mat\curve_r0548_c0740_idx000332.mat,D:\LSH\LSH\实验\聚焦信号分类实验\1\ROI_x729_y538_w32_h39_20260626_212915\01_valid_raw_and_ifft\mat,valid_folder,valid,28.8105263850595,28.7309071440866,0.0158133109568851,0.00908935119183031,0.00102016594023916,0.922056409819706
1176,1368,1368,548,741,1382,Good,1,slightly degraded,D:\LSH\LSH\实验\聚焦信号分类实验\1\ROI_x729_y538_w32_h39_20260626_212915\01_valid_raw_and_ifft\mat\curve_r0548_c0741_idx000333.mat,D:\LSH\LSH\实验\聚焦信号分类实验\1\ROI_x729_y538_w32_h39_20260626_212915\01_valid_raw_and_ifft\mat,valid_folder,valid,28.8923002051489,28.8494736312023,0.0344055613949755,0.0176603634434877,0.0024188953374472,0.890482093384936
1177,1369,1369,548,742,1383,Good,1,slightly degraded,D:\LSH\LSH\实验\聚焦信号分类实验\1\ROI_x729_y538_w32_h39_20260626_212915\01_valid_raw_and_ifft\mat\curve_r0548_c0742_idx000334.mat,D:\LSH\LSH\实验\聚焦信号分类实验\1\ROI_x729_y538_w32_h39_20260626_212915\01_valid_raw_and_ifft\mat,valid_folder,valid,28.8684380485967,28.8006979946444,0.0338118890961038,0.015837676718115,0.00258807055124633,0.851530279960359
1178,1370,1370,548,743,1384,Good,1,slightly degraded,D:\LSH\LSH\实验\聚焦信号分类实验\1\ROI_x729_y538_w32_h39_20260626_212915\01_valid_raw_and_ifft\mat\curve_r0548_c0743_idx000335.mat,D:\LSH\LSH\实验\聚焦信号分类实验\1\ROI_x729_y538_w32_h39_20260626_212915\01_valid_raw_and_ifft\mat,valid_folder,valid,28.7856111246862,28.6958046421371,0.0207623719788462,0.0100206445044902,0.00164838329805028,0.849067483288113
1179,1371,1371,548,744,1385,Good,1,slightly degraded,D:\LSH\LSH\实验\聚焦信号分类实验\1\ROI_x729_y538_w32_h39_20260626_212915\01_valid_raw_and_ifft\mat\curve_r0548_c0744_idx000336.mat,D:\LSH\LSH\实验\聚焦信号分类实验\1\ROI_x729_y538_w32_h39_20260626_212915\01_valid_raw_and_ifft\mat,valid_folder,valid,28.5663111627936,28.4880600805979,0.0102330502701021,0.00556583514278153,0.000821065933564087,0.871794071050823
1180,1372,1372,548,745,1386,Good,1,slightly degraded,D:\LSH\LSH\实验\聚焦信号分类实验\1\ROI_x729_y538_w32_h39_20260626_212915\01_valid_raw_and_ifft\mat\curve_r0548_c0745_idx000337.mat,D:\LSH\LSH\实验\聚焦信号分类实验\1\ROI_x729_y538_w32_h39_20260626_212915\01_valid_raw_and_ifft\mat,valid_folder,valid,28.7885306046952,28.5340952682941,0.00991641491120884,0.00498209332253313,0.000737733645492803,0.867109350319885
1181,1373,1373,548,746,1387,Good,1,slightly degraded,D:\LSH\LSH\实验\聚焦信号分类实验\1\ROI_x729_y538_w32_h39_20260626_212915\01_valid_raw_and_ifft\mat\curve_r0548_c0746_idx000338.mat,D:\LSH\LSH\实验\聚焦信号分类实验\1\ROI_x729_y538_w32_h39_20260626_212915\01_valid_raw_and_ifft\mat,valid_folder,valid,28.7669003207241,28.4750930151146,0.0082542243032209,0.00420371595745101,0.000615556845592698,0.871788368327598
1182,1374,1374,548,747,1388,Good,1,slightly degraded,D:\LSH\LSH\实验\聚焦信号分类实验\1\ROI_x729_y538_w32_h39_20260626_212915\01_valid_raw_and_ifft\mat\curve_r0548_c0747_idx000339.mat,D:\LSH\LSH\实验\聚焦信号分类实验\1\ROI_x729_y538_w32_h39_20260626_212915\01_valid_raw_and_ifft\mat,valid_folder,valid,28.2204763733506,28.1276876274725,0.00819736897272591,0.00509160868529844,0.000567805596203965,0.920668353448514
1183,1375,1375,548,748,1389,Good,1,slightly degraded,D:\LSH\LSH\实验\聚焦信号分类实验\1\ROI_x729_y538_w32_h39_20260626_212915\01_valid_raw_and_ifft\mat\curve_r0548_c0748_idx000340.mat,D:\LSH\LSH\实验\聚焦信号分类实验\1\ROI_x729_y538_w32_h39_20260626_212915\01_valid_raw_and_ifft\mat,valid_folder,valid,28.0531406949173,27.9505562636322,0.00752186355487894,0.0051684472794472,0.00048405311046216,0.943050787866792
1184,1376,1376,548,749,1390,Good,1,slightly degraded,D:\LSH\LSH\实验\聚焦信号分类实验\1\ROI_x729_y538_w32_h39_20260626_212915\01_valid_raw_and_ifft\mat\curve_r0548_c0749_idx000341.mat,D:\LSH\LSH\实验\聚焦信号分类实验\1\ROI_x729_y538_w32_h39_20260626_212915\01_valid_raw_and_ifft\mat,valid_folder,valid,27.8143652611055,27.7951643133579,0.0137492119242407,0.00894124983523257,0.000870478569012736,0.941782061757337
1185,1377,1377,548,750,1391,Good,1,slightly degraded,D:\LSH\LSH\实验\聚焦信号分类实验\1\ROI_x729_y538_w32_h39_20260626_212915\01_valid_raw_and_ifft\mat\curve_r0548_c0750_idx000342.mat,D:\LSH\LSH\实验\聚焦信号分类实验\1\ROI_x729_y538_w32_h39_20260626_212915\01_valid_raw_and_ifft\mat,valid_folder,valid,27.7819777355445,27.5986759291636,0.0352030241129371,0.0205696164067732,0.00220251360153043,0.930632757462896
1186,1378,1378,548,751,1392,Good,1,slightly degraded,D:\LSH\LSH\实验\聚焦信号分类实验\1\ROI_x729_y538_w32_h39_20260626_212915\01_valid_raw_and_ifft\mat\curve_r0548_c0751_idx000343.mat,D:\LSH\LSH\实验\聚焦信号分类实验\1\ROI_x729_y538_w32_h39_20260626_212915\01_valid_raw_and_ifft\mat,valid_folder,valid,27.3424264606868,27.4489449323226,0.0524458002992586,0.0322144766937844,0.00333975962596005,0.936554171617791
1187,1379,1379,548,752,1393,Good,1,slightly degraded,D:\LSH\LSH\实验\聚焦信号分类实验\1\ROI_x729_y538_w32_h39_20260626_212915\01_valid_raw_and_ifft\mat\curve_r0548_c0752_idx000344.mat,D:\LSH\LSH\实验\聚焦信号分类实验\1\ROI_x729_y538_w32_h39_20260626_212915\01_valid_raw_and_ifft\mat,valid_folder,valid,27.1666443231939,27.2541342522167,0.05929154601809,0.0332622478283683,0.00384278330028253,0.919321098368291
1188,1380,1380,548,753,1394,Good,1,slightly degraded,D:\LSH\LSH\实验\聚焦信号分类实验\1\ROI_x729_y538_w32_h39_20260626_212915\01_valid_raw_and_ifft\mat\curve_r0548_c0753_idx000345.mat,D:\LSH\LSH\实验\聚焦信号分类实验\1\ROI_x729_y538_w32_h39_20260626_212915\01_valid_raw_and_ifft\mat,valid_folder,valid,27.0386786102142,27.0843240774936,0.0529089496253638,0.0255840375000677,0.00374792937009456,0.87279503921626
1189,1381,1381,548,754,1395,Good,1,slightly degraded,D:\LSH\LSH\实验\聚焦信号分类实验\1\ROI_x729_y538_w32_h39_20260626_212915\01_valid_raw_and_ifft\mat\curve_r0548_c0754_idx000346.mat,D:\LSH\LSH\实验\聚焦信号分类实验\1\ROI_x729_y538_w32_h39_20260626_212915\01_valid_raw_and_ifft\mat,valid_folder,valid,27.0071310855209,27.0087852435431,0.0550560748440156,0.0241925999045993,0.00422823530339586,0.83112106252615
1190,1382,1382,548,755,1396,Good,1,slightly degraded,D:\LSH\LSH\实验\聚焦信号分类实验\1\ROI_x729_y538_w32_h39_20260626_212915\01_valid_raw_and_ifft\mat\curve_r0548_c0755_idx000347.mat,D:\LSH\LSH\实验\聚焦信号分类实验\1\ROI_x729_y538_w32_h39_20260626_212915\01_valid_raw_and_ifft\mat,valid_folder,valid,26.9621734802289,26.9057252051424,0.0443396237783227,0.0189838949689748,0.00347697173668752,0.815281056614544
1191,1383,1383,548,756,1397,Good,1,slightly degraded,D:\LSH\LSH\实验\聚焦信号分类实验\1\ROI_x729_y538_w32_h39_20260626_212915\01_valid_raw_and_ifft\mat\curve_r0548_c0756_idx000348.mat,D:\LSH\LSH\实验\聚焦信号分类实验\1\ROI_x729_y538_w32_h39_20260626_212915\01_valid_raw_and_ifft\mat,valid_folder,valid,26.9366033794826,26.8476889046322,0.039301000123308,0.0162498130885221,0.00320173730991247,0.793008444066905
1192,1384,1384,548,757,1398,Good,1,slightly degraded,D:\LSH\LSH\实验\聚焦信号分类实验\1\ROI_x729_y538_w32_h39_20260626_212915\01_valid_raw_and_ifft\mat\curve_r0548_c0757_idx000349.mat,D:\LSH\LSH\实验\聚焦信号分类实验\1\ROI_x729_y538_w32_h39_20260626_212915\01_valid_raw_and_ifft\mat,valid_folder,valid,26.7324341154159,26.533946667858,0.0186533253307207,0.010118385008178,0.00132695932366049,0.891887415037655
1193,1385,1385,548,758,1399,Good,1,slightly degraded,D:\LSH\LSH\实验\聚焦信号分类实验\1\ROI_x729_y538_w32_h39_20260626_212915\01_valid_raw_and_ifft\mat\curve_r0548_c0758_idx000350.mat,D:\LSH\LSH\实验\聚焦信号分类实验\1\ROI_x729_y538_w32_h39_20260626_212915\01_valid_raw_and_ifft\mat,valid_folder,valid,26.2562392400053,26.2973226458009,0.0170558436670046,0.00953087414825749,0.00122972190091072,0.897989163099687
1194,1386,1386,548,759,1400,Good,1,slightly degraded,D:\LSH\LSH\实验\聚焦信号分类实验\1\ROI_x729_y538_w32_h39_20260626_212915\01_valid_raw_and_ifft\mat\curve_r0548_c0759_idx000351.mat,D:\LSH\LSH\实验\聚焦信号分类实验\1\ROI_x729_y538_w32_h39_20260626_212915\01_valid_raw_and_ifft\mat,valid_folder,valid,26.1729285004277,26.2338052314029,0.0140833485494421,0.00739973466749871,0.00101275397797001,0.885788283737275
1195,1387,1387,548,760,1401,Good,1,slightly degraded,D:\LSH\LSH\实验\聚焦信号分类实验\1\ROI_x729_y538_w32_h39_20260626_212915\01_valid_raw_and_ifft\mat\curve_r0548_c0760_idx000352.mat,D:\LSH\LSH\实验\聚焦信号分类实验\1\ROI_x729_y538_w32_h39_20260626_212915\01_valid_raw_and_ifft\mat,valid_folder,valid,25.6696982163322,25.708271189089,0.0130816717872471,0.00789075848086293,0.000932975455602028,0.915338340748204
1196,1388,1388,549,729,1402,Good,1,slightly degraded,D:\LSH\LSH\实验\聚焦信号分类实验\1\ROI_x729_y538_w32_h39_20260626_212915\01_valid_raw_and_ifft\mat\curve_r0549_c0729_idx000353.mat,D:\LSH\LSH\实验\聚焦信号分类实验\1\ROI_x729_y538_w32_h39_20260626_212915\01_valid_raw_and_ifft\mat,valid_folder,valid,30.8461428138475,30.6864394441245,0.00819867336717576,0.0042770043149362,0.000558302138740331,0.890954325371285
1197,1389,1389,549,730,1403,Good,1,slightly degraded,D:\LSH\LSH\实验\聚焦信号分类实验\1\ROI_x729_y538_w32_h39_20260626_212915\01_valid_raw_and_ifft\mat\curve_r0549_c0730_idx000354.mat,D:\LSH\LSH\实验\聚焦信号分类实验\1\ROI_x729_y538_w32_h39_20260626_212915\01_valid_raw_and_ifft\mat,valid_folder,valid,30.1314411163082,30.2167304515016,0.00464628136652332,0.0027184336122036,0.000281722173386466,0.92855500706423
1198,1390,1390,549,731,1404,Good,1,slightly degraded,D:\LSH\LSH\实验\聚焦信号分类实验\1\ROI_x729_y538_w32_h39_20260626_212915\01_valid_raw_and_ifft\mat\curve_r0549_c0731_idx000355.mat,D:\LSH\LSH\实验\聚焦信号分类实验\1\ROI_x729_y538_w32_h39_20260626_212915\01_valid_raw_and_ifft\mat,valid_folder,valid,30.1641183298872,30.0913326510204,0.00498870233222639,0.00300662351822388,0.000319290505742611,0.924229369619678
1199,1391,1391,549,732,1405,Good,1,slightly degraded,D:\LSH\LSH\实验\聚焦信号分类实验\1\ROI_x729_y538_w32_h39_20260626_212915\01_valid_raw_and_ifft\mat\curve_r0549_c0732_idx000356.mat,D:\LSH\LSH\实验\聚焦信号分类实验\1\ROI_x729_y538_w32_h39_20260626_212915\01_valid_raw_and_ifft\mat,valid_folder,valid,30.1150173393424,30.0022768303539,0.00673001220521466,0.00417827994428458,0.000418408240500368,0.934193620651788
1200,1392,1392,549,733,1406,Good,1,slightly degraded,D:\LSH\LSH\实验\聚焦信号分类实验\1\ROI_x729_y538_w32_h39_20260626_212915\01_valid_raw_and_ifft\mat\curve_r0549_c0733_idx000357.mat,D:\LSH\LSH\实验\聚焦信号分类实验\1\ROI_x729_y538_w32_h39_20260626_212915\01_valid_raw_and_ifft\mat,valid_folder,valid,30.0558696580183,29.9052148231712,0.0127110207319954,0.00759084878352599,0.000789974413059501,0.931168251458858
1201,1393,1393,549,734,1407,Good,1,slightly degraded,D:\LSH\LSH\实验\聚焦信号分类实验\1\ROI_x729_y538_w32_h39_20260626_212915\01_valid_raw_and_ifft\mat\curve_r0549_c0734_idx000358.mat,D:\LSH\LSH\实验\聚焦信号分类实验\1\ROI_x729_y538_w32_h39_20260626_212915\01_valid_raw_and_ifft\mat,valid_folder,valid,30.0085626361854,29.9603173368287,0.0599434346381607,0.0310641505910611,0.00408157823775917,0.897846312076388
1202,1394,1394,549,735,1408,Good,1,slightly degraded,D:\LSH\LSH\实验\聚焦信号分类实验\1\ROI_x729_y538_w32_h39_20260626_212915\01_valid_raw_and_ifft\mat\curve_r0549_c0735_idx000359.mat,D:\LSH\LSH\实验\聚焦信号分类实验\1\ROI_x729_y538_w32_h39_20260626_212915\01_valid_raw_and_ifft\mat,valid_folder,valid,30.0873724113031,30.0935235972843,0.0842256692405015,0.043340335289564,0.00586233865714765,0.892731791180025
1203,1395,1395,549,736,1409,Good,1,slightly degraded,D:\LSH\LSH\实验\聚焦信号分类实验\1\ROI_x729_y538_w32_h39_20260626_212915\01_valid_raw_and_ifft\mat\curve_r0549_c0736_idx000360.mat,D:\LSH\LSH\实验\聚焦信号分类实验\1\ROI_x729_y538_w32_h39_20260626_212915\01_valid_raw_and_ifft\mat,valid_folder,valid,30.1365812737559,30.1442278842683,0.0576349803307429,0.0312028726752159,0.00385316083921712,0.907739218996408
1204,1396,1396,549,737,1410,Good,1,slightly degraded,D:\LSH\LSH\实验\聚焦信号分类实验\1\ROI_x729_y538_w32_h39_20260626_212915\01_valid_raw_and_ifft\mat\curve_r0549_c0737_idx000361.mat,D:\LSH\LSH\实验\聚焦信号分类实验\1\ROI_x729_y538_w32_h39_20260626_212915\01_valid_raw_and_ifft\mat,valid_folder,valid,30.0627994307629,29.8774581181173,0.0275331340102383,0.0196944284645143,0.00152110068695836,0.96416149744577
1205,1397,1397,549,738,1411,Good,1,slightly degraded,D:\LSH\LSH\实验\聚焦信号分类实验\1\ROI_x729_y538_w32_h39_20260626_212915\01_valid_raw_and_ifft\mat\curve_r0549_c0738_idx000362.mat,D:\LSH\LSH\实验\聚焦信号分类实验\1\ROI_x729_y538_w32_h39_20260626_212915\01_valid_raw_and_ifft\mat,valid_folder,valid,29.1000989142137,29.3856841771884,0.0257537669788082,0.0154414893859598,0.00151969257300961,0.939113823661119
1206,1398,1398,549,739,1412,Good,1,slightly degraded,D:\LSH\LSH\实验\聚焦信号分类实验\1\ROI_x729_y538_w32_h39_20260626_212915\01_valid_raw_and_ifft\mat\curve_r0549_c0739_idx000363.mat,D:\LSH\LSH\实验\聚焦信号分类实验\1\ROI_x729_y538_w32_h39_20260626_212915\01_valid_raw_and_ifft\mat,valid_folder,valid,29.0067653902753,29.128319628586,0.0169769163881122,0.00828211027799767,0.00118976476828091,0.87180114037413
1207,1399,1399,549,740,1413,Good,1,slightly degraded,D:\LSH\LSH\实验\聚焦信号分类实验\1\ROI_x729_y538_w32_h39_20260626_212915\01_valid_raw_and_ifft\mat\curve_r0549_c0740_idx000364.mat,D:\LSH\LSH\实验\聚焦信号分类实验\1\ROI_x729_y538_w32_h39_20260626_212915\01_valid_raw_and_ifft\mat,valid_folder,valid,28.8685412831769,28.7740354517953,0.0104409180248979,0.0056404456176674,0.000691057679775484,0.904441875004701
1208,1400,1400,549,741,1414,Good,1,slightly degraded,D:\LSH\LSH\实验\聚焦信号分类实验\1\ROI_x729_y538_w32_h39_20260626_212915\01_valid_raw_and_ifft\mat\curve_r0549_c0741_idx000365.mat,D:\LSH\LSH\实验\聚焦信号分类实验\1\ROI_x729_y538_w32_h39_20260626_212915\01_valid_raw_and_ifft\mat,valid_folder,valid,28.8424074449968,28.7990610581181,0.0142214454055577,0.00810327839428764,0.000943479015425764,0.917034110598541
1209,1401,1401,549,742,1415,Good,1,slightly degraded,D:\LSH\LSH\实验\聚焦信号分类实验\1\ROI_x729_y538_w32_h39_20260626_212915\01_valid_raw_and_ifft\mat\curve_r0549_c0742_idx000366.mat,D:\LSH\LSH\实验\聚焦信号分类实验\1\ROI_x729_y538_w32_h39_20260626_212915\01_valid_raw_and_ifft\mat,valid_folder,valid,28.8429425267684,28.7569943501879,0.0223661107957535,0.0111005831957238,0.00163858008310342,0.873188545193093
1210,1402,1402,549,743,1416,Good,1,slightly degraded,D:\LSH\LSH\实验\聚焦信号分类实验\1\ROI_x729_y538_w32_h39_20260626_212915\01_valid_raw_and_ifft\mat\curve_r0549_c0743_idx000367.mat,D:\LSH\LSH\实验\聚焦信号分类实验\1\ROI_x729_y538_w32_h39_20260626_212915\01_valid_raw_and_ifft\mat,valid_folder,valid,28.5226489195037,28.3741796475258,0.0207730955955594,0.0121225368305901,0.00150862294231461,0.907994790327397
1211,1403,1403,549,744,1417,Good,1,slightly degraded,D:\LSH\LSH\实验\聚焦信号分类实验\1\ROI_x729_y538_w32_h39_20260626_212915\01_valid_raw_and_ifft\mat\curve_r0549_c0744_idx000368.mat,D:\LSH\LSH\实验\聚焦信号分类实验\1\ROI_x729_y538_w32_h39_20260626_212915\01_valid_raw_and_ifft\mat,valid_folder,valid,28.7693716879413,28.5101053594861,0.0287591509304094,0.014732589117056,0.00211257264963765,0.879765582855637
1212,1404,1404,549,745,1418,Good,1,slightly degraded,D:\LSH\LSH\实验\聚焦信号分类实验\1\ROI_x729_y538_w32_h39_20260626_212915\01_valid_raw_and_ifft\mat\curve_r0549_c0745_idx000369.mat,D:\LSH\LSH\实验\聚焦信号分类实验\1\ROI_x729_y538_w32_h39_20260626_212915\01_valid_raw_and_ifft\mat,valid_folder,valid,28.8064374724622,28.5163237190924,0.0292816163965761,0.0146101826716013,0.00216405263801783,0.871735765596882
1213,1405,1405,549,746,1419,Good,1,slightly degraded,D:\LSH\LSH\实验\聚焦信号分类实验\1\ROI_x729_y538_w32_h39_20260626_212915\01_valid_raw_and_ifft\mat\curve_r0549_c0746_idx000370.mat,D:\LSH\LSH\实验\聚焦信号分类实验\1\ROI_x729_y538_w32_h39_20260626_212915\01_valid_raw_and_ifft\mat,valid_folder,valid,28.6954134289949,28.3100575432466,0.0103216020836862,0.00581727123064636,0.000729596379970333,0.900484579144848
1214,1406,1406,549,747,1420,Good,1,slightly degraded,D:\LSH\LSH\实验\聚焦信号分类实验\1\ROI_x729_y538_w32_h39_20260626_212915\01_valid_raw_and_ifft\mat\curve_r0549_c0747_idx000371.mat,D:\LSH\LSH\实验\聚焦信号分类实验\1\ROI_x729_y538_w32_h39_20260626_212915\01_valid_raw_and_ifft\mat,valid_folder,valid,28.2805487568889,28.1438578205302,0.0101326337345834,0.00623262596733972,0.000712482528200246,0.916992066427876
1215,1407,1407,549,748,1421,Good,1,slightly degraded,D:\LSH\LSH\实验\聚焦信号分类实验\1\ROI_x729_y538_w32_h39_20260626_212915\01_valid_raw_and_ifft\mat\curve_r0549_c0748_idx000372.mat,D:\LSH\LSH\实验\聚焦信号分类实验\1\ROI_x729_y538_w32_h39_20260626_212915\01_valid_raw_and_ifft\mat,valid_folder,valid,27.9798959454906,27.8018664857304,0.0111309820354808,0.00755853544632096,0.000644526417925987,0.953056896111868
1216,1408,1408,549,749,1422,Good,1,slightly degraded,D:\LSH\LSH\实验\聚焦信号分类实验\1\ROI_x729_y538_w32_h39_20260626_212915\01_valid_raw_and_ifft\mat\curve_r0549_c0749_idx000373.mat,D:\LSH\LSH\实验\聚焦信号分类实验\1\ROI_x729_y538_w32_h39_20260626_212915\01_valid_raw_and_ifft\mat,valid_folder,valid,27.565030861247,27.6879974343999,0.034670441519433,0.0230694846472674,0.00230700456130258,0.940002278514019
1217,1409,1409,549,750,1423,Good,1,slightly degraded,D:\LSH\LSH\实验\聚焦信号分类实验\1\ROI_x729_y538_w32_h39_20260626_212915\01_valid_raw_and_ifft\mat\curve_r0549_c0750_idx000374.mat,D:\LSH\LSH\实验\聚焦信号分类实验\1\ROI_x729_y538_w32_h39_20260626_212915\01_valid_raw_and_ifft\mat,valid_folder,valid,27.666518239652,27.7123865285105,0.0456246226989549,0.0296471712624735,0.00293333693857685,0.94151122607607
1218,1410,1410,549,751,1424,Good,1,slightly degraded,D:\LSH\LSH\实验\聚焦信号分类实验\1\ROI_x729_y538_w32_h39_20260626_212915\01_valid_raw_and_ifft\mat\curve_r0549_c0751_idx000375.mat,D:\LSH\LSH\实验\聚焦信号分类实验\1\ROI_x729_y538_w32_h39_20260626_212915\01_valid_raw_and_ifft\mat,valid_folder,valid,27.7212473322797,27.7724204951862,0.0352578038809211,0.0228108989841933,0.00226814849136797,0.940460204164783
1219,1411,1411,549,752,1425,Good,1,slightly degraded,D:\LSH\LSH\实验\聚焦信号分类实验\1\ROI_x729_y538_w32_h39_20260626_212915\01_valid_raw_and_ifft\mat\curve_r0549_c0752_idx000376.mat,D:\LSH\LSH\实验\聚焦信号分类实验\1\ROI_x729_y538_w32_h39_20260626_212915\01_valid_raw_and_ifft\mat,valid_folder,valid,27.7359092784212,27.4235428772371,0.0366232451405784,0.021515572455802,0.00231014651970909,0.9289149909259
1220,1412,1412,549,753,1426,Good,1,slightly degraded,D:\LSH\LSH\实验\聚焦信号分类实验\1\ROI_x729_y538_w32_h39_20260626_212915\01_valid_raw_and_ifft\mat\curve_r0549_c0753_idx000377.mat,D:\LSH\LSH\实验\聚焦信号分类实验\1\ROI_x729_y538_w32_h39_20260626_212915\01_valid_raw_and_ifft\mat,valid_folder,valid,27.0562141541363,27.0669914815598,0.0478206824896323,0.0259302000586431,0.00314366614846764,0.911175582483259
1221,1413,1413,549,754,1427,Good,1,slightly degraded,D:\LSH\LSH\实验\聚焦信号分类实验\1\ROI_x729_y538_w32_h39_20260626_212915\01_valid_raw_and_ifft\mat\curve_r0549_c0754_idx000378.mat,D:\LSH\LSH\实验\聚焦信号分类实验\1\ROI_x729_y538_w32_h39_20260626_212915\01_valid_raw_and_ifft\mat,valid_folder,valid,26.9908671607394,26.9764850805228,0.0608665976429441,0.0281720907226551,0.00447313841375807,0.856576836087656
1222,1414,1414,549,755,1428,Good,1,slightly degraded,D:\LSH\LSH\实验\聚焦信号分类实验\1\ROI_x729_y538_w32_h39_20260626_212915\01_valid_raw_and_ifft\mat\curve_r0549_c0755_idx000379.mat,D:\LSH\LSH\实验\聚焦信号分类实验\1\ROI_x729_y538_w32_h39_20260626_212915\01_valid_raw_and_ifft\mat,valid_folder,valid,26.9678676828009,26.9321170031639,0.0440625942334098,0.0193840814139561,0.00336906657575136,0.831189077024777
1223,1415,1415,549,756,1429,Good,1,slightly degraded,D:\LSH\LSH\实验\聚焦信号分类实验\1\ROI_x729_y538_w32_h39_20260626_212915\01_valid_raw_and_ifft\mat\curve_r0549_c0756_idx000380.mat,D:\LSH\LSH\实验\聚焦信号分类实验\1\ROI_x729_y538_w32_h39_20260626_212915\01_valid_raw_and_ifft\mat,valid_folder,valid,26.9496543537172,26.8920274552464,0.0321864699377574,0.013128058748575,0.00263712535010563,0.790880895201351
1224,1416,1416,549,757,1430,Good,1,slightly degraded,D:\LSH\LSH\实验\聚焦信号分类实验\1\ROI_x729_y538_w32_h39_20260626_212915\01_valid_raw_and_ifft\mat\curve_r0549_c0757_idx000381.mat,D:\LSH\LSH\实验\聚焦信号分类实验\1\ROI_x729_y538_w32_h39_20260626_212915\01_valid_raw_and_ifft\mat,valid_folder,valid,26.2179803948995,26.2288114146698,0.0162917702915023,0.00937824709311103,0.00114311204759561,0.909924616036317
1225,1417,1417,549,758,1431,Good,1,slightly degraded,D:\LSH\LSH\实验\聚焦信号分类实验\1\ROI_x729_y538_w32_h39_20260626_212915\01_valid_raw_and_ifft\mat\curve_r0549_c0758_idx000382.mat,D:\LSH\LSH\实验\聚焦信号分类实验\1\ROI_x729_y538_w32_h39_20260626_212915\01_valid_raw_and_ifft\mat,valid_folder,valid,26.1581386189859,26.2092113437763,0.0228984230171882,0.0121093654369102,0.00162683718191708,0.894174421264028
1226,1418,1418,549,759,1432,Good,1,slightly degraded,D:\LSH\LSH\实验\聚焦信号分类实验\1\ROI_x729_y538_w32_h39_20260626_212915\01_valid_raw_and_ifft\mat\curve_r0549_c0759_idx000383.mat,D:\LSH\LSH\实验\聚焦信号分类实验\1\ROI_x729_y538_w32_h39_20260626_212915\01_valid_raw_and_ifft\mat,valid_folder,valid,26.1554761647825,26.2075019584419,0.0197376626377321,0.0102577483942597,0.00141619139218761,0.88819719788221
1227,1419,1419,549,760,1433,Good,1,slightly degraded,D:\LSH\LSH\实验\聚焦信号分类实验\1\ROI_x729_y538_w32_h39_20260626_212915\01_valid_raw_and_ifft\mat\curve_r0549_c0760_idx000384.mat,D:\LSH\LSH\实验\聚焦信号分类实验\1\ROI_x729_y538_w32_h39_20260626_212915\01_valid_raw_and_ifft\mat,valid_folder,valid,25.2765715981575,25.5772643905821,0.00744453353486425,0.00417841285995323,0.000516250424664244,0.902982471603732
1228,1420,1420,550,729,1434,Good,1,slightly degraded,D:\LSH\LSH\实验\聚焦信号分类实验\1\ROI_x729_y538_w32_h39_20260626_212915\01_valid_raw_and_ifft\mat\curve_r0550_c0729_idx000385.mat,D:\LSH\LSH\实验\聚焦信号分类实验\1\ROI_x729_y538_w32_h39_20260626_212915\01_valid_raw_and_ifft\mat,valid_folder,valid,30.7757551931098,30.6643669494474,0.0107236893538805,0.00554060942730548,0.000791432762130944,0.878479657933255
1229,1421,1421,550,730,1435,Good,1,slightly degraded,D:\LSH\LSH\实验\聚焦信号分类实验\1\ROI_x729_y538_w32_h39_20260626_212915\01_valid_raw_and_ifft\mat\curve_r0550_c0730_idx000386.mat,D:\LSH\LSH\实验\聚焦信号分类实验\1\ROI_x729_y538_w32_h39_20260626_212915\01_valid_raw_and_ifft\mat,valid_folder,valid,30.1047741289903,30.1651974270156,0.00453458937969427,0.00241722102343568,0.00030545852198371,0.893149448390324
1230,1422,1422,550,731,1436,Good,1,slightly degraded,D:\LSH\LSH\实验\聚焦信号分类实验\1\ROI_x729_y538_w32_h39_20260626_212915\01_valid_raw_and_ifft\mat\curve_r0550_c0731_idx000387.mat,D:\LSH\LSH\实验\聚焦信号分类实验\1\ROI_x729_y538_w32_h39_20260626_212915\01_valid_raw_and_ifft\mat,valid_folder,valid,30.074241053282,29.9986153759673,0.00432146814504428,0.00261751490078488,0.000259193846655946,0.931496964530948
1231,1423,1423,550,732,1437,Good,1,slightly degraded,D:\LSH\LSH\实验\聚焦信号分类实验\1\ROI_x729_y538_w32_h39_20260626_212915\01_valid_raw_and_ifft\mat\curve_r0550_c0732_idx000388.mat,D:\LSH\LSH\实验\聚焦信号分类实验\1\ROI_x729_y538_w32_h39_20260626_212915\01_valid_raw_and_ifft\mat,valid_folder,valid,29.986456924434,29.8461797378468,0.00607891766491205,0.00363661165327725,0.000354569461841258,0.935089197493315
1232,1424,1424,550,733,1438,Good,1,slightly degraded,D:\LSH\LSH\实验\聚焦信号分类实验\1\ROI_x729_y538_w32_h39_20260626_212915\01_valid_raw_and_ifft\mat\curve_r0550_c0733_idx000389.mat,D:\LSH\LSH\实验\聚焦信号分类实验\1\ROI_x729_y538_w32_h39_20260626_212915\01_valid_raw_and_ifft\mat,valid_folder,valid,29.9570312617837,29.8565856622784,0.0165062362830147,0.00832749292138269,0.00112451895788761,0.887090841711944
1233,1425,1425,550,734,1439,Good,1,slightly degraded,D:\LSH\LSH\实验\聚焦信号分类实验\1\ROI_x729_y538_w32_h39_20260626_212915\01_valid_raw_and_ifft\mat\curve_r0550_c0734_idx000390.mat,D:\LSH\LSH\实验\聚焦信号分类实验\1\ROI_x729_y538_w32_h39_20260626_212915\01_valid_raw_and_ifft\mat,valid_folder,valid,29.9426283110172,29.8479274190754,0.0591811458254354,0.0279554431837336,0.0042933437060847,0.863740040827357
1234,1426,1426,550,735,1440,Good,1,slightly degraded,D:\LSH\LSH\实验\聚焦信号分类实验\1\ROI_x729_y538_w32_h39_20260626_212915\01_valid_raw_and_ifft\mat\curve_r0550_c0735_idx000391.mat,D:\LSH\LSH\实验\聚焦信号分类实验\1\ROI_x729_y538_w32_h39_20260626_212915\01_valid_raw_and_ifft\mat,valid_folder,valid,30.0000141646533,29.9570953053239,0.0981811646351109,0.0493775734634802,0.00674186366442437,0.889532951989809
1235,1427,1427,550,736,1441,Good,1,slightly degraded,D:\LSH\LSH\实验\聚焦信号分类实验\1\ROI_x729_y538_w32_h39_20260626_212915\01_valid_raw_and_ifft\mat\curve_r0550_c0736_idx000392.mat,D:\LSH\LSH\实验\聚焦信号分类实验\1\ROI_x729_y538_w32_h39_20260626_212915\01_valid_raw_and_ifft\mat,valid_folder,valid,29.9835096173701,29.918501065198,0.0806285127493613,0.0480634186844596,0.0049466428337107,0.936329899193976
1236,1428,1428,550,737,1442,Good,1,slightly degraded,D:\LSH\LSH\实验\聚焦信号分类实验\1\ROI_x729_y538_w32_h39_20260626_212915\01_valid_raw_and_ifft\mat\curve_r0550_c0737_idx000393.mat,D:\LSH\LSH\实验\聚焦信号分类实验\1\ROI_x729_y538_w32_h39_20260626_212915\01_valid_raw_and_ifft\mat,valid_folder,valid,29.7987337998281,29.8261326377591,0.0396879841563736,0.0303038358277272,0.00240634879691293,0.962937946217893
1237,1429,1429,550,738,1443,Good,1,slightly degraded,D:\LSH\LSH\实验\聚焦信号分类实验\1\ROI_x729_y538_w32_h39_20260626_212915\01_valid_raw_and_ifft\mat\curve_r0550_c0738_idx000394.mat,D:\LSH\LSH\实验\聚焦信号分类实验\1\ROI_x729_y538_w32_h39_20260626_212915\01_valid_raw_and_ifft\mat,valid_folder,valid,29.1358455204727,29.5212346319971,0.0285963479453969,0.0177599735071809,0.00172158006979503,0.941579146312251
1238,1430,1430,550,739,1444,Good,1,slightly degraded,D:\LSH\LSH\实验\聚焦信号分类实验\1\ROI_x729_y538_w32_h39_20260626_212915\01_valid_raw_and_ifft\mat\curve_r0550_c0739_idx000395.mat,D:\LSH\LSH\实验\聚焦信号分类实验\1\ROI_x729_y538_w32_h39_20260626_212915\01_valid_raw_and_ifft\mat,valid_folder,valid,29.0518502808736,29.2888223573085,0.0168185598156269,0.00856710151153367,0.0011506701228964,0.884486394684666
1239,1431,1431,550,740,1445,Good,1,slightly degraded,D:\LSH\LSH\实验\聚焦信号分类实验\1\ROI_x729_y538_w32_h39_20260626_212915\01_valid_raw_and_ifft\mat\curve_r0550_c0740_idx000396.mat,D:\LSH\LSH\实验\聚焦信号分类实验\1\ROI_x729_y538_w32_h39_20260626_212915\01_valid_raw_and_ifft\mat,valid_folder,valid,28.877957612869,28.80942228541,0.00932349139203784,0.00493490721882424,0.000628810069396097,0.894598030042789
1240,1432,1432,550,741,1446,Good,1,slightly degraded,D:\LSH\LSH\实验\聚焦信号分类实验\1\ROI_x729_y538_w32_h39_20260626_212915\01_valid_raw_and_ifft\mat\curve_r0550_c0741_idx000397.mat,D:\LSH\LSH\实验\聚焦信号分类实验\1\ROI_x729_y538_w32_h39_20260626_212915\01_valid_raw_and_ifft\mat,valid_folder,valid,28.5301254605463,28.5944366226231,0.00853437638073003,0.00527409562604176,0.000590203428792331,0.920731607101223
1241,1433,1433,550,742,1447,Good,1,slightly degraded,D:\LSH\LSH\实验\聚焦信号分类实验\1\ROI_x729_y538_w32_h39_20260626_212915\01_valid_raw_and_ifft\mat\curve_r0550_c0742_idx000398.mat,D:\LSH\LSH\实验\聚焦信号分类实验\1\ROI_x729_y538_w32_h39_20260626_212915\01_valid_raw_and_ifft\mat,valid_folder,valid,28.7733386836968,28.671697564155,0.0127017602729215,0.00710202746699641,0.000854096083839231,0.910372000695072
1242,1434,1434,550,743,1448,Good,1,slightly degraded,D:\LSH\LSH\实验\聚焦信号分类实验\1\ROI_x729_y538_w32_h39_20260626_212915\01_valid_raw_and_ifft\mat\curve_r0550_c0743_idx000399.mat,D:\LSH\LSH\实验\聚焦信号分类实验\1\ROI_x729_y538_w32_h39_20260626_212915\01_valid_raw_and_ifft\mat,valid_folder,valid,28.2436541994783,28.2797662439449,0.0325163946125471,0.0184110815824638,0.00227281656030015,0.909963574066821
1243,1435,1435,550,744,1449,Good,1,slightly degraded,D:\LSH\LSH\实验\聚焦信号分类实验\1\ROI_x729_y538_w32_h39_20260626_212915\01_valid_raw_and_ifft\mat\curve_r0550_c0744_idx000400.mat,D:\LSH\LSH\实验\聚焦信号分类实验\1\ROI_x729_y538_w32_h39_20260626_212915\01_valid_raw_and_ifft\mat,valid_folder,valid,28.4366235268298,28.3462072015125,0.046078811587773,0.0267852833534441,0.00355471627674817,0.89742491141068
1244,1436,1436,550,745,1450,Good,1,slightly degraded,D:\LSH\LSH\实验\聚焦信号分类实验\1\ROI_x729_y538_w32_h39_20260626_212915\01_valid_raw_and_ifft\mat\curve_r0550_c0745_idx000401.mat,D:\LSH\LSH\实验\聚焦信号分类实验\1\ROI_x729_y538_w32_h39_20260626_212915\01_valid_raw_and_ifft\mat,valid_folder,valid,28.3445633406773,28.3051620751833,0.050222352915116,0.0287919569866328,0.00377354410225616,0.899479485429212
1245,1437,1437,550,746,1451,Good,1,slightly degraded,D:\LSH\LSH\实验\聚焦信号分类实验\1\ROI_x729_y538_w32_h39_20260626_212915\01_valid_raw_and_ifft\mat\curve_r0550_c0746_idx000402.mat,D:\LSH\LSH\实验\聚焦信号分类实验\1\ROI_x729_y538_w32_h39_20260626_212915\01_valid_raw_and_ifft\mat,valid_folder,valid,28.2756523139201,28.211245831765,0.029625519480549,0.0178906349677835,0.00207592983502039,0.917640534265477
1246,1438,1438,550,747,1452,Good,1,slightly degraded,D:\LSH\LSH\实验\聚焦信号分类实验\1\ROI_x729_y538_w32_h39_20260626_212915\01_valid_raw_and_ifft\mat\curve_r0550_c0747_idx000403.mat,D:\LSH\LSH\实验\聚焦信号分类实验\1\ROI_x729_y538_w32_h39_20260626_212915\01_valid_raw_and_ifft\mat,valid_folder,valid,28.206620599183,28.1588412129178,0.0377962369185719,0.0220471046766496,0.0026222718306791,0.914860867767305
1247,1439,1439,550,748,1453,Good,1,slightly degraded,D:\LSH\LSH\实验\聚焦信号分类实验\1\ROI_x729_y538_w32_h39_20260626_212915\01_valid_raw_and_ifft\mat\curve_r0550_c0748_idx000404.mat,D:\LSH\LSH\实验\聚焦信号分类实验\1\ROI_x729_y538_w32_h39_20260626_212915\01_valid_raw_and_ifft\mat,valid_folder,valid,28.1598639508592,28.0972158803001,0.0401208404872106,0.0245531278509618,0.00259867789153094,0.931804746414945
1248,1440,1440,550,749,1454,Good,1,slightly degraded,D:\LSH\LSH\实验\聚焦信号分类实验\1\ROI_x729_y538_w32_h39_20260626_212915\01_valid_raw_and_ifft\mat\curve_r0550_c0749_idx000405.mat,D:\LSH\LSH\实验\聚焦信号分类实验\1\ROI_x729_y538_w32_h39_20260626_212915\01_valid_raw_and_ifft\mat,valid_folder,valid,28.0221321214364,27.9745681508957,0.0436214107653803,0.0284149831401859,0.00278381298573513,0.942393056238791
1249,1441,1441,550,750,1455,Good,1,slightly degraded,D:\LSH\LSH\实验\聚焦信号分类实验\1\ROI_x729_y538_w32_h39_20260626_212915\01_valid_raw_and_ifft\mat\curve_r0550_c0750_idx000406.mat,D:\LSH\LSH\实验\聚焦信号分类实验\1\ROI_x729_y538_w32_h39_20260626_212915\01_valid_raw_and_ifft\mat,valid_folder,valid,27.8801271282371,27.8463703926195,0.0425942579727517,0.026879521807361,0.00263312417419742,0.942187682317647
1250,1442,1442,550,751,1456,Good,1,slightly degraded,D:\LSH\LSH\实验\聚焦信号分类实验\1\ROI_x729_y538_w32_h39_20260626_212915\01_valid_raw_and_ifft\mat\curve_r0550_c0751_idx000407.mat,D:\LSH\LSH\实验\聚焦信号分类实验\1\ROI_x729_y538_w32_h39_20260626_212915\01_valid_raw_and_ifft\mat,valid_folder,valid,27.6961649305201,27.7890432236769,0.0237603187425159,0.0165464172274311,0.00150242680858353,0.950140984410583
1251,1443,1443,550,752,1457,Good,1,slightly degraded,D:\LSH\LSH\实验\聚焦信号分类实验\1\ROI_x729_y538_w32_h39_20260626_212915\01_valid_raw_and_ifft\mat\curve_r0550_c0752_idx000408.mat,D:\LSH\LSH\实验\聚焦信号分类实验\1\ROI_x729_y538_w32_h39_20260626_212915\01_valid_raw_and_ifft\mat,valid_folder,valid,27.8410465130462,27.6655161631225,0.0179668573593955,0.0106069734951019,0.0010693235336775,0.936002826839241
1252,1444,1444,550,753,1458,Good,1,slightly degraded,D:\LSH\LSH\实验\聚焦信号分类实验\1\ROI_x729_y538_w32_h39_20260626_212915\01_valid_raw_and_ifft\mat\curve_r0550_c0753_idx000409.mat,D:\LSH\LSH\实验\聚焦信号分类实验\1\ROI_x729_y538_w32_h39_20260626_212915\01_valid_raw_and_ifft\mat,valid_folder,valid,27.1907875830283,27.1300005439169,0.0165808542018875,0.0112562812262478,0.0010213162716751,0.949573677060248
1253,1445,1445,550,754,1459,Good,1,slightly degraded,D:\LSH\LSH\实验\聚焦信号分类实验\1\ROI_x729_y538_w32_h39_20260626_212915\01_valid_raw_and_ifft\mat\curve_r0550_c0754_idx000410.mat,D:\LSH\LSH\实验\聚焦信号分类实验\1\ROI_x729_y538_w32_h39_20260626_212915\01_valid_raw_and_ifft\mat,valid_folder,valid,27.0023326201397,26.9928967722101,0.0258857047127855,0.0145968978435169,0.00165357028852734,0.921836585135136
1254,1446,1446,550,755,1460,Good,1,slightly degraded,D:\LSH\LSH\实验\聚焦信号分类实验\1\ROI_x729_y538_w32_h39_20260626_212915\01_valid_raw_and_ifft\mat\curve_r0550_c0755_idx000411.mat,D:\LSH\LSH\实验\聚焦信号分类实验\1\ROI_x729_y538_w32_h39_20260626_212915\01_valid_raw_and_ifft\mat,valid_folder,valid,26.8766070243523,26.8226701557786,0.0190235974722854,0.0102437761336329,0.0012574314645439,0.906488764611277
1255,1447,1447,550,756,1461,Good,1,slightly degraded,D:\LSH\LSH\实验\聚焦信号分类实验\1\ROI_x729_y538_w32_h39_20260626_212915\01_valid_raw_and_ifft\mat\curve_r0550_c0756_idx000412.mat,D:\LSH\LSH\实验\聚焦信号分类实验\1\ROI_x729_y538_w32_h39_20260626_212915\01_valid_raw_and_ifft\mat,valid_folder,valid,26.863814586714,26.7099362539342,0.0158863006099764,0.00773155596470035,0.00115655160531072,0.864308010143113
1256,1448,1448,550,757,1462,Good,1,slightly degraded,D:\LSH\LSH\实验\聚焦信号分类实验\1\ROI_x729_y538_w32_h39_20260626_212915\01_valid_raw_and_ifft\mat\curve_r0550_c0757_idx000413.mat,D:\LSH\LSH\实验\聚焦信号分类实验\1\ROI_x729_y538_w32_h39_20260626_212915\01_valid_raw_and_ifft\mat,valid_folder,valid,26.4576066784354,26.3333255370153,0.0176304129721562,0.0105672980749624,0.00134292678726566,0.903969472348021
1257,1449,1449,550,758,1463,Good,1,slightly degraded,D:\LSH\LSH\实验\聚焦信号分类实验\1\ROI_x729_y538_w32_h39_20260626_212915\01_valid_raw_and_ifft\mat\curve_r0550_c0758_idx000414.mat,D:\LSH\LSH\实验\聚焦信号分类实验\1\ROI_x729_y538_w32_h39_20260626_212915\01_valid_raw_and_ifft\mat,valid_folder,valid,26.2413699502479,26.2131617790926,0.0205104215984834,0.011775709836731,0.00147261843504961,0.907312317633855
1258,1450,1450,550,759,1464,Good,1,slightly degraded,D:\LSH\LSH\实验\聚焦信号分类实验\1\ROI_x729_y538_w32_h39_20260626_212915\01_valid_raw_and_ifft\mat\curve_r0550_c0759_idx000415.mat,D:\LSH\LSH\实验\聚焦信号分类实验\1\ROI_x729_y538_w32_h39_20260626_212915\01_valid_raw_and_ifft\mat,valid_folder,valid,26.0948573864804,26.0416411690349,0.0178686653654408,0.0102551685871252,0.00115317116376938,0.922025585907315
1259,1451,1451,550,760,1465,Good,1,slightly degraded,D:\LSH\LSH\实验\聚焦信号分类实验\1\ROI_x729_y538_w32_h39_20260626_212915\01_valid_raw_and_ifft\mat\curve_r0550_c0760_idx000416.mat,D:\LSH\LSH\实验\聚焦信号分类实验\1\ROI_x729_y538_w32_h39_20260626_212915\01_valid_raw_and_ifft\mat,valid_folder,valid,25.8554182052249,25.7186217256929,0.00529585464213384,0.00415280505670398,0.000320308012049747,0.961813191648247
1260,1452,1452,551,729,1466,Good,1,slightly degraded,D:\LSH\LSH\实验\聚焦信号分类实验\1\ROI_x729_y538_w32_h39_20260626_212915\01_valid_raw_and_ifft\mat\curve_r0551_c0729_idx000417.mat,D:\LSH\LSH\实验\聚焦信号分类实验\1\ROI_x729_y538_w32_h39_20260626_212915\01_valid_raw_and_ifft\mat,valid_folder,valid,30.6638524296217,30.6178885396846,0.0112148527739041,0.00602108641758336,0.000879125106594952,0.876501356003243
1261,1453,1453,551,730,1467,Good,1,slightly degraded,D:\LSH\LSH\实验\聚焦信号分类实验\1\ROI_x729_y538_w32_h39_20260626_212915\01_valid_raw_and_ifft\mat\curve_r0551_c0730_idx000418.mat,D:\LSH\LSH\实验\聚焦信号分类实验\1\ROI_x729_y538_w32_h39_20260626_212915\01_valid_raw_and_ifft\mat,valid_folder,valid,30.0846847543871,30.1711394868347,0.0053006722074193,0.00231714746816257,0.000427379194454367,0.80158779658967
1262,1454,1454,551,731,1468,Good,1,slightly degraded,D:\LSH\LSH\实验\聚焦信号分类实验\1\ROI_x729_y538_w32_h39_20260626_212915\01_valid_raw_and_ifft\mat\curve_r0551_c0731_idx000419.mat,D:\LSH\LSH\实验\聚焦信号分类实验\1\ROI_x729_y538_w32_h39_20260626_212915\01_valid_raw_and_ifft\mat,valid_folder,valid,30.0611404713246,30.0979674475467,0.00438969353740844,0.00212045405734242,0.000320992114169774,0.848877711904892
1263,1455,1455,551,732,1469,Good,1,slightly degraded,D:\LSH\LSH\实验\聚焦信号分类实验\1\ROI_x729_y538_w32_h39_20260626_212915\01_valid_raw_and_ifft\mat\curve_r0551_c0732_idx000420.mat,D:\LSH\LSH\实验\聚焦信号分类实验\1\ROI_x729_y538_w32_h39_20260626_212915\01_valid_raw_and_ifft\mat,valid_folder,valid,29.9718199610207,29.8508626216554,0.00540671515909414,0.00304203461778677,0.000325691525082193,0.919768819232747
1264,1456,1456,551,733,1470,Good,1,slightly degraded,D:\LSH\LSH\实验\聚焦信号分类实验\1\ROI_x729_y538_w32_h39_20260626_212915\01_valid_raw_and_ifft\mat\curve_r0551_c0733_idx000421.mat,D:\LSH\LSH\实验\聚焦信号分类实验\1\ROI_x729_y538_w32_h39_20260626_212915\01_valid_raw_and_ifft\mat,valid_folder,valid,29.9575474861559,29.8783648361004,0.016324055145052,0.00788781195531851,0.001156587989514,0.869390348289049
1265,1457,1457,551,734,1471,Good,1,slightly degraded,D:\LSH\LSH\实验\聚焦信号分类实验\1\ROI_x729_y538_w32_h39_20260626_212915\01_valid_raw_and_ifft\mat\curve_r0551_c0734_idx000422.mat,D:\LSH\LSH\实验\聚焦信号分类实验\1\ROI_x729_y538_w32_h39_20260626_212915\01_valid_raw_and_ifft\mat,valid_folder,valid,29.959584891015,29.8717083734588,0.0618912124691724,0.0291705613185314,0.00447546041269467,0.863376176606666
1266,1458,1458,551,735,1472,Good,1,slightly degraded,D:\LSH\LSH\实验\聚焦信号分类实验\1\ROI_x729_y538_w32_h39_20260626_212915\01_valid_raw_and_ifft\mat\curve_r0551_c0735_idx000423.mat,D:\LSH\LSH\实验\聚焦信号分类实验\1\ROI_x729_y538_w32_h39_20260626_212915\01_valid_raw_and_ifft\mat,valid_folder,valid,29.9957519187344,29.9456131535966,0.107361958867789,0.052619164178885,0.007505612751716,0.880374425624523
1267,1459,1459,551,736,1473,Good,1,slightly degraded,D:\LSH\LSH\实验\聚焦信号分类实验\1\ROI_x729_y538_w32_h39_20260626_212915\01_valid_raw_and_ifft\mat\curve_r0551_c0736_idx000424.mat,D:\LSH\LSH\实验\聚焦信号分类实验\1\ROI_x729_y538_w32_h39_20260626_212915\01_valid_raw_and_ifft\mat,valid_folder,valid,29.9646899696272,29.8955755088555,0.0968164170913301,0.0523795211659312,0.0063069045371384,0.912994261420569
1268,1460,1460,551,737,1474,Good,1,slightly degraded,D:\LSH\LSH\实验\聚焦信号分类实验\1\ROI_x729_y538_w32_h39_20260626_212915\01_valid_raw_and_ifft\mat\curve_r0551_c0737_idx000425.mat,D:\LSH\LSH\实验\聚焦信号分类实验\1\ROI_x729_y538_w32_h39_20260626_212915\01_valid_raw_and_ifft\mat,valid_folder,valid,29.3920649238934,29.6410097890506,0.0388218648616313,0.0273563038998141,0.00224805177605923,0.960128683256006
1269,1461,1461,551,738,1475,Good,1,slightly degraded,D:\LSH\LSH\实验\聚焦信号分类实验\1\ROI_x729_y538_w32_h39_20260626_212915\01_valid_raw_and_ifft\mat\curve_r0551_c0738_idx000426.mat,D:\LSH\LSH\实验\聚焦信号分类实验\1\ROI_x729_y538_w32_h39_20260626_212915\01_valid_raw_and_ifft\mat,valid_folder,valid,29.0471355912465,29.4000373862961,0.0295675295573313,0.0178319820527169,0.0018330296085343,0.932558348660923
1270,1462,1462,551,739,1476,Good,1,slightly degraded,D:\LSH\LSH\实验\聚焦信号分类实验\1\ROI_x729_y538_w32_h39_20260626_212915\01_valid_raw_and_ifft\mat\curve_r0551_c0739_idx000427.mat,D:\LSH\LSH\实验\聚焦信号分类实验\1\ROI_x729_y538_w32_h39_20260626_212915\01_valid_raw_and_ifft\mat,valid_folder,valid,29.036095681312,29.268285008769,0.0171457553997777,0.00880255368337584,0.0011654915476279,0.886700810270076
1271,1463,1463,551,740,1477,Good,1,slightly degraded,D:\LSH\LSH\实验\聚焦信号分类实验\1\ROI_x729_y538_w32_h39_20260626_212915\01_valid_raw_and_ifft\mat\curve_r0551_c0740_idx000428.mat,D:\LSH\LSH\实验\聚焦信号分类实验\1\ROI_x729_y538_w32_h39_20260626_212915\01_valid_raw_and_ifft\mat,valid_folder,valid,28.8725173954172,28.8140973731195,0.00806587022570027,0.00422861569306409,0.00055593500174061,0.886670528800982
1272,1464,1464,551,741,1478,Good,1,slightly degraded,D:\LSH\LSH\实验\聚焦信号分类实验\1\ROI_x729_y538_w32_h39_20260626_212915\01_valid_raw_and_ifft\mat\curve_r0551_c0741_idx000429.mat,D:\LSH\LSH\实验\聚焦信号分类实验\1\ROI_x729_y538_w32_h39_20260626_212915\01_valid_raw_and_ifft\mat,valid_folder,valid,28.6043511777548,28.5858368117511,0.00689436732065318,0.0042237690662529,0.000457847178262316,0.9242911741954
1273,1465,1465,551,742,1479,Good,1,slightly degraded,D:\LSH\LSH\实验\聚焦信号分类实验\1\ROI_x729_y538_w32_h39_20260626_212915\01_valid_raw_and_ifft\mat\curve_r0551_c0742_idx000430.mat,D:\LSH\LSH\实验\聚焦信号分类实验\1\ROI_x729_y538_w32_h39_20260626_212915\01_valid_raw_and_ifft\mat,valid_folder,valid,28.2544154383541,28.3495092282681,0.00802627492244688,0.00512020204802515,0.000477274349032774,0.944594923360458
1274,1466,1466,551,743,1480,Good,1,slightly degraded,D:\LSH\LSH\实验\聚焦信号分类实验\1\ROI_x729_y538_w32_h39_20260626_212915\01_valid_raw_and_ifft\mat\curve_r0551_c0743_idx000431.mat,D:\LSH\LSH\实验\聚焦信号分类实验\1\ROI_x729_y538_w32_h39_20260626_212915\01_valid_raw_and_ifft\mat,valid_folder,valid,28.1607672599934,28.234898837624,0.0322221550986263,0.0178580547301059,0.00214806662501854,0.913294909286119
1275,1467,1467,551,744,1481,Good,1,slightly degraded,D:\LSH\LSH\实验\聚焦信号分类实验\1\ROI_x729_y538_w32_h39_20260626_212915\01_valid_raw_and_ifft\mat\curve_r0551_c0744_idx000432.mat,D:\LSH\LSH\实验\聚焦信号分类实验\1\ROI_x729_y538_w32_h39_20260626_212915\01_valid_raw_and_ifft\mat,valid_folder,valid,28.2722989154313,28.2622741132021,0.0539396044063924,0.0305075842474668,0.00397089387919674,0.900744578455875
1276,1468,1468,551,745,1482,Good,1,slightly degraded,D:\LSH\LSH\实验\聚焦信号分类实验\1\ROI_x729_y538_w32_h39_20260626_212915\01_valid_raw_and_ifft\mat\curve_r0551_c0745_idx000433.mat,D:\LSH\LSH\实验\聚焦信号分类实验\1\ROI_x729_y538_w32_h39_20260626_212915\01_valid_raw_and_ifft\mat,valid_folder,valid,28.2282611553396,28.2449186335666,0.0588209418812398,0.0322996578494437,0.00429855041296973,0.896316111517478
1277,1469,1469,551,746,1483,Good,1,slightly degraded,D:\LSH\LSH\实验\聚焦信号分类实验\1\ROI_x729_y538_w32_h39_20260626_212915\01_valid_raw_and_ifft\mat\curve_r0551_c0746_idx000434.mat,D:\LSH\LSH\实验\聚焦信号分类实验\1\ROI_x729_y538_w32_h39_20260626_212915\01_valid_raw_and_ifft\mat,valid_folder,valid,28.157974023132,28.1563534793362,0.0377228696652283,0.0211725770928389,0.0026153950999291,0.908244314881598
1278,1470,1470,551,747,1484,Good,1,slightly degraded,D:\LSH\LSH\实验\聚焦信号分类实验\1\ROI_x729_y538_w32_h39_20260626_212915\01_valid_raw_and_ifft\mat\curve_r0551_c0747_idx000435.mat,D:\LSH\LSH\实验\聚焦信号分类实验\1\ROI_x729_y538_w32_h39_20260626_212915\01_valid_raw_and_ifft\mat,valid_folder,valid,28.0890513044638,28.1031147570084,0.0670725063844085,0.0347867627370217,0.00468509939266183,0.893656353986458
1279,1471,1471,551,748,1485,Good,1,slightly degraded,D:\LSH\LSH\实验\聚焦信号分类实验\1\ROI_x729_y538_w32_h39_20260626_212915\01_valid_raw_and_ifft\mat\curve_r0551_c0748_idx000436.mat,D:\LSH\LSH\实验\聚焦信号分类实验\1\ROI_x729_y538_w32_h39_20260626_212915\01_valid_raw_and_ifft\mat,valid_folder,valid,28.1731738507994,28.1430563754085,0.0970225357953547,0.0556250817729121,0.00677816266813998,0.913280665053419
1280,1472,1472,551,749,1486,Good,1,slightly degraded,D:\LSH\LSH\实验\聚焦信号分类实验\1\ROI_x729_y538_w32_h39_20260626_212915\01_valid_raw_and_ifft\mat\curve_r0551_c0749_idx000437.mat,D:\LSH\LSH\实验\聚焦信号分类实验\1\ROI_x729_y538_w32_h39_20260626_212915\01_valid_raw_and_ifft\mat,valid_folder,valid,28.1833627496044,28.1408618505148,0.0855594617596354,0.0498927313342894,0.00595127064917101,0.91643198799366
1281,1473,1473,551,750,1487,Good,1,slightly degraded,D:\LSH\LSH\实验\聚焦信号分类实验\1\ROI_x729_y538_w32_h39_20260626_212915\01_valid_raw_and_ifft\mat\curve_r0551_c0750_idx000438.mat,D:\LSH\LSH\实验\聚焦信号分类实验\1\ROI_x729_y538_w32_h39_20260626_212915\01_valid_raw_and_ifft\mat,valid_folder,valid,28.2580795387277,28.1843153106174,0.0562113577957971,0.0338847122429435,0.0038978363758392,0.921190371982932
1282,1474,1474,551,751,1488,Good,1,slightly degraded,D:\LSH\LSH\实验\聚焦信号分类实验\1\ROI_x729_y538_w32_h39_20260626_212915\01_valid_raw_and_ifft\mat\curve_r0551_c0751_idx000439.mat,D:\LSH\LSH\实验\聚焦信号分类实验\1\ROI_x729_y538_w32_h39_20260626_212915\01_valid_raw_and_ifft\mat,valid_folder,valid,28.2763891574436,28.2146005580212,0.0350508754499081,0.0206408742581284,0.00245325130099744,0.914459271667039
1283,1475,1475,551,752,1489,Good,1,slightly degraded,D:\LSH\LSH\实验\聚焦信号分类实验\1\ROI_x729_y538_w32_h39_20260626_212915\01_valid_raw_and_ifft\mat\curve_r0551_c0752_idx000440.mat,D:\LSH\LSH\实验\聚焦信号分类实验\1\ROI_x729_y538_w32_h39_20260626_212915\01_valid_raw_and_ifft\mat,valid_folder,valid,28.4450578222999,28.1176540946937,0.014507455964171,0.00959075509931775,0.000998057951688078,0.930536421606673
1284,1476,1476,551,753,1490,Good,1,slightly degraded,D:\LSH\LSH\实验\聚焦信号分类实验\1\ROI_x729_y538_w32_h39_20260626_212915\01_valid_raw_and_ifft\mat\curve_r0551_c0753_idx000441.mat,D:\LSH\LSH\实验\聚焦信号分类实验\1\ROI_x729_y538_w32_h39_20260626_212915\01_valid_raw_and_ifft\mat,valid_folder,valid,26.2948372658245,26.502176972714,0.0184819843052874,0.0120150292525828,0.0010985301569464,0.947776561374849
1285,1477,1477,551,754,1491,Good,1,slightly degraded,D:\LSH\LSH\实验\聚焦信号分类实验\1\ROI_x729_y538_w32_h39_20260626_212915\01_valid_raw_and_ifft\mat\curve_r0551_c0754_idx000442.mat,D:\LSH\LSH\实验\聚焦信号分类实验\1\ROI_x729_y538_w32_h39_20260626_212915\01_valid_raw_and_ifft\mat,valid_folder,valid,26.7634560903224,26.5832740423124,0.037617371552413,0.0202074251471207,0.00263709851642606,0.900087284802978
1286,1478,1478,551,755,1492,Good,1,slightly degraded,D:\LSH\LSH\实验\聚焦信号分类实验\1\ROI_x729_y538_w32_h39_20260626_212915\01_valid_raw_and_ifft\mat\curve_r0551_c0755_idx000443.mat,D:\LSH\LSH\实验\聚焦信号分类实验\1\ROI_x729_y538_w32_h39_20260626_212915\01_valid_raw_and_ifft\mat,valid_folder,valid,26.7747016906548,26.6271024102653,0.0391721278528534,0.0198004495610684,0.00293395397672123,0.874636621313314
1287,1479,1479,551,756,1493,Good,1,slightly degraded,D:\LSH\LSH\实验\聚焦信号分类实验\1\ROI_x729_y538_w32_h39_20260626_212915\01_valid_raw_and_ifft\mat\curve_r0551_c0756_idx000444.mat,D:\LSH\LSH\实验\聚焦信号分类实验\1\ROI_x729_y538_w32_h39_20260626_212915\01_valid_raw_and_ifft\mat,valid_folder,valid,26.6549237090765,26.4551490779439,0.0168220970152768,0.0094449749132115,0.0012098490529152,0.900031074073425
1288,1480,1480,551,757,1494,Good,1,slightly degraded,D:\LSH\LSH\实验\聚焦信号分类实验\1\ROI_x729_y538_w32_h39_20260626_212915\01_valid_raw_and_ifft\mat\curve_r0551_c0757_idx000445.mat,D:\LSH\LSH\实验\聚焦信号分类实验\1\ROI_x729_y538_w32_h39_20260626_212915\01_valid_raw_and_ifft\mat,valid_folder,valid,26.7100773284948,26.4140421714864,0.0144023192492682,0.00805180699469929,0.00101313132222106,0.902909223397637
1289,1481,1481,551,758,1495,Good,1,slightly degraded,D:\LSH\LSH\实验\聚焦信号分类实验\1\ROI_x729_y538_w32_h39_20260626_212915\01_valid_raw_and_ifft\mat\curve_r0551_c0758_idx000446.mat,D:\LSH\LSH\实验\聚焦信号分类实验\1\ROI_x729_y538_w32_h39_20260626_212915\01_valid_raw_and_ifft\mat,valid_folder,valid,26.3921122108439,26.1850029619645,0.0135537669482572,0.00885977530133502,0.000969870315437907,0.925815020769019
1290,1482,1482,551,759,1496,Good,1,slightly degraded,D:\LSH\LSH\实验\聚焦信号分类实验\1\ROI_x729_y538_w32_h39_20260626_212915\01_valid_raw_and_ifft\mat\curve_r0551_c0759_idx000447.mat,D:\LSH\LSH\实验\聚焦信号分类实验\1\ROI_x729_y538_w32_h39_20260626_212915\01_valid_raw_and_ifft\mat,valid_folder,valid,25.2634218598752,25.4017566711781,0.0217726679303014,0.0127303665071379,0.00142300750959734,0.925170116898811
1291,1483,1483,551,760,1497,Good,1,slightly degraded,D:\LSH\LSH\实验\聚焦信号分类实验\1\ROI_x729_y538_w32_h39_20260626_212915\01_valid_raw_and_ifft\mat\curve_r0551_c0760_idx000448.mat,D:\LSH\LSH\实验\聚焦信号分类实验\1\ROI_x729_y538_w32_h39_20260626_212915\01_valid_raw_and_ifft\mat,valid_folder,valid,25.744103049006,25.7048099222346,0.0311265741478851,0.0194224685264958,0.0020015459399848,0.937306643668897
1292,1484,1484,552,729,1498,Good,1,slightly degraded,D:\LSH\LSH\实验\聚焦信号分类实验\1\ROI_x729_y538_w32_h39_20260626_212915\01_valid_raw_and_ifft\mat\curve_r0552_c0729_idx000449.mat,D:\LSH\LSH\实验\聚焦信号分类实验\1\ROI_x729_y538_w32_h39_20260626_212915\01_valid_raw_and_ifft\mat,valid_folder,valid,30.6213494874185,30.6222047335557,0.00721121048496606,0.0041535990710044,0.000534454026044199,0.898150418248804
1293,1485,1485,552,730,1499,Good,1,slightly degraded,D:\LSH\LSH\实验\聚焦信号分类实验\1\ROI_x729_y538_w32_h39_20260626_212915\01_valid_raw_and_ifft\mat\curve_r0552_c0730_idx000450.mat,D:\LSH\LSH\实验\聚焦信号分类实验\1\ROI_x729_y538_w32_h39_20260626_212915\01_valid_raw_and_ifft\mat,valid_folder,valid,30.0597920062608,30.1315617335869,0.00423078609622705,0.00183025847805068,0.000340565446061388,0.793443269615845
1294,1486,1486,552,731,1500,Good,1,slightly degraded,D:\LSH\LSH\实验\聚焦信号分类实验\1\ROI_x729_y538_w32_h39_20260626_212915\01_valid_raw_and_ifft\mat\curve_r0552_c0731_idx000451.mat,D:\LSH\LSH\实验\聚焦信号分类实验\1\ROI_x729_y538_w32_h39_20260626_212915\01_valid_raw_and_ifft\mat,valid_folder,valid,30.037137078133,30.0110145233724,0.00493602128036638,0.00221968154495142,0.000378052392828454,0.819501152318804
1295,1487,1487,552,732,1501,Good,1,slightly degraded,D:\LSH\LSH\实验\聚焦信号分类实验\1\ROI_x729_y538_w32_h39_20260626_212915\01_valid_raw_and_ifft\mat\curve_r0552_c0732_idx000452.mat,D:\LSH\LSH\实验\聚焦信号分类实验\1\ROI_x729_y538_w32_h39_20260626_212915\01_valid_raw_and_ifft\mat,valid_folder,valid,29.9394801753897,29.7508105494558,0.00690928987182271,0.00351560813102842,0.000469640990929788,0.881054449384903
1296,1488,1488,552,733,1502,Good,1,slightly degraded,D:\LSH\LSH\实验\聚焦信号分类实验\1\ROI_x729_y538_w32_h39_20260626_212915\01_valid_raw_and_ifft\mat\curve_r0552_c0733_idx000453.mat,D:\LSH\LSH\实验\聚焦信号分类实验\1\ROI_x729_y538_w32_h39_20260626_212915\01_valid_raw_and_ifft\mat,valid_folder,valid,29.9511201169133,29.8944608010005,0.0103927072261748,0.00520408167499677,0.000705119419645175,0.880973511866282
1297,1489,1489,552,734,1503,Good,1,slightly degraded,D:\LSH\LSH\实验\聚焦信号分类实验\1\ROI_x729_y538_w32_h39_20260626_212915\01_valid_raw_and_ifft\mat\curve_r0552_c0734_idx000454.mat,D:\LSH\LSH\实验\聚焦信号分类实验\1\ROI_x729_y538_w32_h39_20260626_212915\01_valid_raw_and_ifft\mat,valid_folder,valid,29.9947152668349,29.9176221638978,0.046615482182604,0.0205090667699491,0.00356701911178109,0.827771420865966
1298,1490,1490,552,735,1504,Good,1,slightly degraded,D:\LSH\LSH\实验\聚焦信号分类实验\1\ROI_x729_y538_w32_h39_20260626_212915\01_valid_raw_and_ifft\mat\curve_r0552_c0735_idx000455.mat,D:\LSH\LSH\实验\聚焦信号分类实验\1\ROI_x729_y538_w32_h39_20260626_212915\01_valid_raw_and_ifft\mat,valid_folder,valid,29.9733917212915,29.9085564278752,0.0882179575347941,0.0420466735841947,0.006292932714353,0.86914259100696
1299,1491,1491,552,736,1505,Good,1,slightly degraded,D:\LSH\LSH\实验\聚焦信号分类实验\1\ROI_x729_y538_w32_h39_20260626_212915\01_valid_raw_and_ifft\mat\curve_r0552_c0736_idx000456.mat,D:\LSH\LSH\实验\聚焦信号分类实验\1\ROI_x729_y538_w32_h39_20260626_212915\01_valid_raw_and_ifft\mat,valid_folder,valid,29.9928366759552,29.9325842454738,0.0783791803406312,0.0374699369822274,0.00559983430322334,0.869492878535679
1300,1492,1492,552,737,1506,Good,1,slightly degraded,D:\LSH\LSH\实验\聚焦信号分类实验\1\ROI_x729_y538_w32_h39_20260626_212915\01_valid_raw_and_ifft\mat\curve_r0552_c0737_idx000457.mat,D:\LSH\LSH\实验\聚焦信号分类实验\1\ROI_x729_y538_w32_h39_20260626_212915\01_valid_raw_and_ifft\mat,valid_folder,valid,29.847972206845,29.7188713799607,0.0288804723056425,0.0196040390173813,0.0015958852640729,0.960143145033126
1301,1493,1493,552,738,1507,Good,1,slightly degraded,D:\LSH\LSH\实验\聚焦信号分类实验\1\ROI_x729_y538_w32_h39_20260626_212915\01_valid_raw_and_ifft\mat\curve_r0552_c0738_idx000458.mat,D:\LSH\LSH\实验\聚焦信号分类实验\1\ROI_x729_y538_w32_h39_20260626_212915\01_valid_raw_and_ifft\mat,valid_folder,valid,28.894108780163,29.0238702319666,0.0196631593124338,0.0104257556120421,0.00136578957149638,0.888783145636284
1302,1494,1494,552,739,1508,Good,1,slightly degraded,D:\LSH\LSH\实验\聚焦信号分类实验\1\ROI_x729_y538_w32_h39_20260626_212915\01_valid_raw_and_ifft\mat\curve_r0552_c0739_idx000459.mat,D:\LSH\LSH\实验\聚焦信号分类实验\1\ROI_x729_y538_w32_h39_20260626_212915\01_valid_raw_and_ifft\mat,valid_folder,valid,28.8739945008693,28.9270613510223,0.0116267758583405,0.00622804141545523,0.000785620771844897,0.892626652873388
1303,1495,1495,552,740,1509,Good,1,slightly degraded,D:\LSH\LSH\实验\聚焦信号分类实验\1\ROI_x729_y538_w32_h39_20260626_212915\01_valid_raw_and_ifft\mat\curve_r0552_c0740_idx000460.mat,D:\LSH\LSH\实验\聚焦信号分类实验\1\ROI_x729_y538_w32_h39_20260626_212915\01_valid_raw_and_ifft\mat,valid_folder,valid,28.4454946678742,28.4943484433042,0.00615524230960826,0.00372447276821871,0.000428571919569778,0.913364384809387
1304,1496,1496,552,741,1510,Good,1,slightly degraded,D:\LSH\LSH\实验\聚焦信号分类实验\1\ROI_x729_y538_w32_h39_20260626_212915\01_valid_raw_and_ifft\mat\curve_r0552_c0741_idx000461.mat,D:\LSH\LSH\实验\聚焦信号分类实验\1\ROI_x729_y538_w32_h39_20260626_212915\01_valid_raw_and_ifft\mat,valid_folder,valid,28.6335839913339,28.5219391698896,0.00780829432454313,0.00452600143647086,0.000543424094810785,0.910017758491745
1305,1497,1497,552,742,1511,Good,1,slightly degraded,D:\LSH\LSH\实验\聚焦信号分类实验\1\ROI_x729_y538_w32_h39_20260626_212915\01_valid_raw_and_ifft\mat\curve_r0552_c0742_idx000462.mat,D:\LSH\LSH\实验\聚焦信号分类实验\1\ROI_x729_y538_w32_h39_20260626_212915\01_valid_raw_and_ifft\mat,valid_folder,valid,28.251551597609,28.3309715124822,0.00917168735467821,0.00551163933590695,0.000599636409596165,0.925732272752715
1306,1498,1498,552,743,1512,Good,1,slightly degraded,D:\LSH\LSH\实验\聚焦信号分类实验\1\ROI_x729_y538_w32_h39_20260626_212915\01_valid_raw_and_ifft\mat\curve_r0552_c0743_idx000463.mat,D:\LSH\LSH\实验\聚焦信号分类实验\1\ROI_x729_y538_w32_h39_20260626_212915\01_valid_raw_and_ifft\mat,valid_folder,valid,28.1052010371262,28.2517771289304,0.0120733003949998,0.00679187357758303,0.000755332802148141,0.922057863495915
1307,1499,1499,552,744,1513,Good,1,slightly degraded,D:\LSH\LSH\实验\聚焦信号分类实验\1\ROI_x729_y538_w32_h39_20260626_212915\01_valid_raw_and_ifft\mat\curve_r0552_c0744_idx000464.mat,D:\LSH\LSH\实验\聚焦信号分类实验\1\ROI_x729_y538_w32_h39_20260626_212915\01_valid_raw_and_ifft\mat,valid_folder,valid,28.0996808476421,28.1526833063192,0.0208832627189511,0.0110371446127187,0.00143391535617243,0.897519195033818
1308,1500,1500,552,745,1514,Good,1,slightly degraded,D:\LSH\LSH\实验\聚焦信号分类实验\1\ROI_x729_y538_w32_h39_20260626_212915\01_valid_raw_and_ifft\mat\curve_r0552_c0745_idx000465.mat,D:\LSH\LSH\实验\聚焦信号分类实验\1\ROI_x729_y538_w32_h39_20260626_212915\01_valid_raw_and_ifft\mat,valid_folder,valid,28.045421360979,28.0858203565665,0.0260389449839363,0.0124423660863087,0.00188040726637893,0.863315266014336
1309,1501,1501,552,746,1515,Good,1,slightly degraded,D:\LSH\LSH\实验\聚焦信号分类实验\1\ROI_x729_y538_w32_h39_20260626_212915\01_valid_raw_and_ifft\mat\curve_r0552_c0746_idx000466.mat,D:\LSH\LSH\实验\聚焦信号分类实验\1\ROI_x729_y538_w32_h39_20260626_212915\01_valid_raw_and_ifft\mat,valid_folder,valid,28.1177563763454,28.085617686467,0.025987778419496,0.0151489576529114,0.00170224608133206,0.922093065866589
1310,1502,1502,552,747,1516,Good,1,slightly degraded,D:\LSH\LSH\实验\聚焦信号分类实验\1\ROI_x729_y538_w32_h39_20260626_212915\01_valid_raw_and_ifft\mat\curve_r0552_c0747_idx000467.mat,D:\LSH\LSH\实验\聚焦信号分类实验\1\ROI_x729_y538_w32_h39_20260626_212915\01_valid_raw_and_ifft\mat,valid_folder,valid,28.0955595282646,28.0996270972455,0.0610521709170405,0.0330025112722203,0.00418004019259961,0.905329360437342
1311,1503,1503,552,748,1517,Good,1,slightly degraded,D:\LSH\LSH\实验\聚焦信号分类实验\1\ROI_x729_y538_w32_h39_20260626_212915\01_valid_raw_and_ifft\mat\curve_r0552_c0748_idx000468.mat,D:\LSH\LSH\实验\聚焦信号分类实验\1\ROI_x729_y538_w32_h39_20260626_212915\01_valid_raw_and_ifft\mat,valid_folder,valid,28.1479985756244,28.1383595256073,0.0991100656080289,0.05465449839005,0.0070070912540926,0.905013438309812
1312,1504,1504,552,749,1518,Good,1,slightly degraded,D:\LSH\LSH\实验\聚焦信号分类实验\1\ROI_x729_y538_w32_h39_20260626_212915\01_valid_raw_and_ifft\mat\curve_r0552_c0749_idx000469.mat,D:\LSH\LSH\实验\聚焦信号分类实验\1\ROI_x729_y538_w32_h39_20260626_212915\01_valid_raw_and_ifft\mat,valid_folder,valid,28.150628026195,28.1360391036765,0.0802493398586546,0.0453650931366063,0.00558616899852062,0.911731710093761
1313,1505,1505,552,750,1519,Good,1,slightly degraded,D:\LSH\LSH\实验\聚焦信号分类实验\1\ROI_x729_y538_w32_h39_20260626_212915\01_valid_raw_and_ifft\mat\curve_r0552_c0750_idx000470.mat,D:\LSH\LSH\实验\聚焦信号分类实验\1\ROI_x729_y538_w32_h39_20260626_212915\01_valid_raw_and_ifft\mat,valid_folder,valid,28.2247908949335,28.1659254833008,0.054960059150218,0.0322804324963414,0.00389314739240711,0.91450928779367
1314,1506,1506,552,751,1520,Good,1,slightly degraded,D:\LSH\LSH\实验\聚焦信号分类实验\1\ROI_x729_y538_w32_h39_20260626_212915\01_valid_raw_and_ifft\mat\curve_r0552_c0751_idx000471.mat,D:\LSH\LSH\实验\聚焦信号分类实验\1\ROI_x729_y538_w32_h39_20260626_212915\01_valid_raw_and_ifft\mat,valid_folder,valid,28.108442976234,28.0515098481665,0.0432894175826164,0.0259241003389124,0.00289901960869182,0.925130231645584
1315,1507,1507,552,752,1521,Good,1,slightly degraded,D:\LSH\LSH\实验\聚焦信号分类实验\1\ROI_x729_y538_w32_h39_20260626_212915\01_valid_raw_and_ifft\mat\curve_r0552_c0752_idx000472.mat,D:\LSH\LSH\实验\聚焦信号分类实验\1\ROI_x729_y538_w32_h39_20260626_212915\01_valid_raw_and_ifft\mat,valid_folder,valid,28.0374439170611,27.8459677208733,0.0171773707345031,0.0130896052933289,0.00113760460911354,0.953181806207169
1316,1508,1508,552,753,1522,Good,1,slightly degraded,D:\LSH\LSH\实验\聚焦信号分类实验\1\ROI_x729_y538_w32_h39_20260626_212915\01_valid_raw_and_ifft\mat\curve_r0552_c0753_idx000473.mat,D:\LSH\LSH\实验\聚焦信号分类实验\1\ROI_x729_y538_w32_h39_20260626_212915\01_valid_raw_and_ifft\mat,valid_folder,valid,26.7959462694646,26.7769183435893,0.0209251630775209,0.0127649513818158,0.00123765290790804,0.940768201699506
1317,1509,1509,552,754,1523,Good,1,slightly degraded,D:\LSH\LSH\实验\聚焦信号分类实验\1\ROI_x729_y538_w32_h39_20260626_212915\01_valid_raw_and_ifft\mat\curve_r0552_c0754_idx000474.mat,D:\LSH\LSH\实验\聚焦信号分类实验\1\ROI_x729_y538_w32_h39_20260626_212915\01_valid_raw_and_ifft\mat,valid_folder,valid,26.8171508561618,26.5996885020806,0.035385753303024,0.017841573980709,0.00255899523287221,0.879901521713411
1318,1510,1510,552,755,1524,Good,1,slightly degraded,D:\LSH\LSH\实验\聚焦信号分类实验\1\ROI_x729_y538_w32_h39_20260626_212915\01_valid_raw_and_ifft\mat\curve_r0552_c0755_idx000475.mat,D:\LSH\LSH\实验\聚焦信号分类实验\1\ROI_x729_y538_w32_h39_20260626_212915\01_valid_raw_and_ifft\mat,valid_folder,valid,26.7923479058522,26.6113572909924,0.0366493915991609,0.0181095385907624,0.00276579900893916,0.866872920990123
1319,1511,1511,552,756,1525,Good,1,slightly degraded,D:\LSH\LSH\实验\聚焦信号分类实验\1\ROI_x729_y538_w32_h39_20260626_212915\01_valid_raw_and_ifft\mat\curve_r0552_c0756_idx000476.mat,D:\LSH\LSH\实验\聚焦信号分类实验\1\ROI_x729_y538_w32_h39_20260626_212915\01_valid_raw_and_ifft\mat,valid_folder,valid,26.5686740575474,26.3872332115399,0.0131527277024474,0.00773031736238885,0.000950282964137655,0.905610919911899
1320,1512,1512,552,757,1526,Good,1,slightly degraded,D:\LSH\LSH\实验\聚焦信号分类实验\1\ROI_x729_y538_w32_h39_20260626_212915\01_valid_raw_and_ifft\mat\curve_r0552_c0757_idx000477.mat,D:\LSH\LSH\实验\聚焦信号分类实验\1\ROI_x729_y538_w32_h39_20260626_212915\01_valid_raw_and_ifft\mat,valid_folder,valid,26.4810196948254,26.2173573757406,0.00921219877411554,0.00623940944712315,0.000672847649584674,0.927940453731871
1321,1513,1513,552,758,1527,Good,1,slightly degraded,D:\LSH\LSH\实验\聚焦信号分类实验\1\ROI_x729_y538_w32_h39_20260626_212915\01_valid_raw_and_ifft\mat\curve_r0552_c0758_idx000478.mat,D:\LSH\LSH\实验\聚焦信号分类实验\1\ROI_x729_y538_w32_h39_20260626_212915\01_valid_raw_and_ifft\mat,valid_folder,valid,26.1822509774625,26.0975493821226,0.0120718537555005,0.00769505776428631,0.000812620317711163,0.930780085198778
1322,1514,1514,552,759,1528,Good,1,slightly degraded,D:\LSH\LSH\实验\聚焦信号分类实验\1\ROI_x729_y538_w32_h39_20260626_212915\01_valid_raw_and_ifft\mat\curve_r0552_c0759_idx000479.mat,D:\LSH\LSH\实验\聚焦信号分类实验\1\ROI_x729_y538_w32_h39_20260626_212915\01_valid_raw_and_ifft\mat,valid_folder,valid,25.3378844081583,25.5558824699917,0.0249075316515338,0.0150192529844928,0.00162873517742987,0.93007424483473
1323,1515,1515,552,760,1529,Good,1,slightly degraded,D:\LSH\LSH\实验\聚焦信号分类实验\1\ROI_x729_y538_w32_h39_20260626_212915\01_valid_raw_and_ifft\mat\curve_r0552_c0760_idx000480.mat,D:\LSH\LSH\实验\聚焦信号分类实验\1\ROI_x729_y538_w32_h39_20260626_212915\01_valid_raw_and_ifft\mat,valid_folder,valid,25.635334393461,25.6833048981916,0.0408753664288504,0.0253738237620756,0.00280752699078541,0.928296226460692
1324,1516,1516,553,729,1530,Good,1,slightly degraded,D:\LSH\LSH\实验\聚焦信号分类实验\1\ROI_x729_y538_w32_h39_20260626_212915\01_valid_raw_and_ifft\mat\curve_r0553_c0729_idx000481.mat,D:\LSH\LSH\实验\聚焦信号分类实验\1\ROI_x729_y538_w32_h39_20260626_212915\01_valid_raw_and_ifft\mat,valid_folder,valid,30.3689073302899,30.3612827643455,0.00674851361773942,0.003950796143576,0.000486073365566224,0.906814801154412
1325,1517,1517,553,730,1531,Good,1,slightly degraded,D:\LSH\LSH\实验\聚焦信号分类实验\1\ROI_x729_y538_w32_h39_20260626_212915\01_valid_raw_and_ifft\mat\curve_r0553_c0730_idx000482.mat,D:\LSH\LSH\实验\聚焦信号分类实验\1\ROI_x729_y538_w32_h39_20260626_212915\01_valid_raw_and_ifft\mat,valid_folder,valid,30.0518117951065,30.0487639078425,0.00325150957760117,0.00156475561077519,0.000238324837495319,0.845688905804262
1326,1518,1518,553,731,1532,Good,1,slightly degraded,D:\LSH\LSH\实验\聚焦信号分类实验\1\ROI_x729_y538_w32_h39_20260626_212915\01_valid_raw_and_ifft\mat\curve_r0553_c0731_idx000483.mat,D:\LSH\LSH\实验\聚焦信号分类实验\1\ROI_x729_y538_w32_h39_20260626_212915\01_valid_raw_and_ifft\mat,valid_folder,valid,30.0032718173506,29.750478647745,0.0051443623265852,0.00299019211876138,0.000319878091013501,0.92121186903294
1327,1519,1519,553,732,1533,Good,1,slightly degraded,D:\LSH\LSH\实验\聚焦信号分类实验\1\ROI_x729_y538_w32_h39_20260626_212915\01_valid_raw_and_ifft\mat\curve_r0553_c0732_idx000484.mat,D:\LSH\LSH\实验\聚焦信号分类实验\1\ROI_x729_y538_w32_h39_20260626_212915\01_valid_raw_and_ifft\mat,valid_folder,valid,30.1143102901254,29.8162287840001,0.0124723967484224,0.00841531500490797,0.000783874324359855,0.943861727042482
1328,1520,1520,553,733,1534,Good,1,slightly degraded,D:\LSH\LSH\实验\聚焦信号分类实验\1\ROI_x729_y538_w32_h39_20260626_212915\01_valid_raw_and_ifft\mat\curve_r0553_c0733_idx000485.mat,D:\LSH\LSH\实验\聚焦信号分类实验\1\ROI_x729_y538_w32_h39_20260626_212915\01_valid_raw_and_ifft\mat,valid_folder,valid,29.1672793503244,29.6244681555553,0.0222945530602971,0.0149589461995857,0.00139778972938943,0.944860075751879
1329,1521,1521,553,734,1535,Good,1,slightly degraded,D:\LSH\LSH\实验\聚焦信号分类实验\1\ROI_x729_y538_w32_h39_20260626_212915\01_valid_raw_and_ifft\mat\curve_r0553_c0734_idx000486.mat,D:\LSH\LSH\实验\聚焦信号分类实验\1\ROI_x729_y538_w32_h39_20260626_212915\01_valid_raw_and_ifft\mat,valid_folder,valid,29.2825947430768,29.6141813089164,0.0250146133555929,0.0169242158618782,0.001392337557895,0.958902764707985
1330,1522,1522,553,735,1536,Good,1,slightly degraded,D:\LSH\LSH\实验\聚焦信号分类实验\1\ROI_x729_y538_w32_h39_20260626_212915\01_valid_raw_and_ifft\mat\curve_r0553_c0735_idx000487.mat,D:\LSH\LSH\实验\聚焦信号分类实验\1\ROI_x729_y538_w32_h39_20260626_212915\01_valid_raw_and_ifft\mat,valid_folder,valid,29.7656543908296,29.6347907783968,0.0454700552191572,0.026226967292338,0.00291595712642797,0.924774909410857
1331,1523,1523,553,736,1537,Good,1,slightly degraded,D:\LSH\LSH\实验\聚焦信号分类实验\1\ROI_x729_y538_w32_h39_20260626_212915\01_valid_raw_and_ifft\mat\curve_r0553_c0736_idx000488.mat,D:\LSH\LSH\实验\聚焦信号分类实验\1\ROI_x729_y538_w32_h39_20260626_212915\01_valid_raw_and_ifft\mat,valid_folder,valid,29.6124154915261,29.5124799338759,0.0322807635703163,0.0198127920229441,0.00210139047310373,0.932004870350673
1332,1524,1524,553,737,1538,Good,1,slightly degraded,D:\LSH\LSH\实验\聚焦信号分类实验\1\ROI_x729_y538_w32_h39_20260626_212915\01_valid_raw_and_ifft\mat\curve_r0553_c0737_idx000489.mat,D:\LSH\LSH\实验\聚焦信号分类实验\1\ROI_x729_y538_w32_h39_20260626_212915\01_valid_raw_and_ifft\mat,valid_folder,valid,29.0817190571349,29.1961680198575,0.0186719018746483,0.0111178933017313,0.00107460593037818,0.9397788459277
1333,1525,1525,553,738,1539,Good,1,slightly degraded,D:\LSH\LSH\实验\聚焦信号分类实验\1\ROI_x729_y538_w32_h39_20260626_212915\01_valid_raw_and_ifft\mat\curve_r0553_c0738_idx000490.mat,D:\LSH\LSH\实验\聚焦信号分类实验\1\ROI_x729_y538_w32_h39_20260626_212915\01_valid_raw_and_ifft\mat,valid_folder,valid,28.8909224136547,29.0055617474758,0.0105710831853974,0.00638930874036752,0.000625667003355286,0.935664462173275
1334,1526,1526,553,739,1540,Good,1,slightly degraded,D:\LSH\LSH\实验\聚焦信号分类实验\1\ROI_x729_y538_w32_h39_20260626_212915\01_valid_raw_and_ifft\mat\curve_r0553_c0739_idx000491.mat,D:\LSH\LSH\实验\聚焦信号分类实验\1\ROI_x729_y538_w32_h39_20260626_212915\01_valid_raw_and_ifft\mat,valid_folder,valid,28.5708158482863,28.5317017281698,0.00602939514986793,0.00365969063412836,0.000418459319366257,0.910191660790782
1335,1527,1527,553,740,1541,Good,1,slightly degraded,D:\LSH\LSH\实验\聚焦信号分类实验\1\ROI_x729_y538_w32_h39_20260626_212915\01_valid_raw_and_ifft\mat\curve_r0553_c0740_idx000492.mat,D:\LSH\LSH\实验\聚焦信号分类实验\1\ROI_x729_y538_w32_h39_20260626_212915\01_valid_raw_and_ifft\mat,valid_folder,valid,28.2665112299657,28.4401449964086,0.00651402451265291,0.00367049871152743,0.0004474920696488,0.904447661739301
1336,1528,1528,553,741,1542,Good,1,slightly degraded,D:\LSH\LSH\实验\聚焦信号分类实验\1\ROI_x729_y538_w32_h39_20260626_212915\01_valid_raw_and_ifft\mat\curve_r0553_c0741_idx000493.mat,D:\LSH\LSH\实验\聚焦信号分类实验\1\ROI_x729_y538_w32_h39_20260626_212915\01_valid_raw_and_ifft\mat,valid_folder,valid,28.6588647675885,28.5640889929717,0.00791492585937676,0.00441259774965424,0.000579433020590015,0.895328615798252
1337,1529,1529,553,742,1543,Good,1,slightly degraded,D:\LSH\LSH\实验\聚焦信号分类实验\1\ROI_x729_y538_w32_h39_20260626_212915\01_valid_raw_and_ifft\mat\curve_r0553_c0742_idx000494.mat,D:\LSH\LSH\实验\聚焦信号分类实验\1\ROI_x729_y538_w32_h39_20260626_212915\01_valid_raw_and_ifft\mat,valid_folder,valid,28.6015365987682,28.5039914595288,0.00750958974227231,0.00428633978383589,0.000550408848567709,0.898464465624738
1338,1530,1530,553,743,1544,Good,1,slightly degraded,D:\LSH\LSH\实验\聚焦信号分类实验\1\ROI_x729_y538_w32_h39_20260626_212915\01_valid_raw_and_ifft\mat\curve_r0553_c0743_idx000495.mat,D:\LSH\LSH\实验\聚焦信号分类实验\1\ROI_x729_y538_w32_h39_20260626_212915\01_valid_raw_and_ifft\mat,valid_folder,valid,28.1692952981329,28.3148383036118,0.00598416704924446,0.00306293064940507,0.000428034455822639,0.875773961838995
1339,1531,1531,553,744,1545,Good,1,slightly degraded,D:\LSH\LSH\实验\聚焦信号分类实验\1\ROI_x729_y538_w32_h39_20260626_212915\01_valid_raw_and_ifft\mat\curve_r0553_c0744_idx000496.mat,D:\LSH\LSH\实验\聚焦信号分类实验\1\ROI_x729_y538_w32_h39_20260626_212915\01_valid_raw_and_ifft\mat,valid_folder,valid,28.0882296909088,28.1475133649319,0.00572103797642108,0.00283150383577272,0.000409618928690395,0.865706750368559
1340,1532,1532,553,745,1546,Good,1,slightly degraded,D:\LSH\LSH\实验\聚焦信号分类实验\1\ROI_x729_y538_w32_h39_20260626_212915\01_valid_raw_and_ifft\mat\curve_r0553_c0745_idx000497.mat,D:\LSH\LSH\实验\聚焦信号分类实验\1\ROI_x729_y538_w32_h39_20260626_212915\01_valid_raw_and_ifft\mat,valid_folder,valid,28.1273489849605,28.1986506994893,0.00542954865855638,0.00275556800548182,0.000394070755763381,0.864651153647183
1341,1533,1533,553,746,1547,Good,1,slightly degraded,D:\LSH\LSH\实验\聚焦信号分类实验\1\ROI_x729_y538_w32_h39_20260626_212915\01_valid_raw_and_ifft\mat\curve_r0553_c0746_idx000498.mat,D:\LSH\LSH\实验\聚焦信号分类实验\1\ROI_x729_y538_w32_h39_20260626_212915\01_valid_raw_and_ifft\mat,valid_folder,valid,28.0601619788657,27.9945220038023,0.00805699251185093,0.00452827255373826,0.000499768559958541,0.917166667763279
1342,1534,1534,553,747,1548,Good,1,slightly degraded,D:\LSH\LSH\实验\聚焦信号分类实验\1\ROI_x729_y538_w32_h39_20260626_212915\01_valid_raw_and_ifft\mat\curve_r0553_c0747_idx000499.mat,D:\LSH\LSH\实验\聚焦信号分类实验\1\ROI_x729_y538_w32_h39_20260626_212915\01_valid_raw_and_ifft\mat,valid_folder,valid,28.0851951909982,28.0715688622988,0.0346471902483625,0.0194999772564157,0.00232184487850043,0.914881189105101
1343,1535,1535,553,748,1549,Good,1,slightly degraded,D:\LSH\LSH\实验\聚焦信号分类实验\1\ROI_x729_y538_w32_h39_20260626_212915\01_valid_raw_and_ifft\mat\curve_r0553_c0748_idx000500.mat,D:\LSH\LSH\实验\聚焦信号分类实验\1\ROI_x729_y538_w32_h39_20260626_212915\01_valid_raw_and_ifft\mat,valid_folder,valid,28.1078611591565,28.1001247391732,0.0577742913790648,0.0312004426704298,0.00404423633994598,0.901994786709165
1344,1536,1536,553,749,1550,Good,1,slightly degraded,D:\LSH\LSH\实验\聚焦信号分类实验\1\ROI_x729_y538_w32_h39_20260626_212915\01_valid_raw_and_ifft\mat\curve_r0553_c0749_idx000501.mat,D:\LSH\LSH\实验\聚焦信号分类实验\1\ROI_x729_y538_w32_h39_20260626_212915\01_valid_raw_and_ifft\mat,valid_folder,valid,28.0676177832397,28.0589144758981,0.0530875645626151,0.0283588152002801,0.00364253618311408,0.902336448245327
1345,1537,1537,553,750,1551,Good,1,slightly degraded,D:\LSH\LSH\实验\聚焦信号分类实验\1\ROI_x729_y538_w32_h39_20260626_212915\01_valid_raw_and_ifft\mat\curve_r0553_c0750_idx000502.mat,D:\LSH\LSH\实验\聚焦信号分类实验\1\ROI_x729_y538_w32_h39_20260626_212915\01_valid_raw_and_ifft\mat,valid_folder,valid,28.0936505058179,28.0442256760887,0.0394732116443254,0.022337890460688,0.00263595642175981,0.915156043007151
1346,1538,1538,553,751,1552,Good,1,slightly degraded,D:\LSH\LSH\实验\聚焦信号分类实验\1\ROI_x729_y538_w32_h39_20260626_212915\01_valid_raw_and_ifft\mat\curve_r0553_c0751_idx000503.mat,D:\LSH\LSH\实验\聚焦信号分类实验\1\ROI_x729_y538_w32_h39_20260626_212915\01_valid_raw_and_ifft\mat,valid_folder,valid,27.8229392269536,27.7679242824506,0.0332698800148412,0.0214903912176666,0.00207629663778605,0.943864353347669
1347,1539,1539,553,752,1553,Good,1,slightly degraded,D:\LSH\LSH\实验\聚焦信号分类实验\1\ROI_x729_y538_w32_h39_20260626_212915\01_valid_raw_and_ifft\mat\curve_r0553_c0752_idx000504.mat,D:\LSH\LSH\实验\聚焦信号分类实验\1\ROI_x729_y538_w32_h39_20260626_212915\01_valid_raw_and_ifft\mat,valid_folder,valid,27.0746435269212,27.1929910582023,0.0320809136475236,0.0179346114498993,0.00195513897347614,0.925626610803729
1348,1540,1540,553,753,1554,Good,1,slightly degraded,D:\LSH\LSH\实验\聚焦信号分类实验\1\ROI_x729_y538_w32_h39_20260626_212915\01_valid_raw_and_ifft\mat\curve_r0553_c0753_idx000505.mat,D:\LSH\LSH\实验\聚焦信号分类实验\1\ROI_x729_y538_w32_h39_20260626_212915\01_valid_raw_and_ifft\mat,valid_folder,valid,26.9799393280381,26.9613459722247,0.0283443008935564,0.0135876710718317,0.001989934894587,0.86938935315453
1349,1541,1541,553,754,1555,Good,1,slightly degraded,D:\LSH\LSH\实验\聚焦信号分类实验\1\ROI_x729_y538_w32_h39_20260626_212915\01_valid_raw_and_ifft\mat\curve_r0553_c0754_idx000506.mat,D:\LSH\LSH\实验\聚焦信号分类实验\1\ROI_x729_y538_w32_h39_20260626_212915\01_valid_raw_and_ifft\mat,valid_folder,valid,26.9292173235272,26.8014743057551,0.0242605362603339,0.0108669760179283,0.00185041191400318,0.832315608680399
1350,1542,1542,553,755,1556,Good,1,slightly degraded,D:\LSH\LSH\实验\聚焦信号分类实验\1\ROI_x729_y538_w32_h39_20260626_212915\01_valid_raw_and_ifft\mat\curve_r0553_c0755_idx000507.mat,D:\LSH\LSH\实验\聚焦信号分类实验\1\ROI_x729_y538_w32_h39_20260626_212915\01_valid_raw_and_ifft\mat,valid_folder,valid,26.9167570301518,26.7546616923102,0.0136673078805027,0.00639710361947062,0.00101357458280613,0.845353124535891
1351,1543,1543,553,756,1557,Good,1,slightly degraded,D:\LSH\LSH\实验\聚焦信号分类实验\1\ROI_x729_y538_w32_h39_20260626_212915\01_valid_raw_and_ifft\mat\curve_r0553_c0756_idx000508.mat,D:\LSH\LSH\实验\聚焦信号分类实验\1\ROI_x729_y538_w32_h39_20260626_212915\01_valid_raw_and_ifft\mat,valid_folder,valid,26.1370626683927,26.100412089955,0.0113375845305999,0.00680301953201207,0.000710241337347146,0.928331549911265
1352,1544,1544,553,757,1558,Good,1,slightly degraded,D:\LSH\LSH\实验\聚焦信号分类实验\1\ROI_x729_y538_w32_h39_20260626_212915\01_valid_raw_and_ifft\mat\curve_r0553_c0757_idx000509.mat,D:\LSH\LSH\实验\聚焦信号分类实验\1\ROI_x729_y538_w32_h39_20260626_212915\01_valid_raw_and_ifft\mat,valid_folder,valid,26.1388563196865,26.1332099615686,0.0191650107212393,0.010810733933006,0.00127249442803387,0.915083306522708
1353,1545,1545,553,758,1559,Good,1,slightly degraded,D:\LSH\LSH\实验\聚焦信号分类实验\1\ROI_x729_y538_w32_h39_20260626_212915\01_valid_raw_and_ifft\mat\curve_r0553_c0758_idx000510.mat,D:\LSH\LSH\实验\聚焦信号分类实验\1\ROI_x729_y538_w32_h39_20260626_212915\01_valid_raw_and_ifft\mat,valid_folder,valid,26.1312996840422,26.1267836117743,0.0187576305489288,0.0104241426963154,0.00126724093700961,0.909672332029672
1354,1546,1546,553,759,1560,Good,1,slightly degraded,D:\LSH\LSH\实验\聚焦信号分类实验\1\ROI_x729_y538_w32_h39_20260626_212915\01_valid_raw_and_ifft\mat\curve_r0553_c0759_idx000511.mat,D:\LSH\LSH\实验\聚焦信号分类实验\1\ROI_x729_y538_w32_h39_20260626_212915\01_valid_raw_and_ifft\mat,valid_folder,valid,25.310501807603,25.6472195248396,0.0207890645409912,0.0124402729324189,0.00139642255341146,0.923666647365852
1355,1547,1547,553,760,1561,Good,1,slightly degraded,D:\LSH\LSH\实验\聚焦信号分类实验\1\ROI_x729_y538_w32_h39_20260626_212915\01_valid_raw_and_ifft\mat\curve_r0553_c0760_idx000512.mat,D:\LSH\LSH\实验\聚焦信号分类实验\1\ROI_x729_y538_w32_h39_20260626_212915\01_valid_raw_and_ifft\mat,valid_folder,valid,25.3985926375589,25.6243080245536,0.0311425135867737,0.01833986516141,0.00216554886056898,0.917964534543108
1356,1548,1548,554,729,1562,Good,1,slightly degraded,D:\LSH\LSH\实验\聚焦信号分类实验\1\ROI_x729_y538_w32_h39_20260626_212915\01_valid_raw_and_ifft\mat\curve_r0554_c0729_idx000513.mat,D:\LSH\LSH\实验\聚焦信号分类实验\1\ROI_x729_y538_w32_h39_20260626_212915\01_valid_raw_and_ifft\mat,valid_folder,valid,30.2592191618651,30.289234141402,0.00743249507244787,0.00421200074642185,0.000527794371150621,0.903539986645354
1357,1549,1549,554,730,1563,Good,1,slightly degraded,D:\LSH\LSH\实验\聚焦信号分类实验\1\ROI_x729_y538_w32_h39_20260626_212915\01_valid_raw_and_ifft\mat\curve_r0554_c0730_idx000514.mat,D:\LSH\LSH\实验\聚焦信号分类实验\1\ROI_x729_y538_w32_h39_20260626_212915\01_valid_raw_and_ifft\mat,valid_folder,valid,29.9892697329226,29.8797477078817,0.00230123731958439,0.00127246665359029,0.000151469332357247,0.898459220681578
1358,1550,1550,554,731,1564,Good,1,slightly degraded,D:\LSH\LSH\实验\聚焦信号分类实验\1\ROI_x729_y538_w32_h39_20260626_212915\01_valid_raw_and_ifft\mat\curve_r0554_c0731_idx000515.mat,D:\LSH\LSH\实验\聚焦信号分类实验\1\ROI_x729_y538_w32_h39_20260626_212915\01_valid_raw_and_ifft\mat,valid_folder,valid,30.0264420695448,29.7875857662725,0.00915073226579797,0.00514545156440641,0.00060932239833237,0.907941544292207
1359,1551,1551,554,732,1565,Good,1,slightly degraded,D:\LSH\LSH\实验\聚焦信号分类实验\1\ROI_x729_y538_w32_h39_20260626_212915\01_valid_raw_and_ifft\mat\curve_r0554_c0732_idx000516.mat,D:\LSH\LSH\实验\聚焦信号分类实验\1\ROI_x729_y538_w32_h39_20260626_212915\01_valid_raw_and_ifft\mat,valid_folder,valid,29.9959620299275,29.8076016865681,0.0412999413422053,0.0260170093018399,0.00246827424122443,0.944631293120424
1360,1552,1552,554,733,1566,Good,1,slightly degraded,D:\LSH\LSH\实验\聚焦信号分类实验\1\ROI_x729_y538_w32_h39_20260626_212915\01_valid_raw_and_ifft\mat\curve_r0554_c0733_idx000517.mat,D:\LSH\LSH\实验\聚焦信号分类实验\1\ROI_x729_y538_w32_h39_20260626_212915\01_valid_raw_and_ifft\mat,valid_folder,valid,30.0696265035839,29.9460787477781,0.0691756127042681,0.0453914976759977,0.0043741496892857,0.944154305626846
1361,1553,1553,554,734,1567,Good,1,slightly degraded,D:\LSH\LSH\实验\聚焦信号分类实验\1\ROI_x729_y538_w32_h39_20260626_212915\01_valid_raw_and_ifft\mat\curve_r0554_c0734_idx000518.mat,D:\LSH\LSH\实验\聚焦信号分类实验\1\ROI_x729_y538_w32_h39_20260626_212915\01_valid_raw_and_ifft\mat,valid_folder,valid,30.0561659319336,29.9534738592896,0.0512060120196418,0.0350711257291103,0.00329767752391967,0.946822661116258
1362,1554,1554,554,735,1568,Good,1,slightly degraded,D:\LSH\LSH\实验\聚焦信号分类实验\1\ROI_x729_y538_w32_h39_20260626_212915\01_valid_raw_and_ifft\mat\curve_r0554_c0735_idx000519.mat,D:\LSH\LSH\实验\聚焦信号分类实验\1\ROI_x729_y538_w32_h39_20260626_212915\01_valid_raw_and_ifft\mat,valid_folder,valid,29.4465691571136,29.5094270958974,0.030781708785355,0.0199071490173331,0.00189391080107581,0.945694690701356
1363,1555,1555,554,736,1569,Good,1,slightly degraded,D:\LSH\LSH\实验\聚焦信号分类实验\1\ROI_x729_y538_w32_h39_20260626_212915\01_valid_raw_and_ifft\mat\curve_r0554_c0736_idx000520.mat,D:\LSH\LSH\实验\聚焦信号分类实验\1\ROI_x729_y538_w32_h39_20260626_212915\01_valid_raw_and_ifft\mat,valid_folder,valid,29.1595973090489,29.2089236038342,0.0258489504663494,0.0159652944102782,0.00159646769757305,0.938936442128032
1364,1556,1556,554,737,1570,Good,1,slightly degraded,D:\LSH\LSH\实验\聚焦信号分类实验\1\ROI_x729_y538_w32_h39_20260626_212915\01_valid_raw_and_ifft\mat\curve_r0554_c0737_idx000521.mat,D:\LSH\LSH\实验\聚焦信号分类实验\1\ROI_x729_y538_w32_h39_20260626_212915\01_valid_raw_and_ifft\mat,valid_folder,valid,28.9738687129039,29.0140843637269,0.0189504558573828,0.00962889828126574,0.00126978059625509,0.889500697596668
1365,1557,1557,554,738,1571,Good,1,slightly degraded,D:\LSH\LSH\实验\聚焦信号分类实验\1\ROI_x729_y538_w32_h39_20260626_212915\01_valid_raw_and_ifft\mat\curve_r0554_c0738_idx000522.mat,D:\LSH\LSH\实验\聚焦信号分类实验\1\ROI_x729_y538_w32_h39_20260626_212915\01_valid_raw_and_ifft\mat,valid_folder,valid,28.9450083601049,28.9830322196119,0.00905559864808445,0.00498735144743261,0.000567862436999979,0.914028630775597
1366,1558,1558,554,739,1572,Good,1,slightly degraded,D:\LSH\LSH\实验\聚焦信号分类实验\1\ROI_x729_y538_w32_h39_20260626_212915\01_valid_raw_and_ifft\mat\curve_r0554_c0739_idx000523.mat,D:\LSH\LSH\实验\聚焦信号分类实验\1\ROI_x729_y538_w32_h39_20260626_212915\01_valid_raw_and_ifft\mat,valid_folder,valid,28.8176095131468,28.7073059272082,0.00446499784931709,0.00237895463613871,0.000311278139566189,0.883242768043028
1367,1559,1559,554,740,1573,Good,1,slightly degraded,D:\LSH\LSH\实验\聚焦信号分类实验\1\ROI_x729_y538_w32_h39_20260626_212915\01_valid_raw_and_ifft\mat\curve_r0554_c0740_idx000524.mat,D:\LSH\LSH\实验\聚焦信号分类实验\1\ROI_x729_y538_w32_h39_20260626_212915\01_valid_raw_and_ifft\mat,valid_folder,valid,28.403405592408,28.5569626234486,0.00428310818322828,0.00245550538900522,0.000316794592439214,0.89353028153351
1368,1560,1560,554,741,1574,Good,1,slightly degraded,D:\LSH\LSH\实验\聚焦信号分类实验\1\ROI_x729_y538_w32_h39_20260626_212915\01_valid_raw_and_ifft\mat\curve_r0554_c0741_idx000525.mat,D:\LSH\LSH\实验\聚焦信号分类实验\1\ROI_x729_y538_w32_h39_20260626_212915\01_valid_raw_and_ifft\mat,valid_folder,valid,28.6705402001758,28.6619771976064,0.00427633697709652,0.0024281125491937,0.000320670361087349,0.891351990259179
1369,1561,1561,554,742,1575,Good,1,slightly degraded,D:\LSH\LSH\实验\聚焦信号分类实验\1\ROI_x729_y538_w32_h39_20260626_212915\01_valid_raw_and_ifft\mat\curve_r0554_c0742_idx000526.mat,D:\LSH\LSH\实验\聚焦信号分类实验\1\ROI_x729_y538_w32_h39_20260626_212915\01_valid_raw_and_ifft\mat,valid_folder,valid,28.7071283886828,28.6333416688933,0.00375208525501384,0.00205069081891574,0.000280260918811507,0.881820349102508
1370,1562,1562,554,743,1576,Good,1,slightly degraded,D:\LSH\LSH\实验\聚焦信号分类实验\1\ROI_x729_y538_w32_h39_20260626_212915\01_valid_raw_and_ifft\mat\curve_r0554_c0743_idx000527.mat,D:\LSH\LSH\实验\聚焦信号分类实验\1\ROI_x729_y538_w32_h39_20260626_212915\01_valid_raw_and_ifft\mat,valid_folder,valid,28.4188772934063,28.4685437376311,0.0023487860957501,0.00135731460626344,0.000177343959674061,0.88694667413676
1371,1563,1563,554,744,1577,Good,1,slightly degraded,D:\LSH\LSH\实验\聚焦信号分类实验\1\ROI_x729_y538_w32_h39_20260626_212915\01_valid_raw_and_ifft\mat\curve_r0554_c0744_idx000528.mat,D:\LSH\LSH\实验\聚焦信号分类实验\1\ROI_x729_y538_w32_h39_20260626_212915\01_valid_raw_and_ifft\mat,valid_folder,valid,28.150321794749,28.2207494379965,0.00219976909831471,0.00112398555553043,0.000162644773141515,0.857440349213314
1372,1564,1564,554,745,1578,Good,1,slightly degraded,D:\LSH\LSH\实验\聚焦信号分类实验\1\ROI_x729_y538_w32_h39_20260626_212915\01_valid_raw_and_ifft\mat\curve_r0554_c0745_idx000529.mat,D:\LSH\LSH\实验\聚焦信号分类实验\1\ROI_x729_y538_w32_h39_20260626_212915\01_valid_raw_and_ifft\mat,valid_folder,valid,28.1689277120267,28.0048993773515,0.0012466229670968,0.000867287329596087,7.43305355505576e-05,0.941413173079082
1373,1565,1565,554,746,1579,Good,1,slightly degraded,D:\LSH\LSH\实验\聚焦信号分类实验\1\ROI_x729_y538_w32_h39_20260626_212915\01_valid_raw_and_ifft\mat\curve_r0554_c0746_idx000530.mat,D:\LSH\LSH\实验\聚焦信号分类实验\1\ROI_x729_y538_w32_h39_20260626_212915\01_valid_raw_and_ifft\mat,valid_folder,valid,27.9278733281633,27.8350919747762,0.00241805818434066,0.001704477012862,0.00012853616871181,0.95933756197724
1374,1566,1566,554,747,1580,Good,1,slightly degraded,D:\LSH\LSH\实验\聚焦信号分类实验\1\ROI_x729_y538_w32_h39_20260626_212915\01_valid_raw_and_ifft\mat\curve_r0554_c0747_idx000531.mat,D:\LSH\LSH\实验\聚焦信号分类实验\1\ROI_x729_y538_w32_h39_20260626_212915\01_valid_raw_and_ifft\mat,valid_folder,valid,27.949282108421,27.9222175470194,0.00764085401998585,0.0038564080729335,0.000528634759541109,0.880041719638046
1375,1567,1567,554,748,1581,Good,1,slightly degraded,D:\LSH\LSH\实验\聚焦信号分类实验\1\ROI_x729_y538_w32_h39_20260626_212915\01_valid_raw_and_ifft\mat\curve_r0554_c0748_idx000532.mat,D:\LSH\LSH\实验\聚焦信号分类实验\1\ROI_x729_y538_w32_h39_20260626_212915\01_valid_raw_and_ifft\mat,valid_folder,valid,27.9804921260031,27.9303795676609,0.0160128515024353,0.00797430937813924,0.00111105393312847,0.882020965705498
1376,1568,1568,554,749,1582,Good,1,slightly degraded,D:\LSH\LSH\实验\聚焦信号分类实验\1\ROI_x729_y538_w32_h39_20260626_212915\01_valid_raw_and_ifft\mat\curve_r0554_c0749_idx000533.mat,D:\LSH\LSH\实验\聚焦信号分类实验\1\ROI_x729_y538_w32_h39_20260626_212915\01_valid_raw_and_ifft\mat,valid_folder,valid,27.9464234974724,27.8769013501888,0.0204216873053296,0.0108585510867835,0.00136447938485774,0.902724533647438
1377,1569,1569,554,750,1583,Good,1,slightly degraded,D:\LSH\LSH\实验\聚焦信号分类实验\1\ROI_x729_y538_w32_h39_20260626_212915\01_valid_raw_and_ifft\mat\curve_r0554_c0750_idx000534.mat,D:\LSH\LSH\实验\聚焦信号分类实验\1\ROI_x729_y538_w32_h39_20260626_212915\01_valid_raw_and_ifft\mat,valid_folder,valid,27.8464398065438,27.6089845143839,0.0206974005736571,0.0118779050725761,0.00127620743714443,0.926611364413014
1378,1570,1570,554,751,1584,Good,1,slightly degraded,D:\LSH\LSH\实验\聚焦信号分类实验\1\ROI_x729_y538_w32_h39_20260626_212915\01_valid_raw_and_ifft\mat\curve_r0554_c0751_idx000535.mat,D:\LSH\LSH\实验\聚焦信号分类实验\1\ROI_x729_y538_w32_h39_20260626_212915\01_valid_raw_and_ifft\mat,valid_folder,valid,27.0876584205441,27.1304624783694,0.0322439601373553,0.0191543413832166,0.00190336187305362,0.939243900330977
1379,1571,1571,554,752,1585,Good,1,slightly degraded,D:\LSH\LSH\实验\聚焦信号分类实验\1\ROI_x729_y538_w32_h39_20260626_212915\01_valid_raw_and_ifft\mat\curve_r0554_c0752_idx000536.mat,D:\LSH\LSH\实验\聚焦信号分类实验\1\ROI_x729_y538_w32_h39_20260626_212915\01_valid_raw_and_ifft\mat,valid_folder,valid,26.9877933841695,26.9796462180516,0.0471299648780703,0.0258680506420948,0.00297171034113976,0.919629088704759
1380,1572,1572,554,753,1586,Good,1,slightly degraded,D:\LSH\LSH\实验\聚焦信号分类实验\1\ROI_x729_y538_w32_h39_20260626_212915\01_valid_raw_and_ifft\mat\curve_r0554_c0753_idx000537.mat,D:\LSH\LSH\实验\聚焦信号分类实验\1\ROI_x729_y538_w32_h39_20260626_212915\01_valid_raw_and_ifft\mat,valid_folder,valid,26.957265514235,26.9157456492635,0.0464662997754457,0.0236554579213485,0.00312376181982264,0.894698084346466
1381,1573,1573,554,754,1587,Good,1,slightly degraded,D:\LSH\LSH\实验\聚焦信号分类实验\1\ROI_x729_y538_w32_h39_20260626_212915\01_valid_raw_and_ifft\mat\curve_r0554_c0754_idx000538.mat,D:\LSH\LSH\实验\聚焦信号分类实验\1\ROI_x729_y538_w32_h39_20260626_212915\01_valid_raw_and_ifft\mat,valid_folder,valid,26.8784845508266,26.7966137748908,0.0375468600979778,0.0186688296204875,0.00265854994663769,0.879464487621041
1382,1574,1574,554,755,1588,Good,1,slightly degraded,D:\LSH\LSH\实验\聚焦信号分类实验\1\ROI_x729_y538_w32_h39_20260626_212915\01_valid_raw_and_ifft\mat\curve_r0554_c0755_idx000539.mat,D:\LSH\LSH\实验\聚焦信号分类实验\1\ROI_x729_y538_w32_h39_20260626_212915\01_valid_raw_and_ifft\mat,valid_folder,valid,26.6072616542303,26.5379421833421,0.00853213553412381,0.00540717507358431,0.000528099069239282,0.93691536865977
1383,1575,1575,554,756,1589,Good,1,slightly degraded,D:\LSH\LSH\实验\聚焦信号分类实验\1\ROI_x729_y538_w32_h39_20260626_212915\01_valid_raw_and_ifft\mat\curve_r0554_c0756_idx000540.mat,D:\LSH\LSH\实验\聚焦信号分类实验\1\ROI_x729_y538_w32_h39_20260626_212915\01_valid_raw_and_ifft\mat,valid_folder,valid,25.9523556814231,25.9503718654865,0.0186687274338961,0.0108164139160547,0.00119013328842868,0.92504642586531
1384,1576,1576,554,757,1590,Good,1,slightly degraded,D:\LSH\LSH\实验\聚焦信号分类实验\1\ROI_x729_y538_w32_h39_20260626_212915\01_valid_raw_and_ifft\mat\curve_r0554_c0757_idx000541.mat,D:\LSH\LSH\实验\聚焦信号分类实验\1\ROI_x729_y538_w32_h39_20260626_212915\01_valid_raw_and_ifft\mat,valid_folder,valid,26.0482113644332,26.0440165618202,0.0252575625492616,0.0161812552928925,0.00163603313659592,0.93882906937784
1385,1577,1577,554,758,1591,Good,1,slightly degraded,D:\LSH\LSH\实验\聚焦信号分类实验\1\ROI_x729_y538_w32_h39_20260626_212915\01_valid_raw_and_ifft\mat\curve_r0554_c0758_idx000542.mat,D:\LSH\LSH\实验\聚焦信号分类实验\1\ROI_x729_y538_w32_h39_20260626_212915\01_valid_raw_and_ifft\mat,valid_folder,valid,25.9647898185072,25.9774884620649,0.0294759940283448,0.0174116492882958,0.00193281273697522,0.926184253250649
1386,1578,1578,554,759,1592,Good,1,slightly degraded,D:\LSH\LSH\实验\聚焦信号分类实验\1\ROI_x729_y538_w32_h39_20260626_212915\01_valid_raw_and_ifft\mat\curve_r0554_c0759_idx000543.mat,D:\LSH\LSH\实验\聚焦信号分类实验\1\ROI_x729_y538_w32_h39_20260626_212915\01_valid_raw_and_ifft\mat,valid_folder,valid,26.2040904709997,26.1185830188968,0.00991699591023621,0.00652716554389887,0.000655786120304533,0.936597640045425
1387,1579,1579,554,760,1593,Good,1,slightly degraded,D:\LSH\LSH\实验\聚焦信号分类实验\1\ROI_x729_y538_w32_h39_20260626_212915\01_valid_raw_and_ifft\mat\curve_r0554_c0760_idx000544.mat,D:\LSH\LSH\实验\聚焦信号分类实验\1\ROI_x729_y538_w32_h39_20260626_212915\01_valid_raw_and_ifft\mat,valid_folder,valid,25.3837926469113,25.6396236996556,0.00941449979129412,0.00553688624693829,0.000650987826492755,0.914389482544672
1388,1580,1580,555,729,1594,Good,1,slightly degraded,D:\LSH\LSH\实验\聚焦信号分类实验\1\ROI_x729_y538_w32_h39_20260626_212915\01_valid_raw_and_ifft\mat\curve_r0555_c0729_idx000545.mat,D:\LSH\LSH\实验\聚焦信号分类实验\1\ROI_x729_y538_w32_h39_20260626_212915\01_valid_raw_and_ifft\mat,valid_folder,valid,30.1107945264339,30.1443230374041,0.00897836307996369,0.00453007821669038,0.000642168065717301,0.877010697097739
1389,1581,1581,555,730,1595,Good,1,slightly degraded,D:\LSH\LSH\实验\聚焦信号分类实验\1\ROI_x729_y538_w32_h39_20260626_212915\01_valid_raw_and_ifft\mat\curve_r0555_c0730_idx000546.mat,D:\LSH\LSH\实验\聚焦信号分类实验\1\ROI_x729_y538_w32_h39_20260626_212915\01_valid_raw_and_ifft\mat,valid_folder,valid,30.0394069313437,29.9928830579393,0.00490471871686672,0.00231813640599432,0.000362122599991425,0.841916983199462
1390,1582,1582,555,731,1596,Good,1,slightly degraded,D:\LSH\LSH\实验\聚焦信号分类实验\1\ROI_x729_y538_w32_h39_20260626_212915\01_valid_raw_and_ifft\mat\curve_r0555_c0731_idx000547.mat,D:\LSH\LSH\实验\聚焦信号分类实验\1\ROI_x729_y538_w32_h39_20260626_212915\01_valid_raw_and_ifft\mat,valid_folder,valid,30.0594898699528,29.7724171388939,0.0139156924500812,0.00813228979024925,0.000977262832084295,0.905961720765539
1391,1583,1583,555,732,1597,Good,1,slightly degraded,D:\LSH\LSH\实验\聚焦信号分类实验\1\ROI_x729_y538_w32_h39_20260626_212915\01_valid_raw_and_ifft\mat\curve_r0555_c0732_idx000548.mat,D:\LSH\LSH\实验\聚焦信号分类实验\1\ROI_x729_y538_w32_h39_20260626_212915\01_valid_raw_and_ifft\mat,valid_folder,valid,30.0581483384412,29.9266352906268,0.0723701007165498,0.0446298926639824,0.00448432508443835,0.938526888886144
1392,1584,1584,555,733,1598,Good,1,slightly degraded,D:\LSH\LSH\实验\聚焦信号分类实验\1\ROI_x729_y538_w32_h39_20260626_212915\01_valid_raw_and_ifft\mat\curve_r0555_c0733_idx000549.mat,D:\LSH\LSH\实验\聚焦信号分类实验\1\ROI_x729_y538_w32_h39_20260626_212915\01_valid_raw_and_ifft\mat,valid_folder,valid,30.1186512317038,30.0522059782155,0.115163085254238,0.0684996303320365,0.0076424000552333,0.926010678571737
1393,1585,1585,555,734,1599,Good,1,slightly degraded,D:\LSH\LSH\实验\聚焦信号分类实验\1\ROI_x729_y538_w32_h39_20260626_212915\01_valid_raw_and_ifft\mat\curve_r0555_c0734_idx000550.mat,D:\LSH\LSH\实验\聚焦信号分类实验\1\ROI_x729_y538_w32_h39_20260626_212915\01_valid_raw_and_ifft\mat,valid_folder,valid,30.1022463016851,30.0420951405394,0.0766672209692314,0.046288223219663,0.00502502052832043,0.929086290551109
1394,1586,1586,555,735,1600,Good,1,slightly degraded,D:\LSH\LSH\实验\聚焦信号分类实验\1\ROI_x729_y538_w32_h39_20260626_212915\01_valid_raw_and_ifft\mat\curve_r0555_c0735_idx000551.mat,D:\LSH\LSH\实验\聚焦信号分类实验\1\ROI_x729_y538_w32_h39_20260626_212915\01_valid_raw_and_ifft\mat,valid_folder,valid,29.4694454023829,29.6022672337365,0.0313224367184141,0.0205614183286611,0.0018996734399184,0.94848235215738
1395,1587,1587,555,736,1601,Good,1,slightly degraded,D:\LSH\LSH\实验\聚焦信号分类实验\1\ROI_x729_y538_w32_h39_20260626_212915\01_valid_raw_and_ifft\mat\curve_r0555_c0736_idx000552.mat,D:\LSH\LSH\实验\聚焦信号分类实验\1\ROI_x729_y538_w32_h39_20260626_212915\01_valid_raw_and_ifft\mat,valid_folder,valid,29.2002648423306,29.3547008767032,0.0233263266273447,0.0135191122667737,0.00148179973449845,0.925663991328947
1396,1588,1588,555,737,1602,Good,1,slightly degraded,D:\LSH\LSH\实验\聚焦信号分类实验\1\ROI_x729_y538_w32_h39_20260626_212915\01_valid_raw_and_ifft\mat\curve_r0555_c0737_idx000553.mat,D:\LSH\LSH\实验\聚焦信号分类实验\1\ROI_x729_y538_w32_h39_20260626_212915\01_valid_raw_and_ifft\mat,valid_folder,valid,29.0346258395542,29.0736795107403,0.0118257633503426,0.0060047195861367,0.000804897772072811,0.883288752464844
1397,1589,1589,555,738,1603,Good,1,slightly degraded,D:\LSH\LSH\实验\聚焦信号分类实验\1\ROI_x729_y538_w32_h39_20260626_212915\01_valid_raw_and_ifft\mat\curve_r0555_c0738_idx000554.mat,D:\LSH\LSH\实验\聚焦信号分类实验\1\ROI_x729_y538_w32_h39_20260626_212915\01_valid_raw_and_ifft\mat,valid_folder,valid,29.2309972951851,29.121636221814,0.00285582487760182,0.00196506117225397,0.000167513569005189,0.946428419889839
1398,1590,1590,555,739,1604,Good,1,slightly degraded,D:\LSH\LSH\实验\聚焦信号分类实验\1\ROI_x729_y538_w32_h39_20260626_212915\01_valid_raw_and_ifft\mat\curve_r0555_c0739_idx000555.mat,D:\LSH\LSH\实验\聚焦信号分类实验\1\ROI_x729_y538_w32_h39_20260626_212915\01_valid_raw_and_ifft\mat,valid_folder,valid,28.9862932761596,28.7272480995676,0.00212130348858661,0.00106523358849358,0.000163219417980991,0.842298888377428
1399,1591,1591,555,740,1605,Good,1,slightly degraded,D:\LSH\LSH\实验\聚焦信号分类实验\1\ROI_x729_y538_w32_h39_20260626_212915\01_valid_raw_and_ifft\mat\curve_r0555_c0740_idx000556.mat,D:\LSH\LSH\实验\聚焦信号分类实验\1\ROI_x729_y538_w32_h39_20260626_212915\01_valid_raw_and_ifft\mat,valid_folder,valid,28.8113786833322,28.3981461544284,0.00197324683221966,0.00115007604111351,0.000133668523047852,0.900614138944359
1400,1592,1592,555,741,1606,Good,1,slightly degraded,D:\LSH\LSH\实验\聚焦信号分类实验\1\ROI_x729_y538_w32_h39_20260626_212915\01_valid_raw_and_ifft\mat\curve_r0555_c0741_idx000557.mat,D:\LSH\LSH\实验\聚焦信号分类实验\1\ROI_x729_y538_w32_h39_20260626_212915\01_valid_raw_and_ifft\mat,valid_folder,valid,28.8379008884785,28.6728443249236,0.00410230432570412,0.00212405539401913,0.000289781151062592,0.877273780946802
1401,1593,1593,555,742,1607,Good,1,slightly degraded,D:\LSH\LSH\实验\聚焦信号分类实验\1\ROI_x729_y538_w32_h39_20260626_212915\01_valid_raw_and_ifft\mat\curve_r0555_c0742_idx000558.mat,D:\LSH\LSH\实验\聚焦信号分类实验\1\ROI_x729_y538_w32_h39_20260626_212915\01_valid_raw_and_ifft\mat,valid_folder,valid,28.8178575029746,28.6695941648814,0.00396738071791874,0.00205562757288679,0.000285491203279574,0.872297447151203
1402,1594,1594,555,743,1608,Good,1,slightly degraded,D:\LSH\LSH\实验\聚焦信号分类实验\1\ROI_x729_y538_w32_h39_20260626_212915\01_valid_raw_and_ifft\mat\curve_r0555_c0743_idx000559.mat,D:\LSH\LSH\实验\聚焦信号分类实验\1\ROI_x729_y538_w32_h39_20260626_212915\01_valid_raw_and_ifft\mat,valid_folder,valid,28.8159859846611,28.6458752491692,0.00280078460595267,0.00145510743954019,0.000204744722511478,0.865456404014774
1403,1595,1595,555,746,1609,Good,1,slightly degraded,D:\LSH\LSH\实验\聚焦信号分类实验\1\ROI_x729_y538_w32_h39_20260626_212915\01_valid_raw_and_ifft\mat\curve_r0555_c0746_idx000562.mat,D:\LSH\LSH\实验\聚焦信号分类实验\1\ROI_x729_y538_w32_h39_20260626_212915\01_valid_raw_and_ifft\mat,valid_folder,valid,27.9469966830112,27.7595224347001,0.00203908818861626,0.00140396510837416,0.000115188853125556,0.950243466007295
1404,1596,1596,555,747,1610,Good,1,slightly degraded,D:\LSH\LSH\实验\聚焦信号分类实验\1\ROI_x729_y538_w32_h39_20260626_212915\01_valid_raw_and_ifft\mat\curve_r0555_c0747_idx000563.mat,D:\LSH\LSH\实验\聚焦信号分类实验\1\ROI_x729_y538_w32_h39_20260626_212915\01_valid_raw_and_ifft\mat,valid_folder,valid,27.9121751810262,27.8366780044436,0.00444507910846555,0.00269103035758174,0.000273656096491474,0.928537933059881
1405,1597,1597,555,748,1611,Good,1,slightly degraded,D:\LSH\LSH\实验\聚焦信号分类实验\1\ROI_x729_y538_w32_h39_20260626_212915\01_valid_raw_and_ifft\mat\curve_r0555_c0748_idx000564.mat,D:\LSH\LSH\实验\聚焦信号分类实验\1\ROI_x729_y538_w32_h39_20260626_212915\01_valid_raw_and_ifft\mat,valid_folder,valid,27.2513746157224,27.3226981837099,0.0114144203449914,0.00667051236511972,0.000750751990609941,0.921124133009757
1406,1598,1598,555,749,1612,Good,1,slightly degraded,D:\LSH\LSH\实验\聚焦信号分类实验\1\ROI_x729_y538_w32_h39_20260626_212915\01_valid_raw_and_ifft\mat\curve_r0555_c0749_idx000565.mat,D:\LSH\LSH\实验\聚焦信号分类实验\1\ROI_x729_y538_w32_h39_20260626_212915\01_valid_raw_and_ifft\mat,valid_folder,valid,27.1451551158738,27.2834710197908,0.0176741632773577,0.00924315483277473,0.00119678322500137,0.896707524621869
1407,1599,1599,555,750,1613,Good,1,slightly degraded,D:\LSH\LSH\实验\聚焦信号分类实验\1\ROI_x729_y538_w32_h39_20260626_212915\01_valid_raw_and_ifft\mat\curve_r0555_c0750_idx000566.mat,D:\LSH\LSH\实验\聚焦信号分类实验\1\ROI_x729_y538_w32_h39_20260626_212915\01_valid_raw_and_ifft\mat,valid_folder,valid,27.1369456158797,27.2001826137712,0.0186388607228413,0.0100330379070925,0.0012292029228208,0.905937510922324
1408,1600,1600,555,751,1614,Good,1,slightly degraded,D:\LSH\LSH\实验\聚焦信号分类实验\1\ROI_x729_y538_w32_h39_20260626_212915\01_valid_raw_and_ifft\mat\curve_r0555_c0751_idx000567.mat,D:\LSH\LSH\实验\聚焦信号分类实验\1\ROI_x729_y538_w32_h39_20260626_212915\01_valid_raw_and_ifft\mat,valid_folder,valid,27.5687229092488,27.238307629672,0.0117159125602456,0.00791046972534811,0.000663376882902028,0.955630565065503
1409,1601,1601,555,752,1615,Good,1,slightly degraded,D:\LSH\LSH\实验\聚焦信号分类实验\1\ROI_x729_y538_w32_h39_20260626_212915\01_valid_raw_and_ifft\mat\curve_r0555_c0752_idx000568.mat,D:\LSH\LSH\实验\聚焦信号分类实验\1\ROI_x729_y538_w32_h39_20260626_212915\01_valid_raw_and_ifft\mat,valid_folder,valid,27.0239439451295,27.0009323877095,0.0427319883797185,0.0252752464682864,0.00265366135895504,0.933533170368332
1410,1602,1602,555,753,1616,Good,1,slightly degraded,D:\LSH\LSH\实验\聚焦信号分类实验\1\ROI_x729_y538_w32_h39_20260626_212915\01_valid_raw_and_ifft\mat\curve_r0555_c0753_idx000569.mat,D:\LSH\LSH\实验\聚焦信号分类实验\1\ROI_x729_y538_w32_h39_20260626_212915\01_valid_raw_and_ifft\mat,valid_folder,valid,27.0046686401294,27.0003243795838,0.0548023146849586,0.0283677605270918,0.00366452369533645,0.899537163730148
1411,1603,1603,555,754,1617,Good,1,slightly degraded,D:\LSH\LSH\实验\聚焦信号分类实验\1\ROI_x729_y538_w32_h39_20260626_212915\01_valid_raw_and_ifft\mat\curve_r0555_c0754_idx000570.mat,D:\LSH\LSH\实验\聚焦信号分类实验\1\ROI_x729_y538_w32_h39_20260626_212915\01_valid_raw_and_ifft\mat,valid_folder,valid,26.9023634709032,26.8537995909041,0.0414052357156815,0.0210052134672638,0.00288085420658617,0.887638853387647
1412,1604,1604,555,755,1618,Good,1,slightly degraded,D:\LSH\LSH\实验\聚焦信号分类实验\1\ROI_x729_y538_w32_h39_20260626_212915\01_valid_raw_and_ifft\mat\curve_r0555_c0755_idx000571.mat,D:\LSH\LSH\实验\聚焦信号分类实验\1\ROI_x729_y538_w32_h39_20260626_212915\01_valid_raw_and_ifft\mat,valid_folder,valid,26.6961713487012,26.6562318267229,0.0131333664952502,0.00800674412023258,0.000817540927522771,0.932884283529092
1413,1605,1605,555,756,1619,Good,1,slightly degraded,D:\LSH\LSH\实验\聚焦信号分类实验\1\ROI_x729_y538_w32_h39_20260626_212915\01_valid_raw_and_ifft\mat\curve_r0555_c0756_idx000572.mat,D:\LSH\LSH\实验\聚焦信号分类实验\1\ROI_x729_y538_w32_h39_20260626_212915\01_valid_raw_and_ifft\mat,valid_folder,valid,26.0981619758759,26.0917592765578,0.0179751063243742,0.0110212870436257,0.00115505375790354,0.932129938767972
1414,1606,1606,555,757,1620,Good,1,slightly degraded,D:\LSH\LSH\实验\聚焦信号分类实验\1\ROI_x729_y538_w32_h39_20260626_212915\01_valid_raw_and_ifft\mat\curve_r0555_c0757_idx000573.mat,D:\LSH\LSH\实验\聚焦信号分类实验\1\ROI_x729_y538_w32_h39_20260626_212915\01_valid_raw_and_ifft\mat,valid_folder,valid,26.0958976001943,26.066661235923,0.0198465929762182,0.0122360950581877,0.00129822322692958,0.931944097562387
1415,1607,1607,555,758,1621,Good,1,slightly degraded,D:\LSH\LSH\实验\聚焦信号分类实验\1\ROI_x729_y538_w32_h39_20260626_212915\01_valid_raw_and_ifft\mat\curve_r0555_c0758_idx000574.mat,D:\LSH\LSH\实验\聚焦信号分类实验\1\ROI_x729_y538_w32_h39_20260626_212915\01_valid_raw_and_ifft\mat,valid_folder,valid,25.8875072748544,25.845664871987,0.0272404507202586,0.0156821413576111,0.00177497645975277,0.923021783280979
1416,1608,1608,555,759,1622,Good,1,slightly degraded,D:\LSH\LSH\实验\聚焦信号分类实验\1\ROI_x729_y538_w32_h39_20260626_212915\01_valid_raw_and_ifft\mat\curve_r0555_c0759_idx000575.mat,D:\LSH\LSH\实验\聚焦信号分类实验\1\ROI_x729_y538_w32_h39_20260626_212915\01_valid_raw_and_ifft\mat,valid_folder,valid,25.9753544487396,25.9251537446882,0.0155245506550501,0.00935757941119914,0.000927324973514865,0.939458470230202
1417,1609,1609,555,760,1623,Good,1,slightly degraded,D:\LSH\LSH\实验\聚焦信号分类实验\1\ROI_x729_y538_w32_h39_20260626_212915\01_valid_raw_and_ifft\mat\curve_r0555_c0760_idx000576.mat,D:\LSH\LSH\实验\聚焦信号分类实验\1\ROI_x729_y538_w32_h39_20260626_212915\01_valid_raw_and_ifft\mat,valid_folder,valid,25.773211950876,25.7422285682276,0.0153541834307717,0.00866083650672439,0.00105687632063941,0.908507202720582
1418,1610,1610,556,729,1624,Good,1,slightly degraded,D:\LSH\LSH\实验\聚焦信号分类实验\1\ROI_x729_y538_w32_h39_20260626_212915\01_valid_raw_and_ifft\mat\curve_r0556_c0729_idx000577.mat,D:\LSH\LSH\实验\聚焦信号分类实验\1\ROI_x729_y538_w32_h39_20260626_212915\01_valid_raw_and_ifft\mat,valid_folder,valid,30.0751572793934,30.0776767822557,0.00778068123610135,0.00412554954284167,0.000528076501709479,0.896733591104629
1419,1611,1611,556,730,1625,Good,1,slightly degraded,D:\LSH\LSH\实验\聚焦信号分类实验\1\ROI_x729_y538_w32_h39_20260626_212915\01_valid_raw_and_ifft\mat\curve_r0556_c0730_idx000578.mat,D:\LSH\LSH\实验\聚焦信号分类实验\1\ROI_x729_y538_w32_h39_20260626_212915\01_valid_raw_and_ifft\mat,valid_folder,valid,29.9793516602936,29.8456663883152,0.00519782160181758,0.00270499198494422,0.000348831987468909,0.886263106885948
1420,1612,1612,556,731,1626,Good,1,slightly degraded,D:\LSH\LSH\实验\聚焦信号分类实验\1\ROI_x729_y538_w32_h39_20260626_212915\01_valid_raw_and_ifft\mat\curve_r0556_c0731_idx000579.mat,D:\LSH\LSH\实验\聚焦信号分类实验\1\ROI_x729_y538_w32_h39_20260626_212915\01_valid_raw_and_ifft\mat,valid_folder,valid,29.891202987887,29.6224993453579,0.0156383673649387,0.00937795642703206,0.000939961634176765,0.935225889822248
1421,1613,1613,556,732,1627,Good,1,slightly degraded,D:\LSH\LSH\实验\聚焦信号分类实验\1\ROI_x729_y538_w32_h39_20260626_212915\01_valid_raw_and_ifft\mat\curve_r0556_c0732_idx000580.mat,D:\LSH\LSH\实验\聚焦信号分类实验\1\ROI_x729_y538_w32_h39_20260626_212915\01_valid_raw_and_ifft\mat,valid_folder,valid,30.0070670068718,29.9333106255006,0.0770842175796824,0.0434234614259236,0.00489967215874676,0.922968463522012
1422,1614,1614,556,733,1628,Good,1,slightly degraded,D:\LSH\LSH\实验\聚焦信号分类实验\1\ROI_x729_y538_w32_h39_20260626_212915\01_valid_raw_and_ifft\mat\curve_r0556_c0733_idx000581.mat,D:\LSH\LSH\实验\聚焦信号分类实验\1\ROI_x729_y538_w32_h39_20260626_212915\01_valid_raw_and_ifft\mat,valid_folder,valid,30.0428004997444,29.9890403767565,0.0939370109650227,0.0538873056174081,0.00611640459128478,0.923059373961552
1423,1615,1615,556,734,1629,Good,1,slightly degraded,D:\LSH\LSH\实验\聚焦信号分类实验\1\ROI_x729_y538_w32_h39_20260626_212915\01_valid_raw_and_ifft\mat\curve_r0556_c0734_idx000582.mat,D:\LSH\LSH\实验\聚焦信号分类实验\1\ROI_x729_y538_w32_h39_20260626_212915\01_valid_raw_and_ifft\mat,valid_folder,valid,30.0211328295491,29.9772323121446,0.053763053414671,0.0319675292404857,0.00346886600263319,0.92853779079483
1424,1616,1616,556,735,1630,Good,1,slightly degraded,D:\LSH\LSH\实验\聚焦信号分类实验\1\ROI_x729_y538_w32_h39_20260626_212915\01_valid_raw_and_ifft\mat\curve_r0556_c0735_idx000583.mat,D:\LSH\LSH\实验\聚焦信号分类实验\1\ROI_x729_y538_w32_h39_20260626_212915\01_valid_raw_and_ifft\mat,valid_folder,valid,29.6482803897545,29.7069790901799,0.0227511551377643,0.0149066468316611,0.00144179499693367,0.943183455690354
1425,1617,1617,556,736,1631,Good,1,slightly degraded,D:\LSH\LSH\实验\聚焦信号分类实验\1\ROI_x729_y538_w32_h39_20260626_212915\01_valid_raw_and_ifft\mat\curve_r0556_c0736_idx000584.mat,D:\LSH\LSH\实验\聚焦信号分类实验\1\ROI_x729_y538_w32_h39_20260626_212915\01_valid_raw_and_ifft\mat,valid_folder,valid,29.4624122096383,29.6451470899338,0.0149366228223425,0.00903409186634115,0.00103257283072953,0.918920154142407
1426,1618,1618,556,737,1632,Good,1,slightly degraded,D:\LSH\LSH\实验\聚焦信号分类实验\1\ROI_x729_y538_w32_h39_20260626_212915\01_valid_raw_and_ifft\mat\curve_r0556_c0737_idx000585.mat,D:\LSH\LSH\实验\聚焦信号分类实验\1\ROI_x729_y538_w32_h39_20260626_212915\01_valid_raw_and_ifft\mat,valid_folder,valid,29.0974402508324,29.1611723038958,0.00484135673702806,0.00245868246999561,0.000349563792310972,0.863375376458651
1427,1619,1619,556,739,1633,Good,1,slightly degraded,D:\LSH\LSH\实验\聚焦信号分类实验\1\ROI_x729_y538_w32_h39_20260626_212915\01_valid_raw_and_ifft\mat\curve_r0556_c0739_idx000587.mat,D:\LSH\LSH\实验\聚焦信号分类实验\1\ROI_x729_y538_w32_h39_20260626_212915\01_valid_raw_and_ifft\mat,valid_folder,valid,28.6033487441176,28.0044249163268,0.00202096914187116,0.00135442331388858,0.000141589399325611,0.920710202502868
1428,1620,1620,556,740,1634,Good,1,slightly degraded,D:\LSH\LSH\实验\聚焦信号分类实验\1\ROI_x729_y538_w32_h39_20260626_212915\01_valid_raw_and_ifft\mat\curve_r0556_c0740_idx000588.mat,D:\LSH\LSH\实验\聚焦信号分类实验\1\ROI_x729_y538_w32_h39_20260626_212915\01_valid_raw_and_ifft\mat,valid_folder,valid,28.7556356505133,28.2286723811432,0.00687404085123616,0.0039289430756364,0.000469780959503546,0.905631618189737
1429,1621,1621,556,741,1635,Good,1,slightly degraded,D:\LSH\LSH\实验\聚焦信号分类实验\1\ROI_x729_y538_w32_h39_20260626_212915\01_valid_raw_and_ifft\mat\curve_r0556_c0741_idx000589.mat,D:\LSH\LSH\实验\聚焦信号分类实验\1\ROI_x729_y538_w32_h39_20260626_212915\01_valid_raw_and_ifft\mat,valid_folder,valid,28.8303957189422,28.4163582634999,0.0101228350384039,0.00527984230315814,0.000717160585050802,0.884928134645348
1430,1622,1622,556,742,1636,Good,1,slightly degraded,D:\LSH\LSH\实验\聚焦信号分类实验\1\ROI_x729_y538_w32_h39_20260626_212915\01_valid_raw_and_ifft\mat\curve_r0556_c0742_idx000590.mat,D:\LSH\LSH\实验\聚焦信号分类实验\1\ROI_x729_y538_w32_h39_20260626_212915\01_valid_raw_and_ifft\mat,valid_folder,valid,28.8821514442019,28.6596742546168,0.00728927948259163,0.00352534018586717,0.000534015204665566,0.855940783449813
1431,1623,1623,556,743,1637,Good,1,slightly degraded,D:\LSH\LSH\实验\聚焦信号分类实验\1\ROI_x729_y538_w32_h39_20260626_212915\01_valid_raw_and_ifft\mat\curve_r0556_c0743_idx000591.mat,D:\LSH\LSH\实验\聚焦信号分类实验\1\ROI_x729_y538_w32_h39_20260626_212915\01_valid_raw_and_ifft\mat,valid_folder,valid,28.882096833742,28.6679488994367,0.00237913870817942,0.00129644894857171,0.000163877436563953,0.882076602412901
1432,1624,1624,556,746,1638,Good,1,slightly degraded,D:\LSH\LSH\实验\聚焦信号分类实验\1\ROI_x729_y538_w32_h39_20260626_212915\01_valid_raw_and_ifft\mat\curve_r0556_c0746_idx000594.mat,D:\LSH\LSH\实验\聚焦信号分类实验\1\ROI_x729_y538_w32_h39_20260626_212915\01_valid_raw_and_ifft\mat,valid_folder,valid,28.1135167380167,27.8561230064558,0.00148026099309806,0.00111775874262063,0.000103577270981223,0.935632152758968
1433,1625,1625,556,747,1639,Good,1,slightly degraded,D:\LSH\LSH\实验\聚焦信号分类实验\1\ROI_x729_y538_w32_h39_20260626_212915\01_valid_raw_and_ifft\mat\curve_r0556_c0747_idx000595.mat,D:\LSH\LSH\实验\聚焦信号分类实验\1\ROI_x729_y538_w32_h39_20260626_212915\01_valid_raw_and_ifft\mat,valid_folder,valid,27.4522947778217,27.7449684049065,0.00277465093000403,0.00203364083573345,0.000170510836175799,0.951079995155879
1434,1626,1626,556,748,1640,Good,1,slightly degraded,D:\LSH\LSH\实验\聚焦信号分类实验\1\ROI_x729_y538_w32_h39_20260626_212915\01_valid_raw_and_ifft\mat\curve_r0556_c0748_idx000596.mat,D:\LSH\LSH\实验\聚焦信号分类实验\1\ROI_x729_y538_w32_h39_20260626_212915\01_valid_raw_and_ifft\mat,valid_folder,valid,27.1313931951407,27.2358264564184,0.0103665719768412,0.00543339854391419,0.000705812628063972,0.895045156053844
1435,1627,1627,556,749,1641,Good,1,slightly degraded,D:\LSH\LSH\实验\聚焦信号分类实验\1\ROI_x729_y538_w32_h39_20260626_212915\01_valid_raw_and_ifft\mat\curve_r0556_c0749_idx000597.mat,D:\LSH\LSH\实验\聚焦信号分类实验\1\ROI_x729_y538_w32_h39_20260626_212915\01_valid_raw_and_ifft\mat,valid_folder,valid,27.0959996936943,27.1989110178936,0.0154401941200019,0.00738648738132194,0.00112050062331362,0.864047760082789
1436,1628,1628,556,750,1642,Good,1,slightly degraded,D:\LSH\LSH\实验\聚焦信号分类实验\1\ROI_x729_y538_w32_h39_20260626_212915\01_valid_raw_and_ifft\mat\curve_r0556_c0750_idx000598.mat,D:\LSH\LSH\实验\聚焦信号分类实验\1\ROI_x729_y538_w32_h39_20260626_212915\01_valid_raw_and_ifft\mat,valid_folder,valid,27.0624415028575,27.0674940243289,0.0163035405300146,0.00876084410639152,0.00104098197169134,0.909448551066153
1437,1629,1629,556,751,1643,Good,1,slightly degraded,D:\LSH\LSH\实验\聚焦信号分类实验\1\ROI_x729_y538_w32_h39_20260626_212915\01_valid_raw_and_ifft\mat\curve_r0556_c0751_idx000599.mat,D:\LSH\LSH\实验\聚焦信号分类实验\1\ROI_x729_y538_w32_h39_20260626_212915\01_valid_raw_and_ifft\mat,valid_folder,valid,26.8727192990248,26.8361644756836,0.0184664438994454,0.0110990435828595,0.00106951748140534,0.941211946445642
1438,1630,1630,556,752,1644,Good,1,slightly degraded,D:\LSH\LSH\实验\聚焦信号分类实验\1\ROI_x729_y538_w32_h39_20260626_212915\01_valid_raw_and_ifft\mat\curve_r0556_c0752_idx000600.mat,D:\LSH\LSH\实验\聚焦信号分类实验\1\ROI_x729_y538_w32_h39_20260626_212915\01_valid_raw_and_ifft\mat,valid_folder,valid,26.9397058373699,26.9050126956726,0.0387470482830871,0.022328879803488,0.00239687483432543,0.929849889089912
1439,1631,1631,556,753,1645,Good,1,slightly degraded,D:\LSH\LSH\实验\聚焦信号分类实验\1\ROI_x729_y538_w32_h39_20260626_212915\01_valid_raw_and_ifft\mat\curve_r0556_c0753_idx000601.mat,D:\LSH\LSH\实验\聚焦信号分类实验\1\ROI_x729_y538_w32_h39_20260626_212915\01_valid_raw_and_ifft\mat,valid_folder,valid,26.935710716212,26.8820595338526,0.0386299721202777,0.0217818334952867,0.00243056808307427,0.923639816220496
1440,1632,1632,556,754,1646,Good,1,slightly degraded,D:\LSH\LSH\实验\聚焦信号分类实验\1\ROI_x729_y538_w32_h39_20260626_212915\01_valid_raw_and_ifft\mat\curve_r0556_c0754_idx000602.mat,D:\LSH\LSH\实验\聚焦信号分类实验\1\ROI_x729_y538_w32_h39_20260626_212915\01_valid_raw_and_ifft\mat,valid_folder,valid,26.9154430175129,26.8733046119934,0.0297840897872682,0.0157274159133202,0.00201719801055982,0.899686720145587
1441,1633,1633,556,755,1647,Good,1,slightly degraded,D:\LSH\LSH\实验\聚焦信号分类实验\1\ROI_x729_y538_w32_h39_20260626_212915\01_valid_raw_and_ifft\mat\curve_r0556_c0755_idx000603.mat,D:\LSH\LSH\实验\聚焦信号分类实验\1\ROI_x729_y538_w32_h39_20260626_212915\01_valid_raw_and_ifft\mat,valid_folder,valid,26.5809418147238,26.5579742596858,0.013781512994769,0.00874654145005965,0.00085352668373435,0.939696984639034
1442,1634,1634,556,756,1648,Good,1,slightly degraded,D:\LSH\LSH\实验\聚焦信号分类实验\1\ROI_x729_y538_w32_h39_20260626_212915\01_valid_raw_and_ifft\mat\curve_r0556_c0756_idx000604.mat,D:\LSH\LSH\实验\聚焦信号分类实验\1\ROI_x729_y538_w32_h39_20260626_212915\01_valid_raw_and_ifft\mat,valid_folder,valid,26.3007273934968,26.2081562382804,0.0126071427927016,0.00853948186239074,0.000780613529250292,0.947584335678237
1443,1635,1635,556,757,1649,Good,1,slightly degraded,D:\LSH\LSH\实验\聚焦信号分类实验\1\ROI_x729_y538_w32_h39_20260626_212915\01_valid_raw_and_ifft\mat\curve_r0556_c0757_idx000605.mat,D:\LSH\LSH\实验\聚焦信号分类实验\1\ROI_x729_y538_w32_h39_20260626_212915\01_valid_raw_and_ifft\mat,valid_folder,valid,25.9033779049578,25.9105812600354,0.0223470045946904,0.0130647434847862,0.00146998474789991,0.923661445742472
1444,1636,1636,556,758,1650,Good,1,slightly degraded,D:\LSH\LSH\实验\聚焦信号分类实验\1\ROI_x729_y538_w32_h39_20260626_212915\01_valid_raw_and_ifft\mat\curve_r0556_c0758_idx000606.mat,D:\LSH\LSH\实验\聚焦信号分类实验\1\ROI_x729_y538_w32_h39_20260626_212915\01_valid_raw_and_ifft\mat,valid_folder,valid,25.9321469231588,25.9007755184665,0.0325798235008272,0.0174063030867491,0.00220005438534693,0.904693880207899
1445,1637,1637,556,759,1651,Good,1,slightly degraded,D:\LSH\LSH\实验\聚焦信号分类实验\1\ROI_x729_y538_w32_h39_20260626_212915\01_valid_raw_and_ifft\mat\curve_r0556_c0759_idx000607.mat,D:\LSH\LSH\实验\聚焦信号分类实验\1\ROI_x729_y538_w32_h39_20260626_212915\01_valid_raw_and_ifft\mat,valid_folder,valid,25.9009171759652,25.8493870261159,0.0297246378993442,0.0151331675615325,0.00206591558898956,0.889114941807882
1446,1638,1638,556,760,1652,Good,1,slightly degraded,D:\LSH\LSH\实验\聚焦信号分类实验\1\ROI_x729_y538_w32_h39_20260626_212915\01_valid_raw_and_ifft\mat\curve_r0556_c0760_idx000608.mat,D:\LSH\LSH\实验\聚焦信号分类实验\1\ROI_x729_y538_w32_h39_20260626_212915\01_valid_raw_and_ifft\mat,valid_folder,valid,25.8101477377102,25.7341512406713,0.0148414600734625,0.00779272325576118,0.00104792239496362,0.888449729930612
1447,1639,1639,557,729,1653,Good,1,slightly degraded,D:\LSH\LSH\实验\聚焦信号分类实验\1\ROI_x729_y538_w32_h39_20260626_212915\01_valid_raw_and_ifft\mat\curve_r0557_c0729_idx000609.mat,D:\LSH\LSH\实验\聚焦信号分类实验\1\ROI_x729_y538_w32_h39_20260626_212915\01_valid_raw_and_ifft\mat,valid_folder,valid,30.1241427871143,30.1394993919501,0.00768486017205078,0.00409891710606311,0.000522910208321567,0.898449402954104
1448,1640,1640,557,730,1654,Good,1,slightly degraded,D:\LSH\LSH\实验\聚焦信号分类实验\1\ROI_x729_y538_w32_h39_20260626_212915\01_valid_raw_and_ifft\mat\curve_r0557_c0730_idx000610.mat,D:\LSH\LSH\实验\聚焦信号分类实验\1\ROI_x729_y538_w32_h39_20260626_212915\01_valid_raw_and_ifft\mat,valid_folder,valid,29.9309766452954,29.6835367092907,0.00590651872953717,0.00340556593397249,0.00037028022433202,0.919744596509501
1449,1641,1641,557,731,1655,Good,1,slightly degraded,D:\LSH\LSH\实验\聚焦信号分类实验\1\ROI_x729_y538_w32_h39_20260626_212915\01_valid_raw_and_ifft\mat\curve_r0557_c0731_idx000611.mat,D:\LSH\LSH\实验\聚焦信号分类实验\1\ROI_x729_y538_w32_h39_20260626_212915\01_valid_raw_and_ifft\mat,valid_folder,valid,29.8389612485728,29.7004305048903,0.0282319232889292,0.0140433353982785,0.00204797221198188,0.874851980814237
1450,1642,1642,557,732,1656,Good,1,slightly degraded,D:\LSH\LSH\实验\聚焦信号分类实验\1\ROI_x729_y538_w32_h39_20260626_212915\01_valid_raw_and_ifft\mat\curve_r0557_c0732_idx000612.mat,D:\LSH\LSH\实验\聚焦信号分类实验\1\ROI_x729_y538_w32_h39_20260626_212915\01_valid_raw_and_ifft\mat,valid_folder,valid,29.90878881695,29.833996649822,0.0587353879718948,0.0286353756613121,0.00419991792745871,0.874876153856937
1451,1643,1643,557,733,1657,Good,1,slightly degraded,D:\LSH\LSH\实验\聚焦信号分类实验\1\ROI_x729_y538_w32_h39_20260626_212915\01_valid_raw_and_ifft\mat\curve_r0557_c0733_idx000613.mat,D:\LSH\LSH\实验\聚焦信号分类实验\1\ROI_x729_y538_w32_h39_20260626_212915\01_valid_raw_and_ifft\mat,valid_folder,valid,29.9177186726639,29.824929765153,0.0497905136289421,0.0246585431952504,0.00349988745463982,0.88176315386351
1452,1644,1644,557,734,1658,Good,1,slightly degraded,D:\LSH\LSH\实验\聚焦信号分类实验\1\ROI_x729_y538_w32_h39_20260626_212915\01_valid_raw_and_ifft\mat\curve_r0557_c0734_idx000614.mat,D:\LSH\LSH\实验\聚焦信号分类实验\1\ROI_x729_y538_w32_h39_20260626_212915\01_valid_raw_and_ifft\mat,valid_folder,valid,29.7051901793324,29.5922584493007,0.021588974683773,0.0129043662854853,0.00141192109026122,0.927857808518424
1453,1645,1645,557,735,1659,Good,1,slightly degraded,D:\LSH\LSH\实验\聚焦信号分类实验\1\ROI_x729_y538_w32_h39_20260626_212915\01_valid_raw_and_ifft\mat\curve_r0557_c0735_idx000615.mat,D:\LSH\LSH\实验\聚焦信号分类实验\1\ROI_x729_y538_w32_h39_20260626_212915\01_valid_raw_and_ifft\mat,valid_folder,valid,29.2805951163071,29.4464478434844,0.0104250285305969,0.00642472130261615,0.000642509733740322,0.938156542302009
1454,1646,1646,557,736,1660,Good,1,slightly degraded,D:\LSH\LSH\实验\聚焦信号分类实验\1\ROI_x729_y538_w32_h39_20260626_212915\01_valid_raw_and_ifft\mat\curve_r0557_c0736_idx000616.mat,D:\LSH\LSH\实验\聚焦信号分类实验\1\ROI_x729_y538_w32_h39_20260626_212915\01_valid_raw_and_ifft\mat,valid_folder,valid,29.8303819193985,29.8195530445034,0.00598727751077456,0.00369517010605684,0.00039115314278187,0.92596878720345
1455,1647,1647,557,737,1661,Good,1,slightly degraded,D:\LSH\LSH\实验\聚焦信号分类实验\1\ROI_x729_y538_w32_h39_20260626_212915\01_valid_raw_and_ifft\mat\curve_r0557_c0737_idx000617.mat,D:\LSH\LSH\实验\聚焦信号分类实验\1\ROI_x729_y538_w32_h39_20260626_212915\01_valid_raw_and_ifft\mat,valid_folder,valid,29.1892841653124,29.1958522145836,0.00190209189049244,0.00114938493551426,0.000122229435116029,0.918931815138272
1456,1648,1648,557,739,1662,Good,1,slightly degraded,D:\LSH\LSH\实验\聚焦信号分类实验\1\ROI_x729_y538_w32_h39_20260626_212915\01_valid_raw_and_ifft\mat\curve_r0557_c0739_idx000619.mat,D:\LSH\LSH\实验\聚焦信号分类实验\1\ROI_x729_y538_w32_h39_20260626_212915\01_valid_raw_and_ifft\mat,valid_folder,valid,28.0885359344079,28.0332965678603,0.00929169602017155,0.00505253281523047,0.000616663857522111,0.904643046685531
1457,1649,1649,557,740,1663,Good,1,slightly degraded,D:\LSH\LSH\实验\聚焦信号分类实验\1\ROI_x729_y538_w32_h39_20260626_212915\01_valid_raw_and_ifft\mat\curve_r0557_c0740_idx000620.mat,D:\LSH\LSH\实验\聚焦信号分类实验\1\ROI_x729_y538_w32_h39_20260626_212915\01_valid_raw_and_ifft\mat,valid_folder,valid,28.6384729967123,28.357181401108,0.0597807532530029,0.0333295669343326,0.00440028379808122,0.899886833284116
1458,1650,1650,557,741,1664,Good,1,slightly degraded,D:\LSH\LSH\实验\聚焦信号分类实验\1\ROI_x729_y538_w32_h39_20260626_212915\01_valid_raw_and_ifft\mat\curve_r0557_c0741_idx000621.mat,D:\LSH\LSH\实验\聚焦信号分类实验\1\ROI_x729_y538_w32_h39_20260626_212915\01_valid_raw_and_ifft\mat,valid_folder,valid,28.6578297239433,28.3558972742691,0.0663879443115293,0.0371513174848642,0.00482047583324176,0.902453878239891
1459,1651,1651,557,742,1665,Good,1,slightly degraded,D:\LSH\LSH\实验\聚焦信号分类实验\1\ROI_x729_y538_w32_h39_20260626_212915\01_valid_raw_and_ifft\mat\curve_r0557_c0742_idx000622.mat,D:\LSH\LSH\实验\聚焦信号分类实验\1\ROI_x729_y538_w32_h39_20260626_212915\01_valid_raw_and_ifft\mat,valid_folder,valid,28.9399284946074,28.8016778959746,0.0271925815893954,0.0116457779079026,0.00215815572020472,0.810082518753559
1460,1652,1652,557,743,1666,Good,1,slightly degraded,D:\LSH\LSH\实验\聚焦信号分类实验\1\ROI_x729_y538_w32_h39_20260626_212915\01_valid_raw_and_ifft\mat\curve_r0557_c0743_idx000623.mat,D:\LSH\LSH\实验\聚焦信号分类实验\1\ROI_x729_y538_w32_h39_20260626_212915\01_valid_raw_and_ifft\mat,valid_folder,valid,30.8376894560775,29.7150848738866,0.00148293098486274,0.00107021629521321,0.000117980190338238,0.915975659106729
1461,1653,1653,557,747,1667,Good,1,slightly degraded,D:\LSH\LSH\实验\聚焦信号分类实验\1\ROI_x729_y538_w32_h39_20260626_212915\01_valid_raw_and_ifft\mat\curve_r0557_c0747_idx000627.mat,D:\LSH\LSH\实验\聚焦信号分类实验\1\ROI_x729_y538_w32_h39_20260626_212915\01_valid_raw_and_ifft\mat,valid_folder,valid,27.1255275941706,27.5607654655544,0.00349764802524849,0.0018874505925717,0.000250019138773848,0.882248618440946
1462,1654,1654,557,748,1668,Good,1,slightly degraded,D:\LSH\LSH\实验\聚焦信号分类实验\1\ROI_x729_y538_w32_h39_20260626_212915\01_valid_raw_and_ifft\mat\curve_r0557_c0748_idx000628.mat,D:\LSH\LSH\实验\聚焦信号分类实验\1\ROI_x729_y538_w32_h39_20260626_212915\01_valid_raw_and_ifft\mat,valid_folder,valid,27.1429386993044,27.3666840923928,0.0051720749544967,0.00268883553596826,0.000353763759146086,0.88590091444064
1463,1655,1655,557,749,1669,Good,1,slightly degraded,D:\LSH\LSH\实验\聚焦信号分类实验\1\ROI_x729_y538_w32_h39_20260626_212915\01_valid_raw_and_ifft\mat\curve_r0557_c0749_idx000629.mat,D:\LSH\LSH\实验\聚焦信号分类实验\1\ROI_x729_y538_w32_h39_20260626_212915\01_valid_raw_and_ifft\mat,valid_folder,valid,27.1632438942719,27.2389488184654,0.00535484509219972,0.0027569424383298,0.000387476268937595,0.873249602834376
1464,1656,1656,557,750,1670,Good,1,slightly degraded,D:\LSH\LSH\实验\聚焦信号分类实验\1\ROI_x729_y538_w32_h39_20260626_212915\01_valid_raw_and_ifft\mat\curve_r0557_c0750_idx000630.mat,D:\LSH\LSH\实验\聚焦信号分类实验\1\ROI_x729_y538_w32_h39_20260626_212915\01_valid_raw_and_ifft\mat,valid_folder,valid,27.0081915770828,26.8878655823755,0.00714607383990489,0.00437480291686119,0.000421442956114563,0.937180614339471
1465,1657,1657,557,751,1671,Good,1,slightly degraded,D:\LSH\LSH\实验\聚焦信号分类实验\1\ROI_x729_y538_w32_h39_20260626_212915\01_valid_raw_and_ifft\mat\curve_r0557_c0751_idx000631.mat,D:\LSH\LSH\实验\聚焦信号分类实验\1\ROI_x729_y538_w32_h39_20260626_212915\01_valid_raw_and_ifft\mat,valid_folder,valid,26.7891498148612,26.7397007812015,0.0230930620520338,0.0128417804163525,0.00159443916509584,0.907399179040911
1466,1658,1658,557,752,1672,Good,1,slightly degraded,D:\LSH\LSH\实验\聚焦信号分类实验\1\ROI_x729_y538_w32_h39_20260626_212915\01_valid_raw_and_ifft\mat\curve_r0557_c0752_idx000632.mat,D:\LSH\LSH\实验\聚焦信号分类实验\1\ROI_x729_y538_w32_h39_20260626_212915\01_valid_raw_and_ifft\mat,valid_folder,valid,26.7656293116755,26.6662061628948,0.0307238219938256,0.016411601810951,0.00220520434665469,0.89421160324416
1467,1659,1659,557,753,1673,Good,1,slightly degraded,D:\LSH\LSH\实验\聚焦信号分类实验\1\ROI_x729_y538_w32_h39_20260626_212915\01_valid_raw_and_ifft\mat\curve_r0557_c0753_idx000633.mat,D:\LSH\LSH\实验\聚焦信号分类实验\1\ROI_x729_y538_w32_h39_20260626_212915\01_valid_raw_and_ifft\mat,valid_folder,valid,26.6708445012841,26.5926916515704,0.0213802490271956,0.0115859246267793,0.00162352508409838,0.886102841182144
1468,1660,1660,557,754,1674,Good,1,slightly degraded,D:\LSH\LSH\实验\聚焦信号分类实验\1\ROI_x729_y538_w32_h39_20260626_212915\01_valid_raw_and_ifft\mat\curve_r0557_c0754_idx000634.mat,D:\LSH\LSH\实验\聚焦信号分类实验\1\ROI_x729_y538_w32_h39_20260626_212915\01_valid_raw_and_ifft\mat,valid_folder,valid,26.4014413099535,26.5364837281088,0.010356358913957,0.00570847790903391,0.000796641464209621,0.88240318198138
1469,1661,1661,557,755,1675,Good,1,slightly degraded,D:\LSH\LSH\实验\聚焦信号分类实验\1\ROI_x729_y538_w32_h39_20260626_212915\01_valid_raw_and_ifft\mat\curve_r0557_c0755_idx000635.mat,D:\LSH\LSH\实验\聚焦信号分类实验\1\ROI_x729_y538_w32_h39_20260626_212915\01_valid_raw_and_ifft\mat,valid_folder,valid,26.0808593172253,26.1537229636488,0.00695814932438484,0.0039545534570268,0.000426469545891202,0.921834035181811
1470,1662,1662,557,756,1676,Good,1,slightly degraded,D:\LSH\LSH\实验\聚焦信号分类实验\1\ROI_x729_y538_w32_h39_20260626_212915\01_valid_raw_and_ifft\mat\curve_r0557_c0756_idx000636.mat,D:\LSH\LSH\实验\聚焦信号分类实验\1\ROI_x729_y538_w32_h39_20260626_212915\01_valid_raw_and_ifft\mat,valid_folder,valid,25.6667123354596,25.8632312302533,0.00631556217498898,0.00455631891619864,0.000389141774016286,0.953423165528774
1471,1663,1663,557,757,1677,Good,1,slightly degraded,D:\LSH\LSH\实验\聚焦信号分类实验\1\ROI_x729_y538_w32_h39_20260626_212915\01_valid_raw_and_ifft\mat\curve_r0557_c0757_idx000637.mat,D:\LSH\LSH\实验\聚焦信号分类实验\1\ROI_x729_y538_w32_h39_20260626_212915\01_valid_raw_and_ifft\mat,valid_folder,valid,25.6764158706769,25.7066167388928,0.0236639010301287,0.0138080899497501,0.00170558666104017,0.91062774437474
1472,1664,1664,557,758,1678,Good,1,slightly degraded,D:\LSH\LSH\实验\聚焦信号分类实验\1\ROI_x729_y538_w32_h39_20260626_212915\01_valid_raw_and_ifft\mat\curve_r0557_c0758_idx000638.mat,D:\LSH\LSH\实验\聚焦信号分类实验\1\ROI_x729_y538_w32_h39_20260626_212915\01_valid_raw_and_ifft\mat,valid_folder,valid,25.9134481564465,25.8877029657916,0.0392288199299211,0.0205534937681584,0.00272876099453814,0.897247897104132
1473,1665,1665,557,759,1679,Good,1,slightly degraded,D:\LSH\LSH\实验\聚焦信号分类实验\1\ROI_x729_y538_w32_h39_20260626_212915\01_valid_raw_and_ifft\mat\curve_r0557_c0759_idx000639.mat,D:\LSH\LSH\实验\聚焦信号分类实验\1\ROI_x729_y538_w32_h39_20260626_212915\01_valid_raw_and_ifft\mat,valid_folder,valid,25.8872106823797,25.859704928756,0.0313792524679019,0.0160227623755679,0.00222836756109041,0.886743854725203
1474,1666,1666,557,760,1680,Good,1,slightly degraded,D:\LSH\LSH\实验\聚焦信号分类实验\1\ROI_x729_y538_w32_h39_20260626_212915\01_valid_raw_and_ifft\mat\curve_r0557_c0760_idx000640.mat,D:\LSH\LSH\实验\聚焦信号分类实验\1\ROI_x729_y538_w32_h39_20260626_212915\01_valid_raw_and_ifft\mat,valid_folder,valid,25.7368599149373,25.7637789198468,0.00925172537781246,0.00534248878369049,0.000633792006751767,0.911196751671385
1475,1667,1667,558,729,1681,Good,1,slightly degraded,D:\LSH\LSH\实验\聚焦信号分类实验\1\ROI_x729_y538_w32_h39_20260626_212915\01_valid_raw_and_ifft\mat\curve_r0558_c0729_idx000641.mat,D:\LSH\LSH\实验\聚焦信号分类实验\1\ROI_x729_y538_w32_h39_20260626_212915\01_valid_raw_and_ifft\mat,valid_folder,valid,30.1728356588026,30.1282967684892,0.0054780848627028,0.00327866641757704,0.000341541557346147,0.928802166230996
1476,1668,1668,558,730,1682,Good,1,slightly degraded,D:\LSH\LSH\实验\聚焦信号分类实验\1\ROI_x729_y538_w32_h39_20260626_212915\01_valid_raw_and_ifft\mat\curve_r0558_c0730_idx000642.mat,D:\LSH\LSH\实验\聚焦信号分类实验\1\ROI_x729_y538_w32_h39_20260626_212915\01_valid_raw_and_ifft\mat,valid_folder,valid,29.9063431103776,29.7140774580591,0.00610418323413767,0.00364263630305714,0.00036212717633528,0.93380353394195
1477,1669,1669,558,731,1683,Good,1,slightly degraded,D:\LSH\LSH\实验\聚焦信号分类实验\1\ROI_x729_y538_w32_h39_20260626_212915\01_valid_raw_and_ifft\mat\curve_r0558_c0731_idx000643.mat,D:\LSH\LSH\实验\聚焦信号分类实验\1\ROI_x729_y538_w32_h39_20260626_212915\01_valid_raw_and_ifft\mat,valid_folder,valid,29.7718101166905,29.653239581918,0.0205978504441666,0.0105649251728447,0.00153352714565805,0.87662038909714
1478,1670,1670,558,732,1684,Good,1,slightly degraded,D:\LSH\LSH\实验\聚焦信号分类实验\1\ROI_x729_y538_w32_h39_20260626_212915\01_valid_raw_and_ifft\mat\curve_r0558_c0732_idx000644.mat,D:\LSH\LSH\实验\聚焦信号分类实验\1\ROI_x729_y538_w32_h39_20260626_212915\01_valid_raw_and_ifft\mat,valid_folder,valid,29.7182144600835,29.5804132315208,0.0265199429558783,0.013624142665269,0.0020493818089205,0.870500418591207
1479,1671,1671,558,733,1685,Good,1,slightly degraded,D:\LSH\LSH\实验\聚焦信号分类实验\1\ROI_x729_y538_w32_h39_20260626_212915\01_valid_raw_and_ifft\mat\curve_r0558_c0733_idx000645.mat,D:\LSH\LSH\实验\聚焦信号分类实验\1\ROI_x729_y538_w32_h39_20260626_212915\01_valid_raw_and_ifft\mat,valid_folder,valid,29.2440835297617,29.2816393066856,0.0191620418096088,0.0105522395141249,0.00138007188056863,0.898096091704432
1480,1672,1672,558,734,1686,Good,1,slightly degraded,D:\LSH\LSH\实验\聚焦信号分类实验\1\ROI_x729_y538_w32_h39_20260626_212915\01_valid_raw_and_ifft\mat\curve_r0558_c0734_idx000646.mat,D:\LSH\LSH\实验\聚焦信号分类实验\1\ROI_x729_y538_w32_h39_20260626_212915\01_valid_raw_and_ifft\mat,valid_folder,valid,29.0606358889544,29.1123279747738,0.0190462088363264,0.00943104504085669,0.0013401116668871,0.879231685482082
1481,1673,1673,558,735,1687,Good,1,slightly degraded,D:\LSH\LSH\实验\聚焦信号分类实验\1\ROI_x729_y538_w32_h39_20260626_212915\01_valid_raw_and_ifft\mat\curve_r0558_c0735_idx000647.mat,D:\LSH\LSH\实验\聚焦信号分类实验\1\ROI_x729_y538_w32_h39_20260626_212915\01_valid_raw_and_ifft\mat,valid_folder,valid,29.0190991669412,29.0671180018029,0.0143529951019829,0.00633996948356793,0.00109536148909804,0.828635205127057
1482,1674,1674,558,736,1688,Good,1,slightly degraded,D:\LSH\LSH\实验\聚焦信号分类实验\1\ROI_x729_y538_w32_h39_20260626_212915\01_valid_raw_and_ifft\mat\curve_r0558_c0736_idx000648.mat,D:\LSH\LSH\实验\聚焦信号分类实验\1\ROI_x729_y538_w32_h39_20260626_212915\01_valid_raw_and_ifft\mat,valid_folder,valid,29.1452379007153,29.1063870637461,0.00242856829524585,0.00159556850193934,0.000145459124031212,0.93754535617897
1483,1675,1675,558,737,1689,Good,1,slightly degraded,D:\LSH\LSH\实验\聚焦信号分类实验\1\ROI_x729_y538_w32_h39_20260626_212915\01_valid_raw_and_ifft\mat\curve_r0558_c0737_idx000649.mat,D:\LSH\LSH\实验\聚焦信号分类实验\1\ROI_x729_y538_w32_h39_20260626_212915\01_valid_raw_and_ifft\mat,valid_folder,valid,28.3172638415128,28.6385754440721,0.00236042226021165,0.00147491612601439,0.000154473431905159,0.9171347916329
1484,1676,1676,558,738,1690,Good,1,slightly degraded,D:\LSH\LSH\实验\聚焦信号分类实验\1\ROI_x729_y538_w32_h39_20260626_212915\01_valid_raw_and_ifft\mat\curve_r0558_c0738_idx000650.mat,D:\LSH\LSH\实验\聚焦信号分类实验\1\ROI_x729_y538_w32_h39_20260626_212915\01_valid_raw_and_ifft\mat,valid_folder,valid,28.3634161771912,28.3763232176995,0.00265828485091639,0.00151066746782077,0.000205906815820092,0.873189677971942
1485,1677,1677,558,739,1691,Good,1,slightly degraded,D:\LSH\LSH\实验\聚焦信号分类实验\1\ROI_x729_y538_w32_h39_20260626_212915\01_valid_raw_and_ifft\mat\curve_r0558_c0739_idx000651.mat,D:\LSH\LSH\实验\聚焦信号分类实验\1\ROI_x729_y538_w32_h39_20260626_212915\01_valid_raw_and_ifft\mat,valid_folder,valid,28.1955945072686,28.2256664288955,0.0130656231337114,0.00719747748989424,0.000894035466599482,0.904209557898215
1486,1678,1678,558,740,1692,Good,1,slightly degraded,D:\LSH\LSH\实验\聚焦信号分类实验\1\ROI_x729_y538_w32_h39_20260626_212915\01_valid_raw_and_ifft\mat\curve_r0558_c0740_idx000652.mat,D:\LSH\LSH\实验\聚焦信号分类实验\1\ROI_x729_y538_w32_h39_20260626_212915\01_valid_raw_and_ifft\mat,valid_folder,valid,28.5569951709134,28.370933026867,0.068097955006724,0.0387422545785439,0.00507396141869483,0.901786273814237
1487,1679,1679,558,741,1693,Good,1,slightly degraded,D:\LSH\LSH\实验\聚焦信号分类实验\1\ROI_x729_y538_w32_h39_20260626_212915\01_valid_raw_and_ifft\mat\curve_r0558_c0741_idx000653.mat,D:\LSH\LSH\实验\聚焦信号分类实验\1\ROI_x729_y538_w32_h39_20260626_212915\01_valid_raw_and_ifft\mat,valid_folder,valid,28.485177087912,28.3430695133561,0.0721698537940372,0.04347626389561,0.00546600979639388,0.907922773137547
1488,1680,1680,558,742,1694,Good,1,slightly degraded,D:\LSH\LSH\实验\聚焦信号分类实验\1\ROI_x729_y538_w32_h39_20260626_212915\01_valid_raw_and_ifft\mat\curve_r0558_c0742_idx000654.mat,D:\LSH\LSH\实验\聚焦信号分类实验\1\ROI_x729_y538_w32_h39_20260626_212915\01_valid_raw_and_ifft\mat,valid_folder,valid,28.8844054488851,28.7787355953617,0.0278813729348876,0.0138609263043549,0.00195675799628132,0.878661126792916
1489,1681,1681,558,743,1695,Good,1,slightly degraded,D:\LSH\LSH\实验\聚焦信号分类实验\1\ROI_x729_y538_w32_h39_20260626_212915\01_valid_raw_and_ifft\mat\curve_r0558_c0743_idx000655.mat,D:\LSH\LSH\实验\聚焦信号分类实验\1\ROI_x729_y538_w32_h39_20260626_212915\01_valid_raw_and_ifft\mat,valid_folder,valid,28.3200912210876,28.6477837997765,0.00316484734368638,0.00215821805264024,0.000228276215867681,0.925608424371289
1490,1682,1682,558,744,1696,Good,1,slightly degraded,D:\LSH\LSH\实验\聚焦信号分类实验\1\ROI_x729_y538_w32_h39_20260626_212915\01_valid_raw_and_ifft\mat\curve_r0558_c0744_idx000656.mat,D:\LSH\LSH\实验\聚焦信号分类实验\1\ROI_x729_y538_w32_h39_20260626_212915\01_valid_raw_and_ifft\mat,valid_folder,valid,28.0698084697675,28.0403826573399,0.00616732696308301,0.00363698104249571,0.000399580483324512,0.924507715365894
1491,1683,1683,558,745,1697,Good,1,slightly degraded,D:\LSH\LSH\实验\聚焦信号分类实验\1\ROI_x729_y538_w32_h39_20260626_212915\01_valid_raw_and_ifft\mat\curve_r0558_c0745_idx000657.mat,D:\LSH\LSH\实验\聚焦信号分类实验\1\ROI_x729_y538_w32_h39_20260626_212915\01_valid_raw_and_ifft\mat,valid_folder,valid,28.0237904955273,28.0172144044059,0.00561187428265677,0.00376118579763465,0.000367619448637123,0.940834903244511
1492,1684,1684,558,746,1698,Good,1,slightly degraded,D:\LSH\LSH\实验\聚焦信号分类实验\1\ROI_x729_y538_w32_h39_20260626_212915\01_valid_raw_and_ifft\mat\curve_r0558_c0746_idx000658.mat,D:\LSH\LSH\实验\聚焦信号分类实验\1\ROI_x729_y538_w32_h39_20260626_212915\01_valid_raw_and_ifft\mat,valid_folder,valid,27.2109608899543,27.9734660729989,0.00436001333678805,0.00270217324190297,0.000345243152349036,0.893931294490667
1493,1685,1685,558,747,1699,Good,1,slightly degraded,D:\LSH\LSH\实验\聚焦信号分类实验\1\ROI_x729_y538_w32_h39_20260626_212915\01_valid_raw_and_ifft\mat\curve_r0558_c0747_idx000659.mat,D:\LSH\LSH\实验\聚焦信号分类实验\1\ROI_x729_y538_w32_h39_20260626_212915\01_valid_raw_and_ifft\mat,valid_folder,valid,27.186217850602,27.6497867283025,0.00354811915864498,0.00192326632569495,0.000250345524252787,0.886090828754903
1494,1686,1686,558,748,1700,Good,1,slightly degraded,D:\LSH\LSH\实验\聚焦信号分类实验\1\ROI_x729_y538_w32_h39_20260626_212915\01_valid_raw_and_ifft\mat\curve_r0558_c0748_idx000660.mat,D:\LSH\LSH\实验\聚焦信号分类实验\1\ROI_x729_y538_w32_h39_20260626_212915\01_valid_raw_and_ifft\mat,valid_folder,valid,27.1266512479847,27.4487706364025,0.00341051790618967,0.00179311255342467,0.000239366967023112,0.876773616637665
1495,1687,1687,558,749,1701,Good,1,slightly degraded,D:\LSH\LSH\实验\聚焦信号分类实验\1\ROI_x729_y538_w32_h39_20260626_212915\01_valid_raw_and_ifft\mat\curve_r0558_c0749_idx000661.mat,D:\LSH\LSH\实验\聚焦信号分类实验\1\ROI_x729_y538_w32_h39_20260626_212915\01_valid_raw_and_ifft\mat,valid_folder,valid,27.0423492252673,27.0139876766639,0.00490695294943405,0.00234741320932474,0.000356038237041468,0.85097632100109
1496,1688,1688,558,750,1702,Good,1,slightly degraded,D:\LSH\LSH\实验\聚焦信号分类实验\1\ROI_x729_y538_w32_h39_20260626_212915\01_valid_raw_and_ifft\mat\curve_r0558_c0750_idx000662.mat,D:\LSH\LSH\实验\聚焦信号分类实验\1\ROI_x729_y538_w32_h39_20260626_212915\01_valid_raw_and_ifft\mat,valid_folder,valid,26.9676936516615,26.8204371808982,0.00744411150327687,0.00383223221223924,0.000502848749857841,0.886161562359015
1497,1689,1689,558,751,1703,Good,1,slightly degraded,D:\LSH\LSH\实验\聚焦信号分类实验\1\ROI_x729_y538_w32_h39_20260626_212915\01_valid_raw_and_ifft\mat\curve_r0558_c0751_idx000663.mat,D:\LSH\LSH\实验\聚焦信号分类实验\1\ROI_x729_y538_w32_h39_20260626_212915\01_valid_raw_and_ifft\mat,valid_folder,valid,26.7942677978996,26.7009776530586,0.0214962333905371,0.0112947519757846,0.00154965483963447,0.889018447441946
1498,1690,1690,558,752,1704,Good,1,slightly degraded,D:\LSH\LSH\实验\聚焦信号分类实验\1\ROI_x729_y538_w32_h39_20260626_212915\01_valid_raw_and_ifft\mat\curve_r0558_c0752_idx000664.mat,D:\LSH\LSH\实验\聚焦信号分类实验\1\ROI_x729_y538_w32_h39_20260626_212915\01_valid_raw_and_ifft\mat,valid_folder,valid,26.7291928721735,26.5954823229057,0.0253250561769719,0.0134638997105131,0.0018629045863848,0.888728608447019
1499,1691,1691,558,753,1705,Good,1,slightly degraded,D:\LSH\LSH\实验\聚焦信号分类实验\1\ROI_x729_y538_w32_h39_20260626_212915\01_valid_raw_and_ifft\mat\curve_r0558_c0753_idx000665.mat,D:\LSH\LSH\实验\聚焦信号分类实验\1\ROI_x729_y538_w32_h39_20260626_212915\01_valid_raw_and_ifft\mat,valid_folder,valid,26.6923369162382,26.5446227150761,0.0211950728876465,0.011115766818871,0.00162603392736316,0.876655098062167
1500,1692,1692,558,754,1706,Good,1,slightly degraded,D:\LSH\LSH\实验\聚焦信号分类实验\1\ROI_x729_y538_w32_h39_20260626_212915\01_valid_raw_and_ifft\mat\curve_r0558_c0754_idx000666.mat,D:\LSH\LSH\实验\聚焦信号分类实验\1\ROI_x729_y538_w32_h39_20260626_212915\01_valid_raw_and_ifft\mat,valid_folder,valid,26.3582331477874,26.3386054323618,0.0177860510412747,0.00987748303307513,0.00138380135557849,0.88503744983751
1501,1693,1693,558,755,1707,Good,1,slightly degraded,D:\LSH\LSH\实验\聚焦信号分类实验\1\ROI_x729_y538_w32_h39_20260626_212915\01_valid_raw_and_ifft\mat\curve_r0558_c0755_idx000667.mat,D:\LSH\LSH\实验\聚焦信号分类实验\1\ROI_x729_y538_w32_h39_20260626_212915\01_valid_raw_and_ifft\mat,valid_folder,valid,26.2487565154503,26.2797629532104,0.01325288822215,0.0073142942628516,0.000957155224206143,0.896592339954445
1502,1694,1694,558,756,1708,Good,1,slightly degraded,D:\LSH\LSH\实验\聚焦信号分类实验\1\ROI_x729_y538_w32_h39_20260626_212915\01_valid_raw_and_ifft\mat\curve_r0558_c0756_idx000668.mat,D:\LSH\LSH\实验\聚焦信号分类实验\1\ROI_x729_y538_w32_h39_20260626_212915\01_valid_raw_and_ifft\mat,valid_folder,valid,26.1065462254475,26.1372866561462,0.00982919483947558,0.00554373826467928,0.000641551761820883,0.915467143038035
1503,1695,1695,558,757,1709,Good,1,slightly degraded,D:\LSH\LSH\实验\聚焦信号分类实验\1\ROI_x729_y538_w32_h39_20260626_212915\01_valid_raw_and_ifft\mat\curve_r0558_c0757_idx000669.mat,D:\LSH\LSH\实验\聚焦信号分类实验\1\ROI_x729_y538_w32_h39_20260626_212915\01_valid_raw_and_ifft\mat,valid_folder,valid,25.5517053740447,25.664432546164,0.0134413225799476,0.00792409415006002,0.00102864397513664,0.900298594657859
1504,1696,1696,558,758,1710,Good,1,slightly degraded,D:\LSH\LSH\实验\聚焦信号分类实验\1\ROI_x729_y538_w32_h39_20260626_212915\01_valid_raw_and_ifft\mat\curve_r0558_c0758_idx000670.mat,D:\LSH\LSH\实验\聚焦信号分类实验\1\ROI_x729_y538_w32_h39_20260626_212915\01_valid_raw_and_ifft\mat,valid_folder,valid,25.7603805907197,25.7571617313863,0.0196466762967263,0.0107998779699381,0.00145242996903488,0.894492094888237
1505,1697,1697,558,759,1711,Good,1,slightly degraded,D:\LSH\LSH\实验\聚焦信号分类实验\1\ROI_x729_y538_w32_h39_20260626_212915\01_valid_raw_and_ifft\mat\curve_r0558_c0759_idx000671.mat,D:\LSH\LSH\实验\聚焦信号分类实验\1\ROI_x729_y538_w32_h39_20260626_212915\01_valid_raw_and_ifft\mat,valid_folder,valid,25.7681056102931,25.7888169620329,0.0142117232621954,0.00798581359195104,0.00101673316105002,0.902265323655099
1506,1698,1698,558,760,1712,Good,1,slightly degraded,D:\LSH\LSH\实验\聚焦信号分类实验\1\ROI_x729_y538_w32_h39_20260626_212915\01_valid_raw_and_ifft\mat\curve_r0558_c0760_idx000672.mat,D:\LSH\LSH\实验\聚焦信号分类实验\1\ROI_x729_y538_w32_h39_20260626_212915\01_valid_raw_and_ifft\mat,valid_folder,valid,25.6577728451206,25.7024194774251,0.00345898518364568,0.00225748049424218,0.000200450049649586,0.946607475218187
1507,1699,1699,559,729,1713,Good,1,slightly degraded,D:\LSH\LSH\实验\聚焦信号分类实验\1\ROI_x729_y538_w32_h39_20260626_212915\01_valid_raw_and_ifft\mat\curve_r0559_c0729_idx000673.mat,D:\LSH\LSH\实验\聚焦信号分类实验\1\ROI_x729_y538_w32_h39_20260626_212915\01_valid_raw_and_ifft\mat,valid_folder,valid,29.9741740403862,29.8703336385901,0.00384485605229201,0.0020643667751344,0.000248058137463648,0.903147263406638
1508,1700,1700,559,730,1714,Good,1,slightly degraded,D:\LSH\LSH\实验\聚焦信号分类实验\1\ROI_x729_y538_w32_h39_20260626_212915\01_valid_raw_and_ifft\mat\curve_r0559_c0730_idx000674.mat,D:\LSH\LSH\实验\聚焦信号分类实验\1\ROI_x729_y538_w32_h39_20260626_212915\01_valid_raw_and_ifft\mat,valid_folder,valid,29.9360086288049,29.8125225163418,0.00489615473160558,0.0025943418778181,0.000319634301206784,0.899145027256524
1509,1701,1701,559,731,1715,Good,1,slightly degraded,D:\LSH\LSH\实验\聚焦信号分类实验\1\ROI_x729_y538_w32_h39_20260626_212915\01_valid_raw_and_ifft\mat\curve_r0559_c0731_idx000675.mat,D:\LSH\LSH\实验\聚焦信号分类实验\1\ROI_x729_y538_w32_h39_20260626_212915\01_valid_raw_and_ifft\mat,valid_folder,valid,29.7898389138998,29.6605492317769,0.00842418900806451,0.00443781617289073,0.000600514440649169,0.884561864734509
1510,1702,1702,559,732,1716,Good,1,slightly degraded,D:\LSH\LSH\实验\聚焦信号分类实验\1\ROI_x729_y538_w32_h39_20260626_212915\01_valid_raw_and_ifft\mat\curve_r0559_c0732_idx000676.mat,D:\LSH\LSH\实验\聚焦信号分类实验\1\ROI_x729_y538_w32_h39_20260626_212915\01_valid_raw_and_ifft\mat,valid_folder,valid,29.6438581018178,29.3928199230677,0.00815970205133042,0.00472361305401221,0.000565871825241382,0.906062998959038
1511,1703,1703,559,733,1717,Good,1,slightly degraded,D:\LSH\LSH\实验\聚焦信号分类实验\1\ROI_x729_y538_w32_h39_20260626_212915\01_valid_raw_and_ifft\mat\curve_r0559_c0733_idx000677.mat,D:\LSH\LSH\实验\聚焦信号分类实验\1\ROI_x729_y538_w32_h39_20260626_212915\01_valid_raw_and_ifft\mat,valid_folder,valid,29.0397496973062,29.0448545798236,0.0164979515452168,0.00795666764470931,0.00117141465475944,0.867803141486903
1512,1704,1704,559,734,1718,Good,1,slightly degraded,D:\LSH\LSH\实验\聚焦信号分类实验\1\ROI_x729_y538_w32_h39_20260626_212915\01_valid_raw_and_ifft\mat\curve_r0559_c0734_idx000678.mat,D:\LSH\LSH\实验\聚焦信号分类实验\1\ROI_x729_y538_w32_h39_20260626_212915\01_valid_raw_and_ifft\mat,valid_folder,valid,29.0350295552502,29.0606566059093,0.0193147187021871,0.00880632195920463,0.00143671058480789,0.844905012420086
1513,1705,1705,559,735,1719,Good,1,slightly degraded,D:\LSH\LSH\实验\聚焦信号分类实验\1\ROI_x729_y538_w32_h39_20260626_212915\01_valid_raw_and_ifft\mat\curve_r0559_c0735_idx000679.mat,D:\LSH\LSH\实验\聚焦信号分类实验\1\ROI_x729_y538_w32_h39_20260626_212915\01_valid_raw_and_ifft\mat,valid_folder,valid,29.0437946847576,29.1054990377717,0.0151974292311526,0.00639914695569407,0.00121403678683202,0.803497264434441
1514,1706,1706,559,736,1720,Good,1,slightly degraded,D:\LSH\LSH\实验\聚焦信号分类实验\1\ROI_x729_y538_w32_h39_20260626_212915\01_valid_raw_and_ifft\mat\curve_r0559_c0736_idx000680.mat,D:\LSH\LSH\实验\聚焦信号分类实验\1\ROI_x729_y538_w32_h39_20260626_212915\01_valid_raw_and_ifft\mat,valid_folder,valid,28.9644762050387,28.9203226094514,0.00263168798135136,0.00164469676529337,0.000165255102635198,0.926085665727649
1515,1707,1707,559,737,1721,Good,1,slightly degraded,D:\LSH\LSH\实验\聚焦信号分类实验\1\ROI_x729_y538_w32_h39_20260626_212915\01_valid_raw_and_ifft\mat\curve_r0559_c0737_idx000681.mat,D:\LSH\LSH\实验\聚焦信号分类实验\1\ROI_x729_y538_w32_h39_20260626_212915\01_valid_raw_and_ifft\mat,valid_folder,valid,28.4019781936374,28.5780703258884,0.00325108493046123,0.00194079396275821,0.000232635828269566,0.90217229632783
1516,1708,1708,559,738,1722,Good,1,slightly degraded,D:\LSH\LSH\实验\聚焦信号分类实验\1\ROI_x729_y538_w32_h39_20260626_212915\01_valid_raw_and_ifft\mat\curve_r0559_c0738_idx000682.mat,D:\LSH\LSH\实验\聚焦信号分类实验\1\ROI_x729_y538_w32_h39_20260626_212915\01_valid_raw_and_ifft\mat,valid_folder,valid,28.7132789559183,28.5815229302956,0.00398139182505734,0.00207270879475441,0.00031829093627528,0.856980181731107
1517,1709,1709,559,739,1723,Good,1,slightly degraded,D:\LSH\LSH\实验\聚焦信号分类实验\1\ROI_x729_y538_w32_h39_20260626_212915\01_valid_raw_and_ifft\mat\curve_r0559_c0739_idx000683.mat,D:\LSH\LSH\实验\聚焦信号分类实验\1\ROI_x729_y538_w32_h39_20260626_212915\01_valid_raw_and_ifft\mat,valid_folder,valid,28.40049533171,28.4598493754742,0.00988156602476809,0.00565121141864648,0.000723431810282133,0.899776512475332
1518,1710,1710,559,740,1724,Good,1,slightly degraded,D:\LSH\LSH\实验\聚焦信号分类实验\1\ROI_x729_y538_w32_h39_20260626_212915\01_valid_raw_and_ifft\mat\curve_r0559_c0740_idx000684.mat,D:\LSH\LSH\实验\聚焦信号分类实验\1\ROI_x729_y538_w32_h39_20260626_212915\01_valid_raw_and_ifft\mat,valid_folder,valid,28.2183937847851,28.3030380472388,0.0439785249497367,0.0230262794778881,0.00322802516006254,0.887023806187506
1519,1711,1711,559,741,1725,Good,1,slightly degraded,D:\LSH\LSH\实验\聚焦信号分类实验\1\ROI_x729_y538_w32_h39_20260626_212915\01_valid_raw_and_ifft\mat\curve_r0559_c0741_idx000685.mat,D:\LSH\LSH\实验\聚焦信号分类实验\1\ROI_x729_y538_w32_h39_20260626_212915\01_valid_raw_and_ifft\mat,valid_folder,valid,28.1824470103925,28.2941923444868,0.05099246580919,0.0262822503605788,0.00370032108648047,0.884496613247747
1520,1712,1712,559,742,1726,Good,1,slightly degraded,D:\LSH\LSH\实验\聚焦信号分类实验\1\ROI_x729_y538_w32_h39_20260626_212915\01_valid_raw_and_ifft\mat\curve_r0559_c0742_idx000686.mat,D:\LSH\LSH\实验\聚焦信号分类实验\1\ROI_x729_y538_w32_h39_20260626_212915\01_valid_raw_and_ifft\mat,valid_folder,valid,28.3259280736248,28.6183584164939,0.0134333543775783,0.00815770549484122,0.00085775084321006,0.93077891700602
1521,1713,1713,559,743,1727,Good,1,slightly degraded,D:\LSH\LSH\实验\聚焦信号分类实验\1\ROI_x729_y538_w32_h39_20260626_212915\01_valid_raw_and_ifft\mat\curve_r0559_c0743_idx000687.mat,D:\LSH\LSH\实验\聚焦信号分类实验\1\ROI_x729_y538_w32_h39_20260626_212915\01_valid_raw_and_ifft\mat,valid_folder,valid,28.1638163188781,28.3656571401448,0.00465418248877356,0.00268575724154087,0.000317799509159234,0.905976375261398
1522,1714,1714,559,744,1728,Good,1,slightly degraded,D:\LSH\LSH\实验\聚焦信号分类实验\1\ROI_x729_y538_w32_h39_20260626_212915\01_valid_raw_and_ifft\mat\curve_r0559_c0744_idx000688.mat,D:\LSH\LSH\实验\聚焦信号分类实验\1\ROI_x729_y538_w32_h39_20260626_212915\01_valid_raw_and_ifft\mat,valid_folder,valid,28.0196308865586,28.0096556022424,0.00882894819196394,0.00475111792462699,0.000593102079086565,0.906123716105823
1523,1715,1715,559,745,1729,Good,1,slightly degraded,D:\LSH\LSH\实验\聚焦信号分类实验\1\ROI_x729_y538_w32_h39_20260626_212915\01_valid_raw_and_ifft\mat\curve_r0559_c0745_idx000689.mat,D:\LSH\LSH\实验\聚焦信号分类实验\1\ROI_x729_y538_w32_h39_20260626_212915\01_valid_raw_and_ifft\mat,valid_folder,valid,27.9040922676067,27.937457374117,0.00768197081841457,0.00486276050729043,0.000502440799544856,0.935339666294564
1524,1716,1716,559,746,1730,Good,1,slightly degraded,D:\LSH\LSH\实验\聚焦信号分类实验\1\ROI_x729_y538_w32_h39_20260626_212915\01_valid_raw_and_ifft\mat\curve_r0559_c0746_idx000690.mat,D:\LSH\LSH\实验\聚焦信号分类实验\1\ROI_x729_y538_w32_h39_20260626_212915\01_valid_raw_and_ifft\mat,valid_folder,valid,27.2101382876483,27.9499566901674,0.0048908861223686,0.0029739155980206,0.000382102703405018,0.894852792576015
1525,1717,1717,559,747,1731,Good,1,slightly degraded,D:\LSH\LSH\实验\聚焦信号分类实验\1\ROI_x729_y538_w32_h39_20260626_212915\01_valid_raw_and_ifft\mat\curve_r0559_c0747_idx000691.mat,D:\LSH\LSH\实验\聚焦信号分类实验\1\ROI_x729_y538_w32_h39_20260626_212915\01_valid_raw_and_ifft\mat,valid_folder,valid,27.4502038637929,27.9883657386857,0.00184674268823669,0.00126757445294385,0.000122679605649527,0.933882282711654
1526,1718,1718,559,748,1732,Good,1,slightly degraded,D:\LSH\LSH\实验\聚焦信号分类实验\1\ROI_x729_y538_w32_h39_20260626_212915\01_valid_raw_and_ifft\mat\curve_r0559_c0748_idx000692.mat,D:\LSH\LSH\实验\聚焦信号分类实验\1\ROI_x729_y538_w32_h39_20260626_212915\01_valid_raw_and_ifft\mat,valid_folder,valid,27.2413255008888,27.7605317056253,0.00138134854186697,0.000898930951327613,9.68504170241599e-05,0.913079622601436
1527,1719,1719,559,749,1733,Good,1,slightly degraded,D:\LSH\LSH\实验\聚焦信号分类实验\1\ROI_x729_y538_w32_h39_20260626_212915\01_valid_raw_and_ifft\mat\curve_r0559_c0749_idx000693.mat,D:\LSH\LSH\实验\聚焦信号分类实验\1\ROI_x729_y538_w32_h39_20260626_212915\01_valid_raw_and_ifft\mat,valid_folder,valid,27.0459338774995,26.9883043074875,0.00342843801860547,0.00172495748381356,0.000237891288004089,0.872448845614123
1528,1720,1720,559,750,1734,Good,1,slightly degraded,D:\LSH\LSH\实验\聚焦信号分类实验\1\ROI_x729_y538_w32_h39_20260626_212915\01_valid_raw_and_ifft\mat\curve_r0559_c0750_idx000694.mat,D:\LSH\LSH\实验\聚焦信号分类实验\1\ROI_x729_y538_w32_h39_20260626_212915\01_valid_raw_and_ifft\mat,valid_folder,valid,26.9450513854835,26.8464451900118,0.00532304582762082,0.0027257220680994,0.000360668707342704,0.885083556528601
1529,1721,1721,559,751,1735,Good,1,slightly degraded,D:\LSH\LSH\实验\聚焦信号分类实验\1\ROI_x729_y538_w32_h39_20260626_212915\01_valid_raw_and_ifft\mat\curve_r0559_c0751_idx000695.mat,D:\LSH\LSH\实验\聚焦信号分类实验\1\ROI_x729_y538_w32_h39_20260626_212915\01_valid_raw_and_ifft\mat,valid_folder,valid,26.8659962500099,26.7697583344258,0.00954487649715622,0.00469074601423157,0.000698099220636871,0.866716251706643
1530,1722,1722,559,752,1736,Good,1,slightly degraded,D:\LSH\LSH\实验\聚焦信号分类实验\1\ROI_x729_y538_w32_h39_20260626_212915\01_valid_raw_and_ifft\mat\curve_r0559_c0752_idx000696.mat,D:\LSH\LSH\实验\聚焦信号分类实验\1\ROI_x729_y538_w32_h39_20260626_212915\01_valid_raw_and_ifft\mat,valid_folder,valid,26.7817267549439,26.3802760101873,0.0112914278255491,0.00642783459413027,0.000751006403464607,0.913599570664728
1531,1723,1723,559,753,1737,Good,1,slightly degraded,D:\LSH\LSH\实验\聚焦信号分类实验\1\ROI_x729_y538_w32_h39_20260626_212915\01_valid_raw_and_ifft\mat\curve_r0559_c0753_idx000697.mat,D:\LSH\LSH\实验\聚焦信号分类实验\1\ROI_x729_y538_w32_h39_20260626_212915\01_valid_raw_and_ifft\mat,valid_folder,valid,26.1991323756893,26.1912823909018,0.0322124324566704,0.0184837147479317,0.00225148825128894,0.912594024196217
1532,1724,1724,559,754,1738,Good,1,slightly degraded,D:\LSH\LSH\实验\聚焦信号分类实验\1\ROI_x729_y538_w32_h39_20260626_212915\01_valid_raw_and_ifft\mat\curve_r0559_c0754_idx000698.mat,D:\LSH\LSH\实验\聚焦信号分类实验\1\ROI_x729_y538_w32_h39_20260626_212915\01_valid_raw_and_ifft\mat,valid_folder,valid,26.1998515240234,26.2090773822089,0.0403574165044507,0.0231141827426418,0.00280283805824485,0.913935698844143
1533,1725,1725,559,755,1739,Good,1,slightly degraded,D:\LSH\LSH\实验\聚焦信号分类实验\1\ROI_x729_y538_w32_h39_20260626_212915\01_valid_raw_and_ifft\mat\curve_r0559_c0755_idx000699.mat,D:\LSH\LSH\实验\聚焦信号分类实验\1\ROI_x729_y538_w32_h39_20260626_212915\01_valid_raw_and_ifft\mat,valid_folder,valid,26.3487883084353,26.3605459072186,0.028965855985067,0.0164516674614936,0.00214643700022395,0.900932140713946
1534,1726,1726,559,756,1740,Good,1,slightly degraded,D:\LSH\LSH\实验\聚焦信号分类实验\1\ROI_x729_y538_w32_h39_20260626_212915\01_valid_raw_and_ifft\mat\curve_r0559_c0756_idx000700.mat,D:\LSH\LSH\实验\聚焦信号分类实验\1\ROI_x729_y538_w32_h39_20260626_212915\01_valid_raw_and_ifft\mat,valid_folder,valid,26.1203011283135,26.1838441399731,0.0146954418748065,0.00783526239387493,0.000986756413650583,0.901129675688898
1535,1727,1727,559,757,1741,Good,1,slightly degraded,D:\LSH\LSH\实验\聚焦信号分类实验\1\ROI_x729_y538_w32_h39_20260626_212915\01_valid_raw_and_ifft\mat\curve_r0559_c0757_idx000701.mat,D:\LSH\LSH\实验\聚焦信号分类实验\1\ROI_x729_y538_w32_h39_20260626_212915\01_valid_raw_and_ifft\mat,valid_folder,valid,26.0244963921085,26.013793624047,0.00736689316375767,0.00405438402490355,0.000477478466177381,0.908251219964807
1536,1728,1728,559,758,1742,Good,1,slightly degraded,D:\LSH\LSH\实验\聚焦信号分类实验\1\ROI_x729_y538_w32_h39_20260626_212915\01_valid_raw_and_ifft\mat\curve_r0559_c0758_idx000702.mat,D:\LSH\LSH\实验\聚焦信号分类实验\1\ROI_x729_y538_w32_h39_20260626_212915\01_valid_raw_and_ifft\mat,valid_folder,valid,25.9308500795966,25.907856781118,0.00674538583540074,0.00392095021257489,0.000452697655774037,0.913143098815567
1537,1729,1729,559,759,1743,Good,1,slightly degraded,D:\LSH\LSH\实验\聚焦信号分类实验\1\ROI_x729_y538_w32_h39_20260626_212915\01_valid_raw_and_ifft\mat\curve_r0559_c0759_idx000703.mat,D:\LSH\LSH\实验\聚焦信号分类实验\1\ROI_x729_y538_w32_h39_20260626_212915\01_valid_raw_and_ifft\mat,valid_folder,valid,25.5918177415278,25.5301181157548,0.00575717427408329,0.00367598149743572,0.000369329672673482,0.93566226829278
1538,1730,1730,559,760,1744,Good,1,slightly degraded,D:\LSH\LSH\实验\聚焦信号分类实验\1\ROI_x729_y538_w32_h39_20260626_212915\01_valid_raw_and_ifft\mat\curve_r0559_c0760_idx000704.mat,D:\LSH\LSH\实验\聚焦信号分类实验\1\ROI_x729_y538_w32_h39_20260626_212915\01_valid_raw_and_ifft\mat,valid_folder,valid,25.1854362995829,25.3298865346196,0.0108934537214255,0.00584650073391505,0.000742566384163632,0.902908791565049
1539,1731,1731,560,729,1745,Good,1,slightly degraded,D:\LSH\LSH\实验\聚焦信号分类实验\1\ROI_x729_y538_w32_h39_20260626_212915\01_valid_raw_and_ifft\mat\curve_r0560_c0729_idx000705.mat,D:\LSH\LSH\实验\聚焦信号分类实验\1\ROI_x729_y538_w32_h39_20260626_212915\01_valid_raw_and_ifft\mat,valid_folder,valid,29.9514009412069,29.8887079057726,0.00290784949463157,0.00135222099827003,0.000217011561702955,0.836278042326779
1540,1732,1732,560,730,1746,Good,1,slightly degraded,D:\LSH\LSH\实验\聚焦信号分类实验\1\ROI_x729_y538_w32_h39_20260626_212915\01_valid_raw_and_ifft\mat\curve_r0560_c0730_idx000706.mat,D:\LSH\LSH\实验\聚焦信号分类实验\1\ROI_x729_y538_w32_h39_20260626_212915\01_valid_raw_and_ifft\mat,valid_folder,valid,29.8502561286728,29.6774442130127,0.00289881821877288,0.0014920202676684,0.000206777804628154,0.873740704564064
1541,1733,1733,560,731,1747,Good,1,slightly degraded,D:\LSH\LSH\实验\聚焦信号分类实验\1\ROI_x729_y538_w32_h39_20260626_212915\01_valid_raw_and_ifft\mat\curve_r0560_c0731_idx000707.mat,D:\LSH\LSH\实验\聚焦信号分类实验\1\ROI_x729_y538_w32_h39_20260626_212915\01_valid_raw_and_ifft\mat,valid_folder,valid,29.8225242217601,29.5429660837326,0.00388433224220327,0.00225180781301675,0.000239193899442892,0.922033012627145
1542,1734,1734,560,732,1748,Good,1,slightly degraded,D:\LSH\LSH\实验\聚焦信号分类实验\1\ROI_x729_y538_w32_h39_20260626_212915\01_valid_raw_and_ifft\mat\curve_r0560_c0732_idx000708.mat,D:\LSH\LSH\实验\聚焦信号分类实验\1\ROI_x729_y538_w32_h39_20260626_212915\01_valid_raw_and_ifft\mat,valid_folder,valid,28.1263570461939,28.7833460979468,0.0114250051135112,0.00687124359703935,0.000851991660411192,0.902039118795178
1543,1735,1735,560,733,1749,Good,1,slightly degraded,D:\LSH\LSH\实验\聚焦信号分类实验\1\ROI_x729_y538_w32_h39_20260626_212915\01_valid_raw_and_ifft\mat\curve_r0560_c0733_idx000709.mat,D:\LSH\LSH\实验\聚焦信号分类实验\1\ROI_x729_y538_w32_h39_20260626_212915\01_valid_raw_and_ifft\mat,valid_folder,valid,29.0091391508861,29.0185875664859,0.0463915711406748,0.0250717509897167,0.00307872616486555,0.910083254259965
1544,1736,1736,560,734,1750,Good,1,slightly degraded,D:\LSH\LSH\实验\聚焦信号分类实验\1\ROI_x729_y538_w32_h39_20260626_212915\01_valid_raw_and_ifft\mat\curve_r0560_c0734_idx000710.mat,D:\LSH\LSH\实验\聚焦信号分类实验\1\ROI_x729_y538_w32_h39_20260626_212915\01_valid_raw_and_ifft\mat,valid_folder,valid,28.9725514114164,28.9643595194652,0.045600880853211,0.0233144744477851,0.00313603321213635,0.892980640227034
1545,1737,1737,560,735,1751,Good,1,slightly degraded,D:\LSH\LSH\实验\聚焦信号分类实验\1\ROI_x729_y538_w32_h39_20260626_212915\01_valid_raw_and_ifft\mat\curve_r0560_c0735_idx000711.mat,D:\LSH\LSH\实验\聚焦信号分类实验\1\ROI_x729_y538_w32_h39_20260626_212915\01_valid_raw_and_ifft\mat,valid_folder,valid,29.0326029662118,29.0871988527813,0.0198615931413197,0.00820330165850235,0.00160989859897142,0.790424977056128
1546,1738,1738,560,736,1752,Good,1,slightly degraded,D:\LSH\LSH\实验\聚焦信号分类实验\1\ROI_x729_y538_w32_h39_20260626_212915\01_valid_raw_and_ifft\mat\curve_r0560_c0736_idx000712.mat,D:\LSH\LSH\实验\聚焦信号分类实验\1\ROI_x729_y538_w32_h39_20260626_212915\01_valid_raw_and_ifft\mat,valid_folder,valid,28.8703091170074,28.7802123267182,0.0084094765161958,0.00434173713396266,0.000587513096757814,0.883713121502767
1547,1739,1739,560,737,1753,Good,1,slightly degraded,D:\LSH\LSH\实验\聚焦信号分类实验\1\ROI_x729_y538_w32_h39_20260626_212915\01_valid_raw_and_ifft\mat\curve_r0560_c0737_idx000713.mat,D:\LSH\LSH\实验\聚焦信号分类实验\1\ROI_x729_y538_w32_h39_20260626_212915\01_valid_raw_and_ifft\mat,valid_folder,valid,28.7859382683495,28.7201417406762,0.00544870232804337,0.00302699629982666,0.000380626402950293,0.898017561797766
1548,1740,1740,560,738,1754,Good,1,slightly degraded,D:\LSH\LSH\实验\聚焦信号分类实验\1\ROI_x729_y538_w32_h39_20260626_212915\01_valid_raw_and_ifft\mat\curve_r0560_c0738_idx000714.mat,D:\LSH\LSH\实验\聚焦信号分类实验\1\ROI_x729_y538_w32_h39_20260626_212915\01_valid_raw_and_ifft\mat,valid_folder,valid,28.8696156625356,28.7519799593431,0.00409226329751778,0.00199115406427204,0.000312827654741856,0.847289171999104
1549,1741,1741,560,739,1755,Good,1,slightly degraded,D:\LSH\LSH\实验\聚焦信号分类实验\1\ROI_x729_y538_w32_h39_20260626_212915\01_valid_raw_and_ifft\mat\curve_r0560_c0739_idx000715.mat,D:\LSH\LSH\实验\聚焦信号分类实验\1\ROI_x729_y538_w32_h39_20260626_212915\01_valid_raw_and_ifft\mat,valid_folder,valid,28.921783041555,28.9012096393773,0.00434216651256396,0.00224199328139508,0.000309896996534803,0.875229048182609
1550,1742,1742,560,740,1756,Good,1,slightly degraded,D:\LSH\LSH\实验\聚焦信号分类实验\1\ROI_x729_y538_w32_h39_20260626_212915\01_valid_raw_and_ifft\mat\curve_r0560_c0740_idx000716.mat,D:\LSH\LSH\实验\聚焦信号分类实验\1\ROI_x729_y538_w32_h39_20260626_212915\01_valid_raw_and_ifft\mat,valid_folder,valid,28.3842679072827,28.5550947093785,0.00467263729415349,0.00287306511608949,0.000302026843381289,0.927244014197918
1551,1743,1743,560,741,1757,Good,1,slightly degraded,D:\LSH\LSH\实验\聚焦信号分类实验\1\ROI_x729_y538_w32_h39_20260626_212915\01_valid_raw_and_ifft\mat\curve_r0560_c0741_idx000717.mat,D:\LSH\LSH\实验\聚焦信号分类实验\1\ROI_x729_y538_w32_h39_20260626_212915\01_valid_raw_and_ifft\mat,valid_folder,valid,28.0841853918216,28.2431797231604,0.00695910701286964,0.00378269362345405,0.000449320088976838,0.908520556619326
1552,1744,1744,560,742,1758,Good,1,slightly degraded,D:\LSH\LSH\实验\聚焦信号分类实验\1\ROI_x729_y538_w32_h39_20260626_212915\01_valid_raw_and_ifft\mat\curve_r0560_c0742_idx000718.mat,D:\LSH\LSH\实验\聚焦信号分类实验\1\ROI_x729_y538_w32_h39_20260626_212915\01_valid_raw_and_ifft\mat,valid_folder,valid,28.0619224172001,28.2175664195361,0.0054759834751711,0.00305011758468509,0.000345056106200709,0.915399968936368
1553,1745,1745,560,743,1759,Good,1,slightly degraded,D:\LSH\LSH\实验\聚焦信号分类实验\1\ROI_x729_y538_w32_h39_20260626_212915\01_valid_raw_and_ifft\mat\curve_r0560_c0743_idx000719.mat,D:\LSH\LSH\实验\聚焦信号分类实验\1\ROI_x729_y538_w32_h39_20260626_212915\01_valid_raw_and_ifft\mat,valid_folder,valid,28.0721499766347,28.1193343614677,0.00376125126358167,0.00197988183810684,0.000262404691908507,0.887176481447844
1554,1746,1746,560,744,1760,Good,1,slightly degraded,D:\LSH\LSH\实验\聚焦信号分类实验\1\ROI_x729_y538_w32_h39_20260626_212915\01_valid_raw_and_ifft\mat\curve_r0560_c0744_idx000720.mat,D:\LSH\LSH\实验\聚焦信号分类实验\1\ROI_x729_y538_w32_h39_20260626_212915\01_valid_raw_and_ifft\mat,valid_folder,valid,27.990682010446,27.9890335353608,0.00682256854477713,0.00322411713348366,0.000500039115877867,0.859943616777681
1555,1747,1747,560,745,1761,Good,1,slightly degraded,D:\LSH\LSH\实验\聚焦信号分类实验\1\ROI_x729_y538_w32_h39_20260626_212915\01_valid_raw_and_ifft\mat\curve_r0560_c0745_idx000721.mat,D:\LSH\LSH\实验\聚焦信号分类实验\1\ROI_x729_y538_w32_h39_20260626_212915\01_valid_raw_and_ifft\mat,valid_folder,valid,27.8898063230577,27.9065710334624,0.00585088195060804,0.00337081125418855,0.000395288275066838,0.915793407807946
1556,1748,1748,560,746,1762,Good,1,slightly degraded,D:\LSH\LSH\实验\聚焦信号分类实验\1\ROI_x729_y538_w32_h39_20260626_212915\01_valid_raw_and_ifft\mat\curve_r0560_c0746_idx000722.mat,D:\LSH\LSH\实验\聚焦信号分类实验\1\ROI_x729_y538_w32_h39_20260626_212915\01_valid_raw_and_ifft\mat,valid_folder,valid,27.1574353880941,27.9551528635703,0.00324222304810654,0.00191709938331271,0.000277044040114563,0.867409707349582
1557,1749,1749,560,747,1763,Good,1,slightly degraded,D:\LSH\LSH\实验\聚焦信号分类实验\1\ROI_x729_y538_w32_h39_20260626_212915\01_valid_raw_and_ifft\mat\curve_r0560_c0747_idx000723.mat,D:\LSH\LSH\实验\聚焦信号分类实验\1\ROI_x729_y538_w32_h39_20260626_212915\01_valid_raw_and_ifft\mat,valid_folder,valid,27.0844368019224,28.1644475610537,0.00107655577829923,0.000678008505026245,9.85278005482655e-05,0.854088197154133
1558,1750,1750,560,748,1764,Good,1,slightly degraded,D:\LSH\LSH\实验\聚焦信号分类实验\1\ROI_x729_y538_w32_h39_20260626_212915\01_valid_raw_and_ifft\mat\curve_r0560_c0748_idx000724.mat,D:\LSH\LSH\实验\聚焦信号分类实验\1\ROI_x729_y538_w32_h39_20260626_212915\01_valid_raw_and_ifft\mat,valid_folder,valid,28.8738591075473,27.9681820325491,0.000842198990228623,0.000567738448288633,8.13497273090431e-05,0.855959888038373
1559,1751,1751,560,749,1765,Good,1,slightly degraded,D:\LSH\LSH\实验\聚焦信号分类实验\1\ROI_x729_y538_w32_h39_20260626_212915\01_valid_raw_and_ifft\mat\curve_r0560_c0749_idx000725.mat,D:\LSH\LSH\实验\聚焦信号分类实验\1\ROI_x729_y538_w32_h39_20260626_212915\01_valid_raw_and_ifft\mat,valid_folder,valid,27.4117548464111,27.2838880663384,0.000903665828936195,0.000586655555441354,6.83544326044551e-05,0.897467159268013
1560,1752,1752,560,750,1766,Good,1,slightly degraded,D:\LSH\LSH\实验\聚焦信号分类实验\1\ROI_x729_y538_w32_h39_20260626_212915\01_valid_raw_and_ifft\mat\curve_r0560_c0750_idx000726.mat,D:\LSH\LSH\实验\聚焦信号分类实验\1\ROI_x729_y538_w32_h39_20260626_212915\01_valid_raw_and_ifft\mat,valid_folder,valid,27.0241827580095,26.9587897000031,0.00270993961240684,0.00140629057230382,0.000184556524557275,0.87855714493491
1561,1753,1753,560,751,1767,Good,1,slightly degraded,D:\LSH\LSH\实验\聚焦信号分类实验\1\ROI_x729_y538_w32_h39_20260626_212915\01_valid_raw_and_ifft\mat\curve_r0560_c0751_idx000727.mat,D:\LSH\LSH\实验\聚焦信号分类实验\1\ROI_x729_y538_w32_h39_20260626_212915\01_valid_raw_and_ifft\mat,valid_folder,valid,26.9101446697894,26.8027614717316,0.00572945380873832,0.0028814496222882,0.000399019633402507,0.87829758238395
1562,1754,1754,560,752,1768,Good,1,slightly degraded,D:\LSH\LSH\实验\聚焦信号分类实验\1\ROI_x729_y538_w32_h39_20260626_212915\01_valid_raw_and_ifft\mat\curve_r0560_c0752_idx000728.mat,D:\LSH\LSH\实验\聚焦信号分类实验\1\ROI_x729_y538_w32_h39_20260626_212915\01_valid_raw_and_ifft\mat,valid_folder,valid,26.715572978344,26.0904033594387,0.00809020793361343,0.00557112366435945,0.000559391503494602,0.935073286110565
1563,1755,1755,560,753,1769,Good,1,slightly degraded,D:\LSH\LSH\实验\聚焦信号分类实验\1\ROI_x729_y538_w32_h39_20260626_212915\01_valid_raw_and_ifft\mat\curve_r0560_c0753_idx000729.mat,D:\LSH\LSH\实验\聚焦信号分类实验\1\ROI_x729_y538_w32_h39_20260626_212915\01_valid_raw_and_ifft\mat,valid_folder,valid,26.1431356312972,26.1295760825555,0.0447041252583412,0.0266499868731635,0.00306005043749573,0.92283534326062
1564,1756,1756,560,754,1770,Good,1,slightly degraded,D:\LSH\LSH\实验\聚焦信号分类实验\1\ROI_x729_y538_w32_h39_20260626_212915\01_valid_raw_and_ifft\mat\curve_r0560_c0754_idx000730.mat,D:\LSH\LSH\实验\聚焦信号分类实验\1\ROI_x729_y538_w32_h39_20260626_212915\01_valid_raw_and_ifft\mat,valid_folder,valid,26.2164289385646,26.1979723991562,0.0551461919939584,0.0337956615560655,0.00375406636173921,0.927593254992319
1565,1757,1757,560,755,1771,Good,1,slightly degraded,D:\LSH\LSH\实验\聚焦信号分类实验\1\ROI_x729_y538_w32_h39_20260626_212915\01_valid_raw_and_ifft\mat\curve_r0560_c0755_idx000731.mat,D:\LSH\LSH\实验\聚焦信号分类实验\1\ROI_x729_y538_w32_h39_20260626_212915\01_valid_raw_and_ifft\mat,valid_folder,valid,26.3494173682547,26.3499183090041,0.0395492041482881,0.0233357288455885,0.00281768845751053,0.913444538525191
1566,1758,1758,560,756,1772,Good,1,slightly degraded,D:\LSH\LSH\实验\聚焦信号分类实验\1\ROI_x729_y538_w32_h39_20260626_212915\01_valid_raw_and_ifft\mat\curve_r0560_c0756_idx000732.mat,D:\LSH\LSH\实验\聚焦信号分类实验\1\ROI_x729_y538_w32_h39_20260626_212915\01_valid_raw_and_ifft\mat,valid_folder,valid,26.0069253524095,26.0373659104976,0.0283168191357626,0.014582640239679,0.00190731566056426,0.892899255215233
1567,1759,1759,560,757,1773,Good,1,slightly degraded,D:\LSH\LSH\实验\聚焦信号分类实验\1\ROI_x729_y538_w32_h39_20260626_212915\01_valid_raw_and_ifft\mat\curve_r0560_c0757_idx000733.mat,D:\LSH\LSH\实验\聚焦信号分类实验\1\ROI_x729_y538_w32_h39_20260626_212915\01_valid_raw_and_ifft\mat,valid_folder,valid,25.9279599311186,25.8411963737229,0.0226907365917514,0.0119525277424547,0.00151320315658616,0.900935444804574
1568,1760,1760,560,758,1774,Good,1,slightly degraded,D:\LSH\LSH\实验\聚焦信号分类实验\1\ROI_x729_y538_w32_h39_20260626_212915\01_valid_raw_and_ifft\mat\curve_r0560_c0758_idx000734.mat,D:\LSH\LSH\实验\聚焦信号分类实验\1\ROI_x729_y538_w32_h39_20260626_212915\01_valid_raw_and_ifft\mat,valid_folder,valid,26.0002489965328,25.9222609251332,0.0184481887795097,0.0097246136086294,0.0012142889677759,0.901804459544019
1569,1761,1761,560,759,1775,Good,1,slightly degraded,D:\LSH\LSH\实验\聚焦信号分类实验\1\ROI_x729_y538_w32_h39_20260626_212915\01_valid_raw_and_ifft\mat\curve_r0560_c0759_idx000735.mat,D:\LSH\LSH\实验\聚焦信号分类实验\1\ROI_x729_y538_w32_h39_20260626_212915\01_valid_raw_and_ifft\mat,valid_folder,valid,25.920630428857,25.8205273683423,0.013004310108285,0.00711578814121962,0.000829897640031814,0.913664500582204
1570,1762,1762,560,760,1776,Good,1,slightly degraded,D:\LSH\LSH\实验\聚焦信号分类实验\1\ROI_x729_y538_w32_h39_20260626_212915\01_valid_raw_and_ifft\mat\curve_r0560_c0760_idx000736.mat,D:\LSH\LSH\实验\聚焦信号分类实验\1\ROI_x729_y538_w32_h39_20260626_212915\01_valid_raw_and_ifft\mat,valid_folder,valid,25.1662719875542,25.2996949601465,0.011509807738094,0.00622742098402996,0.0007721731791572,0.905195029351346
1571,1763,1763,561,731,1777,Good,1,slightly degraded,D:\LSH\LSH\实验\聚焦信号分类实验\1\ROI_x729_y538_w32_h39_20260626_212915\01_valid_raw_and_ifft\mat\curve_r0561_c0731_idx000739.mat,D:\LSH\LSH\实验\聚焦信号分类实验\1\ROI_x729_y538_w32_h39_20260626_212915\01_valid_raw_and_ifft\mat,valid_folder,valid,29.6498842165473,29.4040941685793,0.00282032721375886,0.00187593588077664,0.000163268190096243,0.946989309195728
1572,1764,1764,561,732,1778,Good,1,slightly degraded,D:\LSH\LSH\实验\聚焦信号分类实验\1\ROI_x729_y538_w32_h39_20260626_212915\01_valid_raw_and_ifft\mat\curve_r0561_c0732_idx000740.mat,D:\LSH\LSH\实验\聚焦信号分类实验\1\ROI_x729_y538_w32_h39_20260626_212915\01_valid_raw_and_ifft\mat,valid_folder,valid,28.1672620244496,28.7348090805352,0.0130451274864095,0.00745205661109264,0.000937592227196513,0.900384446545249
1573,1765,1765,561,733,1779,Good,1,slightly degraded,D:\LSH\LSH\实验\聚焦信号分类实验\1\ROI_x729_y538_w32_h39_20260626_212915\01_valid_raw_and_ifft\mat\curve_r0561_c0733_idx000741.mat,D:\LSH\LSH\实验\聚焦信号分类实验\1\ROI_x729_y538_w32_h39_20260626_212915\01_valid_raw_and_ifft\mat,valid_folder,valid,29.016992417984,29.0343896443864,0.0478116389917963,0.026925262768418,0.00313193879695084,0.919786879874136
1574,1766,1766,561,734,1780,Good,1,slightly degraded,D:\LSH\LSH\实验\聚焦信号分类实验\1\ROI_x729_y538_w32_h39_20260626_212915\01_valid_raw_and_ifft\mat\curve_r0561_c0734_idx000742.mat,D:\LSH\LSH\实验\聚焦信号分类实验\1\ROI_x729_y538_w32_h39_20260626_212915\01_valid_raw_and_ifft\mat,valid_folder,valid,28.9437400922114,28.9280647057024,0.0475415740280964,0.0249863349178991,0.00325659893764841,0.899845340097881
1575,1767,1767,561,735,1781,Good,1,slightly degraded,D:\LSH\LSH\实验\聚焦信号分类实验\1\ROI_x729_y538_w32_h39_20260626_212915\01_valid_raw_and_ifft\mat\curve_r0561_c0735_idx000743.mat,D:\LSH\LSH\实验\聚焦信号分类实验\1\ROI_x729_y538_w32_h39_20260626_212915\01_valid_raw_and_ifft\mat,valid_folder,valid,28.927061468148,28.865217779122,0.0338422448162527,0.0150547368092126,0.00260368952805973,0.832404436908848
1576,1768,1768,561,736,1782,Good,1,slightly degraded,D:\LSH\LSH\实验\聚焦信号分类实验\1\ROI_x729_y538_w32_h39_20260626_212915\01_valid_raw_and_ifft\mat\curve_r0561_c0736_idx000744.mat,D:\LSH\LSH\实验\聚焦信号分类实验\1\ROI_x729_y538_w32_h39_20260626_212915\01_valid_raw_and_ifft\mat,valid_folder,valid,28.8339099238533,28.7122127557208,0.0261843504387916,0.0126483801941906,0.00197716961501679,0.860842591361709
1577,1769,1769,561,737,1783,Good,1,slightly degraded,D:\LSH\LSH\实验\聚焦信号分类实验\1\ROI_x729_y538_w32_h39_20260626_212915\01_valid_raw_and_ifft\mat\curve_r0561_c0737_idx000745.mat,D:\LSH\LSH\实验\聚焦信号分类实验\1\ROI_x729_y538_w32_h39_20260626_212915\01_valid_raw_and_ifft\mat,valid_folder,valid,28.8742259060335,28.7994665593284,0.0107365867221205,0.00506236563706684,0.000813630382779268,0.848431505061492
1578,1770,1770,561,738,1784,Good,1,slightly degraded,D:\LSH\LSH\实验\聚焦信号分类实验\1\ROI_x729_y538_w32_h39_20260626_212915\01_valid_raw_and_ifft\mat\curve_r0561_c0738_idx000746.mat,D:\LSH\LSH\实验\聚焦信号分类实验\1\ROI_x729_y538_w32_h39_20260626_212915\01_valid_raw_and_ifft\mat,valid_folder,valid,28.9300965232988,28.8404934104013,0.00339214510315024,0.00158139531338916,0.000260397394397747,0.827514518900009
1579,1771,1771,561,750,1785,Good,1,slightly degraded,D:\LSH\LSH\实验\聚焦信号分类实验\1\ROI_x729_y538_w32_h39_20260626_212915\01_valid_raw_and_ifft\mat\curve_r0561_c0750_idx000758.mat,D:\LSH\LSH\实验\聚焦信号分类实验\1\ROI_x729_y538_w32_h39_20260626_212915\01_valid_raw_and_ifft\mat,valid_folder,valid,27.0409270700906,27.0246507174858,0.00263778003239202,0.00112558857833761,0.000216064447888504,0.774147301271751
1580,1772,1772,561,751,1786,Good,1,slightly degraded,D:\LSH\LSH\实验\聚焦信号分类实验\1\ROI_x729_y538_w32_h39_20260626_212915\01_valid_raw_and_ifft\mat\curve_r0561_c0751_idx000759.mat,D:\LSH\LSH\实验\聚焦信号分类实验\1\ROI_x729_y538_w32_h39_20260626_212915\01_valid_raw_and_ifft\mat,valid_folder,valid,26.9868513041816,26.8748891376331,0.00285255645373878,0.00140693639593274,0.000201132166188626,0.859103058637902
1581,1773,1773,561,752,1787,Good,1,slightly degraded,D:\LSH\LSH\实验\聚焦信号分类实验\1\ROI_x729_y538_w32_h39_20260626_212915\01_valid_raw_and_ifft\mat\curve_r0561_c0752_idx000760.mat,D:\LSH\LSH\实验\聚焦信号分类实验\1\ROI_x729_y538_w32_h39_20260626_212915\01_valid_raw_and_ifft\mat,valid_folder,valid,25.1494152042894,25.7212682958946,0.00587016122432029,0.0034037723184312,0.000396619286627716,0.910886028076866
1582,1774,1774,561,753,1788,Good,1,slightly degraded,D:\LSH\LSH\实验\聚焦信号分类实验\1\ROI_x729_y538_w32_h39_20260626_212915\01_valid_raw_and_ifft\mat\curve_r0561_c0753_idx000761.mat,D:\LSH\LSH\实验\聚焦信号分类实验\1\ROI_x729_y538_w32_h39_20260626_212915\01_valid_raw_and_ifft\mat,valid_folder,valid,26.1042367625803,26.0925301887689,0.0366580171126298,0.0224640324934311,0.00250089756010496,0.927164642204642
1583,1775,1775,561,754,1789,Good,1,slightly degraded,D:\LSH\LSH\实验\聚焦信号分类实验\1\ROI_x729_y538_w32_h39_20260626_212915\01_valid_raw_and_ifft\mat\curve_r0561_c0754_idx000762.mat,D:\LSH\LSH\实验\聚焦信号分类实验\1\ROI_x729_y538_w32_h39_20260626_212915\01_valid_raw_and_ifft\mat,valid_folder,valid,26.1163904027368,26.1326168717965,0.0469726989610804,0.0288416261933845,0.0031310182522394,0.930327899729265
1584,1776,1776,561,755,1790,Good,1,slightly degraded,D:\LSH\LSH\实验\聚焦信号分类实验\1\ROI_x729_y538_w32_h39_20260626_212915\01_valid_raw_and_ifft\mat\curve_r0561_c0755_idx000763.mat,D:\LSH\LSH\实验\聚焦信号分类实验\1\ROI_x729_y538_w32_h39_20260626_212915\01_valid_raw_and_ifft\mat,valid_folder,valid,26.2715124180869,26.3480501613512,0.0314993055502864,0.0183125049368201,0.00214159779575778,0.917168652820922
1585,1777,1777,561,756,1791,Good,1,slightly degraded,D:\LSH\LSH\实验\聚焦信号分类实验\1\ROI_x729_y538_w32_h39_20260626_212915\01_valid_raw_and_ifft\mat\curve_r0561_c0756_idx000764.mat,D:\LSH\LSH\实验\聚焦信号分类实验\1\ROI_x729_y538_w32_h39_20260626_212915\01_valid_raw_and_ifft\mat,valid_folder,valid,25.9129325033518,25.8662317306991,0.0270188425176932,0.0140405567263937,0.00180880713624883,0.894349477798803
1586,1778,1778,561,757,1792,Good,1,slightly degraded,D:\LSH\LSH\实验\聚焦信号分类实验\1\ROI_x729_y538_w32_h39_20260626_212915\01_valid_raw_and_ifft\mat\curve_r0561_c0757_idx000765.mat,D:\LSH\LSH\实验\聚焦信号分类实验\1\ROI_x729_y538_w32_h39_20260626_212915\01_valid_raw_and_ifft\mat,valid_folder,valid,25.7545831208324,25.7013098736017,0.0470855860295751,0.0262759096252059,0.00333787679218939,0.906294304697137
1587,1779,1779,561,758,1793,Good,1,slightly degraded,D:\LSH\LSH\实验\聚焦信号分类实验\1\ROI_x729_y538_w32_h39_20260626_212915\01_valid_raw_and_ifft\mat\curve_r0561_c0758_idx000766.mat,D:\LSH\LSH\实验\聚焦信号分类实验\1\ROI_x729_y538_w32_h39_20260626_212915\01_valid_raw_and_ifft\mat,valid_folder,valid,25.7592407120675,25.6983163698071,0.0485380394284522,0.0274815270256042,0.00335798416395105,0.912488922432121
1588,1780,1780,561,759,1794,Good,1,slightly degraded,D:\LSH\LSH\实验\聚焦信号分类实验\1\ROI_x729_y538_w32_h39_20260626_212915\01_valid_raw_and_ifft\mat\curve_r0561_c0759_idx000767.mat,D:\LSH\LSH\实验\聚焦信号分类实验\1\ROI_x729_y538_w32_h39_20260626_212915\01_valid_raw_and_ifft\mat,valid_folder,valid,25.8518675501975,25.7890527884457,0.0357015023035576,0.018946638179558,0.00247208212718584,0.89913907637679
1589,1781,1781,561,760,1795,Good,1,slightly degraded,D:\LSH\LSH\实验\聚焦信号分类实验\1\ROI_x729_y538_w32_h39_20260626_212915\01_valid_raw_and_ifft\mat\curve_r0561_c0760_idx000768.mat,D:\LSH\LSH\实验\聚焦信号分类实验\1\ROI_x729_y538_w32_h39_20260626_212915\01_valid_raw_and_ifft\mat,valid_folder,valid,25.1607838780992,25.3335446708105,0.0137677995452066,0.00706043751696246,0.000970239293077207,0.883497029723666
1590,1782,1782,562,731,1796,Good,1,slightly degraded,D:\LSH\LSH\实验\聚焦信号分类实验\1\ROI_x729_y538_w32_h39_20260626_212915\01_valid_raw_and_ifft\mat\curve_r0562_c0731_idx000771.mat,D:\LSH\LSH\实验\聚焦信号分类实验\1\ROI_x729_y538_w32_h39_20260626_212915\01_valid_raw_and_ifft\mat,valid_folder,valid,29.4835677317732,29.3075034216016,0.00236377638961342,0.0017285421919688,0.000131121207091863,0.959710219158812
1591,1783,1783,562,732,1797,Good,1,slightly degraded,D:\LSH\LSH\实验\聚焦信号分类实验\1\ROI_x729_y538_w32_h39_20260626_212915\01_valid_raw_and_ifft\mat\curve_r0562_c0732_idx000772.mat,D:\LSH\LSH\实验\聚焦信号分类实验\1\ROI_x729_y538_w32_h39_20260626_212915\01_valid_raw_and_ifft\mat,valid_folder,valid,28.2868324623214,28.9351593019659,0.00697688813889099,0.00465900074981289,0.000505987571436297,0.923518513536908
1592,1784,1784,562,733,1798,Good,1,slightly degraded,D:\LSH\LSH\实验\聚焦信号分类实验\1\ROI_x729_y538_w32_h39_20260626_212915\01_valid_raw_and_ifft\mat\curve_r0562_c0733_idx000773.mat,D:\LSH\LSH\实验\聚焦信号分类实验\1\ROI_x729_y538_w32_h39_20260626_212915\01_valid_raw_and_ifft\mat,valid_folder,valid,29.5313840727217,29.2190124332471,0.0207692888730296,0.0134368883164495,0.00140738960653519,0.934315983849447
1593,1785,1785,562,734,1799,Good,1,slightly degraded,D:\LSH\LSH\实验\聚焦信号分类实验\1\ROI_x729_y538_w32_h39_20260626_212915\01_valid_raw_and_ifft\mat\curve_r0562_c0734_idx000774.mat,D:\LSH\LSH\实验\聚焦信号分类实验\1\ROI_x729_y538_w32_h39_20260626_212915\01_valid_raw_and_ifft\mat,valid_folder,valid,29.056160923629,29.0483200609954,0.0209368163768199,0.0146800083361698,0.00142027534072898,0.943266227598638
1594,1786,1786,562,735,1800,Good,1,slightly degraded,D:\LSH\LSH\实验\聚焦信号分类实验\1\ROI_x729_y538_w32_h39_20260626_212915\01_valid_raw_and_ifft\mat\curve_r0562_c0735_idx000775.mat,D:\LSH\LSH\实验\聚焦信号分类实验\1\ROI_x729_y538_w32_h39_20260626_212915\01_valid_raw_and_ifft\mat,valid_folder,valid,28.8077640661207,28.7589225635759,0.0315274891967641,0.0166177285193999,0.00225602478560989,0.891534082094487
1595,1787,1787,562,736,1801,Good,1,slightly degraded,D:\LSH\LSH\实验\聚焦信号分类实验\1\ROI_x729_y538_w32_h39_20260626_212915\01_valid_raw_and_ifft\mat\curve_r0562_c0736_idx000776.mat,D:\LSH\LSH\实验\聚焦信号分类实验\1\ROI_x729_y538_w32_h39_20260626_212915\01_valid_raw_and_ifft\mat,valid_folder,valid,28.7074724707004,28.6399561554587,0.0272068967628607,0.0147684811891569,0.00201602323970073,0.892753876053648
1596,1788,1788,562,737,1802,Good,1,slightly degraded,D:\LSH\LSH\实验\聚焦信号分类实验\1\ROI_x729_y538_w32_h39_20260626_212915\01_valid_raw_and_ifft\mat\curve_r0562_c0737_idx000777.mat,D:\LSH\LSH\实验\聚焦信号分类实验\1\ROI_x729_y538_w32_h39_20260626_212915\01_valid_raw_and_ifft\mat,valid_folder,valid,28.9311852313544,28.8984893417234,0.00988857924795903,0.00457674066303689,0.000741230958860656,0.844618966459817
1597,1789,1789,562,738,1803,Good,1,slightly degraded,D:\LSH\LSH\实验\聚焦信号分类实验\1\ROI_x729_y538_w32_h39_20260626_212915\01_valid_raw_and_ifft\mat\curve_r0562_c0738_idx000778.mat,D:\LSH\LSH\实验\聚焦信号分类实验\1\ROI_x729_y538_w32_h39_20260626_212915\01_valid_raw_and_ifft\mat,valid_folder,valid,28.9445328982493,28.7979707702988,0.0024187191887317,0.00111657710687076,0.00019131227618366,0.813189800887471
1598,1790,1790,562,752,1804,Good,1,slightly degraded,D:\LSH\LSH\实验\聚焦信号分类实验\1\ROI_x729_y538_w32_h39_20260626_212915\01_valid_raw_and_ifft\mat\curve_r0562_c0752_idx000792.mat,D:\LSH\LSH\实验\聚焦信号分类实验\1\ROI_x729_y538_w32_h39_20260626_212915\01_valid_raw_and_ifft\mat,valid_folder,valid,25.4859087488884,26.0030955753797,0.00135324101790343,0.00100625553365568,8.60393919336487e-05,0.945694556399056
1599,1791,1791,562,753,1805,Good,1,slightly degraded,D:\LSH\LSH\实验\聚焦信号分类实验\1\ROI_x729_y538_w32_h39_20260626_212915\01_valid_raw_and_ifft\mat\curve_r0562_c0753_idx000793.mat,D:\LSH\LSH\实验\聚焦信号分类实验\1\ROI_x729_y538_w32_h39_20260626_212915\01_valid_raw_and_ifft\mat,valid_folder,valid,26.0094317069709,26.0599325482894,0.00316665836692545,0.00228230940626035,0.000202696842824294,0.946784476093448
1600,1792,1792,562,754,1806,Good,1,slightly degraded,D:\LSH\LSH\实验\聚焦信号分类实验\1\ROI_x729_y538_w32_h39_20260626_212915\01_valid_raw_and_ifft\mat\curve_r0562_c0754_idx000794.mat,D:\LSH\LSH\实验\聚焦信号分类实验\1\ROI_x729_y538_w32_h39_20260626_212915\01_valid_raw_and_ifft\mat,valid_folder,valid,26.0446597177073,26.0818584473893,0.00691637312376423,0.00418022159770991,0.000440081021405778,0.928995867671677
1601,1793,1793,562,755,1807,Good,1,slightly degraded,D:\LSH\LSH\实验\聚焦信号分类实验\1\ROI_x729_y538_w32_h39_20260626_212915\01_valid_raw_and_ifft\mat\curve_r0562_c0755_idx000795.mat,D:\LSH\LSH\实验\聚焦信号分类实验\1\ROI_x729_y538_w32_h39_20260626_212915\01_valid_raw_and_ifft\mat,valid_folder,valid,25.9000077004745,25.9780712738053,0.00689092588033347,0.00421561094456732,0.000414570921868806,0.935141415743966
1602,1794,1794,562,756,1808,Good,1,slightly degraded,D:\LSH\LSH\实验\聚焦信号分类实验\1\ROI_x729_y538_w32_h39_20260626_212915\01_valid_raw_and_ifft\mat\curve_r0562_c0756_idx000796.mat,D:\LSH\LSH\实验\聚焦信号分类实验\1\ROI_x729_y538_w32_h39_20260626_212915\01_valid_raw_and_ifft\mat,valid_folder,valid,25.6601404635271,25.460497050644,0.00954979061624856,0.0060534262624256,0.000552681038087295,0.945718940442847
1603,1795,1795,562,757,1809,Good,1,slightly degraded,D:\LSH\LSH\实验\聚焦信号分类实验\1\ROI_x729_y538_w32_h39_20260626_212915\01_valid_raw_and_ifft\mat\curve_r0562_c0757_idx000797.mat,D:\LSH\LSH\实验\聚焦信号分类实验\1\ROI_x729_y538_w32_h39_20260626_212915\01_valid_raw_and_ifft\mat,valid_folder,valid,25.7194852738945,25.6151953701234,0.0411245561892991,0.0232159746608924,0.00284964250051916,0.911918363545326
1604,1796,1796,562,758,1810,Good,1,slightly degraded,D:\LSH\LSH\实验\聚焦信号分类实验\1\ROI_x729_y538_w32_h39_20260626_212915\01_valid_raw_and_ifft\mat\curve_r0562_c0758_idx000798.mat,D:\LSH\LSH\实验\聚焦信号分类实验\1\ROI_x729_y538_w32_h39_20260626_212915\01_valid_raw_and_ifft\mat,valid_folder,valid,25.7590776435163,25.6323777808581,0.0472021278238176,0.0261096915251225,0.00323987135112568,0.909756326565688
1605,1797,1797,562,759,1811,Good,1,slightly degraded,D:\LSH\LSH\实验\聚焦信号分类实验\1\ROI_x729_y538_w32_h39_20260626_212915\01_valid_raw_and_ifft\mat\curve_r0562_c0759_idx000799.mat,D:\LSH\LSH\实验\聚焦信号分类实验\1\ROI_x729_y538_w32_h39_20260626_212915\01_valid_raw_and_ifft\mat,valid_folder,valid,25.7709950721838,25.7054979577528,0.0359597105121546,0.0190599233070505,0.00262117553120387,0.890383693433612
1606,1798,1798,562,760,1812,Good,1,slightly degraded,D:\LSH\LSH\实验\聚焦信号分类实验\1\ROI_x729_y538_w32_h39_20260626_212915\01_valid_raw_and_ifft\mat\curve_r0562_c0760_idx000800.mat,D:\LSH\LSH\实验\聚焦信号分类实验\1\ROI_x729_y538_w32_h39_20260626_212915\01_valid_raw_and_ifft\mat,valid_folder,valid,25.1666749652212,25.452609320474,0.00940550968520413,0.00504055080831874,0.000633398374018806,0.898918599247931
1607,1799,1799,563,729,1813,Good,1,slightly degraded,D:\LSH\LSH\实验\聚焦信号分类实验\1\ROI_x729_y538_w32_h39_20260626_212915\01_valid_raw_and_ifft\mat\curve_r0563_c0729_idx000801.mat,D:\LSH\LSH\实验\聚焦信号分类实验\1\ROI_x729_y538_w32_h39_20260626_212915\01_valid_raw_and_ifft\mat,valid_folder,valid,29.6310604581274,29.5919349202578,0.00252864040979477,0.00172503658218907,0.000147488240349347,0.946098722772897
1608,1800,1800,563,730,1814,Good,1,slightly degraded,D:\LSH\LSH\实验\聚焦信号分类实验\1\ROI_x729_y538_w32_h39_20260626_212915\01_valid_raw_and_ifft\mat\curve_r0563_c0730_idx000802.mat,D:\LSH\LSH\实验\聚焦信号分类实验\1\ROI_x729_y538_w32_h39_20260626_212915\01_valid_raw_and_ifft\mat,valid_folder,valid,29.6927291152068,29.4583160703126,0.0027228674970834,0.00181582363314937,0.000148625219526535,0.951802559637997
1609,1801,1801,563,731,1815,Good,1,slightly degraded,D:\LSH\LSH\实验\聚焦信号分类实验\1\ROI_x729_y538_w32_h39_20260626_212915\01_valid_raw_and_ifft\mat\curve_r0563_c0731_idx000803.mat,D:\LSH\LSH\实验\聚焦信号分类实验\1\ROI_x729_y538_w32_h39_20260626_212915\01_valid_raw_and_ifft\mat,valid_folder,valid,29.4427452599526,29.3833315371226,0.0041633912326052,0.00278493080526841,0.000254001350857839,0.942435550051172
1610,1802,1802,563,732,1816,Good,1,slightly degraded,D:\LSH\LSH\实验\聚焦信号分类实验\1\ROI_x729_y538_w32_h39_20260626_212915\01_valid_raw_and_ifft\mat\curve_r0563_c0732_idx000804.mat,D:\LSH\LSH\实验\聚焦信号分类实验\1\ROI_x729_y538_w32_h39_20260626_212915\01_valid_raw_and_ifft\mat,valid_folder,valid,29.0183091818486,29.0571210299366,0.00467882383571287,0.00276217262615185,0.000288243866141296,0.924477218564835
1611,1803,1803,563,733,1817,Good,1,slightly degraded,D:\LSH\LSH\实验\聚焦信号分类实验\1\ROI_x729_y538_w32_h39_20260626_212915\01_valid_raw_and_ifft\mat\curve_r0563_c0733_idx000805.mat,D:\LSH\LSH\实验\聚焦信号分类实验\1\ROI_x729_y538_w32_h39_20260626_212915\01_valid_raw_and_ifft\mat,valid_folder,valid,28.9169846166335,28.9836401447979,0.00318038354202946,0.00225190726606721,0.000203568178038156,0.943165561478076
1612,1804,1804,563,734,1818,Good,1,slightly degraded,D:\LSH\LSH\实验\聚焦信号分类实验\1\ROI_x729_y538_w32_h39_20260626_212915\01_valid_raw_and_ifft\mat\curve_r0563_c0734_idx000806.mat,D:\LSH\LSH\实验\聚焦信号分类实验\1\ROI_x729_y538_w32_h39_20260626_212915\01_valid_raw_and_ifft\mat,valid_folder,valid,28.1721448399201,28.4446592707749,0.00631249609585134,0.00355363935320202,0.000404979899751833,0.912615737015697
1613,1805,1805,563,735,1819,Good,1,slightly degraded,D:\LSH\LSH\实验\聚焦信号分类实验\1\ROI_x729_y538_w32_h39_20260626_212915\01_valid_raw_and_ifft\mat\curve_r0563_c0735_idx000807.mat,D:\LSH\LSH\实验\聚焦信号分类实验\1\ROI_x729_y538_w32_h39_20260626_212915\01_valid_raw_and_ifft\mat,valid_folder,valid,28.5481208090725,28.6858862421354,0.0172231958548201,0.0106887761644928,0.00121386056324365,0.921874297583709
1614,1806,1806,563,736,1820,Good,1,slightly degraded,D:\LSH\LSH\实验\聚焦信号分类实验\1\ROI_x729_y538_w32_h39_20260626_212915\01_valid_raw_and_ifft\mat\curve_r0563_c0736_idx000808.mat,D:\LSH\LSH\实验\聚焦信号分类实验\1\ROI_x729_y538_w32_h39_20260626_212915\01_valid_raw_and_ifft\mat,valid_folder,valid,28.4511936476827,28.6097975745862,0.0166588354303821,0.00980157780428518,0.00117789606581396,0.913983265157448
1615,1807,1807,563,737,1821,Good,1,slightly degraded,D:\LSH\LSH\实验\聚焦信号分类实验\1\ROI_x729_y538_w32_h39_20260626_212915\01_valid_raw_and_ifft\mat\curve_r0563_c0737_idx000809.mat,D:\LSH\LSH\实验\聚焦信号分类实验\1\ROI_x729_y538_w32_h39_20260626_212915\01_valid_raw_and_ifft\mat,valid_folder,valid,28.9893879677947,28.9939775447836,0.00558764544880123,0.00298659309766063,0.000355181391046656,0.904473447687577
1616,1808,1808,563,738,1822,Good,1,slightly degraded,D:\LSH\LSH\实验\聚焦信号分类实验\1\ROI_x729_y538_w32_h39_20260626_212915\01_valid_raw_and_ifft\mat\curve_r0563_c0738_idx000810.mat,D:\LSH\LSH\实验\聚焦信号分类实验\1\ROI_x729_y538_w32_h39_20260626_212915\01_valid_raw_and_ifft\mat,valid_folder,valid,28.8638070348294,28.4950917200513,0.00170135032142761,0.000948306582849763,0.000119922682855716,0.884750770399308
1617,1809,1809,563,739,1823,Good,1,slightly degraded,D:\LSH\LSH\实验\聚焦信号分类实验\1\ROI_x729_y538_w32_h39_20260626_212915\01_valid_raw_and_ifft\mat\curve_r0563_c0739_idx000811.mat,D:\LSH\LSH\实验\聚焦信号分类实验\1\ROI_x729_y538_w32_h39_20260626_212915\01_valid_raw_and_ifft\mat,valid_folder,valid,28.0792149711711,28.0753569167264,0.00451244008594667,0.00237008796345834,0.000313909512632392,0.889872927711857
1618,1810,1810,563,740,1824,Good,1,slightly degraded,D:\LSH\LSH\实验\聚焦信号分类实验\1\ROI_x729_y538_w32_h39_20260626_212915\01_valid_raw_and_ifft\mat\curve_r0563_c0740_idx000812.mat,D:\LSH\LSH\实验\聚焦信号分类实验\1\ROI_x729_y538_w32_h39_20260626_212915\01_valid_raw_and_ifft\mat,valid_folder,valid,28.6138685288856,28.4617199438224,0.00740543496038546,0.00397772267362967,0.000581292763192415,0.876852090363542
1619,1811,1811,563,741,1825,Good,1,slightly degraded,D:\LSH\LSH\实验\聚焦信号分类实验\1\ROI_x729_y538_w32_h39_20260626_212915\01_valid_raw_and_ifft\mat\curve_r0563_c0741_idx000813.mat,D:\LSH\LSH\实验\聚焦信号分类实验\1\ROI_x729_y538_w32_h39_20260626_212915\01_valid_raw_and_ifft\mat,valid_folder,valid,28.7083911348399,28.5422464910381,0.00743611488515742,0.00383581998185244,0.000576098182852463,0.868862263510661
1620,1812,1812,563,742,1826,Good,1,slightly degraded,D:\LSH\LSH\实验\聚焦信号分类实验\1\ROI_x729_y538_w32_h39_20260626_212915\01_valid_raw_and_ifft\mat\curve_r0563_c0742_idx000814.mat,D:\LSH\LSH\实验\聚焦信号分类实验\1\ROI_x729_y538_w32_h39_20260626_212915\01_valid_raw_and_ifft\mat,valid_folder,valid,28.8472525454737,28.7175629979895,0.00196336240008094,0.00110062877201392,0.000133833217661967,0.891539516804174
1621,1813,1813,563,743,1827,Good,1,slightly degraded,D:\LSH\LSH\实验\聚焦信号分类实验\1\ROI_x729_y538_w32_h39_20260626_212915\01_valid_raw_and_ifft\mat\curve_r0563_c0743_idx000815.mat,D:\LSH\LSH\实验\聚焦信号分类实验\1\ROI_x729_y538_w32_h39_20260626_212915\01_valid_raw_and_ifft\mat,valid_folder,valid,28.9169438846126,28.5671272460456,0.00120830355205509,0.000707883538071765,8.26632794928988e-05,0.8963289672613
1622,1814,1814,563,745,1828,Good,1,slightly degraded,D:\LSH\LSH\实验\聚焦信号分类实验\1\ROI_x729_y538_w32_h39_20260626_212915\01_valid_raw_and_ifft\mat\curve_r0563_c0745_idx000817.mat,D:\LSH\LSH\实验\聚焦信号分类实验\1\ROI_x729_y538_w32_h39_20260626_212915\01_valid_raw_and_ifft\mat,valid_folder,valid,27.0889410634655,27.3390367859888,0.00275068305273018,0.00136505046362657,0.000199857014811121,0.859143395687489
1623,1815,1815,563,746,1829,Good,1,slightly degraded,D:\LSH\LSH\实验\聚焦信号分类实验\1\ROI_x729_y538_w32_h39_20260626_212915\01_valid_raw_and_ifft\mat\curve_r0563_c0746_idx000818.mat,D:\LSH\LSH\实验\聚焦信号分类实验\1\ROI_x729_y538_w32_h39_20260626_212915\01_valid_raw_and_ifft\mat,valid_folder,valid,27.0250746816264,27.226836296441,0.00298126414456776,0.00145479895045982,0.000218404339312851,0.853175833472734
1624,1816,1816,563,747,1830,Good,1,slightly degraded,D:\LSH\LSH\实验\聚焦信号分类实验\1\ROI_x729_y538_w32_h39_20260626_212915\01_valid_raw_and_ifft\mat\curve_r0563_c0747_idx000819.mat,D:\LSH\LSH\实验\聚焦信号分类实验\1\ROI_x729_y538_w32_h39_20260626_212915\01_valid_raw_and_ifft\mat,valid_folder,valid,26.7886240788141,26.9944837174527,0.00110663311951083,0.000630796636391871,0.00010206701420919,0.820536361640918
1625,1817,1817,563,753,1831,Good,1,slightly degraded,D:\LSH\LSH\实验\聚焦信号分类实验\1\ROI_x729_y538_w32_h39_20260626_212915\01_valid_raw_and_ifft\mat\curve_r0563_c0753_idx000825.mat,D:\LSH\LSH\实验\聚焦信号分类实验\1\ROI_x729_y538_w32_h39_20260626_212915\01_valid_raw_and_ifft\mat,valid_folder,valid,26.7192379234541,26.4117633521744,0.00173724273549002,0.00106487897868895,0.000118126826509516,0.908587743839009
1626,1818,1818,563,754,1832,Good,1,slightly degraded,D:\LSH\LSH\实验\聚焦信号分类实验\1\ROI_x729_y538_w32_h39_20260626_212915\01_valid_raw_and_ifft\mat\curve_r0563_c0754_idx000826.mat,D:\LSH\LSH\实验\聚焦信号分类实验\1\ROI_x729_y538_w32_h39_20260626_212915\01_valid_raw_and_ifft\mat,valid_folder,valid,26.4422976833702,26.4284581537616,0.00369906281900222,0.00223492772771822,0.00026478568935573,0.909286288533348
1627,1819,1819,563,755,1833,Good,1,slightly degraded,D:\LSH\LSH\实验\聚焦信号分类实验\1\ROI_x729_y538_w32_h39_20260626_212915\01_valid_raw_and_ifft\mat\curve_r0563_c0755_idx000827.mat,D:\LSH\LSH\实验\聚焦信号分类实验\1\ROI_x729_y538_w32_h39_20260626_212915\01_valid_raw_and_ifft\mat,valid_folder,valid,26.1878418413027,26.2801065244923,0.00360069306855674,0.002147197546111,0.000224901670036395,0.923998415168656
1628,1820,1820,563,756,1834,Good,1,slightly degraded,D:\LSH\LSH\实验\聚焦信号分类实验\1\ROI_x729_y538_w32_h39_20260626_212915\01_valid_raw_and_ifft\mat\curve_r0563_c0756_idx000828.mat,D:\LSH\LSH\实验\聚焦信号分类实验\1\ROI_x729_y538_w32_h39_20260626_212915\01_valid_raw_and_ifft\mat,valid_folder,valid,25.7141213159885,25.6675333377011,0.00609010997913186,0.00376889185034851,0.000374157026434346,0.934948420490203
1629,1821,1821,563,757,1835,Good,1,slightly degraded,D:\LSH\LSH\实验\聚焦信号分类实验\1\ROI_x729_y538_w32_h39_20260626_212915\01_valid_raw_and_ifft\mat\curve_r0563_c0757_idx000829.mat,D:\LSH\LSH\实验\聚焦信号分类实验\1\ROI_x729_y538_w32_h39_20260626_212915\01_valid_raw_and_ifft\mat,valid_folder,valid,25.3978362428211,25.513628032424,0.0248025802856978,0.0140951001444126,0.00180490691075366,0.905464498822349
1630,1822,1822,563,758,1836,Good,1,slightly degraded,D:\LSH\LSH\实验\聚焦信号分类实验\1\ROI_x729_y538_w32_h39_20260626_212915\01_valid_raw_and_ifft\mat\curve_r0563_c0758_idx000830.mat,D:\LSH\LSH\实验\聚焦信号分类实验\1\ROI_x729_y538_w32_h39_20260626_212915\01_valid_raw_and_ifft\mat,valid_folder,valid,25.3470607261442,25.4868977177611,0.0308703111969098,0.0169454878403699,0.00228564996681665,0.895325660722787
1631,1823,1823,563,759,1837,Good,1,slightly degraded,D:\LSH\LSH\实验\聚焦信号分类实验\1\ROI_x729_y538_w32_h39_20260626_212915\01_valid_raw_and_ifft\mat\curve_r0563_c0759_idx000831.mat,D:\LSH\LSH\实验\聚焦信号分类实验\1\ROI_x729_y538_w32_h39_20260626_212915\01_valid_raw_and_ifft\mat,valid_folder,valid,25.4188933631626,25.6035300398924,0.0190655681896936,0.010687092238902,0.00142788678677244,0.894538774861689
1632,1824,1824,563,760,1838,Good,1,slightly degraded,D:\LSH\LSH\实验\聚焦信号分类实验\1\ROI_x729_y538_w32_h39_20260626_212915\01_valid_raw_and_ifft\mat\curve_r0563_c0760_idx000832.mat,D:\LSH\LSH\实验\聚焦信号分类实验\1\ROI_x729_y538_w32_h39_20260626_212915\01_valid_raw_and_ifft\mat,valid_folder,valid,25.1341731062788,25.3893256957738,0.0072921630370092,0.00362833608248267,0.000538109869766979,0.861743868402885
1633,1825,1825,564,729,1839,Good,1,slightly degraded,D:\LSH\LSH\实验\聚焦信号分类实验\1\ROI_x729_y538_w32_h39_20260626_212915\01_valid_raw_and_ifft\mat\curve_r0564_c0729_idx000833.mat,D:\LSH\LSH\实验\聚焦信号分类实验\1\ROI_x729_y538_w32_h39_20260626_212915\01_valid_raw_and_ifft\mat,valid_folder,valid,29.4017911260856,29.6303645916624,0.00638061924447685,0.00448688531338099,0.000333215473369295,0.964508665898553
1634,1826,1826,564,730,1840,Good,1,slightly degraded,D:\LSH\LSH\实验\聚焦信号分类实验\1\ROI_x729_y538_w32_h39_20260626_212915\01_valid_raw_and_ifft\mat\curve_r0564_c0730_idx000834.mat,D:\LSH\LSH\实验\聚焦信号分类实验\1\ROI_x729_y538_w32_h39_20260626_212915\01_valid_raw_and_ifft\mat,valid_folder,valid,28.9461141908411,29.0609024386767,0.00714869957471348,0.00426868350461964,0.000397859341255993,0.940411990993542
1635,1827,1827,564,731,1841,Good,1,slightly degraded,D:\LSH\LSH\实验\聚焦信号分类实验\1\ROI_x729_y538_w32_h39_20260626_212915\01_valid_raw_and_ifft\mat\curve_r0564_c0731_idx000835.mat,D:\LSH\LSH\实验\聚焦信号分类实验\1\ROI_x729_y538_w32_h39_20260626_212915\01_valid_raw_and_ifft\mat,valid_folder,valid,28.921119935322,28.8721728602831,0.00818855365741655,0.00448163912176422,0.000509848957732023,0.910884027309752
1636,1828,1828,564,732,1842,Good,1,slightly degraded,D:\LSH\LSH\实验\聚焦信号分类实验\1\ROI_x729_y538_w32_h39_20260626_212915\01_valid_raw_and_ifft\mat\curve_r0564_c0732_idx000836.mat,D:\LSH\LSH\实验\聚焦信号分类实验\1\ROI_x729_y538_w32_h39_20260626_212915\01_valid_raw_and_ifft\mat,valid_folder,valid,28.9903878312011,29.017410134145,0.00772748250295597,0.00385680270410606,0.00052740317736232,0.874146994587081
1637,1829,1829,564,733,1843,Good,1,slightly degraded,D:\LSH\LSH\实验\聚焦信号分类实验\1\ROI_x729_y538_w32_h39_20260626_212915\01_valid_raw_and_ifft\mat\curve_r0564_c0733_idx000837.mat,D:\LSH\LSH\实验\聚焦信号分类实验\1\ROI_x729_y538_w32_h39_20260626_212915\01_valid_raw_and_ifft\mat,valid_folder,valid,29.0307953584998,29.1264698834183,0.00497686473571407,0.00265390338705929,0.000324209663963943,0.895690138417378
1638,1830,1830,564,734,1844,Good,1,slightly degraded,D:\LSH\LSH\实验\聚焦信号分类实验\1\ROI_x729_y538_w32_h39_20260626_212915\01_valid_raw_and_ifft\mat\curve_r0564_c0734_idx000838.mat,D:\LSH\LSH\实验\聚焦信号分类实验\1\ROI_x729_y538_w32_h39_20260626_212915\01_valid_raw_and_ifft\mat,valid_folder,valid,28.8584014214813,28.9439465516201,0.00352119546924799,0.00220363481293204,0.000204654975963812,0.937290613181173
1639,1831,1831,564,735,1845,Good,1,slightly degraded,D:\LSH\LSH\实验\聚焦信号分类实验\1\ROI_x729_y538_w32_h39_20260626_212915\01_valid_raw_and_ifft\mat\curve_r0564_c0735_idx000839.mat,D:\LSH\LSH\实验\聚焦信号分类实验\1\ROI_x729_y538_w32_h39_20260626_212915\01_valid_raw_and_ifft\mat,valid_folder,valid,28.5964008721283,28.8976677073851,0.00599367825033748,0.00420074674682677,0.000399456314853447,0.941234090703785
1640,1832,1832,564,736,1846,Good,1,slightly degraded,D:\LSH\LSH\实验\聚焦信号分类实验\1\ROI_x729_y538_w32_h39_20260626_212915\01_valid_raw_and_ifft\mat\curve_r0564_c0736_idx000840.mat,D:\LSH\LSH\实验\聚焦信号分类实验\1\ROI_x729_y538_w32_h39_20260626_212915\01_valid_raw_and_ifft\mat,valid_folder,valid,28.4533077665196,28.8093215054068,0.00613950447884174,0.00397102075376869,0.000396388986615046,0.936228876317275
1641,1833,1833,564,737,1847,Good,1,slightly degraded,D:\LSH\LSH\实验\聚焦信号分类实验\1\ROI_x729_y538_w32_h39_20260626_212915\01_valid_raw_and_ifft\mat\curve_r0564_c0737_idx000841.mat,D:\LSH\LSH\实验\聚焦信号分类实验\1\ROI_x729_y538_w32_h39_20260626_212915\01_valid_raw_and_ifft\mat,valid_folder,valid,28.5926638081383,28.5084262996957,0.00482467143205373,0.00302462792882484,0.000303118382341572,0.934419609677341
1642,1834,1834,564,738,1848,Good,1,slightly degraded,D:\LSH\LSH\实验\聚焦信号分类实验\1\ROI_x729_y538_w32_h39_20260626_212915\01_valid_raw_and_ifft\mat\curve_r0564_c0738_idx000842.mat,D:\LSH\LSH\实验\聚焦信号分类实验\1\ROI_x729_y538_w32_h39_20260626_212915\01_valid_raw_and_ifft\mat,valid_folder,valid,28.6495907868532,28.3737781799458,0.00521369401742172,0.00293561481500086,0.00038157813158288,0.895356627884602
1643,1835,1835,564,739,1849,Good,1,slightly degraded,D:\LSH\LSH\实验\聚焦信号分类实验\1\ROI_x729_y538_w32_h39_20260626_212915\01_valid_raw_and_ifft\mat\curve_r0564_c0739_idx000843.mat,D:\LSH\LSH\实验\聚焦信号分类实验\1\ROI_x729_y538_w32_h39_20260626_212915\01_valid_raw_and_ifft\mat,valid_folder,valid,28.106458578575,28.1516019120987,0.00856708264098963,0.00425374777044575,0.000626314677783945,0.873306568393229
1644,1836,1836,564,740,1850,Good,1,slightly degraded,D:\LSH\LSH\实验\聚焦信号分类实验\1\ROI_x729_y538_w32_h39_20260626_212915\01_valid_raw_and_ifft\mat\curve_r0564_c0740_idx000844.mat,D:\LSH\LSH\实验\聚焦信号分类实验\1\ROI_x729_y538_w32_h39_20260626_212915\01_valid_raw_and_ifft\mat,valid_folder,valid,28.2544628536177,28.3249490885269,0.0100158806164168,0.00514007472181697,0.000778764337605745,0.869698544429877
1645,1837,1837,564,741,1851,Good,1,slightly degraded,D:\LSH\LSH\实验\聚焦信号分类实验\1\ROI_x729_y538_w32_h39_20260626_212915\01_valid_raw_and_ifft\mat\curve_r0564_c0741_idx000845.mat,D:\LSH\LSH\实验\聚焦信号分类实验\1\ROI_x729_y538_w32_h39_20260626_212915\01_valid_raw_and_ifft\mat,valid_folder,valid,28.4450758281734,28.4421037837562,0.00833536515483577,0.00455113521287205,0.000680189280567152,0.87240646324243
1646,1838,1838,564,742,1852,Good,1,slightly degraded,D:\LSH\LSH\实验\聚焦信号分类实验\1\ROI_x729_y538_w32_h39_20260626_212915\01_valid_raw_and_ifft\mat\curve_r0564_c0742_idx000846.mat,D:\LSH\LSH\实验\聚焦信号分类实验\1\ROI_x729_y538_w32_h39_20260626_212915\01_valid_raw_and_ifft\mat,valid_folder,valid,28.2235988250757,28.3143426733711,0.00215235256472101,0.00128877606449985,0.000138776474215665,0.915479085134932
1647,1839,1839,564,743,1853,Good,1,slightly degraded,D:\LSH\LSH\实验\聚焦信号分类实验\1\ROI_x729_y538_w32_h39_20260626_212915\01_valid_raw_and_ifft\mat\curve_r0564_c0743_idx000847.mat,D:\LSH\LSH\实验\聚焦信号分类实验\1\ROI_x729_y538_w32_h39_20260626_212915\01_valid_raw_and_ifft\mat,valid_folder,valid,27.8499769400685,27.8592464947156,0.00163030131191602,0.00117128074450361,9.38912281225528e-05,0.953963692055672
1648,1840,1840,564,744,1854,Good,1,slightly degraded,D:\LSH\LSH\实验\聚焦信号分类实验\1\ROI_x729_y538_w32_h39_20260626_212915\01_valid_raw_and_ifft\mat\curve_r0564_c0744_idx000848.mat,D:\LSH\LSH\实验\聚焦信号分类实验\1\ROI_x729_y538_w32_h39_20260626_212915\01_valid_raw_and_ifft\mat,valid_folder,valid,27.1635470993064,27.2948784842585,0.00266605011502711,0.00148850414503277,0.000174708084528881,0.907102568400258
1649,1841,1841,564,745,1855,Good,1,slightly degraded,D:\LSH\LSH\实验\聚焦信号分类实验\1\ROI_x729_y538_w32_h39_20260626_212915\01_valid_raw_and_ifft\mat\curve_r0564_c0745_idx000849.mat,D:\LSH\LSH\实验\聚焦信号分类实验\1\ROI_x729_y538_w32_h39_20260626_212915\01_valid_raw_and_ifft\mat,valid_folder,valid,27.0887653828371,27.2846676958103,0.00537465079080465,0.00259828703631635,0.000390152860907299,0.858663287995769
1650,1842,1842,564,746,1856,Good,1,slightly degraded,D:\LSH\LSH\实验\聚焦信号分类实验\1\ROI_x729_y538_w32_h39_20260626_212915\01_valid_raw_and_ifft\mat\curve_r0564_c0746_idx000850.mat,D:\LSH\LSH\实验\聚焦信号分类实验\1\ROI_x729_y538_w32_h39_20260626_212915\01_valid_raw_and_ifft\mat,valid_folder,valid,27.0616864821034,27.2490792966225,0.00569009714422459,0.00276375567632082,0.000408324617752815,0.863070377752559
1651,1843,1843,564,747,1857,Good,1,slightly degraded,D:\LSH\LSH\实验\聚焦信号分类实验\1\ROI_x729_y538_w32_h39_20260626_212915\01_valid_raw_and_ifft\mat\curve_r0564_c0747_idx000851.mat,D:\LSH\LSH\实验\聚焦信号分类实验\1\ROI_x729_y538_w32_h39_20260626_212915\01_valid_raw_and_ifft\mat,valid_folder,valid,26.9184731985042,27.1795682057574,0.00171544007130225,0.000949950509917551,0.000137953997498947,0.852700630992154
1652,1844,1844,564,748,1858,Good,1,slightly degraded,D:\LSH\LSH\实验\聚焦信号分类实验\1\ROI_x729_y538_w32_h39_20260626_212915\01_valid_raw_and_ifft\mat\curve_r0564_c0748_idx000852.mat,D:\LSH\LSH\实验\聚焦信号分类实验\1\ROI_x729_y538_w32_h39_20260626_212915\01_valid_raw_and_ifft\mat,valid_folder,valid,26.4887907830491,26.5680131689804,0.00103446910195497,0.000659933641385907,8.19359749822917e-05,0.883652741036522
1653,1845,1845,564,749,1859,Good,1,slightly degraded,D:\LSH\LSH\实验\聚焦信号分类实验\1\ROI_x729_y538_w32_h39_20260626_212915\01_valid_raw_and_ifft\mat\curve_r0564_c0749_idx000853.mat,D:\LSH\LSH\实验\聚焦信号分类实验\1\ROI_x729_y538_w32_h39_20260626_212915\01_valid_raw_and_ifft\mat,valid_folder,valid,26.9167592533587,26.7709226855444,0.00149260401065259,0.000800406437712105,0.000107120251922176,0.873991371630204
1654,1846,1846,564,754,1860,Good,1,slightly degraded,D:\LSH\LSH\实验\聚焦信号分类实验\1\ROI_x729_y538_w32_h39_20260626_212915\01_valid_raw_and_ifft\mat\curve_r0564_c0754_idx000858.mat,D:\LSH\LSH\实验\聚焦信号分类实验\1\ROI_x729_y538_w32_h39_20260626_212915\01_valid_raw_and_ifft\mat,valid_folder,valid,26.0594190378489,26.1674023403524,0.00125520815793226,0.000754238501931594,8.07756862095679e-05,0.912692353701024
1655,1847,1847,564,755,1861,Good,1,slightly degraded,D:\LSH\LSH\实验\聚焦信号分类实验\1\ROI_x729_y538_w32_h39_20260626_212915\01_valid_raw_and_ifft\mat\curve_r0564_c0755_idx000859.mat,D:\LSH\LSH\实验\聚焦信号分类实验\1\ROI_x729_y538_w32_h39_20260626_212915\01_valid_raw_and_ifft\mat,valid_folder,valid,25.9138664110646,26.0310632546722,0.00117630744385129,0.000800937984978267,7.29854329918564e-05,0.934495722499046
1656,1848,1848,564,756,1862,Good,1,slightly degraded,D:\LSH\LSH\实验\聚焦信号分类实验\1\ROI_x729_y538_w32_h39_20260626_212915\01_valid_raw_and_ifft\mat\curve_r0564_c0756_idx000860.mat,D:\LSH\LSH\实验\聚焦信号分类实验\1\ROI_x729_y538_w32_h39_20260626_212915\01_valid_raw_and_ifft\mat,valid_folder,valid,25.2579808804215,25.3619468416421,0.00204013154447006,0.00121662491651924,0.000135944970530874,0.908413855584877
1657,1849,1849,564,757,1863,Good,1,slightly degraded,D:\LSH\LSH\实验\聚焦信号分类实验\1\ROI_x729_y538_w32_h39_20260626_212915\01_valid_raw_and_ifft\mat\curve_r0564_c0757_idx000861.mat,D:\LSH\LSH\实验\聚焦信号分类实验\1\ROI_x729_y538_w32_h39_20260626_212915\01_valid_raw_and_ifft\mat,valid_folder,valid,25.3118979663293,25.3746965529593,0.00388686362848203,0.00232250028292633,0.000262660522557938,0.915300394164602
1658,1850,1850,564,758,1864,Good,1,slightly degraded,D:\LSH\LSH\实验\聚焦信号分类实验\1\ROI_x729_y538_w32_h39_20260626_212915\01_valid_raw_and_ifft\mat\curve_r0564_c0758_idx000862.mat,D:\LSH\LSH\实验\聚焦信号分类实验\1\ROI_x729_y538_w32_h39_20260626_212915\01_valid_raw_and_ifft\mat,valid_folder,valid,25.5801991509471,25.4938690103282,0.0060658320278348,0.00344097443039772,0.000453752680420058,0.891971026382935
1659,1851,1851,564,759,1865,Good,1,slightly degraded,D:\LSH\LSH\实验\聚焦信号分类实验\1\ROI_x729_y538_w32_h39_20260626_212915\01_valid_raw_and_ifft\mat\curve_r0564_c0759_idx000863.mat,D:\LSH\LSH\实验\聚焦信号分类实验\1\ROI_x729_y538_w32_h39_20260626_212915\01_valid_raw_and_ifft\mat,valid_folder,valid,25.6891350241476,25.6022626258134,0.00500754801710594,0.00273524290281249,0.000377100134612931,0.878677279246971
1660,1852,1852,564,760,1866,Good,1,slightly degraded,D:\LSH\LSH\实验\聚焦信号分类实验\1\ROI_x729_y538_w32_h39_20260626_212915\01_valid_raw_and_ifft\mat\curve_r0564_c0760_idx000864.mat,D:\LSH\LSH\实验\聚焦信号分类实验\1\ROI_x729_y538_w32_h39_20260626_212915\01_valid_raw_and_ifft\mat,valid_folder,valid,25.2353768998516,25.3255737568638,0.00225130968335426,0.00138341427488432,0.000140609272478751,0.923519124584454
1661,1853,1853,565,729,1867,Good,1,slightly degraded,D:\LSH\LSH\实验\聚焦信号分类实验\1\ROI_x729_y538_w32_h39_20260626_212915\01_valid_raw_and_ifft\mat\curve_r0565_c0729_idx000865.mat,D:\LSH\LSH\实验\聚焦信号分类实验\1\ROI_x729_y538_w32_h39_20260626_212915\01_valid_raw_and_ifft\mat,valid_folder,valid,29.6403066086852,29.8033709940506,0.0305959066025148,0.0219749355299929,0.00191449821411342,0.954735794114308
1662,1854,1854,565,730,1868,Good,1,slightly degraded,D:\LSH\LSH\实验\聚焦信号分类实验\1\ROI_x729_y538_w32_h39_20260626_212915\01_valid_raw_and_ifft\mat\curve_r0565_c0730_idx000866.mat,D:\LSH\LSH\实验\聚焦信号分类实验\1\ROI_x729_y538_w32_h39_20260626_212915\01_valid_raw_and_ifft\mat,valid_folder,valid,29.7358370508914,29.7762623772097,0.0303595653803699,0.0200089341135671,0.00190798212297454,0.945548031027022
1663,1855,1855,565,731,1869,Good,1,slightly degraded,D:\LSH\LSH\实验\聚焦信号分类实验\1\ROI_x729_y538_w32_h39_20260626_212915\01_valid_raw_and_ifft\mat\curve_r0565_c0731_idx000867.mat,D:\LSH\LSH\实验\聚焦信号分类实验\1\ROI_x729_y538_w32_h39_20260626_212915\01_valid_raw_and_ifft\mat,valid_folder,valid,29.4105427899543,29.4524007914987,0.0242963091677373,0.0159051148429189,0.0014591965082877,0.949803303019927
1664,1856,1856,565,732,1870,Good,1,slightly degraded,D:\LSH\LSH\实验\聚焦信号分类实验\1\ROI_x729_y538_w32_h39_20260626_212915\01_valid_raw_and_ifft\mat\curve_r0565_c0732_idx000868.mat,D:\LSH\LSH\实验\聚焦信号分类实验\1\ROI_x729_y538_w32_h39_20260626_212915\01_valid_raw_and_ifft\mat,valid_folder,valid,29.0461673280183,29.1536811296967,0.0272025853168382,0.0153116630387998,0.00167635198850491,0.925604541178933
1665,1857,1857,565,733,1871,Good,1,slightly degraded,D:\LSH\LSH\实验\聚焦信号分类实验\1\ROI_x729_y538_w32_h39_20260626_212915\01_valid_raw_and_ifft\mat\curve_r0565_c0733_idx000869.mat,D:\LSH\LSH\实验\聚焦信号分类实验\1\ROI_x729_y538_w32_h39_20260626_212915\01_valid_raw_and_ifft\mat,valid_folder,valid,28.955469471672,28.9818929139616,0.0239340095508449,0.011501750038103,0.00169750861890797,0.866012141762725
1666,1858,1858,565,734,1872,Good,1,slightly degraded,D:\LSH\LSH\实验\聚焦信号分类实验\1\ROI_x729_y538_w32_h39_20260626_212915\01_valid_raw_and_ifft\mat\curve_r0565_c0734_idx000870.mat,D:\LSH\LSH\实验\聚焦信号分类实验\1\ROI_x729_y538_w32_h39_20260626_212915\01_valid_raw_and_ifft\mat,valid_folder,valid,28.8628911880958,28.8697419498071,0.0110994501995759,0.00618882631156896,0.000705170671977288,0.91306782165065
1667,1859,1859,565,735,1873,Good,1,slightly degraded,D:\LSH\LSH\实验\聚焦信号分类实验\1\ROI_x729_y538_w32_h39_20260626_212915\01_valid_raw_and_ifft\mat\curve_r0565_c0735_idx000871.mat,D:\LSH\LSH\实验\聚焦信号分类实验\1\ROI_x729_y538_w32_h39_20260626_212915\01_valid_raw_and_ifft\mat,valid_folder,valid,28.7708351659706,28.8801110980483,0.00403297430403,0.00252921041034576,0.000249761590239206,0.931737316622072
1668,1860,1860,565,736,1874,Good,1,slightly degraded,D:\LSH\LSH\实验\聚焦信号分类实验\1\ROI_x729_y538_w32_h39_20260626_212915\01_valid_raw_and_ifft\mat\curve_r0565_c0736_idx000872.mat,D:\LSH\LSH\实验\聚焦信号分类实验\1\ROI_x729_y538_w32_h39_20260626_212915\01_valid_raw_and_ifft\mat,valid_folder,valid,28.8174385307905,28.7869300402444,0.00463482263302767,0.00269657784338639,0.000293181075275509,0.919805619563569
1669,1861,1861,565,737,1875,Good,1,slightly degraded,D:\LSH\LSH\实验\聚焦信号分类实验\1\ROI_x729_y538_w32_h39_20260626_212915\01_valid_raw_and_ifft\mat\curve_r0565_c0737_idx000873.mat,D:\LSH\LSH\实验\聚焦信号分类实验\1\ROI_x729_y538_w32_h39_20260626_212915\01_valid_raw_and_ifft\mat,valid_folder,valid,28.4858493227065,28.3776816518679,0.00605276149480696,0.00371105528893399,0.000441987412768262,0.911035360785668
1670,1862,1862,565,738,1876,Good,1,slightly degraded,D:\LSH\LSH\实验\聚焦信号分类实验\1\ROI_x729_y538_w32_h39_20260626_212915\01_valid_raw_and_ifft\mat\curve_r0565_c0738_idx000874.mat,D:\LSH\LSH\实验\聚焦信号分类实验\1\ROI_x729_y538_w32_h39_20260626_212915\01_valid_raw_and_ifft\mat,valid_folder,valid,28.6446964878726,28.3517140329436,0.00799062465810832,0.00446800312756672,0.000593611238293882,0.894750250466679
1671,1863,1863,565,739,1877,Good,1,slightly degraded,D:\LSH\LSH\实验\聚焦信号分类实验\1\ROI_x729_y538_w32_h39_20260626_212915\01_valid_raw_and_ifft\mat\curve_r0565_c0739_idx000875.mat,D:\LSH\LSH\实验\聚焦信号分类实验\1\ROI_x729_y538_w32_h39_20260626_212915\01_valid_raw_and_ifft\mat,valid_folder,valid,28.1719943000223,28.2169698723213,0.010123399459623,0.00512073508507965,0.000762711115741774,0.873040477543932
1672,1864,1864,565,740,1878,Good,1,slightly degraded,D:\LSH\LSH\实验\聚焦信号分类实验\1\ROI_x729_y538_w32_h39_20260626_212915\01_valid_raw_and_ifft\mat\curve_r0565_c0740_idx000876.mat,D:\LSH\LSH\实验\聚焦信号分类实验\1\ROI_x729_y538_w32_h39_20260626_212915\01_valid_raw_and_ifft\mat,valid_folder,valid,28.1090093102895,28.1901968003228,0.00990675954406075,0.00435483451665491,0.000791133838764038,0.822316100852945
1673,1865,1865,565,741,1879,Good,1,slightly degraded,D:\LSH\LSH\实验\聚焦信号分类实验\1\ROI_x729_y538_w32_h39_20260626_212915\01_valid_raw_and_ifft\mat\curve_r0565_c0741_idx000877.mat,D:\LSH\LSH\实验\聚焦信号分类实验\1\ROI_x729_y538_w32_h39_20260626_212915\01_valid_raw_and_ifft\mat,valid_folder,valid,28.1347683555224,28.241674499071,0.00738932973635384,0.00335934365662047,0.000583299498131015,0.831770627574577
1674,1866,1866,565,742,1880,Good,1,slightly degraded,D:\LSH\LSH\实验\聚焦信号分类实验\1\ROI_x729_y538_w32_h39_20260626_212915\01_valid_raw_and_ifft\mat\curve_r0565_c0742_idx000878.mat,D:\LSH\LSH\实验\聚焦信号分类实验\1\ROI_x729_y538_w32_h39_20260626_212915\01_valid_raw_and_ifft\mat,valid_folder,valid,27.9900417268124,28.004394773323,0.00249826424791822,0.00127712022987,0.000173005965393746,0.873753614533142
1675,1867,1867,565,743,1881,Good,1,slightly degraded,D:\LSH\LSH\实验\聚焦信号分类实验\1\ROI_x729_y538_w32_h39_20260626_212915\01_valid_raw_and_ifft\mat\curve_r0565_c0743_idx000879.mat,D:\LSH\LSH\实验\聚焦信号分类实验\1\ROI_x729_y538_w32_h39_20260626_212915\01_valid_raw_and_ifft\mat,valid_folder,valid,27.4887620227667,27.6323832537265,0.00206104069008014,0.0013615734455772,0.000130151815822097,0.935206009060716
1676,1868,1868,565,744,1882,Good,1,slightly degraded,D:\LSH\LSH\实验\聚焦信号分类实验\1\ROI_x729_y538_w32_h39_20260626_212915\01_valid_raw_and_ifft\mat\curve_r0565_c0744_idx000880.mat,D:\LSH\LSH\实验\聚焦信号分类实验\1\ROI_x729_y538_w32_h39_20260626_212915\01_valid_raw_and_ifft\mat,valid_folder,valid,26.9378568146714,26.9829848690234,0.00527149166453318,0.00337940610575074,0.000300443153244816,0.950145359615759
1677,1869,1869,565,745,1883,Good,1,slightly degraded,D:\LSH\LSH\实验\聚焦信号分类实验\1\ROI_x729_y538_w32_h39_20260626_212915\01_valid_raw_and_ifft\mat\curve_r0565_c0745_idx000881.mat,D:\LSH\LSH\实验\聚焦信号分类实验\1\ROI_x729_y538_w32_h39_20260626_212915\01_valid_raw_and_ifft\mat,valid_folder,valid,26.9995389359414,27.0561694898786,0.0156410968584415,0.00781138503275742,0.00106372532208164,0.886265907513177
1678,1870,1870,565,746,1884,Good,1,slightly degraded,D:\LSH\LSH\实验\聚焦信号分类实验\1\ROI_x729_y538_w32_h39_20260626_212915\01_valid_raw_and_ifft\mat\curve_r0565_c0746_idx000882.mat,D:\LSH\LSH\实验\聚焦信号分类实验\1\ROI_x729_y538_w32_h39_20260626_212915\01_valid_raw_and_ifft\mat,valid_folder,valid,26.9730550086057,27.0209186732361,0.0172721195998051,0.00842051441804727,0.00121025399377122,0.875253708584292
1679,1871,1871,565,747,1885,Good,1,slightly degraded,D:\LSH\LSH\实验\聚焦信号分类实验\1\ROI_x729_y538_w32_h39_20260626_212915\01_valid_raw_and_ifft\mat\curve_r0565_c0747_idx000883.mat,D:\LSH\LSH\实验\聚焦信号分类实验\1\ROI_x729_y538_w32_h39_20260626_212915\01_valid_raw_and_ifft\mat,valid_folder,valid,27.0353214539971,27.3794141247563,0.0039791326918737,0.00208075293533574,0.000296692479034978,0.867426272136025
1680,1872,1872,565,748,1886,Good,1,slightly degraded,D:\LSH\LSH\实验\聚焦信号分类实验\1\ROI_x729_y538_w32_h39_20260626_212915\01_valid_raw_and_ifft\mat\curve_r0565_c0748_idx000884.mat,D:\LSH\LSH\实验\聚焦信号分类实验\1\ROI_x729_y538_w32_h39_20260626_212915\01_valid_raw_and_ifft\mat,valid_folder,valid,26.7809120220181,26.8033577957892,0.00213912908216719,0.00127823019493256,0.000139392332431788,0.916188373208397
1681,1873,1873,565,749,1887,Good,1,slightly degraded,D:\LSH\LSH\实验\聚焦信号分类实验\1\ROI_x729_y538_w32_h39_20260626_212915\01_valid_raw_and_ifft\mat\curve_r0565_c0749_idx000885.mat,D:\LSH\LSH\实验\聚焦信号分类实验\1\ROI_x729_y538_w32_h39_20260626_212915\01_valid_raw_and_ifft\mat,valid_folder,valid,26.6373695002383,26.7522526318231,0.00206427012371754,0.0013253284693049,0.000137785874978505,0.926159709884054
1682,1874,1874,565,750,1888,Good,1,slightly degraded,D:\LSH\LSH\实验\聚焦信号分类实验\1\ROI_x729_y538_w32_h39_20260626_212915\01_valid_raw_and_ifft\mat\curve_r0565_c0750_idx000886.mat,D:\LSH\LSH\实验\聚焦信号分类实验\1\ROI_x729_y538_w32_h39_20260626_212915\01_valid_raw_and_ifft\mat,valid_folder,valid,26.2531005058607,26.4708542401108,0.00180583949075581,0.00109200719008588,0.000116671659034552,0.918300909730396
1683,1875,1875,565,751,1889,Good,1,slightly degraded,D:\LSH\LSH\实验\聚焦信号分类实验\1\ROI_x729_y538_w32_h39_20260626_212915\01_valid_raw_and_ifft\mat\curve_r0565_c0751_idx000887.mat,D:\LSH\LSH\实验\聚焦信号分类实验\1\ROI_x729_y538_w32_h39_20260626_212915\01_valid_raw_and_ifft\mat,valid_folder,valid,26.7206024946009,26.5910252661751,0.00113489357774681,0.000735518629822065,7.00533955219734e-05,0.93117533003685
1684,1876,1876,565,752,1890,Good,1,slightly degraded,D:\LSH\LSH\实验\聚焦信号分类实验\1\ROI_x729_y538_w32_h39_20260626_212915\01_valid_raw_and_ifft\mat\curve_r0565_c0752_idx000888.mat,D:\LSH\LSH\实验\聚焦信号分类实验\1\ROI_x729_y538_w32_h39_20260626_212915\01_valid_raw_and_ifft\mat,valid_folder,valid,26.9066394430428,26.7606605656631,0.00198392757207641,0.000964271883852324,0.00014507651529905,0.848232362897967
1685,1877,1877,565,753,1891,Good,1,slightly degraded,D:\LSH\LSH\实验\聚焦信号分类实验\1\ROI_x729_y538_w32_h39_20260626_212915\01_valid_raw_and_ifft\mat\curve_r0565_c0753_idx000889.mat,D:\LSH\LSH\实验\聚焦信号分类实验\1\ROI_x729_y538_w32_h39_20260626_212915\01_valid_raw_and_ifft\mat,valid_folder,valid,26.8403430913265,26.62451734135,0.002084088353558,0.0010646954935884,0.000150321384567105,0.866339799104973
1686,1878,1878,565,754,1892,Good,1,slightly degraded,D:\LSH\LSH\实验\聚焦信号分类实验\1\ROI_x729_y538_w32_h39_20260626_212915\01_valid_raw_and_ifft\mat\curve_r0565_c0754_idx000890.mat,D:\LSH\LSH\实验\聚焦信号分类实验\1\ROI_x729_y538_w32_h39_20260626_212915\01_valid_raw_and_ifft\mat,valid_folder,valid,26.0919536481433,26.1284649522765,0.00133746024814076,0.000758768364982332,9.09648744958153e-05,0.901321585798601
1687,1879,1879,565,757,1893,Good,1,slightly degraded,D:\LSH\LSH\实验\聚焦信号分类实验\1\ROI_x729_y538_w32_h39_20260626_212915\01_valid_raw_and_ifft\mat\curve_r0565_c0757_idx000893.mat,D:\LSH\LSH\实验\聚焦信号分类实验\1\ROI_x729_y538_w32_h39_20260626_212915\01_valid_raw_and_ifft\mat,valid_folder,valid,25.875220853476,25.6167358420875,0.00118079558024546,0.000623782854757336,9.20836920084948e-05,0.843431830077346
1688,1880,1880,565,758,1894,Good,1,slightly degraded,D:\LSH\LSH\实验\聚焦信号分类实验\1\ROI_x729_y538_w32_h39_20260626_212915\01_valid_raw_and_ifft\mat\curve_r0565_c0758_idx000894.mat,D:\LSH\LSH\实验\聚焦信号分类实验\1\ROI_x729_y538_w32_h39_20260626_212915\01_valid_raw_and_ifft\mat,valid_folder,valid,25.9155062948667,25.7884376563041,0.00108220553674114,0.000656360380113088,7.40290765408381e-05,0.901847139100988
1689,1881,1881,565,759,1895,Good,1,slightly degraded,D:\LSH\LSH\实验\聚焦信号分类实验\1\ROI_x729_y538_w32_h39_20260626_212915\01_valid_raw_and_ifft\mat\curve_r0565_c0759_idx000895.mat,D:\LSH\LSH\实验\聚焦信号分类实验\1\ROI_x729_y538_w32_h39_20260626_212915\01_valid_raw_and_ifft\mat,valid_folder,valid,25.5574229691877,25.6574000670059,0.000851862082780056,0.00062221300478456,6.08710595243152e-05,0.928324383607523
1690,1882,1882,565,760,1896,Good,1,slightly degraded,D:\LSH\LSH\实验\聚焦信号分类实验\1\ROI_x729_y538_w32_h39_20260626_212915\01_valid_raw_and_ifft\mat\curve_r0565_c0760_idx000896.mat,D:\LSH\LSH\实验\聚焦信号分类实验\1\ROI_x729_y538_w32_h39_20260626_212915\01_valid_raw_and_ifft\mat,valid_folder,valid,25.0564383720746,25.1120136531258,0.00179497462914903,0.00106320999196008,0.000114434381269663,0.914118842596037
1691,1883,1883,566,729,1897,Good,1,slightly degraded,D:\LSH\LSH\实验\聚焦信号分类实验\1\ROI_x729_y538_w32_h39_20260626_212915\01_valid_raw_and_ifft\mat\curve_r0566_c0729_idx000897.mat,D:\LSH\LSH\实验\聚焦信号分类实验\1\ROI_x729_y538_w32_h39_20260626_212915\01_valid_raw_and_ifft\mat,valid_folder,valid,29.8230686683165,29.776788497642,0.0626230823640672,0.0397016668933671,0.00385519499161282,0.944367811324192
1692,1884,1884,566,730,1898,Good,1,slightly degraded,D:\LSH\LSH\实验\聚焦信号分类实验\1\ROI_x729_y538_w32_h39_20260626_212915\01_valid_raw_and_ifft\mat\curve_r0566_c0730_idx000898.mat,D:\LSH\LSH\实验\聚焦信号分类实验\1\ROI_x729_y538_w32_h39_20260626_212915\01_valid_raw_and_ifft\mat,valid_folder,valid,29.4307907443422,29.5425190967192,0.0562170330863697,0.0356893846052518,0.00359189355951007,0.941349316904024
1693,1885,1885,566,731,1899,Good,1,slightly degraded,D:\LSH\LSH\实验\聚焦信号分类实验\1\ROI_x729_y538_w32_h39_20260626_212915\01_valid_raw_and_ifft\mat\curve_r0566_c0731_idx000899.mat,D:\LSH\LSH\实验\聚焦信号分类实验\1\ROI_x729_y538_w32_h39_20260626_212915\01_valid_raw_and_ifft\mat,valid_folder,valid,29.1788861613547,29.301028882379,0.0534466539818137,0.0315257182139181,0.00334554129469285,0.933158230862393
1694,1886,1886,566,732,1900,Good,1,slightly degraded,D:\LSH\LSH\实验\聚焦信号分类实验\1\ROI_x729_y538_w32_h39_20260626_212915\01_valid_raw_and_ifft\mat\curve_r0566_c0732_idx000900.mat,D:\LSH\LSH\实验\聚焦信号分类实验\1\ROI_x729_y538_w32_h39_20260626_212915\01_valid_raw_and_ifft\mat,valid_folder,valid,29.0643702168688,29.1531630639803,0.0482578150123365,0.0261674233294203,0.00311983482281947,0.914202928345039
1695,1887,1887,566,733,1901,Good,1,slightly degraded,D:\LSH\LSH\实验\聚焦信号分类实验\1\ROI_x729_y538_w32_h39_20260626_212915\01_valid_raw_and_ifft\mat\curve_r0566_c0733_idx000901.mat,D:\LSH\LSH\实验\聚焦信号分类实验\1\ROI_x729_y538_w32_h39_20260626_212915\01_valid_raw_and_ifft\mat,valid_folder,valid,29.0226103758763,29.0633930427213,0.0403462182782984,0.0210016327236492,0.00267141483583906,0.90204796789352
1696,1888,1888,566,734,1902,Good,1,slightly degraded,D:\LSH\LSH\实验\聚焦信号分类实验\1\ROI_x729_y538_w32_h39_20260626_212915\01_valid_raw_and_ifft\mat\curve_r0566_c0734_idx000902.mat,D:\LSH\LSH\实验\聚焦信号分类实验\1\ROI_x729_y538_w32_h39_20260626_212915\01_valid_raw_and_ifft\mat,valid_folder,valid,28.9197335705154,28.9410117566133,0.0273564495009367,0.0154594455871146,0.0017087705219235,0.92352413941283
1697,1889,1889,566,735,1903,Good,1,slightly degraded,D:\LSH\LSH\实验\聚焦信号分类实验\1\ROI_x729_y538_w32_h39_20260626_212915\01_valid_raw_and_ifft\mat\curve_r0566_c0735_idx000903.mat,D:\LSH\LSH\实验\聚焦信号分类实验\1\ROI_x729_y538_w32_h39_20260626_212915\01_valid_raw_and_ifft\mat,valid_folder,valid,28.8972050285673,28.8869761841722,0.0190867095460121,0.0106369014427998,0.00119675978770832,0.919298491305617
1698,1890,1890,566,736,1904,Good,1,slightly degraded,D:\LSH\LSH\实验\聚焦信号分类实验\1\ROI_x729_y538_w32_h39_20260626_212915\01_valid_raw_and_ifft\mat\curve_r0566_c0736_idx000904.mat,D:\LSH\LSH\实验\聚焦信号分类实验\1\ROI_x729_y538_w32_h39_20260626_212915\01_valid_raw_and_ifft\mat,valid_folder,valid,28.8549247167862,28.7669419212131,0.00859972598126938,0.00486422348704203,0.000528290624161281,0.921186012318764
1699,1891,1891,566,737,1905,Good,1,slightly degraded,D:\LSH\LSH\实验\聚焦信号分类实验\1\ROI_x729_y538_w32_h39_20260626_212915\01_valid_raw_and_ifft\mat\curve_r0566_c0737_idx000905.mat,D:\LSH\LSH\实验\聚焦信号分类实验\1\ROI_x729_y538_w32_h39_20260626_212915\01_valid_raw_and_ifft\mat,valid_folder,valid,28.3806290851239,28.348776826102,0.0073181653174296,0.00447661617347516,0.000515521554738546,0.914807487185705
1700,1892,1892,566,738,1906,Good,1,slightly degraded,D:\LSH\LSH\实验\聚焦信号分类实验\1\ROI_x729_y538_w32_h39_20260626_212915\01_valid_raw_and_ifft\mat\curve_r0566_c0738_idx000906.mat,D:\LSH\LSH\实验\聚焦信号分类实验\1\ROI_x729_y538_w32_h39_20260626_212915\01_valid_raw_and_ifft\mat,valid_folder,valid,28.6472968547771,28.3817515170678,0.0103366320721122,0.00579827790929063,0.000751584993449564,0.899044765306399
1701,1893,1893,566,739,1907,Good,1,slightly degraded,D:\LSH\LSH\实验\聚焦信号分类实验\1\ROI_x729_y538_w32_h39_20260626_212915\01_valid_raw_and_ifft\mat\curve_r0566_c0739_idx000907.mat,D:\LSH\LSH\实验\聚焦信号分类实验\1\ROI_x729_y538_w32_h39_20260626_212915\01_valid_raw_and_ifft\mat,valid_folder,valid,28.5019775711087,28.3783684952048,0.00865829144246856,0.00488217597634437,0.000672776539151678,0.886957179342709
1702,1894,1894,566,740,1908,Good,1,slightly degraded,D:\LSH\LSH\实验\聚焦信号分类实验\1\ROI_x729_y538_w32_h39_20260626_212915\01_valid_raw_and_ifft\mat\curve_r0566_c0740_idx000908.mat,D:\LSH\LSH\实验\聚焦信号分类实验\1\ROI_x729_y538_w32_h39_20260626_212915\01_valid_raw_and_ifft\mat,valid_folder,valid,28.2438349472601,28.2356391391584,0.0047470978301884,0.00258033181330469,0.000350248279367685,0.88412367557107
1703,1895,1895,566,741,1909,Good,1,slightly degraded,D:\LSH\LSH\实验\聚焦信号分类实验\1\ROI_x729_y538_w32_h39_20260626_212915\01_valid_raw_and_ifft\mat\curve_r0566_c0741_idx000909.mat,D:\LSH\LSH\实验\聚焦信号分类实验\1\ROI_x729_y538_w32_h39_20260626_212915\01_valid_raw_and_ifft\mat,valid_folder,valid,28.2807160253757,28.2997883208969,0.00278226265577269,0.0015748714717268,0.000203680468547329,0.891459271368301
1704,1896,1896,566,742,1910,Good,1,slightly degraded,D:\LSH\LSH\实验\聚焦信号分类实验\1\ROI_x729_y538_w32_h39_20260626_212915\01_valid_raw_and_ifft\mat\curve_r0566_c0742_idx000910.mat,D:\LSH\LSH\实验\聚焦信号分类实验\1\ROI_x729_y538_w32_h39_20260626_212915\01_valid_raw_and_ifft\mat,valid_folder,valid,28.0004337228694,28.0092464246835,0.00201259930832295,0.00124929672764721,0.000130682356408496,0.92274973913663
1705,1897,1897,566,743,1911,Good,1,slightly degraded,D:\LSH\LSH\实验\聚焦信号分类实验\1\ROI_x729_y538_w32_h39_20260626_212915\01_valid_raw_and_ifft\mat\curve_r0566_c0743_idx000911.mat,D:\LSH\LSH\实验\聚焦信号分类实验\1\ROI_x729_y538_w32_h39_20260626_212915\01_valid_raw_and_ifft\mat,valid_folder,valid,27.4773367074199,27.6544563879614,0.00161986750162052,0.00116597532746863,9.9607649961406e-05,0.946007251106102
1706,1898,1898,566,744,1912,Good,1,slightly degraded,D:\LSH\LSH\实验\聚焦信号分类实验\1\ROI_x729_y538_w32_h39_20260626_212915\01_valid_raw_and_ifft\mat\curve_r0566_c0744_idx000912.mat,D:\LSH\LSH\实验\聚焦信号分类实验\1\ROI_x729_y538_w32_h39_20260626_212915\01_valid_raw_and_ifft\mat,valid_folder,valid,27.4351021819262,27.0794360893412,0.00574178987310436,0.00442985363168671,0.000375222107786524,0.955359416292425
1707,1899,1899,566,745,1913,Good,1,slightly degraded,D:\LSH\LSH\实验\聚焦信号分类实验\1\ROI_x729_y538_w32_h39_20260626_212915\01_valid_raw_and_ifft\mat\curve_r0566_c0745_idx000913.mat,D:\LSH\LSH\实验\聚焦信号分类实验\1\ROI_x729_y538_w32_h39_20260626_212915\01_valid_raw_and_ifft\mat,valid_folder,valid,27.0917473652189,27.1850511388544,0.0280530139904867,0.0142605841586808,0.00191894361278134,0.892019808969624
1708,1900,1900,566,746,1914,Good,1,slightly degraded,D:\LSH\LSH\实验\聚焦信号分类实验\1\ROI_x729_y538_w32_h39_20260626_212915\01_valid_raw_and_ifft\mat\curve_r0566_c0746_idx000914.mat,D:\LSH\LSH\实验\聚焦信号分类实验\1\ROI_x729_y538_w32_h39_20260626_212915\01_valid_raw_and_ifft\mat,valid_folder,valid,27.0318491318014,27.0919537950984,0.0329946515284265,0.0164575930976358,0.00226545514317479,0.886838359410613
1709,1901,1901,566,747,1915,Good,1,slightly degraded,D:\LSH\LSH\实验\聚焦信号分类实验\1\ROI_x729_y538_w32_h39_20260626_212915\01_valid_raw_and_ifft\mat\curve_r0566_c0747_idx000915.mat,D:\LSH\LSH\实验\聚焦信号分类实验\1\ROI_x729_y538_w32_h39_20260626_212915\01_valid_raw_and_ifft\mat,valid_folder,valid,26.9911283269766,27.2173513722456,0.00867358794710398,0.004353135771222,0.000640033066842945,0.862110201146476
1710,1902,1902,566,748,1916,Good,1,slightly degraded,D:\LSH\LSH\实验\聚焦信号分类实验\1\ROI_x729_y538_w32_h39_20260626_212915\01_valid_raw_and_ifft\mat\curve_r0566_c0748_idx000916.mat,D:\LSH\LSH\实验\聚焦信号分类实验\1\ROI_x729_y538_w32_h39_20260626_212915\01_valid_raw_and_ifft\mat,valid_folder,valid,26.783458049278,26.8063395597679,0.00510195764182321,0.00302988292266491,0.000326620493956822,0.923188018950961
1711,1903,1903,566,749,1917,Good,1,slightly degraded,D:\LSH\LSH\实验\聚焦信号分类实验\1\ROI_x729_y538_w32_h39_20260626_212915\01_valid_raw_and_ifft\mat\curve_r0566_c0749_idx000917.mat,D:\LSH\LSH\实验\聚焦信号分类实验\1\ROI_x729_y538_w32_h39_20260626_212915\01_valid_raw_and_ifft\mat,valid_folder,valid,26.7324910143496,26.7312916938249,0.00495331134041807,0.00289491440094558,0.000331032389558423,0.915927601782111
1712,1904,1904,566,750,1918,Good,1,slightly degraded,D:\LSH\LSH\实验\聚焦信号分类实验\1\ROI_x729_y538_w32_h39_20260626_212915\01_valid_raw_and_ifft\mat\curve_r0566_c0750_idx000918.mat,D:\LSH\LSH\实验\聚焦信号分类实验\1\ROI_x729_y538_w32_h39_20260626_212915\01_valid_raw_and_ifft\mat,valid_folder,valid,26.5705858624769,26.6023223748555,0.00377731190270137,0.00230102847293402,0.000263030132583897,0.913593374981724
1713,1905,1905,566,751,1919,Good,1,slightly degraded,D:\LSH\LSH\实验\聚焦信号分类实验\1\ROI_x729_y538_w32_h39_20260626_212915\01_valid_raw_and_ifft\mat\curve_r0566_c0751_idx000919.mat,D:\LSH\LSH\实验\聚焦信号分类实验\1\ROI_x729_y538_w32_h39_20260626_212915\01_valid_raw_and_ifft\mat,valid_folder,valid,26.6069676173171,26.3243127458391,0.0027398666479594,0.00170460949820228,0.000178366034560278,0.924202966206003
1714,1906,1906,566,752,1920,Good,1,slightly degraded,D:\LSH\LSH\实验\聚焦信号分类实验\1\ROI_x729_y538_w32_h39_20260626_212915\01_valid_raw_and_ifft\mat\curve_r0566_c0752_idx000920.mat,D:\LSH\LSH\实验\聚焦信号分类实验\1\ROI_x729_y538_w32_h39_20260626_212915\01_valid_raw_and_ifft\mat,valid_folder,valid,26.7290160427807,26.1896449470763,0.00320828175435006,0.0019559137141651,0.000226433442983521,0.911015244028565
1715,1907,1907,566,753,1921,Good,1,slightly degraded,D:\LSH\LSH\实验\聚焦信号分类实验\1\ROI_x729_y538_w32_h39_20260626_212915\01_valid_raw_and_ifft\mat\curve_r0566_c0753_idx000921.mat,D:\LSH\LSH\实验\聚焦信号分类实验\1\ROI_x729_y538_w32_h39_20260626_212915\01_valid_raw_and_ifft\mat,valid_folder,valid,26.2369890528264,26.2159952552228,0.00657203945027452,0.00374448232760317,0.000474996276685614,0.903257703914693
1716,1908,1908,566,754,1922,Good,1,slightly degraded,D:\LSH\LSH\实验\聚焦信号分类实验\1\ROI_x729_y538_w32_h39_20260626_212915\01_valid_raw_and_ifft\mat\curve_r0566_c0754_idx000922.mat,D:\LSH\LSH\实验\聚焦信号分类实验\1\ROI_x729_y538_w32_h39_20260626_212915\01_valid_raw_and_ifft\mat,valid_folder,valid,26.1427453593761,26.1611824303691,0.00649116103507865,0.00341078171752838,0.000468935016510127,0.888071898477892
1717,1909,1909,566,755,1923,Good,1,slightly degraded,D:\LSH\LSH\实验\聚焦信号分类实验\1\ROI_x729_y538_w32_h39_20260626_212915\01_valid_raw_and_ifft\mat\curve_r0566_c0755_idx000923.mat,D:\LSH\LSH\实验\聚焦信号分类实验\1\ROI_x729_y538_w32_h39_20260626_212915\01_valid_raw_and_ifft\mat,valid_folder,valid,26.6280421104741,26.3680701216696,0.00254929977181157,0.00149552713678661,0.000186364385682379,0.894488722916763
1718,1910,1910,566,756,1924,Good,1,slightly degraded,D:\LSH\LSH\实验\聚焦信号分类实验\1\ROI_x729_y538_w32_h39_20260626_212915\01_valid_raw_and_ifft\mat\curve_r0566_c0756_idx000924.mat,D:\LSH\LSH\实验\聚焦信号分类实验\1\ROI_x729_y538_w32_h39_20260626_212915\01_valid_raw_and_ifft\mat,valid_folder,valid,26.0139062984797,25.9601427492095,0.00126784822756282,0.000867617134995336,8.78815087891783e-05,0.919476228503273
1719,1911,1911,566,757,1925,Good,1,slightly degraded,D:\LSH\LSH\实验\聚焦信号分类实验\1\ROI_x729_y538_w32_h39_20260626_212915\01_valid_raw_and_ifft\mat\curve_r0566_c0757_idx000925.mat,D:\LSH\LSH\实验\聚焦信号分类实验\1\ROI_x729_y538_w32_h39_20260626_212915\01_valid_raw_and_ifft\mat,valid_folder,valid,25.969884267289,25.8914222944463,0.00119191815009806,0.00069089075891617,8.0581772083924e-05,0.89254072313754
1720,1912,1912,566,758,1926,Good,1,slightly degraded,D:\LSH\LSH\实验\聚焦信号分类实验\1\ROI_x729_y538_w32_h39_20260626_212915\01_valid_raw_and_ifft\mat\curve_r0566_c0758_idx000926.mat,D:\LSH\LSH\实验\聚焦信号分类实验\1\ROI_x729_y538_w32_h39_20260626_212915\01_valid_raw_and_ifft\mat,valid_folder,valid,26.3347190533277,25.8826344531259,0.000903445499602181,0.000714880571256104,6.35159838088456e-05,0.934976755977013
1721,1913,1913,566,759,1927,Good,1,slightly degraded,D:\LSH\LSH\实验\聚焦信号分类实验\1\ROI_x729_y538_w32_h39_20260626_212915\01_valid_raw_and_ifft\mat\curve_r0566_c0759_idx000927.mat,D:\LSH\LSH\实验\聚焦信号分类实验\1\ROI_x729_y538_w32_h39_20260626_212915\01_valid_raw_and_ifft\mat,valid_folder,valid,25.043776177478,25.2811922193761,0.00162701626082162,0.000974403922334326,0.000101825477953182,0.916315718893355
1722,1914,1914,566,760,1928,Good,1,slightly degraded,D:\LSH\LSH\实验\聚焦信号分类实验\1\ROI_x729_y538_w32_h39_20260626_212915\01_valid_raw_and_ifft\mat\curve_r0566_c0760_idx000928.mat,D:\LSH\LSH\实验\聚焦信号分类实验\1\ROI_x729_y538_w32_h39_20260626_212915\01_valid_raw_and_ifft\mat,valid_folder,valid,25.056510946892,25.1047388492326,0.00264570146087262,0.00144739009616656,0.000173177735642252,0.900169106928986
1723,1915,1915,567,729,1929,Good,1,slightly degraded,D:\LSH\LSH\实验\聚焦信号分类实验\1\ROI_x729_y538_w32_h39_20260626_212915\01_valid_raw_and_ifft\mat\curve_r0567_c0729_idx000929.mat,D:\LSH\LSH\实验\聚焦信号分类实验\1\ROI_x729_y538_w32_h39_20260626_212915\01_valid_raw_and_ifft\mat,valid_folder,valid,29.9699388721861,29.918877043107,0.0728978899192357,0.0395672188836539,0.00481334022660371,0.912222255120352
1724,1916,1916,567,730,1930,Good,1,slightly degraded,D:\LSH\LSH\实验\聚焦信号分类实验\1\ROI_x729_y538_w32_h39_20260626_212915\01_valid_raw_and_ifft\mat\curve_r0567_c0730_idx000930.mat,D:\LSH\LSH\实验\聚焦信号分类实验\1\ROI_x729_y538_w32_h39_20260626_212915\01_valid_raw_and_ifft\mat,valid_folder,valid,29.8896235965085,29.7863693127575,0.0485229918026613,0.0263985073367656,0.00320395303746016,0.912918680363451
1725,1917,1917,567,731,1931,Good,1,slightly degraded,D:\LSH\LSH\实验\聚焦信号分类实验\1\ROI_x729_y538_w32_h39_20260626_212915\01_valid_raw_and_ifft\mat\curve_r0567_c0731_idx000931.mat,D:\LSH\LSH\实验\聚焦信号分类实验\1\ROI_x729_y538_w32_h39_20260626_212915\01_valid_raw_and_ifft\mat,valid_folder,valid,29.7486886011142,29.5662827529614,0.0410521615839412,0.0236140971989473,0.00269685858612228,0.922991264586047
1726,1918,1918,567,732,1932,Good,1,slightly degraded,D:\LSH\LSH\实验\聚焦信号分类实验\1\ROI_x729_y538_w32_h39_20260626_212915\01_valid_raw_and_ifft\mat\curve_r0567_c0732_idx000932.mat,D:\LSH\LSH\实验\聚焦信号分类实验\1\ROI_x729_y538_w32_h39_20260626_212915\01_valid_raw_and_ifft\mat,valid_folder,valid,29.1891468495496,29.2176143350389,0.0468382459724776,0.0288893568948043,0.00299599453877079,0.936556109168699
1727,1919,1919,567,733,1933,Good,1,slightly degraded,D:\LSH\LSH\实验\聚焦信号分类实验\1\ROI_x729_y538_w32_h39_20260626_212915\01_valid_raw_and_ifft\mat\curve_r0567_c0733_idx000933.mat,D:\LSH\LSH\实验\聚焦信号分类实验\1\ROI_x729_y538_w32_h39_20260626_212915\01_valid_raw_and_ifft\mat,valid_folder,valid,28.9933003632611,29.0166845012846,0.0573308935502564,0.0315508291638469,0.00368578948618029,0.918035769244253
1728,1920,1920,567,734,1934,Good,1,slightly degraded,D:\LSH\LSH\实验\聚焦信号分类实验\1\ROI_x729_y538_w32_h39_20260626_212915\01_valid_raw_and_ifft\mat\curve_r0567_c0734_idx000934.mat,D:\LSH\LSH\实验\聚焦信号分类实验\1\ROI_x729_y538_w32_h39_20260626_212915\01_valid_raw_and_ifft\mat,valid_folder,valid,28.9184956334472,28.8791219618911,0.0449987706000035,0.0230758035867206,0.00303929832437417,0.89464442745757
1729,1921,1921,567,735,1935,Good,1,slightly degraded,D:\LSH\LSH\实验\聚焦信号分类实验\1\ROI_x729_y538_w32_h39_20260626_212915\01_valid_raw_and_ifft\mat\curve_r0567_c0735_idx000935.mat,D:\LSH\LSH\实验\聚焦信号分类实验\1\ROI_x729_y538_w32_h39_20260626_212915\01_valid_raw_and_ifft\mat,valid_folder,valid,28.9058628300678,28.8204594047573,0.0249052816032931,0.0123312336892918,0.00173756403586309,0.878389573021999
1730,1922,1922,567,736,1936,Good,1,slightly degraded,D:\LSH\LSH\实验\聚焦信号分类实验\1\ROI_x729_y538_w32_h39_20260626_212915\01_valid_raw_and_ifft\mat\curve_r0567_c0736_idx000936.mat,D:\LSH\LSH\实验\聚焦信号分类实验\1\ROI_x729_y538_w32_h39_20260626_212915\01_valid_raw_and_ifft\mat,valid_folder,valid,28.8006736893475,28.4777536441786,0.0128226647468323,0.00725514064228163,0.000832996729136732,0.915674749976171
1731,1923,1923,567,737,1937,Good,1,slightly degraded,D:\LSH\LSH\实验\聚焦信号分类实验\1\ROI_x729_y538_w32_h39_20260626_212915\01_valid_raw_and_ifft\mat\curve_r0567_c0737_idx000937.mat,D:\LSH\LSH\实验\聚焦信号分类实验\1\ROI_x729_y538_w32_h39_20260626_212915\01_valid_raw_and_ifft\mat,valid_folder,valid,28.2713354578551,28.2728718598892,0.0055039586952405,0.00368288896686902,0.000326327898781088,0.947088431521927
1732,1924,1924,567,738,1938,Good,1,slightly degraded,D:\LSH\LSH\实验\聚焦信号分类实验\1\ROI_x729_y538_w32_h39_20260626_212915\01_valid_raw_and_ifft\mat\curve_r0567_c0738_idx000938.mat,D:\LSH\LSH\实验\聚焦信号分类实验\1\ROI_x729_y538_w32_h39_20260626_212915\01_valid_raw_and_ifft\mat,valid_folder,valid,28.4237157525842,28.2920171679574,0.00789868532919707,0.00487761964530727,0.000570619930677453,0.913961112459718
1733,1925,1925,567,739,1939,Good,1,slightly degraded,D:\LSH\LSH\实验\聚焦信号分类实验\1\ROI_x729_y538_w32_h39_20260626_212915\01_valid_raw_and_ifft\mat\curve_r0567_c0739_idx000939.mat,D:\LSH\LSH\实验\聚焦信号分类实验\1\ROI_x729_y538_w32_h39_20260626_212915\01_valid_raw_and_ifft\mat,valid_folder,valid,28.2904411086445,28.3252283601069,0.00953035297474057,0.0051368166547891,0.000723799237247617,0.881621616092572
1734,1926,1926,567,740,1940,Good,1,slightly degraded,D:\LSH\LSH\实验\聚焦信号分类实验\1\ROI_x729_y538_w32_h39_20260626_212915\01_valid_raw_and_ifft\mat\curve_r0567_c0740_idx000940.mat,D:\LSH\LSH\实验\聚焦信号分类实验\1\ROI_x729_y538_w32_h39_20260626_212915\01_valid_raw_and_ifft\mat,valid_folder,valid,28.2108797619015,28.2503794802075,0.00635589577889442,0.00329117282735,0.000476314781597701,0.872953788248332
1735,1927,1927,567,741,1941,Good,1,slightly degraded,D:\LSH\LSH\实验\聚焦信号分类实验\1\ROI_x729_y538_w32_h39_20260626_212915\01_valid_raw_and_ifft\mat\curve_r0567_c0741_idx000941.mat,D:\LSH\LSH\实验\聚焦信号分类实验\1\ROI_x729_y538_w32_h39_20260626_212915\01_valid_raw_and_ifft\mat,valid_folder,valid,28.7086131289124,28.4451821514415,0.00255033416102074,0.00137822782611785,0.000188315028432221,0.880919955440631
1736,1928,1928,567,742,1942,Good,1,slightly degraded,D:\LSH\LSH\实验\聚焦信号分类实验\1\ROI_x729_y538_w32_h39_20260626_212915\01_valid_raw_and_ifft\mat\curve_r0567_c0742_idx000942.mat,D:\LSH\LSH\实验\聚焦信号分类实验\1\ROI_x729_y538_w32_h39_20260626_212915\01_valid_raw_and_ifft\mat,valid_folder,valid,28.072620383041,28.0704914620656,0.00203809440951038,0.0012444142513917,0.000133531675730816,0.920947370080772
1737,1929,1929,567,743,1943,Good,1,slightly degraded,D:\LSH\LSH\实验\聚焦信号分类实验\1\ROI_x729_y538_w32_h39_20260626_212915\01_valid_raw_and_ifft\mat\curve_r0567_c0743_idx000943.mat,D:\LSH\LSH\实验\聚焦信号分类实验\1\ROI_x729_y538_w32_h39_20260626_212915\01_valid_raw_and_ifft\mat,valid_folder,valid,28.0189847280959,27.8681102676142,0.00204033914733171,0.00123074216468567,0.000125114390989028,0.925815400506009
1738,1930,1930,567,744,1944,Good,1,slightly degraded,D:\LSH\LSH\实验\聚焦信号分类实验\1\ROI_x729_y538_w32_h39_20260626_212915\01_valid_raw_and_ifft\mat\curve_r0567_c0744_idx000944.mat,D:\LSH\LSH\实验\聚焦信号分类实验\1\ROI_x729_y538_w32_h39_20260626_212915\01_valid_raw_and_ifft\mat,valid_folder,valid,27.8003079579004,27.0163416288598,0.00512833729156006,0.00345182229895865,0.000353246957505797,0.931465162298879
1739,1931,1931,567,745,1945,Good,1,slightly degraded,D:\LSH\LSH\实验\聚焦信号分类实验\1\ROI_x729_y538_w32_h39_20260626_212915\01_valid_raw_and_ifft\mat\curve_r0567_c0745_idx000945.mat,D:\LSH\LSH\实验\聚焦信号分类实验\1\ROI_x729_y538_w32_h39_20260626_212915\01_valid_raw_and_ifft\mat,valid_folder,valid,27.0782514625094,27.1350809918709,0.0247887932075503,0.0128886513228628,0.00164998511107809,0.900651527316505
1740,1932,1932,567,746,1946,Good,1,slightly degraded,D:\LSH\LSH\实验\聚焦信号分类实验\1\ROI_x729_y538_w32_h39_20260626_212915\01_valid_raw_and_ifft\mat\curve_r0567_c0746_idx000946.mat,D:\LSH\LSH\实验\聚焦信号分类实验\1\ROI_x729_y538_w32_h39_20260626_212915\01_valid_raw_and_ifft\mat,valid_folder,valid,27.0433755955407,27.0724722530342,0.0300749243541088,0.0153397459631533,0.00201713372625504,0.895004377419656
1741,1933,1933,567,747,1947,Good,1,slightly degraded,D:\LSH\LSH\实验\聚焦信号分类实验\1\ROI_x729_y538_w32_h39_20260626_212915\01_valid_raw_and_ifft\mat\curve_r0567_c0747_idx000947.mat,D:\LSH\LSH\实验\聚焦信号分类实验\1\ROI_x729_y538_w32_h39_20260626_212915\01_valid_raw_and_ifft\mat,valid_folder,valid,26.7529037861176,26.7090648438546,0.0309016433500186,0.0178107413114147,0.00204408694116804,0.920425827477199
1742,1934,1934,567,748,1948,Good,1,slightly degraded,D:\LSH\LSH\实验\聚焦信号分类实验\1\ROI_x729_y538_w32_h39_20260626_212915\01_valid_raw_and_ifft\mat\curve_r0567_c0748_idx000948.mat,D:\LSH\LSH\实验\聚焦信号分类实验\1\ROI_x729_y538_w32_h39_20260626_212915\01_valid_raw_and_ifft\mat,valid_folder,valid,26.8036132593437,26.706685783278,0.0400392358083231,0.0212512180450397,0.00279967807141866,0.898245600076005
1743,1935,1935,567,749,1949,Good,1,slightly degraded,D:\LSH\LSH\实验\聚焦信号分类实验\1\ROI_x729_y538_w32_h39_20260626_212915\01_valid_raw_and_ifft\mat\curve_r0567_c0749_idx000949.mat,D:\LSH\LSH\实验\聚焦信号分类实验\1\ROI_x729_y538_w32_h39_20260626_212915\01_valid_raw_and_ifft\mat,valid_folder,valid,26.8751178312044,26.8008463744322,0.0336054962890566,0.0157105139307851,0.00254974108779183,0.852159236169479
1744,1936,1936,567,750,1950,Good,1,slightly degraded,D:\LSH\LSH\实验\聚焦信号分类实验\1\ROI_x729_y538_w32_h39_20260626_212915\01_valid_raw_and_ifft\mat\curve_r0567_c0750_idx000950.mat,D:\LSH\LSH\实验\聚焦信号分类实验\1\ROI_x729_y538_w32_h39_20260626_212915\01_valid_raw_and_ifft\mat,valid_folder,valid,26.7899820280562,26.7006412581373,0.00635370820795434,0.00346876947912543,0.000436785402186155,0.894858784729131
1745,1937,1937,567,751,1951,Good,1,slightly degraded,D:\LSH\LSH\实验\聚焦信号分类实验\1\ROI_x729_y538_w32_h39_20260626_212915\01_valid_raw_and_ifft\mat\curve_r0567_c0751_idx000951.mat,D:\LSH\LSH\实验\聚焦信号分类实验\1\ROI_x729_y538_w32_h39_20260626_212915\01_valid_raw_and_ifft\mat,valid_folder,valid,26.3191951246665,26.2061580491014,0.00547273980843583,0.00338942081452458,0.000372626288776466,0.920703773228882
1746,1938,1938,567,752,1952,Good,1,slightly degraded,D:\LSH\LSH\实验\聚焦信号分类实验\1\ROI_x729_y538_w32_h39_20260626_212915\01_valid_raw_and_ifft\mat\curve_r0567_c0752_idx000952.mat,D:\LSH\LSH\实验\聚焦信号分类实验\1\ROI_x729_y538_w32_h39_20260626_212915\01_valid_raw_and_ifft\mat,valid_folder,valid,26.2005632752937,26.0613019480752,0.00602332031075382,0.00392973131374755,0.000400138003354736,0.934416897184269
1747,1939,1939,567,753,1953,Good,1,slightly degraded,D:\LSH\LSH\实验\聚焦信号分类实验\1\ROI_x729_y538_w32_h39_20260626_212915\01_valid_raw_and_ifft\mat\curve_r0567_c0753_idx000953.mat,D:\LSH\LSH\实验\聚焦信号分类实验\1\ROI_x729_y538_w32_h39_20260626_212915\01_valid_raw_and_ifft\mat,valid_folder,valid,26.1959368903123,26.1873353775562,0.00946577326433959,0.0052797777567236,0.00067387819420897,0.902313873037794
1748,1940,1940,567,754,1954,Good,1,slightly degraded,D:\LSH\LSH\实验\聚焦信号分类实验\1\ROI_x729_y538_w32_h39_20260626_212915\01_valid_raw_and_ifft\mat\curve_r0567_c0754_idx000954.mat,D:\LSH\LSH\实验\聚焦信号分类实验\1\ROI_x729_y538_w32_h39_20260626_212915\01_valid_raw_and_ifft\mat,valid_folder,valid,26.0869661647327,26.0432234538515,0.00738841118230793,0.00412461209908832,0.000497228458680738,0.910259001481674
1749,1941,1941,567,755,1955,Good,1,slightly degraded,D:\LSH\LSH\实验\聚焦信号分类实验\1\ROI_x729_y538_w32_h39_20260626_212915\01_valid_raw_and_ifft\mat\curve_r0567_c0755_idx000955.mat,D:\LSH\LSH\实验\聚焦信号分类实验\1\ROI_x729_y538_w32_h39_20260626_212915\01_valid_raw_and_ifft\mat,valid_folder,valid,26.0550056709392,25.9647738484914,0.00577378839075962,0.00326233401491847,0.000371264760735656,0.91518621598991
1750,1942,1942,567,756,1956,Good,1,slightly degraded,D:\LSH\LSH\实验\聚焦信号分类实验\1\ROI_x729_y538_w32_h39_20260626_212915\01_valid_raw_and_ifft\mat\curve_r0567_c0756_idx000956.mat,D:\LSH\LSH\实验\聚焦信号分类实验\1\ROI_x729_y538_w32_h39_20260626_212915\01_valid_raw_and_ifft\mat,valid_folder,valid,25.9761355433898,25.8619038185125,0.00572310285141123,0.00291135620477188,0.000386838173792945,0.88546492980828
1751,1943,1943,567,757,1957,Good,1,slightly degraded,D:\LSH\LSH\实验\聚焦信号分类实验\1\ROI_x729_y538_w32_h39_20260626_212915\01_valid_raw_and_ifft\mat\curve_r0567_c0757_idx000957.mat,D:\LSH\LSH\实验\聚焦信号分类实验\1\ROI_x729_y538_w32_h39_20260626_212915\01_valid_raw_and_ifft\mat,valid_folder,valid,26.0110683756073,26.0038089398689,0.00379192918042732,0.00175669614816737,0.000280045984915921,0.843540714460742
1752,1944,1944,567,758,1958,Good,1,slightly degraded,D:\LSH\LSH\实验\聚焦信号分类实验\1\ROI_x729_y538_w32_h39_20260626_212915\01_valid_raw_and_ifft\mat\curve_r0567_c0758_idx000958.mat,D:\LSH\LSH\实验\聚焦信号分类实验\1\ROI_x729_y538_w32_h39_20260626_212915\01_valid_raw_and_ifft\mat,valid_folder,valid,24.8989128629279,25.1081204810897,0.00203638326982415,0.00149846469776237,0.000123499504643604,0.953855963954407
1753,1945,1945,567,759,1959,Good,1,slightly degraded,D:\LSH\LSH\实验\聚焦信号分类实验\1\ROI_x729_y538_w32_h39_20260626_212915\01_valid_raw_and_ifft\mat\curve_r0567_c0759_idx000959.mat,D:\LSH\LSH\实验\聚焦信号分类实验\1\ROI_x729_y538_w32_h39_20260626_212915\01_valid_raw_and_ifft\mat,valid_folder,valid,25.2148053625761,25.2603453960621,0.00456389805812601,0.00268594725923869,0.000298915142009555,0.922621718622951
1754,1946,1946,567,760,1960,Good,1,slightly degraded,D:\LSH\LSH\实验\聚焦信号分类实验\1\ROI_x729_y538_w32_h39_20260626_212915\01_valid_raw_and_ifft\mat\curve_r0567_c0760_idx000960.mat,D:\LSH\LSH\实验\聚焦信号分类实验\1\ROI_x729_y538_w32_h39_20260626_212915\01_valid_raw_and_ifft\mat,valid_folder,valid,25.2050527178002,25.2429895383066,0.00483185922571953,0.00259778014496661,0.00034654784066242,0.890640463255919
1755,1947,1947,568,729,1961,Good,1,slightly degraded,D:\LSH\LSH\实验\聚焦信号分类实验\1\ROI_x729_y538_w32_h39_20260626_212915\01_valid_raw_and_ifft\mat\curve_r0568_c0729_idx000961.mat,D:\LSH\LSH\实验\聚焦信号分类实验\1\ROI_x729_y538_w32_h39_20260626_212915\01_valid_raw_and_ifft\mat,valid_folder,valid,30.0256601535878,30.0002491873611,0.0400162753275804,0.0204070444664428,0.00276018362946314,0.891848768725442
1756,1948,1948,568,730,1962,Good,1,slightly degraded,D:\LSH\LSH\实验\聚焦信号分类实验\1\ROI_x729_y538_w32_h39_20260626_212915\01_valid_raw_and_ifft\mat\curve_r0568_c0730_idx000962.mat,D:\LSH\LSH\实验\聚焦信号分类实验\1\ROI_x729_y538_w32_h39_20260626_212915\01_valid_raw_and_ifft\mat,valid_folder,valid,30.0347093385663,29.9860263763825,0.0299582446873001,0.0139842105547244,0.00220239314768261,0.856052512083435
1757,1949,1949,568,731,1963,Good,1,slightly degraded,D:\LSH\LSH\实验\聚焦信号分类实验\1\ROI_x729_y538_w32_h39_20260626_212915\01_valid_raw_and_ifft\mat\curve_r0568_c0731_idx000963.mat,D:\LSH\LSH\实验\聚焦信号分类实验\1\ROI_x729_y538_w32_h39_20260626_212915\01_valid_raw_and_ifft\mat,valid_folder,valid,29.8975804497215,29.600133250694,0.0260034741671913,0.0146778601077034,0.00168209173491652,0.918380955503176
1758,1950,1950,568,732,1964,Good,1,slightly degraded,D:\LSH\LSH\实验\聚焦信号分类实验\1\ROI_x729_y538_w32_h39_20260626_212915\01_valid_raw_and_ifft\mat\curve_r0568_c0732_idx000964.mat,D:\LSH\LSH\实验\聚焦信号分类实验\1\ROI_x729_y538_w32_h39_20260626_212915\01_valid_raw_and_ifft\mat,valid_folder,valid,29.029521870984,29.0856678891745,0.0355772141953171,0.020938465245562,0.00219808268941914,0.933469615859402
1759,1951,1951,568,733,1965,Good,1,slightly degraded,D:\LSH\LSH\实验\聚焦信号分类实验\1\ROI_x729_y538_w32_h39_20260626_212915\01_valid_raw_and_ifft\mat\curve_r0568_c0733_idx000965.mat,D:\LSH\LSH\实验\聚焦信号分类实验\1\ROI_x729_y538_w32_h39_20260626_212915\01_valid_raw_and_ifft\mat,valid_folder,valid,28.9671990143181,28.9699906797336,0.0393414160119803,0.0211824600784352,0.00260727910233504,0.909610067739653
1760,1952,1952,568,734,1966,Good,1,slightly degraded,D:\LSH\LSH\实验\聚焦信号分类实验\1\ROI_x729_y538_w32_h39_20260626_212915\01_valid_raw_and_ifft\mat\curve_r0568_c0734_idx000966.mat,D:\LSH\LSH\实验\聚焦信号分类实验\1\ROI_x729_y538_w32_h39_20260626_212915\01_valid_raw_and_ifft\mat,valid_folder,valid,28.7660114147311,28.8370040603497,0.0268224256708447,0.0180658062509345,0.00173051719984759,0.944966063431085
1761,1953,1953,568,735,1967,Good,1,slightly degraded,D:\LSH\LSH\实验\聚焦信号分类实验\1\ROI_x729_y538_w32_h39_20260626_212915\01_valid_raw_and_ifft\mat\curve_r0568_c0735_idx000967.mat,D:\LSH\LSH\实验\聚焦信号分类实验\1\ROI_x729_y538_w32_h39_20260626_212915\01_valid_raw_and_ifft\mat,valid_folder,valid,28.8407821683031,28.8020269591006,0.0265166912445964,0.0166085945376727,0.00154541288923254,0.947261325149777
1762,1954,1954,568,736,1968,Good,1,slightly degraded,D:\LSH\LSH\实验\聚焦信号分类实验\1\ROI_x729_y538_w32_h39_20260626_212915\01_valid_raw_and_ifft\mat\curve_r0568_c0736_idx000968.mat,D:\LSH\LSH\实验\聚焦信号分类实验\1\ROI_x729_y538_w32_h39_20260626_212915\01_valid_raw_and_ifft\mat,valid_folder,valid,28.3538818290515,28.3085851092863,0.0168012116168681,0.0113664995085195,0.00102164706827151,0.949908824334803
1763,1955,1955,568,737,1969,Good,1,slightly degraded,D:\LSH\LSH\实验\聚焦信号分类实验\1\ROI_x729_y538_w32_h39_20260626_212915\01_valid_raw_and_ifft\mat\curve_r0568_c0737_idx000969.mat,D:\LSH\LSH\实验\聚焦信号分类实验\1\ROI_x729_y538_w32_h39_20260626_212915\01_valid_raw_and_ifft\mat,valid_folder,valid,28.2261376706074,28.3526936587043,0.00716850761848408,0.00478120363666695,0.000382426355134988,0.957762309145333
1764,1956,1956,568,738,1970,Good,1,slightly degraded,D:\LSH\LSH\实验\聚焦信号分类实验\1\ROI_x729_y538_w32_h39_20260626_212915\01_valid_raw_and_ifft\mat\curve_r0568_c0738_idx000970.mat,D:\LSH\LSH\实验\聚焦信号分类实验\1\ROI_x729_y538_w32_h39_20260626_212915\01_valid_raw_and_ifft\mat,valid_folder,valid,28.0027805720576,28.0172532449493,0.00337162724448667,0.00223198547772431,0.000192669799198623,0.949043402958049
1765,1957,1957,568,739,1971,Good,1,slightly degraded,D:\LSH\LSH\实验\聚焦信号分类实验\1\ROI_x729_y538_w32_h39_20260626_212915\01_valid_raw_and_ifft\mat\curve_r0568_c0739_idx000971.mat,D:\LSH\LSH\实验\聚焦信号分类实验\1\ROI_x729_y538_w32_h39_20260626_212915\01_valid_raw_and_ifft\mat,valid_folder,valid,28.2393445005632,28.3276770647698,0.00663341129518208,0.00357086790337441,0.000482850708806858,0.886480220644368
1766,1958,1958,568,740,1972,Good,1,slightly degraded,D:\LSH\LSH\实验\聚焦信号分类实验\1\ROI_x729_y538_w32_h39_20260626_212915\01_valid_raw_and_ifft\mat\curve_r0568_c0740_idx000972.mat,D:\LSH\LSH\实验\聚焦信号分类实验\1\ROI_x729_y538_w32_h39_20260626_212915\01_valid_raw_and_ifft\mat,valid_folder,valid,28.2153919666837,28.2902173700441,0.00515230648139549,0.00272975610153208,0.000377600550232114,0.879495712242546
1767,1959,1959,568,741,1973,Good,1,slightly degraded,D:\LSH\LSH\实验\聚焦信号分类实验\1\ROI_x729_y538_w32_h39_20260626_212915\01_valid_raw_and_ifft\mat\curve_r0568_c0741_idx000973.mat,D:\LSH\LSH\实验\聚焦信号分类实验\1\ROI_x729_y538_w32_h39_20260626_212915\01_valid_raw_and_ifft\mat,valid_folder,valid,28.8364743780005,28.5136509800426,0.0016999825613874,0.000870809416084933,0.000131506275417226,0.850308092774402
1768,1960,1960,568,742,1974,Good,1,slightly degraded,D:\LSH\LSH\实验\聚焦信号分类实验\1\ROI_x729_y538_w32_h39_20260626_212915\01_valid_raw_and_ifft\mat\curve_r0568_c0742_idx000974.mat,D:\LSH\LSH\实验\聚焦信号分类实验\1\ROI_x729_y538_w32_h39_20260626_212915\01_valid_raw_and_ifft\mat,valid_folder,valid,28.07149966757,27.9280045444716,0.00155507017301229,0.000979737466841133,0.000113737943325084,0.905801753089679
1769,1961,1961,568,743,1975,Good,1,slightly degraded,D:\LSH\LSH\实验\聚焦信号分类实验\1\ROI_x729_y538_w32_h39_20260626_212915\01_valid_raw_and_ifft\mat\curve_r0568_c0743_idx000975.mat,D:\LSH\LSH\实验\聚焦信号分类实验\1\ROI_x729_y538_w32_h39_20260626_212915\01_valid_raw_and_ifft\mat,valid_folder,valid,27.9927164784706,27.8169257299805,0.00174681804806742,0.00108392386037297,0.000115764205493574,0.919436329369993
1770,1962,1962,568,744,1976,Good,1,slightly degraded,D:\LSH\LSH\实验\聚焦信号分类实验\1\ROI_x729_y538_w32_h39_20260626_212915\01_valid_raw_and_ifft\mat\curve_r0568_c0744_idx000976.mat,D:\LSH\LSH\实验\聚焦信号分类实验\1\ROI_x729_y538_w32_h39_20260626_212915\01_valid_raw_and_ifft\mat,valid_folder,valid,27.7401530447691,27.4556135597253,0.00186791017608385,0.00133125034246309,0.000103969271240267,0.957876920871233
1771,1963,1963,568,745,1977,Good,1,slightly degraded,D:\LSH\LSH\实验\聚焦信号分类实验\1\ROI_x729_y538_w32_h39_20260626_212915\01_valid_raw_and_ifft\mat\curve_r0568_c0745_idx000977.mat,D:\LSH\LSH\实验\聚焦信号分类实验\1\ROI_x729_y538_w32_h39_20260626_212915\01_valid_raw_and_ifft\mat,valid_folder,valid,27.6571200581182,27.5193906461368,0.00381421319293936,0.00252380582688574,0.000226153624255406,0.945872371358765
1772,1964,1964,568,746,1978,Good,1,slightly degraded,D:\LSH\LSH\实验\聚焦信号分类实验\1\ROI_x729_y538_w32_h39_20260626_212915\01_valid_raw_and_ifft\mat\curve_r0568_c0746_idx000978.mat,D:\LSH\LSH\实验\聚焦信号分类实验\1\ROI_x729_y538_w32_h39_20260626_212915\01_valid_raw_and_ifft\mat,valid_folder,valid,27.6477948613619,27.1893170949783,0.0057115166708548,0.00364927154227671,0.000365108177407994,0.933643696361364
1773,1965,1965,568,747,1979,Good,1,slightly degraded,D:\LSH\LSH\实验\聚焦信号分类实验\1\ROI_x729_y538_w32_h39_20260626_212915\01_valid_raw_and_ifft\mat\curve_r0568_c0747_idx000979.mat,D:\LSH\LSH\实验\聚焦信号分类实验\1\ROI_x729_y538_w32_h39_20260626_212915\01_valid_raw_and_ifft\mat,valid_folder,valid,26.6327694173074,26.6245869107195,0.0277766172582795,0.0169199733136571,0.00188491374182268,0.927068607229164
1774,1966,1966,568,748,1980,Good,1,slightly degraded,D:\LSH\LSH\实验\聚焦信号分类实验\1\ROI_x729_y538_w32_h39_20260626_212915\01_valid_raw_and_ifft\mat\curve_r0568_c0748_idx000980.mat,D:\LSH\LSH\实验\聚焦信号分类实验\1\ROI_x729_y538_w32_h39_20260626_212915\01_valid_raw_and_ifft\mat,valid_folder,valid,26.8012850817154,26.6851008248944,0.0425365746149341,0.0223502435751071,0.00300348643810023,0.894860322357613
1775,1967,1967,568,749,1981,Good,1,slightly degraded,D:\LSH\LSH\实验\聚焦信号分类实验\1\ROI_x729_y538_w32_h39_20260626_212915\01_valid_raw_and_ifft\mat\curve_r0568_c0749_idx000981.mat,D:\LSH\LSH\实验\聚焦信号分类实验\1\ROI_x729_y538_w32_h39_20260626_212915\01_valid_raw_and_ifft\mat,valid_folder,valid,26.89051374912,26.8081969425287,0.0373452719398547,0.0169657870120537,0.00287692228423458,0.841543628369703
1776,1968,1968,568,750,1982,Good,1,slightly degraded,D:\LSH\LSH\实验\聚焦信号分类实验\1\ROI_x729_y538_w32_h39_20260626_212915\01_valid_raw_and_ifft\mat\curve_r0568_c0750_idx000982.mat,D:\LSH\LSH\实验\聚焦信号分类实验\1\ROI_x729_y538_w32_h39_20260626_212915\01_valid_raw_and_ifft\mat,valid_folder,valid,26.840521807482,26.6150150019548,0.00873248144079147,0.00452788635637645,0.000604342554025409,0.883703198911191
1777,1969,1969,568,751,1983,Good,1,slightly degraded,D:\LSH\LSH\实验\聚焦信号分类实验\1\ROI_x729_y538_w32_h39_20260626_212915\01_valid_raw_and_ifft\mat\curve_r0568_c0751_idx000983.mat,D:\LSH\LSH\实验\聚焦信号分类实验\1\ROI_x729_y538_w32_h39_20260626_212915\01_valid_raw_and_ifft\mat,valid_folder,valid,26.1228771259087,26.1024044756103,0.0307656371485989,0.0175482251439338,0.00213340780021737,0.913471742296761
1778,1970,1970,568,752,1984,Good,1,slightly degraded,D:\LSH\LSH\实验\聚焦信号分类实验\1\ROI_x729_y538_w32_h39_20260626_212915\01_valid_raw_and_ifft\mat\curve_r0568_c0752_idx000984.mat,D:\LSH\LSH\实验\聚焦信号分类实验\1\ROI_x729_y538_w32_h39_20260626_212915\01_valid_raw_and_ifft\mat,valid_folder,valid,26.0844247004736,26.0624496996519,0.0362846916754777,0.0209286294175508,0.00252083928447925,0.91540632059136
1779,1971,1971,568,753,1985,Good,1,slightly degraded,D:\LSH\LSH\实验\聚焦信号分类实验\1\ROI_x729_y538_w32_h39_20260626_212915\01_valid_raw_and_ifft\mat\curve_r0568_c0753_idx000985.mat,D:\LSH\LSH\实验\聚焦信号分类实验\1\ROI_x729_y538_w32_h39_20260626_212915\01_valid_raw_and_ifft\mat,valid_folder,valid,26.2765466488338,26.2634298481485,0.0235347259512008,0.0129817326612809,0.0017815630361025,0.891662690979072
1780,1972,1972,568,754,1986,Good,1,slightly degraded,D:\LSH\LSH\实验\聚焦信号分类实验\1\ROI_x729_y538_w32_h39_20260626_212915\01_valid_raw_and_ifft\mat\curve_r0568_c0754_idx000986.mat,D:\LSH\LSH\实验\聚焦信号分类实验\1\ROI_x729_y538_w32_h39_20260626_212915\01_valid_raw_and_ifft\mat,valid_folder,valid,25.8407165809351,25.6705851920212,0.00501268837640239,0.00284799610862026,0.000321095903480515,0.917438313852939
1781,1973,1973,568,755,1987,Good,1,slightly degraded,D:\LSH\LSH\实验\聚焦信号分类实验\1\ROI_x729_y538_w32_h39_20260626_212915\01_valid_raw_and_ifft\mat\curve_r0568_c0755_idx000987.mat,D:\LSH\LSH\实验\聚焦信号分类实验\1\ROI_x729_y538_w32_h39_20260626_212915\01_valid_raw_and_ifft\mat,valid_folder,valid,25.6685571183232,25.5961800853431,0.0156470119330164,0.00848897728586097,0.00119210808515886,0.887522868817181
1782,1974,1974,568,756,1988,Good,1,slightly degraded,D:\LSH\LSH\实验\聚焦信号分类实验\1\ROI_x729_y538_w32_h39_20260626_212915\01_valid_raw_and_ifft\mat\curve_r0568_c0756_idx000988.mat,D:\LSH\LSH\实验\聚焦信号分类实验\1\ROI_x729_y538_w32_h39_20260626_212915\01_valid_raw_and_ifft\mat,valid_folder,valid,25.6992354873514,25.6078767392948,0.0163220875254858,0.00869523709167226,0.00123602836521067,0.884500026804263
1783,1975,1975,568,757,1989,Good,1,slightly degraded,D:\LSH\LSH\实验\聚焦信号分类实验\1\ROI_x729_y538_w32_h39_20260626_212915\01_valid_raw_and_ifft\mat\curve_r0568_c0757_idx000989.mat,D:\LSH\LSH\实验\聚焦信号分类实验\1\ROI_x729_y538_w32_h39_20260626_212915\01_valid_raw_and_ifft\mat,valid_folder,valid,25.9354182108619,25.8849076640326,0.008744337472013,0.0039378964448859,0.000665806861012143,0.838068138816788
1784,1976,1976,568,758,1990,Good,1,slightly degraded,D:\LSH\LSH\实验\聚焦信号分类实验\1\ROI_x729_y538_w32_h39_20260626_212915\01_valid_raw_and_ifft\mat\curve_r0568_c0758_idx000990.mat,D:\LSH\LSH\实验\聚焦信号分类实验\1\ROI_x729_y538_w32_h39_20260626_212915\01_valid_raw_and_ifft\mat,valid_folder,valid,24.9954665223021,25.0343793305037,0.00297354936503789,0.00178880972368073,0.000186613637698176,0.927545028594991
1785,1977,1977,568,759,1991,Good,1,slightly degraded,D:\LSH\LSH\实验\聚焦信号分类实验\1\ROI_x729_y538_w32_h39_20260626_212915\01_valid_raw_and_ifft\mat\curve_r0568_c0759_idx000991.mat,D:\LSH\LSH\实验\聚焦信号分类实验\1\ROI_x729_y538_w32_h39_20260626_212915\01_valid_raw_and_ifft\mat,valid_folder,valid,25.1211534255264,25.1527359941144,0.00623449461628789,0.00318620917518226,0.00044769826020278,0.882745264556737
1786,1978,1978,568,760,1992,Good,1,slightly degraded,D:\LSH\LSH\实验\聚焦信号分类实验\1\ROI_x729_y538_w32_h39_20260626_212915\01_valid_raw_and_ifft\mat\curve_r0568_c0760_idx000992.mat,D:\LSH\LSH\实验\聚焦信号分类实验\1\ROI_x729_y538_w32_h39_20260626_212915\01_valid_raw_and_ifft\mat,valid_folder,valid,25.1641496836453,25.2422448157257,0.0061307647670937,0.00292019768362357,0.000476483880172708,0.847453881174589
1787,1979,1979,569,729,1993,Good,1,slightly degraded,D:\LSH\LSH\实验\聚焦信号分类实验\1\ROI_x729_y538_w32_h39_20260626_212915\01_valid_raw_and_ifft\mat\curve_r0569_c0729_idx000993.mat,D:\LSH\LSH\实验\聚焦信号分类实验\1\ROI_x729_y538_w32_h39_20260626_212915\01_valid_raw_and_ifft\mat,valid_folder,valid,29.7918855469624,29.7566711846177,0.0113701983847827,0.00757835874935114,0.000691492723492068,0.949156040305379
1788,1980,1980,569,730,1994,Good,1,slightly degraded,D:\LSH\LSH\实验\聚焦信号分类实验\1\ROI_x729_y538_w32_h39_20260626_212915\01_valid_raw_and_ifft\mat\curve_r0569_c0730_idx000994.mat,D:\LSH\LSH\实验\聚焦信号分类实验\1\ROI_x729_y538_w32_h39_20260626_212915\01_valid_raw_and_ifft\mat,valid_folder,valid,29.7610792938356,29.581369453835,0.00843077686992974,0.0054785751526346,0.000489421294215985,0.950649021648135
1789,1981,1981,569,731,1995,Good,1,slightly degraded,D:\LSH\LSH\实验\聚焦信号分类实验\1\ROI_x729_y538_w32_h39_20260626_212915\01_valid_raw_and_ifft\mat\curve_r0569_c0731_idx000995.mat,D:\LSH\LSH\实验\聚焦信号分类实验\1\ROI_x729_y538_w32_h39_20260626_212915\01_valid_raw_and_ifft\mat,valid_folder,valid,28.9245308162814,28.9668550068086,0.0102327609559911,0.00645626837222376,0.000598747180520703,0.945472806031051
1790,1982,1982,569,732,1996,Good,1,slightly degraded,D:\LSH\LSH\实验\聚焦信号分类实验\1\ROI_x729_y538_w32_h39_20260626_212915\01_valid_raw_and_ifft\mat\curve_r0569_c0732_idx000996.mat,D:\LSH\LSH\实验\聚焦信号分类实验\1\ROI_x729_y538_w32_h39_20260626_212915\01_valid_raw_and_ifft\mat,valid_folder,valid,28.8752375188416,28.9165403038259,0.0128431381101652,0.00829802418370428,0.000807233880349131,0.941480058131152
1791,1983,1983,569,733,1997,Good,1,slightly degraded,D:\LSH\LSH\实验\聚焦信号分类实验\1\ROI_x729_y538_w32_h39_20260626_212915\01_valid_raw_and_ifft\mat\curve_r0569_c0733_idx000997.mat,D:\LSH\LSH\实验\聚焦信号分类实验\1\ROI_x729_y538_w32_h39_20260626_212915\01_valid_raw_and_ifft\mat,valid_folder,valid,28.9274381339212,28.9427622476571,0.0223291862851536,0.0137109239381732,0.00143498920416496,0.933661179362928
1792,1984,1984,569,734,1998,Good,1,slightly degraded,D:\LSH\LSH\实验\聚焦信号分类实验\1\ROI_x729_y538_w32_h39_20260626_212915\01_valid_raw_and_ifft\mat\curve_r0569_c0734_idx000998.mat,D:\LSH\LSH\实验\聚焦信号分类实验\1\ROI_x729_y538_w32_h39_20260626_212915\01_valid_raw_and_ifft\mat,valid_folder,valid,28.856049390355,28.8605680466703,0.0236040833737282,0.0146045167071432,0.00147724279589205,0.937725793110906
1793,1985,1985,569,735,1999,Good,1,slightly degraded,D:\LSH\LSH\实验\聚焦信号分类实验\1\ROI_x729_y538_w32_h39_20260626_212915\01_valid_raw_and_ifft\mat\curve_r0569_c0735_idx000999.mat,D:\LSH\LSH\实验\聚焦信号分类实验\1\ROI_x729_y538_w32_h39_20260626_212915\01_valid_raw_and_ifft\mat,valid_folder,valid,28.7288967688535,28.7805580810279,0.0255494960052722,0.0172256916482893,0.00158678235028378,0.94908647164113
1794,1986,1986,569,736,2000,Good,1,slightly degraded,D:\LSH\LSH\实验\聚焦信号分类实验\1\ROI_x729_y538_w32_h39_20260626_212915\01_valid_raw_and_ifft\mat\curve_r0569_c0736_idx001000.mat,D:\LSH\LSH\实验\聚焦信号分类实验\1\ROI_x729_y538_w32_h39_20260626_212915\01_valid_raw_and_ifft\mat,valid_folder,valid,28.5940943276695,28.534338772632,0.0266141256629218,0.0171782536243919,0.00162825093521875,0.946230207580729
1795,1987,1987,569,737,2001,Good,1,slightly degraded,D:\LSH\LSH\实验\聚焦信号分类实验\1\ROI_x729_y538_w32_h39_20260626_212915\01_valid_raw_and_ifft\mat\curve_r0569_c0737_idx001001.mat,D:\LSH\LSH\实验\聚焦信号分类实验\1\ROI_x729_y538_w32_h39_20260626_212915\01_valid_raw_and_ifft\mat,valid_folder,valid,28.8911619993504,28.7099225574031,0.0200104527785927,0.0110642227251475,0.00123773936288603,0.920032510390963
1796,1988,1988,569,738,2002,Good,1,slightly degraded,D:\LSH\LSH\实验\聚焦信号分类实验\1\ROI_x729_y538_w32_h39_20260626_212915\01_valid_raw_and_ifft\mat\curve_r0569_c0738_idx001002.mat,D:\LSH\LSH\实验\聚焦信号分类实验\1\ROI_x729_y538_w32_h39_20260626_212915\01_valid_raw_and_ifft\mat,valid_folder,valid,28.8010749813708,28.3771993984371,0.00930605292747505,0.00512006165511081,0.000642469657274028,0.899909904997994
1797,1989,1989,569,739,2003,Good,1,slightly degraded,D:\LSH\LSH\实验\聚焦信号分类实验\1\ROI_x729_y538_w32_h39_20260626_212915\01_valid_raw_and_ifft\mat\curve_r0569_c0739_idx001003.mat,D:\LSH\LSH\实验\聚焦信号分类实验\1\ROI_x729_y538_w32_h39_20260626_212915\01_valid_raw_and_ifft\mat,valid_folder,valid,28.8106077941173,28.3723856938896,0.00637560950903926,0.00355582941240081,0.000439156783726411,0.899559485945893
1798,1990,1990,569,740,2004,Good,1,slightly degraded,D:\LSH\LSH\实验\聚焦信号分类实验\1\ROI_x729_y538_w32_h39_20260626_212915\01_valid_raw_and_ifft\mat\curve_r0569_c0740_idx001004.mat,D:\LSH\LSH\实验\聚焦信号分类实验\1\ROI_x729_y538_w32_h39_20260626_212915\01_valid_raw_and_ifft\mat,valid_folder,valid,28.265074735307,28.1042301206532,0.00203809428240872,0.00147657334934983,0.000119243580561508,0.951183971140423
1799,1991,1991,569,741,2005,Good,1,slightly degraded,D:\LSH\LSH\实验\聚焦信号分类实验\1\ROI_x729_y538_w32_h39_20260626_212915\01_valid_raw_and_ifft\mat\curve_r0569_c0741_idx001005.mat,D:\LSH\LSH\实验\聚焦信号分类实验\1\ROI_x729_y538_w32_h39_20260626_212915\01_valid_raw_and_ifft\mat,valid_folder,valid,27.8377068351221,27.6506575475095,0.00109431994538922,0.000737081275132166,8.35699951316786e-05,0.916626445000933
1800,1992,1992,569,742,2006,Good,1,slightly degraded,D:\LSH\LSH\实验\聚焦信号分类实验\1\ROI_x729_y538_w32_h39_20260626_212915\01_valid_raw_and_ifft\mat\curve_r0569_c0742_idx001006.mat,D:\LSH\LSH\实验\聚焦信号分类实验\1\ROI_x729_y538_w32_h39_20260626_212915\01_valid_raw_and_ifft\mat,valid_folder,valid,27.8563733542195,27.410703062477,0.00133368293304098,0.000841692232687145,0.000101683817140852,0.900439832868266
1801,1993,1993,569,743,2007,Good,1,slightly degraded,D:\LSH\LSH\实验\聚焦信号分类实验\1\ROI_x729_y538_w32_h39_20260626_212915\01_valid_raw_and_ifft\mat\curve_r0569_c0743_idx001007.mat,D:\LSH\LSH\实验\聚焦信号分类实验\1\ROI_x729_y538_w32_h39_20260626_212915\01_valid_raw_and_ifft\mat,valid_folder,valid,27.0992797850994,27.1746310372534,0.00240145146988818,0.00148387798856519,0.000143641504996997,0.935457987691484
1802,1994,1994,569,744,2008,Good,1,slightly degraded,D:\LSH\LSH\实验\聚焦信号分类实验\1\ROI_x729_y538_w32_h39_20260626_212915\01_valid_raw_and_ifft\mat\curve_r0569_c0744_idx001008.mat,D:\LSH\LSH\实验\聚焦信号分类实验\1\ROI_x729_y538_w32_h39_20260626_212915\01_valid_raw_and_ifft\mat,valid_folder,valid,26.9922118106704,27.1028779193112,0.00355119327152022,0.00187376835892363,0.00023313922550374,0.894709704874525
1803,1995,1995,569,745,2009,Good,1,slightly degraded,D:\LSH\LSH\实验\聚焦信号分类实验\1\ROI_x729_y538_w32_h39_20260626_212915\01_valid_raw_and_ifft\mat\curve_r0569_c0745_idx001009.mat,D:\LSH\LSH\实验\聚焦信号分类实验\1\ROI_x729_y538_w32_h39_20260626_212915\01_valid_raw_and_ifft\mat,valid_folder,valid,27.0330785182291,27.1701429713399,0.00314265568989606,0.00166864278221784,0.0002062763255738,0.891576178001262
1804,1996,1996,569,746,2010,Good,1,slightly degraded,D:\LSH\LSH\实验\聚焦信号分类实验\1\ROI_x729_y538_w32_h39_20260626_212915\01_valid_raw_and_ifft\mat\curve_r0569_c0746_idx001010.mat,D:\LSH\LSH\实验\聚焦信号分类实验\1\ROI_x729_y538_w32_h39_20260626_212915\01_valid_raw_and_ifft\mat,valid_folder,valid,27.329614106034,27.07403408595,0.00266677244555009,0.00191213425091394,0.000154627676730333,0.954408442547345
1805,1997,1997,569,747,2011,Good,1,slightly degraded,D:\LSH\LSH\实验\聚焦信号分类实验\1\ROI_x729_y538_w32_h39_20260626_212915\01_valid_raw_and_ifft\mat\curve_r0569_c0747_idx001011.mat,D:\LSH\LSH\实验\聚焦信号分类实验\1\ROI_x729_y538_w32_h39_20260626_212915\01_valid_raw_and_ifft\mat,valid_folder,valid,26.7231193174464,26.6680667548997,0.0120965814865278,0.00765396233112777,0.000749808327374858,0.941758541020442
1806,1998,1998,569,748,2012,Good,1,slightly degraded,D:\LSH\LSH\实验\聚焦信号分类实验\1\ROI_x729_y538_w32_h39_20260626_212915\01_valid_raw_and_ifft\mat\curve_r0569_c0748_idx001012.mat,D:\LSH\LSH\实验\聚焦信号分类实验\1\ROI_x729_y538_w32_h39_20260626_212915\01_valid_raw_and_ifft\mat,valid_folder,valid,26.8591963366938,26.7312363933058,0.0208316973868275,0.010729019925828,0.00143879256259695,0.892580288771647
1807,1999,1999,569,749,2013,Good,1,slightly degraded,D:\LSH\LSH\实验\聚焦信号分类实验\1\ROI_x729_y538_w32_h39_20260626_212915\01_valid_raw_and_ifft\mat\curve_r0569_c0749_idx001013.mat,D:\LSH\LSH\实验\聚焦信号分类实验\1\ROI_x729_y538_w32_h39_20260626_212915\01_valid_raw_and_ifft\mat,valid_folder,valid,26.922173419693,26.854711742847,0.0204046332146758,0.00893692838844379,0.00159279030356412,0.825478696250482
1808,2000,2000,569,750,2014,Good,1,slightly degraded,D:\LSH\LSH\实验\聚焦信号分类实验\1\ROI_x729_y538_w32_h39_20260626_212915\01_valid_raw_and_ifft\mat\curve_r0569_c0750_idx001014.mat,D:\LSH\LSH\实验\聚焦信号分类实验\1\ROI_x729_y538_w32_h39_20260626_212915\01_valid_raw_and_ifft\mat,valid_folder,valid,26.7986549588209,26.4821332297676,0.00635577039056361,0.00343769360752162,0.000434081420422243,0.894782538616435
1809,2001,2001,569,751,2015,Good,1,slightly degraded,D:\LSH\LSH\实验\聚焦信号分类实验\1\ROI_x729_y538_w32_h39_20260626_212915\01_valid_raw_and_ifft\mat\curve_r0569_c0751_idx001015.mat,D:\LSH\LSH\实验\聚焦信号分类实验\1\ROI_x729_y538_w32_h39_20260626_212915\01_valid_raw_and_ifft\mat,valid_folder,valid,26.0696914102404,26.0522365391249,0.0320841309574456,0.0185562021106715,0.00219905898377508,0.917910976965162
1810,2002,2002,569,752,2016,Good,1,slightly degraded,D:\LSH\LSH\实验\聚焦信号分类实验\1\ROI_x729_y538_w32_h39_20260626_212915\01_valid_raw_and_ifft\mat\curve_r0569_c0752_idx001016.mat,D:\LSH\LSH\实验\聚焦信号分类实验\1\ROI_x729_y538_w32_h39_20260626_212915\01_valid_raw_and_ifft\mat,valid_folder,valid,26.0519090830556,26.0428261081384,0.03935363820724,0.0227908154145908,0.00274773234943949,0.915482396623202
1811,2003,2003,569,753,2017,Good,1,slightly degraded,D:\LSH\LSH\实验\聚焦信号分类实验\1\ROI_x729_y538_w32_h39_20260626_212915\01_valid_raw_and_ifft\mat\curve_r0569_c0753_idx001017.mat,D:\LSH\LSH\实验\聚焦信号分类实验\1\ROI_x729_y538_w32_h39_20260626_212915\01_valid_raw_and_ifft\mat,valid_folder,valid,26.1798529194367,26.1816481951099,0.0279115444352636,0.0152569306843674,0.0020225208640793,0.89804995097847
1812,2004,2004,569,754,2018,Good,1,slightly degraded,D:\LSH\LSH\实验\聚焦信号分类实验\1\ROI_x729_y538_w32_h39_20260626_212915\01_valid_raw_and_ifft\mat\curve_r0569_c0754_idx001018.mat,D:\LSH\LSH\实验\聚焦信号分类实验\1\ROI_x729_y538_w32_h39_20260626_212915\01_valid_raw_and_ifft\mat,valid_folder,valid,25.9266640998048,25.842204964559,0.0119436064575618,0.00559528501733872,0.000881200580892213,0.855501083701373
1813,2005,2005,569,755,2019,Good,1,slightly degraded,D:\LSH\LSH\实验\聚焦信号分类实验\1\ROI_x729_y538_w32_h39_20260626_212915\01_valid_raw_and_ifft\mat\curve_r0569_c0755_idx001019.mat,D:\LSH\LSH\实验\聚焦信号分类实验\1\ROI_x729_y538_w32_h39_20260626_212915\01_valid_raw_and_ifft\mat,valid_folder,valid,25.6706952356479,25.6081723019007,0.0170114712234352,0.0090424774398148,0.00133286068397448,0.878194855658196
1814,2006,2006,569,756,2020,Good,1,slightly degraded,D:\LSH\LSH\实验\聚焦信号分类实验\1\ROI_x729_y538_w32_h39_20260626_212915\01_valid_raw_and_ifft\mat\curve_r0569_c0756_idx001020.mat,D:\LSH\LSH\实验\聚焦信号分类实验\1\ROI_x729_y538_w32_h39_20260626_212915\01_valid_raw_and_ifft\mat,valid_folder,valid,25.6593627656878,25.5777754187649,0.0157960826722612,0.00836779995157215,0.00124002464827306,0.876383070257319
1815,2007,2007,569,757,2021,Good,1,slightly degraded,D:\LSH\LSH\实验\聚焦信号分类实验\1\ROI_x729_y538_w32_h39_20260626_212915\01_valid_raw_and_ifft\mat\curve_r0569_c0757_idx001021.mat,D:\LSH\LSH\实验\聚焦信号分类实验\1\ROI_x729_y538_w32_h39_20260626_212915\01_valid_raw_and_ifft\mat,valid_folder,valid,25.9115712158867,25.8446786433046,0.00813872515596216,0.00370716253583531,0.000619269369504637,0.839473937534459
1816,2008,2008,569,758,2022,Good,1,slightly degraded,D:\LSH\LSH\实验\聚焦信号分类实验\1\ROI_x729_y538_w32_h39_20260626_212915\01_valid_raw_and_ifft\mat\curve_r0569_c0758_idx001022.mat,D:\LSH\LSH\实验\聚焦信号分类实验\1\ROI_x729_y538_w32_h39_20260626_212915\01_valid_raw_and_ifft\mat,valid_folder,valid,25.0664453998574,25.1639248035944,0.00264458083618185,0.00132637580383198,0.000185939938151019,0.867361660389019
1817,2009,2009,569,759,2023,Good,1,slightly degraded,D:\LSH\LSH\实验\聚焦信号分类实验\1\ROI_x729_y538_w32_h39_20260626_212915\01_valid_raw_and_ifft\mat\curve_r0569_c0759_idx001023.mat,D:\LSH\LSH\实验\聚焦信号分类实验\1\ROI_x729_y538_w32_h39_20260626_212915\01_valid_raw_and_ifft\mat,valid_folder,valid,25.1116351221103,25.1941609363745,0.00495753804027008,0.00224638781208248,0.000387549827949625,0.829773777154849
1818,2010,2010,569,760,2024,Good,1,slightly degraded,D:\LSH\LSH\实验\聚焦信号分类实验\1\ROI_x729_y538_w32_h39_20260626_212915\01_valid_raw_and_ifft\mat\curve_r0569_c0760_idx001024.mat,D:\LSH\LSH\实验\聚焦信号分类实验\1\ROI_x729_y538_w32_h39_20260626_212915\01_valid_raw_and_ifft\mat,valid_folder,valid,25.1238948142253,25.2164683744432,0.00503125068167178,0.00218582873300114,0.000413719972309667,0.801373431383504
1819,2011,2011,570,729,2025,Good,1,slightly degraded,D:\LSH\LSH\实验\聚焦信号分类实验\1\ROI_x729_y538_w32_h39_20260626_212915\01_valid_raw_and_ifft\mat\curve_r0570_c0729_idx001025.mat,D:\LSH\LSH\实验\聚焦信号分类实验\1\ROI_x729_y538_w32_h39_20260626_212915\01_valid_raw_and_ifft\mat,valid_folder,valid,30.1805639673802,30.2285214788042,0.00602100941520396,0.00335344996854559,0.000403684331852314,0.907024917314223
1820,2012,2012,570,730,2026,Good,1,slightly degraded,D:\LSH\LSH\实验\聚焦信号分类实验\1\ROI_x729_y538_w32_h39_20260626_212915\01_valid_raw_and_ifft\mat\curve_r0570_c0730_idx001026.mat,D:\LSH\LSH\实验\聚焦信号分类实验\1\ROI_x729_y538_w32_h39_20260626_212915\01_valid_raw_and_ifft\mat,valid_folder,valid,30.0879159776898,30.0656206693272,0.00396832759758918,0.00231957301265976,0.000240733519144149,0.926777375936417
1821,2013,2013,570,731,2027,Good,1,slightly degraded,D:\LSH\LSH\实验\聚焦信号分类实验\1\ROI_x729_y538_w32_h39_20260626_212915\01_valid_raw_and_ifft\mat\curve_r0570_c0731_idx001027.mat,D:\LSH\LSH\实验\聚焦信号分类实验\1\ROI_x729_y538_w32_h39_20260626_212915\01_valid_raw_and_ifft\mat,valid_folder,valid,29.9876575830853,29.7603693761204,0.00582329817643288,0.0030192399053191,0.000401252676432993,0.884099019969542
1822,2014,2014,570,732,2028,Good,1,slightly degraded,D:\LSH\LSH\实验\聚焦信号分类实验\1\ROI_x729_y538_w32_h39_20260626_212915\01_valid_raw_and_ifft\mat\curve_r0570_c0732_idx001028.mat,D:\LSH\LSH\实验\聚焦信号分类实验\1\ROI_x729_y538_w32_h39_20260626_212915\01_valid_raw_and_ifft\mat,valid_folder,valid,29.8233167806056,29.1154750811072,0.00686937030064615,0.00482878592589642,0.000522830159456229,0.92384417731649
1823,2015,2015,570,733,2029,Good,1,slightly degraded,D:\LSH\LSH\实验\聚焦信号分类实验\1\ROI_x729_y538_w32_h39_20260626_212915\01_valid_raw_and_ifft\mat\curve_r0570_c0733_idx001029.mat,D:\LSH\LSH\实验\聚焦信号分类实验\1\ROI_x729_y538_w32_h39_20260626_212915\01_valid_raw_and_ifft\mat,valid_folder,valid,28.28392896496,28.7506190729156,0.0105348725716661,0.00641365451745788,0.000708104047653819,0.92258523479045
1824,2016,2016,570,734,2030,Good,1,slightly degraded,D:\LSH\LSH\实验\聚焦信号分类实验\1\ROI_x729_y538_w32_h39_20260626_212915\01_valid_raw_and_ifft\mat\curve_r0570_c0734_idx001030.mat,D:\LSH\LSH\实验\聚焦信号分类实验\1\ROI_x729_y538_w32_h39_20260626_212915\01_valid_raw_and_ifft\mat,valid_folder,valid,28.6181878153329,28.8200655086404,0.0191991939558056,0.0130898217874353,0.00132390700012433,0.937590028811752
1825,2017,2017,570,735,2031,Good,1,slightly degraded,D:\LSH\LSH\实验\聚焦信号分类实验\1\ROI_x729_y538_w32_h39_20260626_212915\01_valid_raw_and_ifft\mat\curve_r0570_c0735_idx001031.mat,D:\LSH\LSH\实验\聚焦信号分类实验\1\ROI_x729_y538_w32_h39_20260626_212915\01_valid_raw_and_ifft\mat,valid_folder,valid,28.7829168251473,28.7308720863326,0.0318433714846423,0.0192879283974875,0.0020200585686644,0.933961305145345
1826,2018,2018,570,736,2032,Good,1,slightly degraded,D:\LSH\LSH\实验\聚焦信号分类实验\1\ROI_x729_y538_w32_h39_20260626_212915\01_valid_raw_and_ifft\mat\curve_r0570_c0736_idx001032.mat,D:\LSH\LSH\实验\聚焦信号分类实验\1\ROI_x729_y538_w32_h39_20260626_212915\01_valid_raw_and_ifft\mat,valid_folder,valid,28.6861986067393,28.5264265152554,0.0517931017650358,0.0300823538024519,0.00347861554611855,0.921471910363356
1827,2019,2019,570,737,2033,Good,1,slightly degraded,D:\LSH\LSH\实验\聚焦信号分类实验\1\ROI_x729_y538_w32_h39_20260626_212915\01_valid_raw_and_ifft\mat\curve_r0570_c0737_idx001033.mat,D:\LSH\LSH\实验\聚焦信号分类实验\1\ROI_x729_y538_w32_h39_20260626_212915\01_valid_raw_and_ifft\mat,valid_folder,valid,28.733633837349,28.4634613025219,0.0610379069407613,0.0333385744666067,0.00426859358830593,0.904001457930883
1828,2020,2020,570,738,2034,Good,1,slightly degraded,D:\LSH\LSH\实验\聚焦信号分类实验\1\ROI_x729_y538_w32_h39_20260626_212915\01_valid_raw_and_ifft\mat\curve_r0570_c0738_idx001034.mat,D:\LSH\LSH\实验\聚焦信号分类实验\1\ROI_x729_y538_w32_h39_20260626_212915\01_valid_raw_and_ifft\mat,valid_folder,valid,28.8043087734466,28.4652681944432,0.0537559147730466,0.0279436766103788,0.00382354851652093,0.889892685310927
1829,2021,2021,570,739,2035,Good,1,slightly degraded,D:\LSH\LSH\实验\聚焦信号分类实验\1\ROI_x729_y538_w32_h39_20260626_212915\01_valid_raw_and_ifft\mat\curve_r0570_c0739_idx001035.mat,D:\LSH\LSH\实验\聚焦信号分类实验\1\ROI_x729_y538_w32_h39_20260626_212915\01_valid_raw_and_ifft\mat,valid_folder,valid,28.8652874615562,28.4036988040102,0.0277483563155977,0.0140782283322318,0.00207333564842545,0.870108635545248
1830,2022,2022,570,740,2036,Good,1,slightly degraded,D:\LSH\LSH\实验\聚焦信号分类实验\1\ROI_x729_y538_w32_h39_20260626_212915\01_valid_raw_and_ifft\mat\curve_r0570_c0740_idx001036.mat,D:\LSH\LSH\实验\聚焦信号分类实验\1\ROI_x729_y538_w32_h39_20260626_212915\01_valid_raw_and_ifft\mat,valid_folder,valid,27.3499886099789,27.9005167432814,0.00561271468788815,0.00403951800707608,0.000360061867184523,0.946666456576191
1831,2023,2023,570,741,2037,Good,1,slightly degraded,D:\LSH\LSH\实验\聚焦信号分类实验\1\ROI_x729_y538_w32_h39_20260626_212915\01_valid_raw_and_ifft\mat\curve_r0570_c0741_idx001037.mat,D:\LSH\LSH\实验\聚焦信号分类实验\1\ROI_x729_y538_w32_h39_20260626_212915\01_valid_raw_and_ifft\mat,valid_folder,valid,27.8914160359164,27.8740116023174,0.0029846926486041,0.00188173477717886,0.000174834368405229,0.938846399493757
1832,2024,2024,570,742,2038,Good,1,slightly degraded,D:\LSH\LSH\实验\聚焦信号分类实验\1\ROI_x729_y538_w32_h39_20260626_212915\01_valid_raw_and_ifft\mat\curve_r0570_c0742_idx001038.mat,D:\LSH\LSH\实验\聚焦信号分类实验\1\ROI_x729_y538_w32_h39_20260626_212915\01_valid_raw_and_ifft\mat,valid_folder,valid,27.8266279266361,27.4802546557526,0.00171000828073989,0.00110756139576178,0.000106300228278017,0.933184483945221
1833,2025,2025,570,743,2039,Good,1,slightly degraded,D:\LSH\LSH\实验\聚焦信号分类实验\1\ROI_x729_y538_w32_h39_20260626_212915\01_valid_raw_and_ifft\mat\curve_r0570_c0743_idx001039.mat,D:\LSH\LSH\实验\聚焦信号分类实验\1\ROI_x729_y538_w32_h39_20260626_212915\01_valid_raw_and_ifft\mat,valid_folder,valid,27.113408602575,27.2040295575712,0.00595909764062817,0.00294794686216151,0.000424373126226575,0.871799602576481
1834,2026,2026,570,744,2040,Good,1,slightly degraded,D:\LSH\LSH\实验\聚焦信号分类实验\1\ROI_x729_y538_w32_h39_20260626_212915\01_valid_raw_and_ifft\mat\curve_r0570_c0744_idx001040.mat,D:\LSH\LSH\实验\聚焦信号分类实验\1\ROI_x729_y538_w32_h39_20260626_212915\01_valid_raw_and_ifft\mat,valid_folder,valid,27.029774392747,27.1543712837603,0.00736624051225566,0.00331486975266081,0.000556752894784319,0.834436113524591
1835,2027,2027,570,745,2041,Good,1,slightly degraded,D:\LSH\LSH\实验\聚焦信号分类实验\1\ROI_x729_y538_w32_h39_20260626_212915\01_valid_raw_and_ifft\mat\curve_r0570_c0745_idx001041.mat,D:\LSH\LSH\实验\聚焦信号分类实验\1\ROI_x729_y538_w32_h39_20260626_212915\01_valid_raw_and_ifft\mat,valid_folder,valid,27.0132993694855,27.2084703950335,0.00470678988308612,0.00199892870325218,0.000392031332037077,0.781323708525506
1836,2028,2028,570,746,2042,Good,1,slightly degraded,D:\LSH\LSH\实验\聚焦信号分类实验\1\ROI_x729_y538_w32_h39_20260626_212915\01_valid_raw_and_ifft\mat\curve_r0570_c0746_idx001042.mat,D:\LSH\LSH\实验\聚焦信号分类实验\1\ROI_x729_y538_w32_h39_20260626_212915\01_valid_raw_and_ifft\mat,valid_folder,valid,27.0475011634028,27.6896335702556,0.00103286788241732,0.0006573614433477,9.25039854675474e-05,0.863843510210437
1837,2029,2029,570,748,2043,Good,1,slightly degraded,D:\LSH\LSH\实验\聚焦信号分类实验\1\ROI_x729_y538_w32_h39_20260626_212915\01_valid_raw_and_ifft\mat\curve_r0570_c0748_idx001044.mat,D:\LSH\LSH\实验\聚焦信号分类实验\1\ROI_x729_y538_w32_h39_20260626_212915\01_valid_raw_and_ifft\mat,valid_folder,valid,26.1079474342929,26.1668315682484,0.00141441845855376,0.000913645293415145,8.13656080360862e-05,0.938778994776735
1838,2030,2030,570,749,2044,Good,1,slightly degraded,D:\LSH\LSH\实验\聚焦信号分类实验\1\ROI_x729_y538_w32_h39_20260626_212915\01_valid_raw_and_ifft\mat\curve_r0570_c0749_idx001045.mat,D:\LSH\LSH\实验\聚焦信号分类实验\1\ROI_x729_y538_w32_h39_20260626_212915\01_valid_raw_and_ifft\mat,valid_folder,valid,26.2801467963328,26.3633887297649,0.00155474440534331,0.000970585883801868,0.000101031043077457,0.920442687432037
1839,2031,2031,570,750,2045,Good,1,slightly degraded,D:\LSH\LSH\实验\聚焦信号分类实验\1\ROI_x729_y538_w32_h39_20260626_212915\01_valid_raw_and_ifft\mat\curve_r0570_c0750_idx001046.mat,D:\LSH\LSH\实验\聚焦信号分类实验\1\ROI_x729_y538_w32_h39_20260626_212915\01_valid_raw_and_ifft\mat,valid_folder,valid,26.1005918403934,26.1356115596388,0.00246021876460908,0.00146856187955306,0.000155174206072084,0.922143231355049
1840,2032,2032,570,751,2046,Good,1,slightly degraded,D:\LSH\LSH\实验\聚焦信号分类实验\1\ROI_x729_y538_w32_h39_20260626_212915\01_valid_raw_and_ifft\mat\curve_r0570_c0751_idx001047.mat,D:\LSH\LSH\实验\聚焦信号分类实验\1\ROI_x729_y538_w32_h39_20260626_212915\01_valid_raw_and_ifft\mat,valid_folder,valid,25.2986391883532,25.7892615405349,0.00757655167382693,0.00449934211155187,0.000553133790640043,0.906218344299346
1841,2033,2033,570,752,2047,Good,1,slightly degraded,D:\LSH\LSH\实验\聚焦信号分类实验\1\ROI_x729_y538_w32_h39_20260626_212915\01_valid_raw_and_ifft\mat\curve_r0570_c0752_idx001048.mat,D:\LSH\LSH\实验\聚焦信号分类实验\1\ROI_x729_y538_w32_h39_20260626_212915\01_valid_raw_and_ifft\mat,valid_folder,valid,25.2439975074268,25.6521111031953,0.0118206080937147,0.00640901258850877,0.00086393678944925,0.890301242684084
1842,2034,2034,570,753,2048,Good,1,slightly degraded,D:\LSH\LSH\实验\聚焦信号分类实验\1\ROI_x729_y538_w32_h39_20260626_212915\01_valid_raw_and_ifft\mat\curve_r0570_c0753_idx001049.mat,D:\LSH\LSH\实验\聚焦信号分类实验\1\ROI_x729_y538_w32_h39_20260626_212915\01_valid_raw_and_ifft\mat,valid_folder,valid,25.8523672486206,25.8472389158348,0.0122860095629723,0.00679611575172626,0.00086770956550051,0.902485984286528
1843,2035,2035,570,754,2049,Good,1,slightly degraded,D:\LSH\LSH\实验\聚焦信号分类实验\1\ROI_x729_y538_w32_h39_20260626_212915\01_valid_raw_and_ifft\mat\curve_r0570_c0754_idx001050.mat,D:\LSH\LSH\实验\聚焦信号分类实验\1\ROI_x729_y538_w32_h39_20260626_212915\01_valid_raw_and_ifft\mat,valid_folder,valid,25.8136958873552,25.758602566171,0.0104721827916765,0.00538412251627327,0.000778489905754355,0.878940189759752
1844,2036,2036,570,755,2050,Good,1,slightly degraded,D:\LSH\LSH\实验\聚焦信号分类实验\1\ROI_x729_y538_w32_h39_20260626_212915\01_valid_raw_and_ifft\mat\curve_r0570_c0755_idx001051.mat,D:\LSH\LSH\实验\聚焦信号分类实验\1\ROI_x729_y538_w32_h39_20260626_212915\01_valid_raw_and_ifft\mat,valid_folder,valid,25.5283195012693,25.5886065173289,0.00677506889933925,0.00390785408592076,0.000523545718653817,0.891525500412979
1845,2037,2037,570,756,2051,Good,1,slightly degraded,D:\LSH\LSH\实验\聚焦信号分类实验\1\ROI_x729_y538_w32_h39_20260626_212915\01_valid_raw_and_ifft\mat\curve_r0570_c0756_idx001052.mat,D:\LSH\LSH\实验\聚焦信号分类实验\1\ROI_x729_y538_w32_h39_20260626_212915\01_valid_raw_and_ifft\mat,valid_folder,valid,25.4459761042307,25.4980520699371,0.00497898611036355,0.00274188390401458,0.000401262834580912,0.870021486783143
1846,2038,2038,570,757,2052,Good,1,slightly degraded,D:\LSH\LSH\实验\聚焦信号分类实验\1\ROI_x729_y538_w32_h39_20260626_212915\01_valid_raw_and_ifft\mat\curve_r0570_c0757_idx001053.mat,D:\LSH\LSH\实验\聚焦信号分类实验\1\ROI_x729_y538_w32_h39_20260626_212915\01_valid_raw_and_ifft\mat,valid_folder,valid,25.8635769509949,25.7614741364194,0.00162547578412635,0.000885482883549705,0.00011059263085691,0.885900151905548
1847,2039,2039,571,729,2053,Good,1,slightly degraded,D:\LSH\LSH\实验\聚焦信号分类实验\1\ROI_x729_y538_w32_h39_20260626_212915\01_valid_raw_and_ifft\mat\curve_r0571_c0729_idx001057.mat,D:\LSH\LSH\实验\聚焦信号分类实验\1\ROI_x729_y538_w32_h39_20260626_212915\01_valid_raw_and_ifft\mat,valid_folder,valid,29.8403911422172,29.6357273344612,0.00258332527381154,0.00139741534716717,0.000174176441479398,0.889060077839842
1848,2040,2040,571,730,2054,Good,1,slightly degraded,D:\LSH\LSH\实验\聚焦信号分类实验\1\ROI_x729_y538_w32_h39_20260626_212915\01_valid_raw_and_ifft\mat\curve_r0571_c0730_idx001058.mat,D:\LSH\LSH\实验\聚焦信号分类实验\1\ROI_x729_y538_w32_h39_20260626_212915\01_valid_raw_and_ifft\mat,valid_folder,valid,29.8363124419521,29.6089002188919,0.00189781106363449,0.0010918486590887,0.000120972231007347,0.909345356110471
1849,2041,2041,571,732,2055,Good,1,slightly degraded,D:\LSH\LSH\实验\聚焦信号分类实验\1\ROI_x729_y538_w32_h39_20260626_212915\01_valid_raw_and_ifft\mat\curve_r0571_c0732_idx001060.mat,D:\LSH\LSH\实验\聚焦信号分类实验\1\ROI_x729_y538_w32_h39_20260626_212915\01_valid_raw_and_ifft\mat,valid_folder,valid,30.0657140894185,29.6889204848097,0.00402670893715641,0.00208335825705095,0.00034950870559168,0.825763520969023
1850,2042,2042,571,733,2056,Good,1,slightly degraded,D:\LSH\LSH\实验\聚焦信号分类实验\1\ROI_x729_y538_w32_h39_20260626_212915\01_valid_raw_and_ifft\mat\curve_r0571_c0733_idx001061.mat,D:\LSH\LSH\实验\聚焦信号分类实验\1\ROI_x729_y538_w32_h39_20260626_212915\01_valid_raw_and_ifft\mat,valid_folder,valid,28.0664052780824,28.7883658759471,0.00852152151965114,0.00468713119270969,0.000695595368167449,0.864328978959852
1851,2043,2043,571,734,2057,Good,1,slightly degraded,D:\LSH\LSH\实验\聚焦信号分类实验\1\ROI_x729_y538_w32_h39_20260626_212915\01_valid_raw_and_ifft\mat\curve_r0571_c0734_idx001062.mat,D:\LSH\LSH\实验\聚焦信号分类实验\1\ROI_x729_y538_w32_h39_20260626_212915\01_valid_raw_and_ifft\mat,valid_folder,valid,28.1968524404864,28.562901512334,0.0165752974576641,0.00907396887322674,0.00113620294718748,0.902911094034084
1852,2044,2044,571,735,2058,Good,1,slightly degraded,D:\LSH\LSH\实验\聚焦信号分类实验\1\ROI_x729_y538_w32_h39_20260626_212915\01_valid_raw_and_ifft\mat\curve_r0571_c0735_idx001063.mat,D:\LSH\LSH\实验\聚焦信号分类实验\1\ROI_x729_y538_w32_h39_20260626_212915\01_valid_raw_and_ifft\mat,valid_folder,valid,28.5835578858643,28.5836041718063,0.0266441840512506,0.0162535775242822,0.00183052187837666,0.924365762943402
1853,2045,2045,571,736,2059,Good,1,slightly degraded,D:\LSH\LSH\实验\聚焦信号分类实验\1\ROI_x729_y538_w32_h39_20260626_212915\01_valid_raw_and_ifft\mat\curve_r0571_c0736_idx001064.mat,D:\LSH\LSH\实验\聚焦信号分类实验\1\ROI_x729_y538_w32_h39_20260626_212915\01_valid_raw_and_ifft\mat,valid_folder,valid,28.6813672103353,28.4883008172582,0.0527285321606147,0.0296590849095166,0.00368844401431371,0.910200762390381
1854,2046,2046,571,737,2060,Good,1,slightly degraded,D:\LSH\LSH\实验\聚焦信号分类实验\1\ROI_x729_y538_w32_h39_20260626_212915\01_valid_raw_and_ifft\mat\curve_r0571_c0737_idx001065.mat,D:\LSH\LSH\实验\聚焦信号分类实验\1\ROI_x729_y538_w32_h39_20260626_212915\01_valid_raw_and_ifft\mat,valid_folder,valid,28.6545458144911,28.4112241694405,0.0680490825498938,0.0373917475595243,0.00500840342693726,0.896999909089851
1855,2047,2047,571,738,2061,Good,1,slightly degraded,D:\LSH\LSH\实验\聚焦信号分类实验\1\ROI_x729_y538_w32_h39_20260626_212915\01_valid_raw_and_ifft\mat\curve_r0571_c0738_idx001066.mat,D:\LSH\LSH\实验\聚焦信号分类实验\1\ROI_x729_y538_w32_h39_20260626_212915\01_valid_raw_and_ifft\mat,valid_folder,valid,28.625456160219,28.3472876025713,0.0684728388096382,0.0385783298473276,0.00499765289952999,0.902636491535641
1856,2048,2048,571,739,2062,Good,1,slightly degraded,D:\LSH\LSH\实验\聚焦信号分类实验\1\ROI_x729_y538_w32_h39_20260626_212915\01_valid_raw_and_ifft\mat\curve_r0571_c0739_idx001067.mat,D:\LSH\LSH\实验\聚焦信号分类实验\1\ROI_x729_y538_w32_h39_20260626_212915\01_valid_raw_and_ifft\mat,valid_folder,valid,28.5225488601358,28.1681217702795,0.0470662906535611,0.0296466778393821,0.00327140663020715,0.927167451802375
1857,2049,2049,571,740,2063,Good,1,slightly degraded,D:\LSH\LSH\实验\聚焦信号分类实验\1\ROI_x729_y538_w32_h39_20260626_212915\01_valid_raw_and_ifft\mat\curve_r0571_c0740_idx001068.mat,D:\LSH\LSH\实验\聚焦信号分类实验\1\ROI_x729_y538_w32_h39_20260626_212915\01_valid_raw_and_ifft\mat,valid_folder,valid,27.6736747104856,27.9052349776948,0.0218053490726302,0.0165370366603565,0.00154477695329918,0.946808030067077
1858,2050,2050,571,741,2064,Good,1,slightly degraded,D:\LSH\LSH\实验\聚焦信号分类实验\1\ROI_x729_y538_w32_h39_20260626_212915\01_valid_raw_and_ifft\mat\curve_r0571_c0741_idx001069.mat,D:\LSH\LSH\实验\聚焦信号分类实验\1\ROI_x729_y538_w32_h39_20260626_212915\01_valid_raw_and_ifft\mat,valid_folder,valid,27.1999282082191,27.8175622448632,0.0100490096335731,0.00632670021352711,0.000685592630986287,0.923792778882361
1859,2051,2051,571,742,2065,Good,1,slightly degraded,D:\LSH\LSH\实验\聚焦信号分类实验\1\ROI_x729_y538_w32_h39_20260626_212915\01_valid_raw_and_ifft\mat\curve_r0571_c0742_idx001070.mat,D:\LSH\LSH\实验\聚焦信号分类实验\1\ROI_x729_y538_w32_h39_20260626_212915\01_valid_raw_and_ifft\mat,valid_folder,valid,27.0880433795046,27.1151124371188,0.00426072877001446,0.00241320770321701,0.000262424571013953,0.915911467722212
1860,2052,2052,571,743,2066,Good,1,slightly degraded,D:\LSH\LSH\实验\聚焦信号分类实验\1\ROI_x729_y538_w32_h39_20260626_212915\01_valid_raw_and_ifft\mat\curve_r0571_c0743_idx001071.mat,D:\LSH\LSH\实验\聚焦信号分类实验\1\ROI_x729_y538_w32_h39_20260626_212915\01_valid_raw_and_ifft\mat,valid_folder,valid,27.1487816882147,27.2295378344366,0.00558531068414274,0.00306151924615104,0.000364053416076326,0.905336506356137
1861,2053,2053,571,744,2067,Good,1,slightly degraded,D:\LSH\LSH\实验\聚焦信号分类实验\1\ROI_x729_y538_w32_h39_20260626_212915\01_valid_raw_and_ifft\mat\curve_r0571_c0744_idx001072.mat,D:\LSH\LSH\实验\聚焦信号分类实验\1\ROI_x729_y538_w32_h39_20260626_212915\01_valid_raw_and_ifft\mat,valid_folder,valid,27.0488430230815,27.1978018790702,0.00688839237828942,0.00319217992854113,0.000510516038571831,0.84163563949575
1862,2054,2054,571,745,2068,Good,1,slightly degraded,D:\LSH\LSH\实验\聚焦信号分类实验\1\ROI_x729_y538_w32_h39_20260626_212915\01_valid_raw_and_ifft\mat\curve_r0571_c0745_idx001073.mat,D:\LSH\LSH\实验\聚焦信号分类实验\1\ROI_x729_y538_w32_h39_20260626_212915\01_valid_raw_and_ifft\mat,valid_folder,valid,27.0125321862718,27.1960959592595,0.00449855580000472,0.00194841691069173,0.000375407816514868,0.779589870417697
1863,2055,2055,571,746,2069,Good,1,slightly degraded,D:\LSH\LSH\实验\聚焦信号分类实验\1\ROI_x729_y538_w32_h39_20260626_212915\01_valid_raw_and_ifft\mat\curve_r0571_c0746_idx001074.mat,D:\LSH\LSH\实验\聚焦信号分类实验\1\ROI_x729_y538_w32_h39_20260626_212915\01_valid_raw_and_ifft\mat,valid_folder,valid,27.0178007730093,27.3864256123851,0.00133961787205469,0.000751257932489707,0.00011593141455411,0.842244238006388
1864,2056,2056,571,748,2070,Good,1,slightly degraded,D:\LSH\LSH\实验\聚焦信号分类实验\1\ROI_x729_y538_w32_h39_20260626_212915\01_valid_raw_and_ifft\mat\curve_r0571_c0748_idx001076.mat,D:\LSH\LSH\实验\聚焦信号分类实验\1\ROI_x729_y538_w32_h39_20260626_212915\01_valid_raw_and_ifft\mat,valid_folder,valid,25.9085975166321,25.8425244681267,0.00165185533678783,0.00103754833521317,0.000101005067572043,0.927616682430083
1865,2057,2057,571,749,2071,Good,1,slightly degraded,D:\LSH\LSH\实验\聚焦信号分类实验\1\ROI_x729_y538_w32_h39_20260626_212915\01_valid_raw_and_ifft\mat\curve_r0571_c0749_idx001077.mat,D:\LSH\LSH\实验\聚焦信号分类实验\1\ROI_x729_y538_w32_h39_20260626_212915\01_valid_raw_and_ifft\mat,valid_folder,valid,26.0057485574697,25.9924801207643,0.00511955422042406,0.0027155959111439,0.000334135505799971,0.901572729973021
1866,2058,2058,571,750,2072,Good,1,slightly degraded,D:\LSH\LSH\实验\聚焦信号分类实验\1\ROI_x729_y538_w32_h39_20260626_212915\01_valid_raw_and_ifft\mat\curve_r0571_c0750_idx001078.mat,D:\LSH\LSH\实验\聚焦信号分类实验\1\ROI_x729_y538_w32_h39_20260626_212915\01_valid_raw_and_ifft\mat,valid_folder,valid,26.0950999630527,26.0924837947133,0.00628556604852849,0.00368580695873674,0.000384307313340841,0.929463956074267
1867,2059,2059,571,751,2073,Good,1,slightly degraded,D:\LSH\LSH\实验\聚焦信号分类实验\1\ROI_x729_y538_w32_h39_20260626_212915\01_valid_raw_and_ifft\mat\curve_r0571_c0751_idx001079.mat,D:\LSH\LSH\实验\聚焦信号分类实验\1\ROI_x729_y538_w32_h39_20260626_212915\01_valid_raw_and_ifft\mat,valid_folder,valid,26.1008970256685,26.0297232685163,0.00521998942701841,0.00352559480227064,0.000316048956542603,0.948633412610239
1868,2060,2060,571,752,2074,Good,1,slightly degraded,D:\LSH\LSH\实验\聚焦信号分类实验\1\ROI_x729_y538_w32_h39_20260626_212915\01_valid_raw_and_ifft\mat\curve_r0571_c0752_idx001080.mat,D:\LSH\LSH\实验\聚焦信号分类实验\1\ROI_x729_y538_w32_h39_20260626_212915\01_valid_raw_and_ifft\mat,valid_folder,valid,25.0980538146723,25.3493432070725,0.00666594727119831,0.00309331349697629,0.000506768220122479,0.836821034283347
1869,2061,2061,571,753,2075,Good,1,slightly degraded,D:\LSH\LSH\实验\聚焦信号分类实验\1\ROI_x729_y538_w32_h39_20260626_212915\01_valid_raw_and_ifft\mat\curve_r0571_c0753_idx001081.mat,D:\LSH\LSH\实验\聚焦信号分类实验\1\ROI_x729_y538_w32_h39_20260626_212915\01_valid_raw_and_ifft\mat,valid_folder,valid,25.5765319022016,25.6750002403443,0.00738164514245283,0.00444577293385849,0.000550243713766621,0.905636745641285
1870,2062,2062,571,754,2076,Good,1,slightly degraded,D:\LSH\LSH\实验\聚焦信号分类实验\1\ROI_x729_y538_w32_h39_20260626_212915\01_valid_raw_and_ifft\mat\curve_r0571_c0754_idx001082.mat,D:\LSH\LSH\实验\聚焦信号分类实验\1\ROI_x729_y538_w32_h39_20260626_212915\01_valid_raw_and_ifft\mat,valid_folder,valid,25.7764458517671,25.6851021097616,0.00826684831337964,0.0044550502512232,0.000590370067224781,0.892016386122088
1871,2063,2063,571,755,2077,Good,1,slightly degraded,D:\LSH\LSH\实验\聚焦信号分类实验\1\ROI_x729_y538_w32_h39_20260626_212915\01_valid_raw_and_ifft\mat\curve_r0571_c0755_idx001083.mat,D:\LSH\LSH\实验\聚焦信号分类实验\1\ROI_x729_y538_w32_h39_20260626_212915\01_valid_raw_and_ifft\mat,valid_folder,valid,25.7064957521447,25.5726534211954,0.00559814099922619,0.00320802340143632,0.000381141620037225,0.908030057440367
1872,2064,2064,571,756,2078,Good,1,slightly degraded,D:\LSH\LSH\实验\聚焦信号分类实验\1\ROI_x729_y538_w32_h39_20260626_212915\01_valid_raw_and_ifft\mat\curve_r0571_c0756_idx001084.mat,D:\LSH\LSH\实验\聚焦信号分类实验\1\ROI_x729_y538_w32_h39_20260626_212915\01_valid_raw_and_ifft\mat,valid_folder,valid,25.539371595546,25.4991093295941,0.00456715456131882,0.00262260587855204,0.000347300737730511,0.887057964345138
1873,2065,2065,571,757,2079,Good,1,slightly degraded,D:\LSH\LSH\实验\聚焦信号分类实验\1\ROI_x729_y538_w32_h39_20260626_212915\01_valid_raw_and_ifft\mat\curve_r0571_c0757_idx001085.mat,D:\LSH\LSH\实验\聚焦信号分类实验\1\ROI_x729_y538_w32_h39_20260626_212915\01_valid_raw_and_ifft\mat,valid_folder,valid,25.3213721563036,25.4193420807357,0.00250716909715361,0.00146687118375119,0.000174004676958749,0.902210275584577
1874,2066,2066,571,758,2080,Good,1,slightly degraded,D:\LSH\LSH\实验\聚焦信号分类实验\1\ROI_x729_y538_w32_h39_20260626_212915\01_valid_raw_and_ifft\mat\curve_r0571_c0758_idx001086.mat,D:\LSH\LSH\实验\聚焦信号分类实验\1\ROI_x729_y538_w32_h39_20260626_212915\01_valid_raw_and_ifft\mat,valid_folder,valid,25.3004460735827,25.2747253241282,0.00187266451016304,0.00126935590639621,0.000107684916070945,0.94698558561826
1875,2067,2067,572,730,2081,Good,1,slightly degraded,D:\LSH\LSH\实验\聚焦信号分类实验\1\ROI_x729_y538_w32_h39_20260626_212915\01_valid_raw_and_ifft\mat\curve_r0572_c0730_idx001090.mat,D:\LSH\LSH\实验\聚焦信号分类实验\1\ROI_x729_y538_w32_h39_20260626_212915\01_valid_raw_and_ifft\mat,valid_folder,valid,30.0255640115353,29.8648564901365,0.000819596330837849,0.000496024595030186,5.80680737900651e-05,0.893097145614133
1876,2068,2068,572,733,2082,Good,1,slightly degraded,D:\LSH\LSH\实验\聚焦信号分类实验\1\ROI_x729_y538_w32_h39_20260626_212915\01_valid_raw_and_ifft\mat\curve_r0572_c0733_idx001093.mat,D:\LSH\LSH\实验\聚焦信号分类实验\1\ROI_x729_y538_w32_h39_20260626_212915\01_valid_raw_and_ifft\mat,valid_folder,valid,29.9907233907264,29.154445886713,0.00198352700847592,0.00126780028092899,0.00017334207604611,0.871053278248955
1877,2069,2069,572,734,2083,Good,1,slightly degraded,D:\LSH\LSH\实验\聚焦信号分类实验\1\ROI_x729_y538_w32_h39_20260626_212915\01_valid_raw_and_ifft\mat\curve_r0572_c0734_idx001094.mat,D:\LSH\LSH\实验\聚焦信号分类实验\1\ROI_x729_y538_w32_h39_20260626_212915\01_valid_raw_and_ifft\mat,valid_folder,valid,28.1496974744197,28.4555990314159,0.00823640765658205,0.00439261858331952,0.000557375468103352,0.89525618643503
1878,2070,2070,572,735,2084,Good,1,slightly degraded,D:\LSH\LSH\实验\聚焦信号分类实验\1\ROI_x729_y538_w32_h39_20260626_212915\01_valid_raw_and_ifft\mat\curve_r0572_c0735_idx001095.mat,D:\LSH\LSH\实验\聚焦信号分类实验\1\ROI_x729_y538_w32_h39_20260626_212915\01_valid_raw_and_ifft\mat,valid_folder,valid,28.2474549142028,28.402649604207,0.0156817761477796,0.00859375899240375,0.00108259009930768,0.90384849199527
1879,2071,2071,572,736,2085,Good,1,slightly degraded,D:\LSH\LSH\实验\聚焦信号分类实验\1\ROI_x729_y538_w32_h39_20260626_212915\01_valid_raw_and_ifft\mat\curve_r0572_c0736_idx001096.mat,D:\LSH\LSH\实验\聚焦信号分类实验\1\ROI_x729_y538_w32_h39_20260626_212915\01_valid_raw_and_ifft\mat,valid_folder,valid,28.4826341883153,28.3766598053019,0.0266250741811466,0.0159729381774692,0.00196502313593678,0.910720358765858
1880,2072,2072,572,737,2086,Good,1,slightly degraded,D:\LSH\LSH\实验\聚焦信号分类实验\1\ROI_x729_y538_w32_h39_20260626_212915\01_valid_raw_and_ifft\mat\curve_r0572_c0737_idx001097.mat,D:\LSH\LSH\实验\聚焦信号分类实验\1\ROI_x729_y538_w32_h39_20260626_212915\01_valid_raw_and_ifft\mat,valid_folder,valid,28.2955057882389,28.2665206800784,0.0427082350636982,0.0244104223363922,0.00311092137151183,0.904845478887418
1881,2073,2073,572,738,2087,Good,1,slightly degraded,D:\LSH\LSH\实验\聚焦信号分类实验\1\ROI_x729_y538_w32_h39_20260626_212915\01_valid_raw_and_ifft\mat\curve_r0572_c0738_idx001098.mat,D:\LSH\LSH\实验\聚焦信号分类实验\1\ROI_x729_y538_w32_h39_20260626_212915\01_valid_raw_and_ifft\mat,valid_folder,valid,28.2850729081163,28.1988080340116,0.0522340317672782,0.0313712652451513,0.00373187279678153,0.91659544864603
1882,2074,2074,572,739,2088,Good,1,slightly degraded,D:\LSH\LSH\实验\聚焦信号分类实验\1\ROI_x729_y538_w32_h39_20260626_212915\01_valid_raw_and_ifft\mat\curve_r0572_c0739_idx001099.mat,D:\LSH\LSH\实验\聚焦信号分类实验\1\ROI_x729_y538_w32_h39_20260626_212915\01_valid_raw_and_ifft\mat,valid_folder,valid,28.3349730998146,28.0948559891224,0.0429086064100479,0.0291872435883384,0.00310037357275563,0.932531577622821
1883,2075,2075,572,740,2089,Good,1,slightly degraded,D:\LSH\LSH\实验\聚焦信号分类实验\1\ROI_x729_y538_w32_h39_20260626_212915\01_valid_raw_and_ifft\mat\curve_r0572_c0740_idx001100.mat,D:\LSH\LSH\实验\聚焦信号分类实验\1\ROI_x729_y538_w32_h39_20260626_212915\01_valid_raw_and_ifft\mat,valid_folder,valid,27.730725937937,27.8200200658291,0.022733912714595,0.016515955962965,0.00150137061541472,0.950263061198207
1884,2076,2076,572,741,2090,Good,1,slightly degraded,D:\LSH\LSH\实验\聚焦信号分类实验\1\ROI_x729_y538_w32_h39_20260626_212915\01_valid_raw_and_ifft\mat\curve_r0572_c0741_idx001101.mat,D:\LSH\LSH\实验\聚焦信号分类实验\1\ROI_x729_y538_w32_h39_20260626_212915\01_valid_raw_and_ifft\mat,valid_folder,valid,27.2120807479229,27.4958987534294,0.0217771545768202,0.0130503831154431,0.00133444630601071,0.93599818088081
1885,2077,2077,572,742,2091,Good,1,slightly degraded,D:\LSH\LSH\实验\聚焦信号分类实验\1\ROI_x729_y538_w32_h39_20260626_212915\01_valid_raw_and_ifft\mat\curve_r0572_c0742_idx001102.mat,D:\LSH\LSH\实验\聚焦信号分类实验\1\ROI_x729_y538_w32_h39_20260626_212915\01_valid_raw_and_ifft\mat,valid_folder,valid,27.0977340095984,27.4964104486179,0.00786154777482854,0.00429880607278511,0.000521877755380876,0.902785502728265
1886,2078,2078,572,743,2092,Good,1,slightly degraded,D:\LSH\LSH\实验\聚焦信号分类实验\1\ROI_x729_y538_w32_h39_20260626_212915\01_valid_raw_and_ifft\mat\curve_r0572_c0743_idx001103.mat,D:\LSH\LSH\实验\聚焦信号分类实验\1\ROI_x729_y538_w32_h39_20260626_212915\01_valid_raw_and_ifft\mat,valid_folder,valid,27.7282389272253,27.8082358491876,0.00267886373175396,0.00185174318737328,0.00014256125567554,0.957527700166755
1887,2079,2079,572,744,2093,Good,1,slightly degraded,D:\LSH\LSH\实验\聚焦信号分类实验\1\ROI_x729_y538_w32_h39_20260626_212915\01_valid_raw_and_ifft\mat\curve_r0572_c0744_idx001104.mat,D:\LSH\LSH\实验\聚焦信号分类实验\1\ROI_x729_y538_w32_h39_20260626_212915\01_valid_raw_and_ifft\mat,valid_folder,valid,28.6422262722557,28.272810360908,0.00131470386402417,0.00107559174806628,8.69418197340112e-05,0.951340644775815
1888,2080,2080,572,745,2094,Good,1,slightly degraded,D:\LSH\LSH\实验\聚焦信号分类实验\1\ROI_x729_y538_w32_h39_20260626_212915\01_valid_raw_and_ifft\mat\curve_r0572_c0745_idx001105.mat,D:\LSH\LSH\实验\聚焦信号分类实验\1\ROI_x729_y538_w32_h39_20260626_212915\01_valid_raw_and_ifft\mat,valid_folder,valid,27.0412765301968,27.3767995488792,0.0015230342029266,0.000947230045458573,9.92288101974132e-05,0.918754587281148
1889,2081,2081,572,746,2095,Good,1,slightly degraded,D:\LSH\LSH\实验\聚焦信号分类实验\1\ROI_x729_y538_w32_h39_20260626_212915\01_valid_raw_and_ifft\mat\curve_r0572_c0746_idx001106.mat,D:\LSH\LSH\实验\聚焦信号分类实验\1\ROI_x729_y538_w32_h39_20260626_212915\01_valid_raw_and_ifft\mat,valid_folder,valid,26.9046744652642,27.0906966279439,0.0012055641298698,0.000774612931593539,9.22553986828438e-05,0.898211464672801
1890,2082,2082,572,747,2096,Good,1,slightly degraded,D:\LSH\LSH\实验\聚焦信号分类实验\1\ROI_x729_y538_w32_h39_20260626_212915\01_valid_raw_and_ifft\mat\curve_r0572_c0747_idx001107.mat,D:\LSH\LSH\实验\聚焦信号分类实验\1\ROI_x729_y538_w32_h39_20260626_212915\01_valid_raw_and_ifft\mat,valid_folder,valid,26.2735284687471,26.4186883912556,0.00151973188274193,0.000959771356115751,0.000114788403166064,0.894145689951102
1891,2083,2083,572,748,2097,Good,1,slightly degraded,D:\LSH\LSH\实验\聚焦信号分类实验\1\ROI_x729_y538_w32_h39_20260626_212915\01_valid_raw_and_ifft\mat\curve_r0572_c0748_idx001108.mat,D:\LSH\LSH\实验\聚焦信号分类实验\1\ROI_x729_y538_w32_h39_20260626_212915\01_valid_raw_and_ifft\mat,valid_folder,valid,26.0189880607066,26.0019352223082,0.00154549288739549,0.00100579523005877,0.000101427654892568,0.921937566644422
1892,2084,2084,572,749,2098,Good,1,slightly degraded,D:\LSH\LSH\实验\聚焦信号分类实验\1\ROI_x729_y538_w32_h39_20260626_212915\01_valid_raw_and_ifft\mat\curve_r0572_c0749_idx001109.mat,D:\LSH\LSH\实验\聚焦信号分类实验\1\ROI_x729_y538_w32_h39_20260626_212915\01_valid_raw_and_ifft\mat,valid_folder,valid,25.9246553195179,25.8834100215171,0.00642181076116418,0.00360407649145346,0.000408004844545789,0.918906221320569
1893,2085,2085,572,750,2099,Good,1,slightly degraded,D:\LSH\LSH\实验\聚焦信号分类实验\1\ROI_x729_y538_w32_h39_20260626_212915\01_valid_raw_and_ifft\mat\curve_r0572_c0750_idx001110.mat,D:\LSH\LSH\实验\聚焦信号分类实验\1\ROI_x729_y538_w32_h39_20260626_212915\01_valid_raw_and_ifft\mat,valid_folder,valid,26.0226354030562,26.0490577097537,0.0109427093980747,0.00649842186349281,0.000667739197929367,0.934559916883565
1894,2086,2086,572,751,2100,Good,1,slightly degraded,D:\LSH\LSH\实验\聚焦信号分类实验\1\ROI_x729_y538_w32_h39_20260626_212915\01_valid_raw_and_ifft\mat\curve_r0572_c0751_idx001111.mat,D:\LSH\LSH\实验\聚焦信号分类实验\1\ROI_x729_y538_w32_h39_20260626_212915\01_valid_raw_and_ifft\mat,valid_folder,valid,25.948739404585,25.9597071869784,0.0111389244488416,0.00679958220648573,0.000668940319980142,0.940119347743833
1895,2087,2087,572,752,2101,Good,1,slightly degraded,D:\LSH\LSH\实验\聚焦信号分类实验\1\ROI_x729_y538_w32_h39_20260626_212915\01_valid_raw_and_ifft\mat\curve_r0572_c0752_idx001112.mat,D:\LSH\LSH\实验\聚焦信号分类实验\1\ROI_x729_y538_w32_h39_20260626_212915\01_valid_raw_and_ifft\mat,valid_folder,valid,26.6095214258752,26.2629738407448,0.00441711578323157,0.00289628836883111,0.000262923286255039,0.944832189617446
1896,2088,2088,572,753,2102,Good,1,slightly degraded,D:\LSH\LSH\实验\聚焦信号分类实验\1\ROI_x729_y538_w32_h39_20260626_212915\01_valid_raw_and_ifft\mat\curve_r0572_c0753_idx001113.mat,D:\LSH\LSH\实验\聚焦信号分类实验\1\ROI_x729_y538_w32_h39_20260626_212915\01_valid_raw_and_ifft\mat,valid_folder,valid,25.6878732291468,25.2298039604438,0.00229455163826202,0.00175092569373033,0.000107339597921502,0.974389747374987
1897,2089,2089,572,754,2103,Good,1,slightly degraded,D:\LSH\LSH\实验\聚焦信号分类实验\1\ROI_x729_y538_w32_h39_20260626_212915\01_valid_raw_and_ifft\mat\curve_r0572_c0754_idx001114.mat,D:\LSH\LSH\实验\聚焦信号分类实验\1\ROI_x729_y538_w32_h39_20260626_212915\01_valid_raw_and_ifft\mat,valid_folder,valid,25.7112817998174,25.2617182152004,0.00369508697599469,0.00241211519371179,0.000207120674784445,0.949222896595902
1898,2090,2090,572,755,2104,Good,1,slightly degraded,D:\LSH\LSH\实验\聚焦信号分类实验\1\ROI_x729_y538_w32_h39_20260626_212915\01_valid_raw_and_ifft\mat\curve_r0572_c0755_idx001115.mat,D:\LSH\LSH\实验\聚焦信号分类实验\1\ROI_x729_y538_w32_h39_20260626_212915\01_valid_raw_and_ifft\mat,valid_folder,valid,25.6814503986137,25.3096751414202,0.00507406433490179,0.00323588444169861,0.00030513470784579,0.94067695821048
1899,2091,2091,572,756,2105,Good,1,slightly degraded,D:\LSH\LSH\实验\聚焦信号分类实验\1\ROI_x729_y538_w32_h39_20260626_212915\01_valid_raw_and_ifft\mat\curve_r0572_c0756_idx001116.mat,D:\LSH\LSH\实验\聚焦信号分类实验\1\ROI_x729_y538_w32_h39_20260626_212915\01_valid_raw_and_ifft\mat,valid_folder,valid,25.5616350001487,25.1612321164357,0.00654390535592955,0.00432221773853887,0.000404810440091471,0.942926022381562
1900,2092,2092,572,757,2106,Good,1,slightly degraded,D:\LSH\LSH\实验\聚焦信号分类实验\1\ROI_x729_y538_w32_h39_20260626_212915\01_valid_raw_and_ifft\mat\curve_r0572_c0757_idx001117.mat,D:\LSH\LSH\实验\聚焦信号分类实验\1\ROI_x729_y538_w32_h39_20260626_212915\01_valid_raw_and_ifft\mat,valid_folder,valid,25.4520291610472,25.1313619403736,0.00823553394624995,0.00560833241748645,0.000569437399274049,0.935037435347209
1901,2093,2093,572,758,2107,Good,1,slightly degraded,D:\LSH\LSH\实验\聚焦信号分类实验\1\ROI_x729_y538_w32_h39_20260626_212915\01_valid_raw_and_ifft\mat\curve_r0572_c0758_idx001118.mat,D:\LSH\LSH\实验\聚焦信号分类实验\1\ROI_x729_y538_w32_h39_20260626_212915\01_valid_raw_and_ifft\mat,valid_folder,valid,25.1043924690864,25.0097528621147,0.00874286371084486,0.00610006943130153,0.000531380828942841,0.95313449747963
1902,2094,2094,572,759,2108,Good,1,slightly degraded,D:\LSH\LSH\实验\聚焦信号分类实验\1\ROI_x729_y538_w32_h39_20260626_212915\01_valid_raw_and_ifft\mat\curve_r0572_c0759_idx001119.mat,D:\LSH\LSH\实验\聚焦信号分类实验\1\ROI_x729_y538_w32_h39_20260626_212915\01_valid_raw_and_ifft\mat,valid_folder,valid,24.7581780845835,24.8164351195947,0.00438137075264896,0.0032235647630411,0.000230665016122478,0.968081832711312
1903,2095,2095,572,760,2109,Good,1,slightly degraded,D:\LSH\LSH\实验\聚焦信号分类实验\1\ROI_x729_y538_w32_h39_20260626_212915\01_valid_raw_and_ifft\mat\curve_r0572_c0760_idx001120.mat,D:\LSH\LSH\实验\聚焦信号分类实验\1\ROI_x729_y538_w32_h39_20260626_212915\01_valid_raw_and_ifft\mat,valid_folder,valid,24.1371084165032,24.7666857856389,0.00161989797472631,0.0012436838804553,9.75269665963612e-05,0.955611944426552
1904,2096,2096,573,734,2110,Good,1,slightly degraded,D:\LSH\LSH\实验\聚焦信号分类实验\1\ROI_x729_y538_w32_h39_20260626_212915\01_valid_raw_and_ifft\mat\curve_r0573_c0734_idx001126.mat,D:\LSH\LSH\实验\聚焦信号分类实验\1\ROI_x729_y538_w32_h39_20260626_212915\01_valid_raw_and_ifft\mat,valid_folder,valid,28.1700102438422,28.6141925737382,0.00196009076214636,0.00124979977834696,0.000126529517733626,0.923771584478724
1905,2097,2097,573,735,2111,Good,1,slightly degraded,D:\LSH\LSH\实验\聚焦信号分类实验\1\ROI_x729_y538_w32_h39_20260626_212915\01_valid_raw_and_ifft\mat\curve_r0573_c0735_idx001127.mat,D:\LSH\LSH\实验\聚焦信号分类实验\1\ROI_x729_y538_w32_h39_20260626_212915\01_valid_raw_and_ifft\mat,valid_folder,valid,28.1849764245431,28.3920225329262,0.00643846107001969,0.00382054779708266,0.000388612077144212,0.933232716256799
1906,2098,2098,573,736,2112,Good,1,slightly degraded,D:\LSH\LSH\实验\聚焦信号分类实验\1\ROI_x729_y538_w32_h39_20260626_212915\01_valid_raw_and_ifft\mat\curve_r0573_c0736_idx001128.mat,D:\LSH\LSH\实验\聚焦信号分类实验\1\ROI_x729_y538_w32_h39_20260626_212915\01_valid_raw_and_ifft\mat,valid_folder,valid,28.3496499942875,28.3455429842485,0.00935461507464592,0.00568291112796182,0.000630808706046205,0.923922835945376
1907,2099,2099,573,737,2113,Good,1,slightly degraded,D:\LSH\LSH\实验\聚焦信号分类实验\1\ROI_x729_y538_w32_h39_20260626_212915\01_valid_raw_and_ifft\mat\curve_r0573_c0737_idx001129.mat,D:\LSH\LSH\实验\聚焦信号分类实验\1\ROI_x729_y538_w32_h39_20260626_212915\01_valid_raw_and_ifft\mat,valid_folder,valid,28.2429715264747,28.1872919536015,0.0159583906710528,0.00960387008999589,0.00107893439289248,0.923185444112516
1908,2100,2100,573,738,2114,Good,1,slightly degraded,D:\LSH\LSH\实验\聚焦信号分类实验\1\ROI_x729_y538_w32_h39_20260626_212915\01_valid_raw_and_ifft\mat\curve_r0573_c0738_idx001130.mat,D:\LSH\LSH\实验\聚焦信号分类实验\1\ROI_x729_y538_w32_h39_20260626_212915\01_valid_raw_and_ifft\mat,valid_folder,valid,28.3585337371774,28.1121038630378,0.0168288963669322,0.0113199115783388,0.00118772524466798,0.932947493595129
1909,2101,2101,573,739,2115,Good,1,slightly degraded,D:\LSH\LSH\实验\聚焦信号分类实验\1\ROI_x729_y538_w32_h39_20260626_212915\01_valid_raw_and_ifft\mat\curve_r0573_c0739_idx001131.mat,D:\LSH\LSH\实验\聚焦信号分类实验\1\ROI_x729_y538_w32_h39_20260626_212915\01_valid_raw_and_ifft\mat,valid_folder,valid,27.9568333546853,27.8790901965559,0.025244264791983,0.0155090337805948,0.00155655328647578,0.939411287134713
1910,2102,2102,573,740,2116,Good,1,slightly degraded,D:\LSH\LSH\实验\聚焦信号分类实验\1\ROI_x729_y538_w32_h39_20260626_212915\01_valid_raw_and_ifft\mat\curve_r0573_c0740_idx001132.mat,D:\LSH\LSH\实验\聚焦信号分类实验\1\ROI_x729_y538_w32_h39_20260626_212915\01_valid_raw_and_ifft\mat,valid_folder,valid,27.4886933695038,27.6999857364035,0.0269863891808275,0.0181557559073459,0.0016523451784608,0.95057071438464
1911,2103,2103,573,741,2117,Good,1,slightly degraded,D:\LSH\LSH\实验\聚焦信号分类实验\1\ROI_x729_y538_w32_h39_20260626_212915\01_valid_raw_and_ifft\mat\curve_r0573_c0741_idx001133.mat,D:\LSH\LSH\实验\聚焦信号分类实验\1\ROI_x729_y538_w32_h39_20260626_212915\01_valid_raw_and_ifft\mat,valid_folder,valid,27.1543830836871,27.4026268949101,0.0287328070005609,0.0166990999741932,0.00177358781891392,0.93028525678912
1912,2104,2104,573,742,2118,Good,1,slightly degraded,D:\LSH\LSH\实验\聚焦信号分类实验\1\ROI_x729_y538_w32_h39_20260626_212915\01_valid_raw_and_ifft\mat\curve_r0573_c0742_idx001134.mat,D:\LSH\LSH\实验\聚焦信号分类实验\1\ROI_x729_y538_w32_h39_20260626_212915\01_valid_raw_and_ifft\mat,valid_folder,valid,27.0771297349076,27.3237123125642,0.0202243485820946,0.010799510470611,0.00133217542286418,0.903958861412397
1913,2105,2105,573,743,2119,Good,1,slightly degraded,D:\LSH\LSH\实验\聚焦信号分类实验\1\ROI_x729_y538_w32_h39_20260626_212915\01_valid_raw_and_ifft\mat\curve_r0573_c0743_idx001135.mat,D:\LSH\LSH\实验\聚焦信号分类实验\1\ROI_x729_y538_w32_h39_20260626_212915\01_valid_raw_and_ifft\mat,valid_folder,valid,27.1014422290964,27.5701501373699,0.00408736489549852,0.00246245130867189,0.000250033693142457,0.93024813315077
1914,2106,2106,573,744,2120,Good,1,slightly degraded,D:\LSH\LSH\实验\聚焦信号分类实验\1\ROI_x729_y538_w32_h39_20260626_212915\01_valid_raw_and_ifft\mat\curve_r0573_c0744_idx001136.mat,D:\LSH\LSH\实验\聚焦信号分类实验\1\ROI_x729_y538_w32_h39_20260626_212915\01_valid_raw_and_ifft\mat,valid_folder,valid,27.0511421740449,27.3201075232175,0.0014766733040034,0.000976969986830633,8.44724235630967e-05,0.947822623849322
1915,2107,2107,573,745,2121,Good,1,slightly degraded,D:\LSH\LSH\实验\聚焦信号分类实验\1\ROI_x729_y538_w32_h39_20260626_212915\01_valid_raw_and_ifft\mat\curve_r0573_c0745_idx001137.mat,D:\LSH\LSH\实验\聚焦信号分类实验\1\ROI_x729_y538_w32_h39_20260626_212915\01_valid_raw_and_ifft\mat,valid_folder,valid,26.8467658194713,26.7364048363155,0.00164906640057729,0.000982766042147927,0.000107714282002013,0.910121643857392
1916,2108,2108,573,746,2122,Good,1,slightly degraded,D:\LSH\LSH\实验\聚焦信号分类实验\1\ROI_x729_y538_w32_h39_20260626_212915\01_valid_raw_and_ifft\mat\curve_r0573_c0746_idx001138.mat,D:\LSH\LSH\实验\聚焦信号分类实验\1\ROI_x729_y538_w32_h39_20260626_212915\01_valid_raw_and_ifft\mat,valid_folder,valid,26.700710070422,26.4360802957847,0.00149912925438723,0.000935500036161908,9.36782505427932e-05,0.927755950211412
1917,2109,2109,573,747,2123,Good,1,slightly degraded,D:\LSH\LSH\实验\聚焦信号分类实验\1\ROI_x729_y538_w32_h39_20260626_212915\01_valid_raw_and_ifft\mat\curve_r0573_c0747_idx001139.mat,D:\LSH\LSH\实验\聚焦信号分类实验\1\ROI_x729_y538_w32_h39_20260626_212915\01_valid_raw_and_ifft\mat,valid_folder,valid,26.9278865580462,26.7685181256795,0.00138529587563973,0.000840552856168206,9.20409788250966e-05,0.91192302097517
1918,2110,2110,573,749,2124,Good,1,slightly degraded,D:\LSH\LSH\实验\聚焦信号分类实验\1\ROI_x729_y538_w32_h39_20260626_212915\01_valid_raw_and_ifft\mat\curve_r0573_c0749_idx001141.mat,D:\LSH\LSH\实验\聚焦信号分类实验\1\ROI_x729_y538_w32_h39_20260626_212915\01_valid_raw_and_ifft\mat,valid_folder,valid,25.6938471465443,25.6902497694486,0.00477473097546415,0.00300329693930737,0.000303516616740556,0.935196226646826
1919,2111,2111,573,750,2125,Good,1,slightly degraded,D:\LSH\LSH\实验\聚焦信号分类实验\1\ROI_x729_y538_w32_h39_20260626_212915\01_valid_raw_and_ifft\mat\curve_r0573_c0750_idx001142.mat,D:\LSH\LSH\实验\聚焦信号分类实验\1\ROI_x729_y538_w32_h39_20260626_212915\01_valid_raw_and_ifft\mat,valid_folder,valid,26.0761406279585,26.0237271370789,0.00916235423438712,0.00560754423628004,0.000561497305177654,0.937517197559041
1920,2112,2112,573,751,2126,Good,1,slightly degraded,D:\LSH\LSH\实验\聚焦信号分类实验\1\ROI_x729_y538_w32_h39_20260626_212915\01_valid_raw_and_ifft\mat\curve_r0573_c0751_idx001143.mat,D:\LSH\LSH\实验\聚焦信号分类实验\1\ROI_x729_y538_w32_h39_20260626_212915\01_valid_raw_and_ifft\mat,valid_folder,valid,25.9444711219092,25.9311327276152,0.0105953007215583,0.00654746538305521,0.000676211092886678,0.934539869839988
1921,2113,2113,573,752,2127,Good,1,slightly degraded,D:\LSH\LSH\实验\聚焦信号分类实验\1\ROI_x729_y538_w32_h39_20260626_212915\01_valid_raw_and_ifft\mat\curve_r0573_c0752_idx001144.mat,D:\LSH\LSH\实验\聚焦信号分类实验\1\ROI_x729_y538_w32_h39_20260626_212915\01_valid_raw_and_ifft\mat,valid_folder,valid,25.9512979713519,25.9518316961512,0.00530628464505907,0.00394618745370671,0.000359756821640012,0.945181708310326
1922,2114,2114,573,753,2128,Good,1,slightly degraded,D:\LSH\LSH\实验\聚焦信号分类实验\1\ROI_x729_y538_w32_h39_20260626_212915\01_valid_raw_and_ifft\mat\curve_r0573_c0753_idx001145.mat,D:\LSH\LSH\实验\聚焦信号分类实验\1\ROI_x729_y538_w32_h39_20260626_212915\01_valid_raw_and_ifft\mat,valid_folder,valid,25.2726870570615,25.2217285376992,0.0115342670502659,0.00777872038354122,0.000692611798259382,0.951790820279028
1923,2115,2115,573,754,2129,Good,1,slightly degraded,D:\LSH\LSH\实验\聚焦信号分类实验\1\ROI_x729_y538_w32_h39_20260626_212915\01_valid_raw_and_ifft\mat\curve_r0573_c0754_idx001146.mat,D:\LSH\LSH\实验\聚焦信号分类实验\1\ROI_x729_y538_w32_h39_20260626_212915\01_valid_raw_and_ifft\mat,valid_folder,valid,25.4160145901208,25.3470274881048,0.0248137507349495,0.0155509821813093,0.00164447024663804,0.933275257308762
1924,2116,2116,573,755,2130,Good,1,slightly degraded,D:\LSH\LSH\实验\聚焦信号分类实验\1\ROI_x729_y538_w32_h39_20260626_212915\01_valid_raw_and_ifft\mat\curve_r0573_c0755_idx001147.mat,D:\LSH\LSH\实验\聚焦信号分类实验\1\ROI_x729_y538_w32_h39_20260626_212915\01_valid_raw_and_ifft\mat,valid_folder,valid,25.3123205359991,25.2971330119096,0.031808048324884,0.0192325796477542,0.00215290832038959,0.925866900536233
1925,2117,2117,573,756,2131,Good,1,slightly degraded,D:\LSH\LSH\实验\聚焦信号分类实验\1\ROI_x729_y538_w32_h39_20260626_212915\01_valid_raw_and_ifft\mat\curve_r0573_c0756_idx001148.mat,D:\LSH\LSH\实验\聚焦信号分类实验\1\ROI_x729_y538_w32_h39_20260626_212915\01_valid_raw_and_ifft\mat,valid_folder,valid,25.1326837236824,25.1700727032373,0.0246328654511845,0.0136813349768723,0.00160264144611892,0.916120543011781
1926,2118,2118,573,757,2132,Good,1,slightly degraded,D:\LSH\LSH\实验\聚焦信号分类实验\1\ROI_x729_y538_w32_h39_20260626_212915\01_valid_raw_and_ifft\mat\curve_r0573_c0757_idx001149.mat,D:\LSH\LSH\实验\聚焦信号分类实验\1\ROI_x729_y538_w32_h39_20260626_212915\01_valid_raw_and_ifft\mat,valid_folder,valid,25.1165497656409,25.1482328402616,0.0317228316181369,0.0161169995521559,0.00225904370287729,0.885553381777498
1927,2119,2119,573,758,2133,Good,1,slightly degraded,D:\LSH\LSH\实验\聚焦信号分类实验\1\ROI_x729_y538_w32_h39_20260626_212915\01_valid_raw_and_ifft\mat\curve_r0573_c0758_idx001150.mat,D:\LSH\LSH\实验\聚焦信号分类实验\1\ROI_x729_y538_w32_h39_20260626_212915\01_valid_raw_and_ifft\mat,valid_folder,valid,25.0745652789733,25.1083339748641,0.0313947009081843,0.0152957355865832,0.00224085914102746,0.874565821272229
1928,2120,2120,573,759,2134,Good,1,slightly degraded,D:\LSH\LSH\实验\聚焦信号分类实验\1\ROI_x729_y538_w32_h39_20260626_212915\01_valid_raw_and_ifft\mat\curve_r0573_c0759_idx001151.mat,D:\LSH\LSH\实验\聚焦信号分类实验\1\ROI_x729_y538_w32_h39_20260626_212915\01_valid_raw_and_ifft\mat,valid_folder,valid,25.0086651707011,24.9771575953275,0.0152746481175377,0.00797115340391498,0.00100536288359359,0.902060257156518
1929,2121,2121,573,760,2135,Good,1,slightly degraded,D:\LSH\LSH\实验\聚焦信号分类实验\1\ROI_x729_y538_w32_h39_20260626_212915\01_valid_raw_and_ifft\mat\curve_r0573_c0760_idx001152.mat,D:\LSH\LSH\实验\聚焦信号分类实验\1\ROI_x729_y538_w32_h39_20260626_212915\01_valid_raw_and_ifft\mat,valid_folder,valid,24.9119617031687,24.9059421600153,0.00416117248744963,0.00295257228333435,0.000234341490510104,0.95837373037149
1930,2122,2122,574,736,2136,Good,1,slightly degraded,D:\LSH\LSH\实验\聚焦信号分类实验\1\ROI_x729_y538_w32_h39_20260626_212915\01_valid_raw_and_ifft\mat\curve_r0574_c0736_idx001160.mat,D:\LSH\LSH\实验\聚焦信号分类实验\1\ROI_x729_y538_w32_h39_20260626_212915\01_valid_raw_and_ifft\mat,valid_folder,valid,28.1473113952011,28.3726259410238,0.00428569061459941,0.00263717321367163,0.000237766423052224,0.943926801611785
1931,2123,2123,574,737,2137,Good,1,slightly degraded,D:\LSH\LSH\实验\聚焦信号分类实验\1\ROI_x729_y538_w32_h39_20260626_212915\01_valid_raw_and_ifft\mat\curve_r0574_c0737_idx001161.mat,D:\LSH\LSH\实验\聚焦信号分类实验\1\ROI_x729_y538_w32_h39_20260626_212915\01_valid_raw_and_ifft\mat,valid_folder,valid,28.544317320284,28.3539540487605,0.00375062614569369,0.00251544774081733,0.00021754951979373,0.949479032333902
1932,2124,2124,574,738,2138,Good,1,slightly degraded,D:\LSH\LSH\实验\聚焦信号分类实验\1\ROI_x729_y538_w32_h39_20260626_212915\01_valid_raw_and_ifft\mat\curve_r0574_c0738_idx001162.mat,D:\LSH\LSH\实验\聚焦信号分类实验\1\ROI_x729_y538_w32_h39_20260626_212915\01_valid_raw_and_ifft\mat,valid_folder,valid,27.8075531171097,27.7603339281726,0.00674785267278924,0.00463052819537965,0.00035344631681887,0.964084543129793
1933,2125,2125,574,739,2139,Good,1,slightly degraded,D:\LSH\LSH\实验\聚焦信号分类实验\1\ROI_x729_y538_w32_h39_20260626_212915\01_valid_raw_and_ifft\mat\curve_r0574_c0739_idx001163.mat,D:\LSH\LSH\实验\聚焦信号分类实验\1\ROI_x729_y538_w32_h39_20260626_212915\01_valid_raw_and_ifft\mat,valid_folder,valid,27.9978366482083,27.8654470128909,0.0092513198532803,0.006499236921671,0.000531925110598349,0.958443602446036
1934,2126,2126,574,740,2140,Good,1,slightly degraded,D:\LSH\LSH\实验\聚焦信号分类实验\1\ROI_x729_y538_w32_h39_20260626_212915\01_valid_raw_and_ifft\mat\curve_r0574_c0740_idx001164.mat,D:\LSH\LSH\实验\聚焦信号分类实验\1\ROI_x729_y538_w32_h39_20260626_212915\01_valid_raw_and_ifft\mat,valid_folder,valid,27.3744235446087,27.4526109313103,0.0203662733954513,0.0134027363051641,0.00117666451904312,0.953600564844126
1935,2127,2127,574,741,2141,Good,1,slightly degraded,D:\LSH\LSH\实验\聚焦信号分类实验\1\ROI_x729_y538_w32_h39_20260626_212915\01_valid_raw_and_ifft\mat\curve_r0574_c0741_idx001165.mat,D:\LSH\LSH\实验\聚焦信号分类实验\1\ROI_x729_y538_w32_h39_20260626_212915\01_valid_raw_and_ifft\mat,valid_folder,valid,27.2328527418256,27.573869131427,0.0229820745739692,0.014164724303028,0.00143741027428836,0.935975172672061
1936,2128,2128,574,742,2142,Good,1,slightly degraded,D:\LSH\LSH\实验\聚焦信号分类实验\1\ROI_x729_y538_w32_h39_20260626_212915\01_valid_raw_and_ifft\mat\curve_r0574_c0742_idx001166.mat,D:\LSH\LSH\实验\聚焦信号分类实验\1\ROI_x729_y538_w32_h39_20260626_212915\01_valid_raw_and_ifft\mat,valid_folder,valid,27.0910435329035,27.1937143006251,0.0200824550150467,0.0118634028513498,0.00115773298107968,0.939869649273426
1937,2129,2129,574,743,2143,Good,1,slightly degraded,D:\LSH\LSH\实验\聚焦信号分类实验\1\ROI_x729_y538_w32_h39_20260626_212915\01_valid_raw_and_ifft\mat\curve_r0574_c0743_idx001167.mat,D:\LSH\LSH\实验\聚焦信号分类实验\1\ROI_x729_y538_w32_h39_20260626_212915\01_valid_raw_and_ifft\mat,valid_folder,valid,27.0316408556202,27.4137442441071,0.00778974882703635,0.00435867499981269,0.000532753750257752,0.902559141493899
1938,2130,2130,574,744,2144,Good,1,slightly degraded,D:\LSH\LSH\实验\聚焦信号分类实验\1\ROI_x729_y538_w32_h39_20260626_212915\01_valid_raw_and_ifft\mat\curve_r0574_c0744_idx001168.mat,D:\LSH\LSH\实验\聚焦信号分类实验\1\ROI_x729_y538_w32_h39_20260626_212915\01_valid_raw_and_ifft\mat,valid_folder,valid,26.722228715012,26.6414330829058,0.00263520026902861,0.00170336470593269,0.000153805149185253,0.941545870818118
1939,2131,2131,574,745,2145,Good,1,slightly degraded,D:\LSH\LSH\实验\聚焦信号分类实验\1\ROI_x729_y538_w32_h39_20260626_212915\01_valid_raw_and_ifft\mat\curve_r0574_c0745_idx001169.mat,D:\LSH\LSH\实验\聚焦信号分类实验\1\ROI_x729_y538_w32_h39_20260626_212915\01_valid_raw_and_ifft\mat,valid_folder,valid,26.7875134148211,26.384666130914,0.00171093813422014,0.00108456321081263,0.000110417265674528,0.920901496760642
1940,2132,2132,574,746,2146,Good,1,slightly degraded,D:\LSH\LSH\实验\聚焦信号分类实验\1\ROI_x729_y538_w32_h39_20260626_212915\01_valid_raw_and_ifft\mat\curve_r0574_c0746_idx001170.mat,D:\LSH\LSH\实验\聚焦信号分类实验\1\ROI_x729_y538_w32_h39_20260626_212915\01_valid_raw_and_ifft\mat,valid_folder,valid,26.7952247748798,26.2818711154845,0.00157549510865876,0.000969680012181351,0.000101952545382888,0.917822495027199
1941,2133,2133,574,747,2147,Good,1,slightly degraded,D:\LSH\LSH\实验\聚焦信号分类实验\1\ROI_x729_y538_w32_h39_20260626_212915\01_valid_raw_and_ifft\mat\curve_r0574_c0747_idx001171.mat,D:\LSH\LSH\实验\聚焦信号分类实验\1\ROI_x729_y538_w32_h39_20260626_212915\01_valid_raw_and_ifft\mat,valid_folder,valid,26.9908550089018,26.690968946637,0.00167199850210306,0.000902921470144993,0.000122290392269041,0.868447211595429
1942,2134,2134,574,748,2148,Good,1,slightly degraded,D:\LSH\LSH\实验\聚焦信号分类实验\1\ROI_x729_y538_w32_h39_20260626_212915\01_valid_raw_and_ifft\mat\curve_r0574_c0748_idx001172.mat,D:\LSH\LSH\实验\聚焦信号分类实验\1\ROI_x729_y538_w32_h39_20260626_212915\01_valid_raw_and_ifft\mat,valid_folder,valid,26.8798256814523,26.2650262612471,0.00124084957564007,0.000818328761051549,8.39179706331103e-05,0.920742481648522
1943,2135,2135,574,749,2149,Good,1,slightly degraded,D:\LSH\LSH\实验\聚焦信号分类实验\1\ROI_x729_y538_w32_h39_20260626_212915\01_valid_raw_and_ifft\mat\curve_r0574_c0749_idx001173.mat,D:\LSH\LSH\实验\聚焦信号分类实验\1\ROI_x729_y538_w32_h39_20260626_212915\01_valid_raw_and_ifft\mat,valid_folder,valid,25.0226468326348,25.2326505188517,0.00227030865448944,0.0013865382680613,0.000133434165070333,0.933807504173397
1944,2136,2136,574,750,2150,Good,1,slightly degraded,D:\LSH\LSH\实验\聚焦信号分类实验\1\ROI_x729_y538_w32_h39_20260626_212915\01_valid_raw_and_ifft\mat\curve_r0574_c0750_idx001174.mat,D:\LSH\LSH\实验\聚焦信号分类实验\1\ROI_x729_y538_w32_h39_20260626_212915\01_valid_raw_and_ifft\mat,valid_folder,valid,25.2662255870761,25.7994095432715,0.0054015839865784,0.00361502419068168,0.000338844125731252,0.942554744161341
1945,2137,2137,574,751,2151,Good,1,slightly degraded,D:\LSH\LSH\实验\聚焦信号分类实验\1\ROI_x729_y538_w32_h39_20260626_212915\01_valid_raw_and_ifft\mat\curve_r0574_c0751_idx001175.mat,D:\LSH\LSH\实验\聚焦信号分类实验\1\ROI_x729_y538_w32_h39_20260626_212915\01_valid_raw_and_ifft\mat,valid_folder,valid,25.3568880367402,25.8998607142722,0.00640947531908352,0.00439259246265213,0.000415478949124274,0.941861264006252
1946,2138,2138,574,752,2152,Good,1,slightly degraded,D:\LSH\LSH\实验\聚焦信号分类实验\1\ROI_x729_y538_w32_h39_20260626_212915\01_valid_raw_and_ifft\mat\curve_r0574_c0752_idx001176.mat,D:\LSH\LSH\实验\聚焦信号分类实验\1\ROI_x729_y538_w32_h39_20260626_212915\01_valid_raw_and_ifft\mat,valid_folder,valid,25.3424295241729,25.9345085734266,0.00445555153454542,0.00337361499959794,0.000291179577825406,0.94966252556999
1947,2139,2139,574,753,2153,Good,1,slightly degraded,D:\LSH\LSH\实验\聚焦信号分类实验\1\ROI_x729_y538_w32_h39_20260626_212915\01_valid_raw_and_ifft\mat\curve_r0574_c0753_idx001177.mat,D:\LSH\LSH\实验\聚焦信号分类实验\1\ROI_x729_y538_w32_h39_20260626_212915\01_valid_raw_and_ifft\mat,valid_folder,valid,25.0907305718926,25.1767491471911,0.017777891515667,0.00997179351804463,0.00111075272108071,0.92307388526574
1948,2140,2140,574,754,2154,Good,1,slightly degraded,D:\LSH\LSH\实验\聚焦信号分类实验\1\ROI_x729_y538_w32_h39_20260626_212915\01_valid_raw_and_ifft\mat\curve_r0574_c0754_idx001178.mat,D:\LSH\LSH\实验\聚焦信号分类实验\1\ROI_x729_y538_w32_h39_20260626_212915\01_valid_raw_and_ifft\mat,valid_folder,valid,25.2420799426831,25.2658902532428,0.029466562796898,0.016534196833974,0.002034505302103,0.909620337450692
1949,2141,2141,574,755,2155,Good,1,slightly degraded,D:\LSH\LSH\实验\聚焦信号分类实验\1\ROI_x729_y538_w32_h39_20260626_212915\01_valid_raw_and_ifft\mat\curve_r0574_c0755_idx001179.mat,D:\LSH\LSH\实验\聚焦信号分类实验\1\ROI_x729_y538_w32_h39_20260626_212915\01_valid_raw_and_ifft\mat,valid_folder,valid,25.1659484874492,25.1820318814523,0.0443797530051666,0.0239193839352776,0.00312820721257307,0.899833505721009
1950,2142,2142,574,756,2156,Good,1,slightly degraded,D:\LSH\LSH\实验\聚焦信号分类实验\1\ROI_x729_y538_w32_h39_20260626_212915\01_valid_raw_and_ifft\mat\curve_r0574_c0756_idx001180.mat,D:\LSH\LSH\实验\聚焦信号分类实验\1\ROI_x729_y538_w32_h39_20260626_212915\01_valid_raw_and_ifft\mat,valid_folder,valid,25.0855180686228,25.1152647138787,0.0242814744349348,0.0132557933725968,0.00155484911954305,0.914025614580018
1951,2143,2143,574,757,2157,Good,1,slightly degraded,D:\LSH\LSH\实验\聚焦信号分类实验\1\ROI_x729_y538_w32_h39_20260626_212915\01_valid_raw_and_ifft\mat\curve_r0574_c0757_idx001181.mat,D:\LSH\LSH\实验\聚焦信号分类实验\1\ROI_x729_y538_w32_h39_20260626_212915\01_valid_raw_and_ifft\mat,valid_folder,valid,25.0980600432054,25.1269253271353,0.0304013978006013,0.015427287031262,0.00212955520233171,0.886942699169874
1952,2144,2144,574,758,2158,Good,1,slightly degraded,D:\LSH\LSH\实验\聚焦信号分类实验\1\ROI_x729_y538_w32_h39_20260626_212915\01_valid_raw_and_ifft\mat\curve_r0574_c0758_idx001182.mat,D:\LSH\LSH\实验\聚焦信号分类实验\1\ROI_x729_y538_w32_h39_20260626_212915\01_valid_raw_and_ifft\mat,valid_folder,valid,24.9678482628652,24.9119304880907,0.0257628845606123,0.0137358547471579,0.00166046366389534,0.909987742390646
1953,2145,2145,574,759,2159,Good,1,slightly degraded,D:\LSH\LSH\实验\聚焦信号分类实验\1\ROI_x729_y538_w32_h39_20260626_212915\01_valid_raw_and_ifft\mat\curve_r0574_c0759_idx001183.mat,D:\LSH\LSH\实验\聚焦信号分类实验\1\ROI_x729_y538_w32_h39_20260626_212915\01_valid_raw_and_ifft\mat,valid_folder,valid,24.7486721746583,24.4654121082636,0.0174252093536963,0.0111871056530715,0.00103870687657474,0.94778516574297
1954,2146,2146,574,760,2160,Good,1,slightly degraded,D:\LSH\LSH\实验\聚焦信号分类实验\1\ROI_x729_y538_w32_h39_20260626_212915\01_valid_raw_and_ifft\mat\curve_r0574_c0760_idx001184.mat,D:\LSH\LSH\实验\聚焦信号分类实验\1\ROI_x729_y538_w32_h39_20260626_212915\01_valid_raw_and_ifft\mat,valid_folder,valid,24.0138801656704,24.1107246055706,0.0201949242831231,0.0111558787613997,0.00125933648302758,0.919442046261583
1955,2147,2147,575,729,2161,Good,1,slightly degraded,D:\LSH\LSH\实验\聚焦信号分类实验\1\ROI_x729_y538_w32_h39_20260626_212915\01_valid_raw_and_ifft\mat\curve_r0575_c0729_idx001185.mat,D:\LSH\LSH\实验\聚焦信号分类实验\1\ROI_x729_y538_w32_h39_20260626_212915\01_valid_raw_and_ifft\mat,valid_folder,valid,29.8194114421495,30.0793174180066,0.00101410585307806,0.000854971605706895,6.2465884177871e-05,0.958647584079303
1956,2148,2148,575,737,2162,Good,1,slightly degraded,D:\LSH\LSH\实验\聚焦信号分类实验\1\ROI_x729_y538_w32_h39_20260626_212915\01_valid_raw_and_ifft\mat\curve_r0575_c0737_idx001193.mat,D:\LSH\LSH\实验\聚焦信号分类实验\1\ROI_x729_y538_w32_h39_20260626_212915\01_valid_raw_and_ifft\mat,valid_folder,valid,29.0765031542915,28.7397940422683,0.00242569686602514,0.00173376209859307,0.000135397201181658,0.957914394853914
1957,2149,2149,575,738,2163,Good,1,slightly degraded,D:\LSH\LSH\实验\聚焦信号分类实验\1\ROI_x729_y538_w32_h39_20260626_212915\01_valid_raw_and_ifft\mat\curve_r0575_c0738_idx001194.mat,D:\LSH\LSH\实验\聚焦信号分类实验\1\ROI_x729_y538_w32_h39_20260626_212915\01_valid_raw_and_ifft\mat,valid_folder,valid,27.1575894780961,27.6385226922922,0.00183045504945241,0.00146638082479321,8.5389681981151e-05,0.978148212244966
1958,2150,2150,575,739,2164,Good,1,slightly degraded,D:\LSH\LSH\实验\聚焦信号分类实验\1\ROI_x729_y538_w32_h39_20260626_212915\01_valid_raw_and_ifft\mat\curve_r0575_c0739_idx001195.mat,D:\LSH\LSH\实验\聚焦信号分类实验\1\ROI_x729_y538_w32_h39_20260626_212915\01_valid_raw_and_ifft\mat,valid_folder,valid,27.8133825934602,27.8152504100057,0.00550677888978117,0.00404802381956734,0.000268128363024019,0.972736285746634
1959,2151,2151,575,740,2165,Good,1,slightly degraded,D:\LSH\LSH\实验\聚焦信号分类实验\1\ROI_x729_y538_w32_h39_20260626_212915\01_valid_raw_and_ifft\mat\curve_r0575_c0740_idx001196.mat,D:\LSH\LSH\实验\聚焦信号分类实验\1\ROI_x729_y538_w32_h39_20260626_212915\01_valid_raw_and_ifft\mat,valid_folder,valid,27.8881632485681,27.5298567195179,0.00818961162299319,0.00584379750653568,0.000408422147784,0.969706440297494
1960,2152,2152,575,741,2166,Good,1,slightly degraded,D:\LSH\LSH\实验\聚焦信号分类实验\1\ROI_x729_y538_w32_h39_20260626_212915\01_valid_raw_and_ifft\mat\curve_r0575_c0741_idx001197.mat,D:\LSH\LSH\实验\聚焦信号分类实验\1\ROI_x729_y538_w32_h39_20260626_212915\01_valid_raw_and_ifft\mat,valid_folder,valid,27.4363996051798,27.5665122162832,0.0190384050458793,0.0127359748108113,0.00113023416072675,0.95287838601205
1961,2153,2153,575,742,2167,Good,1,slightly degraded,D:\LSH\LSH\实验\聚焦信号分类实验\1\ROI_x729_y538_w32_h39_20260626_212915\01_valid_raw_and_ifft\mat\curve_r0575_c0742_idx001198.mat,D:\LSH\LSH\实验\聚焦信号分类实验\1\ROI_x729_y538_w32_h39_20260626_212915\01_valid_raw_and_ifft\mat,valid_folder,valid,26.963027772013,27.084208246222,0.0145817139171662,0.00996052141154848,0.000745193013416129,0.965662718003478
1962,2154,2154,575,743,2168,Good,1,slightly degraded,D:\LSH\LSH\实验\聚焦信号分类实验\1\ROI_x729_y538_w32_h39_20260626_212915\01_valid_raw_and_ifft\mat\curve_r0575_c0743_idx001199.mat,D:\LSH\LSH\实验\聚焦信号分类实验\1\ROI_x729_y538_w32_h39_20260626_212915\01_valid_raw_and_ifft\mat,valid_folder,valid,27.0465628474824,27.2685219814723,0.0119742458908768,0.00715946894180821,0.000717568036407136,0.935934820558042
1963,2155,2155,575,744,2169,Good,1,slightly degraded,D:\LSH\LSH\实验\聚焦信号分类实验\1\ROI_x729_y538_w32_h39_20260626_212915\01_valid_raw_and_ifft\mat\curve_r0575_c0744_idx001200.mat,D:\LSH\LSH\实验\聚焦信号分类实验\1\ROI_x729_y538_w32_h39_20260626_212915\01_valid_raw_and_ifft\mat,valid_folder,valid,26.1990206789826,26.4256293866487,0.00315457265652226,0.00192779490018832,0.000193581885957912,0.928883471792215
1964,2156,2156,575,745,2170,Good,1,slightly degraded,D:\LSH\LSH\实验\聚焦信号分类实验\1\ROI_x729_y538_w32_h39_20260626_212915\01_valid_raw_and_ifft\mat\curve_r0575_c0745_idx001201.mat,D:\LSH\LSH\实验\聚焦信号分类实验\1\ROI_x729_y538_w32_h39_20260626_212915\01_valid_raw_and_ifft\mat,valid_folder,valid,26.7573125501203,26.0499054266456,0.000996759412124229,0.000732454171480921,8.61215065543333e-05,0.89581898006777
1965,2157,2157,575,747,2171,Good,1,slightly degraded,D:\LSH\LSH\实验\聚焦信号分类实验\1\ROI_x729_y538_w32_h39_20260626_212915\01_valid_raw_and_ifft\mat\curve_r0575_c0747_idx001203.mat,D:\LSH\LSH\实验\聚焦信号分类实验\1\ROI_x729_y538_w32_h39_20260626_212915\01_valid_raw_and_ifft\mat,valid_folder,valid,26.9266528418573,26.4188322968515,0.00128478776449597,0.000742678401502384,8.80090459078934e-05,0.897050474661655
1966,2158,2158,575,748,2172,Good,1,slightly degraded,D:\LSH\LSH\实验\聚焦信号分类实验\1\ROI_x729_y538_w32_h39_20260626_212915\01_valid_raw_and_ifft\mat\curve_r0575_c0748_idx001204.mat,D:\LSH\LSH\实验\聚焦信号分类实验\1\ROI_x729_y538_w32_h39_20260626_212915\01_valid_raw_and_ifft\mat,valid_folder,valid,26.7879261875109,26.245123253782,0.00154635042393738,0.00101009467269903,8.91781264631523e-05,0.942452649412189
1967,2159,2159,575,749,2173,Good,1,slightly degraded,D:\LSH\LSH\实验\聚焦信号分类实验\1\ROI_x729_y538_w32_h39_20260626_212915\01_valid_raw_and_ifft\mat\curve_r0575_c0749_idx001205.mat,D:\LSH\LSH\实验\聚焦信号分类实验\1\ROI_x729_y538_w32_h39_20260626_212915\01_valid_raw_and_ifft\mat,valid_folder,valid,26.5817487334487,26.1185050827987,0.00209899093549282,0.00143804087598358,0.000127800468066866,0.944240336095069
1968,2160,2160,575,750,2174,Good,1,slightly degraded,D:\LSH\LSH\实验\聚焦信号分类实验\1\ROI_x729_y538_w32_h39_20260626_212915\01_valid_raw_and_ifft\mat\curve_r0575_c0750_idx001206.mat,D:\LSH\LSH\实验\聚焦信号分类实验\1\ROI_x729_y538_w32_h39_20260626_212915\01_valid_raw_and_ifft\mat,valid_folder,valid,26.8373842773224,26.3114134130745,0.00271592477789115,0.00160364385230378,0.000169769271228374,0.922158855624933
1969,2161,2161,575,751,2175,Good,1,slightly degraded,D:\LSH\LSH\实验\聚焦信号分类实验\1\ROI_x729_y538_w32_h39_20260626_212915\01_valid_raw_and_ifft\mat\curve_r0575_c0751_idx001207.mat,D:\LSH\LSH\实验\聚焦信号分类实验\1\ROI_x729_y538_w32_h39_20260626_212915\01_valid_raw_and_ifft\mat,valid_folder,valid,26.7360813466136,26.1367455511835,0.00258440541446526,0.00171785187688179,0.000152386593158833,0.945067379076245
1970,2162,2162,575,752,2176,Good,1,slightly degraded,D:\LSH\LSH\实验\聚焦信号分类实验\1\ROI_x729_y538_w32_h39_20260626_212915\01_valid_raw_and_ifft\mat\curve_r0575_c0752_idx001208.mat,D:\LSH\LSH\实验\聚焦信号分类实验\1\ROI_x729_y538_w32_h39_20260626_212915\01_valid_raw_and_ifft\mat,valid_folder,valid,25.1006910870857,25.3219186248274,0.00330351456445947,0.00199544719760564,0.000186472765123693,0.938017245679175
1971,2163,2163,575,753,2177,Good,1,slightly degraded,D:\LSH\LSH\实验\聚焦信号分类实验\1\ROI_x729_y538_w32_h39_20260626_212915\01_valid_raw_and_ifft\mat\curve_r0575_c0753_idx001209.mat,D:\LSH\LSH\实验\聚焦信号分类实验\1\ROI_x729_y538_w32_h39_20260626_212915\01_valid_raw_and_ifft\mat,valid_folder,valid,25.0916490718984,25.1413857923738,0.0185544302288375,0.0101188533483617,0.00117253337567302,0.915213097096766
1972,2164,2164,575,754,2178,Good,1,slightly degraded,D:\LSH\LSH\实验\聚焦信号分类实验\1\ROI_x729_y538_w32_h39_20260626_212915\01_valid_raw_and_ifft\mat\curve_r0575_c0754_idx001210.mat,D:\LSH\LSH\实验\聚焦信号分类实验\1\ROI_x729_y538_w32_h39_20260626_212915\01_valid_raw_and_ifft\mat,valid_folder,valid,25.2599665102942,25.2521205542302,0.0301280230643543,0.0175817228313093,0.00201623989130242,0.920547802995433
1973,2165,2165,575,755,2179,Good,1,slightly degraded,D:\LSH\LSH\实验\聚焦信号分类实验\1\ROI_x729_y538_w32_h39_20260626_212915\01_valid_raw_and_ifft\mat\curve_r0575_c0755_idx001211.mat,D:\LSH\LSH\实验\聚焦信号分类实验\1\ROI_x729_y538_w32_h39_20260626_212915\01_valid_raw_and_ifft\mat,valid_folder,valid,25.194860197331,25.2354880054884,0.0361761807936595,0.019730514844687,0.0025074676581945,0.903697956497086
1974,2166,2166,575,756,2180,Good,1,slightly degraded,D:\LSH\LSH\实验\聚焦信号分类实验\1\ROI_x729_y538_w32_h39_20260626_212915\01_valid_raw_and_ifft\mat\curve_r0575_c0756_idx001212.mat,D:\LSH\LSH\实验\聚焦信号分类实验\1\ROI_x729_y538_w32_h39_20260626_212915\01_valid_raw_and_ifft\mat,valid_folder,valid,24.9305823895081,24.9390926391821,0.0115976889690623,0.00665280762574787,0.000682742749930146,0.930374319160963
1975,2167,2167,575,757,2181,Good,1,slightly degraded,D:\LSH\LSH\实验\聚焦信号分类实验\1\ROI_x729_y538_w32_h39_20260626_212915\01_valid_raw_and_ifft\mat\curve_r0575_c0757_idx001213.mat,D:\LSH\LSH\实验\聚焦信号分类实验\1\ROI_x729_y538_w32_h39_20260626_212915\01_valid_raw_and_ifft\mat,valid_folder,valid,24.9576157480141,24.9426133290721,0.0083216101155332,0.0047622118744883,0.000486150169339503,0.930651128628164
1976,2168,2168,575,758,2182,Good,1,slightly degraded,D:\LSH\LSH\实验\聚焦信号分类实验\1\ROI_x729_y538_w32_h39_20260626_212915\01_valid_raw_and_ifft\mat\curve_r0575_c0758_idx001214.mat,D:\LSH\LSH\实验\聚焦信号分类实验\1\ROI_x729_y538_w32_h39_20260626_212915\01_valid_raw_and_ifft\mat,valid_folder,valid,24.2979699731519,24.2966166411751,0.00726376277712434,0.00512335551247893,0.000404033985254462,0.960434992587064
1977,2169,2169,575,759,2183,Good,1,slightly degraded,D:\LSH\LSH\实验\聚焦信号分类实验\1\ROI_x729_y538_w32_h39_20260626_212915\01_valid_raw_and_ifft\mat\curve_r0575_c0759_idx001215.mat,D:\LSH\LSH\实验\聚焦信号分类实验\1\ROI_x729_y538_w32_h39_20260626_212915\01_valid_raw_and_ifft\mat,valid_folder,valid,23.4211676667748,23.8193232261165,0.017469855395709,0.010853244159755,0.00114976126102227,0.929760506913269
1978,2170,2170,575,760,2184,Good,1,slightly degraded,D:\LSH\LSH\实验\聚焦信号分类实验\1\ROI_x729_y538_w32_h39_20260626_212915\01_valid_raw_and_ifft\mat\curve_r0575_c0760_idx001216.mat,D:\LSH\LSH\实验\聚焦信号分类实验\1\ROI_x729_y538_w32_h39_20260626_212915\01_valid_raw_and_ifft\mat,valid_folder,valid,24.255264939953,24.198997394903,0.0300569490145277,0.0195850878455471,0.00199960196922381,0.937348489827839
1979,2171,2171,576,729,2185,Good,1,slightly degraded,D:\LSH\LSH\实验\聚焦信号分类实验\1\ROI_x729_y538_w32_h39_20260626_212915\01_valid_raw_and_ifft\mat\curve_r0576_c0729_idx001217.mat,D:\LSH\LSH\实验\聚焦信号分类实验\1\ROI_x729_y538_w32_h39_20260626_212915\01_valid_raw_and_ifft\mat,valid_folder,valid,29.1693653412669,29.6755117188282,0.00194091804772116,0.00133364823727107,0.000113932463042044,0.946341878113098
1980,2172,2172,576,737,2186,Good,1,slightly degraded,D:\LSH\LSH\实验\聚焦信号分类实验\1\ROI_x729_y538_w32_h39_20260626_212915\01_valid_raw_and_ifft\mat\curve_r0576_c0737_idx001225.mat,D:\LSH\LSH\实验\聚焦信号分类实验\1\ROI_x729_y538_w32_h39_20260626_212915\01_valid_raw_and_ifft\mat,valid_folder,valid,29.7061946698369,28.7742571735993,0.00134051568999807,0.00110616499031318,7.59525451949043e-05,0.967301128673938
1981,2173,2173,576,738,2187,Good,1,slightly degraded,D:\LSH\LSH\实验\聚焦信号分类实验\1\ROI_x729_y538_w32_h39_20260626_212915\01_valid_raw_and_ifft\mat\curve_r0576_c0738_idx001226.mat,D:\LSH\LSH\实验\聚焦信号分类实验\1\ROI_x729_y538_w32_h39_20260626_212915\01_valid_raw_and_ifft\mat,valid_folder,valid,25.2742961074671,28.9375086399655,0.000984277975991755,0.000755143462662831,7.2806766023344e-05,0.950103461283733
1982,2174,2174,576,739,2188,Good,1,slightly degraded,D:\LSH\LSH\实验\聚焦信号分类实验\1\ROI_x729_y538_w32_h39_20260626_212915\01_valid_raw_and_ifft\mat\curve_r0576_c0739_idx001227.mat,D:\LSH\LSH\实验\聚焦信号分类实验\1\ROI_x729_y538_w32_h39_20260626_212915\01_valid_raw_and_ifft\mat,valid_folder,valid,27.2412664784249,27.2390408058121,0.00286562582374705,0.00212864046487025,0.000136487379167128,0.971687042441846
1983,2175,2175,576,740,2189,Good,1,slightly degraded,D:\LSH\LSH\实验\聚焦信号分类实验\1\ROI_x729_y538_w32_h39_20260626_212915\01_valid_raw_and_ifft\mat\curve_r0576_c0740_idx001228.mat,D:\LSH\LSH\实验\聚焦信号分类实验\1\ROI_x729_y538_w32_h39_20260626_212915\01_valid_raw_and_ifft\mat,valid_folder,valid,28.7591584147758,27.9552499265592,0.00406780451164554,0.00293375812399133,0.000258518852414424,0.951691811777354
1984,2176,2176,576,741,2190,Good,1,slightly degraded,D:\LSH\LSH\实验\聚焦信号分类实验\1\ROI_x729_y538_w32_h39_20260626_212915\01_valid_raw_and_ifft\mat\curve_r0576_c0741_idx001229.mat,D:\LSH\LSH\实验\聚焦信号分类实验\1\ROI_x729_y538_w32_h39_20260626_212915\01_valid_raw_and_ifft\mat,valid_folder,valid,27.3142649088461,27.3208703435566,0.012389371524367,0.00854561318303511,0.000700380307693987,0.959310290170718
1985,2177,2177,576,742,2191,Good,1,slightly degraded,D:\LSH\LSH\实验\聚焦信号分类实验\1\ROI_x729_y538_w32_h39_20260626_212915\01_valid_raw_and_ifft\mat\curve_r0576_c0742_idx001230.mat,D:\LSH\LSH\实验\聚焦信号分类实验\1\ROI_x729_y538_w32_h39_20260626_212915\01_valid_raw_and_ifft\mat,valid_folder,valid,26.8264444657302,27.1113494667478,0.0109519990577209,0.00829014953429935,0.000631344522258106,0.963883880631629
1986,2178,2178,576,743,2192,Good,1,slightly degraded,D:\LSH\LSH\实验\聚焦信号分类实验\1\ROI_x729_y538_w32_h39_20260626_212915\01_valid_raw_and_ifft\mat\curve_r0576_c0743_idx001231.mat,D:\LSH\LSH\实验\聚焦信号分类实验\1\ROI_x729_y538_w32_h39_20260626_212915\01_valid_raw_and_ifft\mat,valid_folder,valid,27.0764867816228,27.2314082993663,0.0120710477312983,0.00775418581627489,0.000674068095310282,0.953291884616211
1987,2179,2179,576,744,2193,Good,1,slightly degraded,D:\LSH\LSH\实验\聚焦信号分类实验\1\ROI_x729_y538_w32_h39_20260626_212915\01_valid_raw_and_ifft\mat\curve_r0576_c0744_idx001232.mat,D:\LSH\LSH\实验\聚焦信号分类实验\1\ROI_x729_y538_w32_h39_20260626_212915\01_valid_raw_and_ifft\mat,valid_folder,valid,26.1041175427419,26.441960107712,0.00290988426044481,0.00177716039954848,0.00025216325393087,0.881012118407545
1988,2180,2180,576,745,2194,Good,1,slightly degraded,D:\LSH\LSH\实验\聚焦信号分类实验\1\ROI_x729_y538_w32_h39_20260626_212915\01_valid_raw_and_ifft\mat\curve_r0576_c0745_idx001233.mat,D:\LSH\LSH\实验\聚焦信号分类实验\1\ROI_x729_y538_w32_h39_20260626_212915\01_valid_raw_and_ifft\mat,valid_folder,valid,25.0307571259969,25.6871212389018,0.000677866495266524,0.000568980226478655,7.01940181242073e-05,0.895262563895044
1989,2181,2181,576,746,2195,Good,1,slightly degraded,D:\LSH\LSH\实验\聚焦信号分类实验\1\ROI_x729_y538_w32_h39_20260626_212915\01_valid_raw_and_ifft\mat\curve_r0576_c0746_idx001234.mat,D:\LSH\LSH\实验\聚焦信号分类实验\1\ROI_x729_y538_w32_h39_20260626_212915\01_valid_raw_and_ifft\mat,valid_folder,valid,26.8471741981638,26.650951721218,0.00117790818064508,0.000668853252290584,8.67636587076987e-05,0.87303571104419
1990,2182,2182,576,747,2196,Good,1,slightly degraded,D:\LSH\LSH\实验\聚焦信号分类实验\1\ROI_x729_y538_w32_h39_20260626_212915\01_valid_raw_and_ifft\mat\curve_r0576_c0747_idx001235.mat,D:\LSH\LSH\实验\聚焦信号分类实验\1\ROI_x729_y538_w32_h39_20260626_212915\01_valid_raw_and_ifft\mat,valid_folder,valid,26.4098335915649,25.9942940763593,0.00148922944509273,0.00113557162568601,9.04568800825477e-05,0.952747546955511
1991,2183,2183,576,748,2197,Good,1,slightly degraded,D:\LSH\LSH\实验\聚焦信号分类实验\1\ROI_x729_y538_w32_h39_20260626_212915\01_valid_raw_and_ifft\mat\curve_r0576_c0748_idx001236.mat,D:\LSH\LSH\实验\聚焦信号分类实验\1\ROI_x729_y538_w32_h39_20260626_212915\01_valid_raw_and_ifft\mat,valid_folder,valid,24.1349893645748,25.2761859096363,0.00324985832027788,0.00215030664110706,0.00023371983812289,0.923227832718237
1992,2184,2184,576,749,2198,Good,1,slightly degraded,D:\LSH\LSH\实验\聚焦信号分类实验\1\ROI_x729_y538_w32_h39_20260626_212915\01_valid_raw_and_ifft\mat\curve_r0576_c0749_idx001237.mat,D:\LSH\LSH\实验\聚焦信号分类实验\1\ROI_x729_y538_w32_h39_20260626_212915\01_valid_raw_and_ifft\mat,valid_folder,valid,25.8368211712365,25.6732452924261,0.0111801881286574,0.00691312353754654,0.000652625276065042,0.94497635320256
1993,2185,2185,576,750,2199,Good,1,slightly degraded,D:\LSH\LSH\实验\聚焦信号分类实验\1\ROI_x729_y538_w32_h39_20260626_212915\01_valid_raw_and_ifft\mat\curve_r0576_c0750_idx001238.mat,D:\LSH\LSH\实验\聚焦信号分类实验\1\ROI_x729_y538_w32_h39_20260626_212915\01_valid_raw_and_ifft\mat,valid_folder,valid,26.0018717637336,25.9255796847142,0.0135835567284738,0.00831057092128168,0.000806292231041607,0.940807024507258
1994,2186,2186,576,751,2200,Good,1,slightly degraded,D:\LSH\LSH\实验\聚焦信号分类实验\1\ROI_x729_y538_w32_h39_20260626_212915\01_valid_raw_and_ifft\mat\curve_r0576_c0751_idx001239.mat,D:\LSH\LSH\实验\聚焦信号分类实验\1\ROI_x729_y538_w32_h39_20260626_212915\01_valid_raw_and_ifft\mat,valid_folder,valid,26.1000862893931,26.1333265426744,0.0110982648152647,0.00609267107225486,0.000736482922632896,0.909675497486183
1995,2187,2187,576,752,2201,Good,1,slightly degraded,D:\LSH\LSH\实验\聚焦信号分类实验\1\ROI_x729_y538_w32_h39_20260626_212915\01_valid_raw_and_ifft\mat\curve_r0576_c0752_idx001240.mat,D:\LSH\LSH\实验\聚焦信号分类实验\1\ROI_x729_y538_w32_h39_20260626_212915\01_valid_raw_and_ifft\mat,valid_folder,valid,25.2918224133853,25.7286357887536,0.00210784322550096,0.00134104512709726,0.000129417325412015,0.933963216328
1996,2188,2188,576,753,2202,Good,1,slightly degraded,D:\LSH\LSH\实验\聚焦信号分类实验\1\ROI_x729_y538_w32_h39_20260626_212915\01_valid_raw_and_ifft\mat\curve_r0576_c0753_idx001241.mat,D:\LSH\LSH\实验\聚焦信号分类实验\1\ROI_x729_y538_w32_h39_20260626_212915\01_valid_raw_and_ifft\mat,valid_folder,valid,25.1295098962428,25.2524503058147,0.00454667332382919,0.00239841790204811,0.000305524573416558,0.888944935677062
1997,2189,2189,576,754,2203,Good,1,slightly degraded,D:\LSH\LSH\实验\聚焦信号分类实验\1\ROI_x729_y538_w32_h39_20260626_212915\01_valid_raw_and_ifft\mat\curve_r0576_c0754_idx001242.mat,D:\LSH\LSH\实验\聚焦信号分类实验\1\ROI_x729_y538_w32_h39_20260626_212915\01_valid_raw_and_ifft\mat,valid_folder,valid,25.2650134761089,25.3539683062688,0.00858346585232047,0.00488057280186855,0.00057359688113978,0.911485784521828
1998,2190,2190,576,755,2204,Good,1,slightly degraded,D:\LSH\LSH\实验\聚焦信号分类实验\1\ROI_x729_y538_w32_h39_20260626_212915\01_valid_raw_and_ifft\mat\curve_r0576_c0755_idx001243.mat,D:\LSH\LSH\实验\聚焦信号分类实验\1\ROI_x729_y538_w32_h39_20260626_212915\01_valid_raw_and_ifft\mat,valid_folder,valid,25.2458953274926,25.2587726149147,0.0116219292520729,0.00685757758592676,0.000740711124965251,0.924321769922821
1999,2191,2191,576,756,2205,Good,1,slightly degraded,D:\LSH\LSH\实验\聚焦信号分类实验\1\ROI_x729_y538_w32_h39_20260626_212915\01_valid_raw_and_ifft\mat\curve_r0576_c0756_idx001244.mat,D:\LSH\LSH\实验\聚焦信号分类实验\1\ROI_x729_y538_w32_h39_20260626_212915\01_valid_raw_and_ifft\mat,valid_folder,valid,24.9604321015102,24.9468857255674,0.0100272418667006,0.00653621450679267,0.000587020517690625,0.948007780660822
2000,2192,2192,576,757,2206,Good,1,slightly degraded,D:\LSH\LSH\实验\聚焦信号分类实验\1\ROI_x729_y538_w32_h39_20260626_212915\01_valid_raw_and_ifft\mat\curve_r0576_c0757_idx001245.mat,D:\LSH\LSH\实验\聚焦信号分类实验\1\ROI_x729_y538_w32_h39_20260626_212915\01_valid_raw_and_ifft\mat,valid_folder,valid,25.4819793012228,25.3386220648774,0.00564494070388226,0.00387092334860429,0.000319598760633979,0.954894704635338
2001,2193,2193,576,758,2207,Good,1,slightly degraded,D:\LSH\LSH\实验\聚焦信号分类实验\1\ROI_x729_y538_w32_h39_20260626_212915\01_valid_raw_and_ifft\mat\curve_r0576_c0758_idx001246.mat,D:\LSH\LSH\实验\聚焦信号分类实验\1\ROI_x729_y538_w32_h39_20260626_212915\01_valid_raw_and_ifft\mat,valid_folder,valid,24.2733692234642,24.1712369732096,0.00541620317593634,0.00415440918889649,0.000300692602264929,0.966374840740803
2002,2194,2194,576,759,2208,Good,1,slightly degraded,D:\LSH\LSH\实验\聚焦信号分类实验\1\ROI_x729_y538_w32_h39_20260626_212915\01_valid_raw_and_ifft\mat\curve_r0576_c0759_idx001247.mat,D:\LSH\LSH\实验\聚焦信号分类实验\1\ROI_x729_y538_w32_h39_20260626_212915\01_valid_raw_and_ifft\mat,valid_folder,valid,23.4329148937022,23.7449916988861,0.0170548571182329,0.0104716874588368,0.00112433559617593,0.927650844391699
2003,2195,2195,576,760,2209,Good,1,slightly degraded,D:\LSH\LSH\实验\聚焦信号分类实验\1\ROI_x729_y538_w32_h39_20260626_212915\01_valid_raw_and_ifft\mat\curve_r0576_c0760_idx001248.mat,D:\LSH\LSH\实验\聚焦信号分类实验\1\ROI_x729_y538_w32_h39_20260626_212915\01_valid_raw_and_ifft\mat,valid_folder,valid,24.2123069805568,24.1527901326818,0.0304727935565501,0.0199723439197228,0.00198591534759947,0.940450735962798
2004,2198,2198,556,738,2212,Good,1,slightly degraded,D:\LSH\LSH\实验\聚焦信号分类实验\1\ROI_x729_y538_w32_h39_20260626_212915\02_invalid_raw_only\mat\curve_r0556_c0738_idx000586.mat,D:\LSH\LSH\实验\聚焦信号分类实验\1\ROI_x729_y538_w32_h39_20260626_212915\02_invalid_raw_only\mat,valid_folder,invalid,25.8988326416476,26.0714622049415,0.000860195828844157,0.000585905476964762,6.18424274870754e-05,0.942234848885776
2005,2199,2199,556,744,2213,Good,1,slightly degraded,D:\LSH\LSH\实验\聚焦信号分类实验\1\ROI_x729_y538_w32_h39_20260626_212915\02_invalid_raw_only\mat\curve_r0556_c0744_idx000592.mat,D:\LSH\LSH\实验\聚焦信号分类实验\1\ROI_x729_y538_w32_h39_20260626_212915\02_invalid_raw_only\mat,valid_folder,invalid,28.3720994162449,28.3790156029505,0.000983395219201463,0.000657744095202607,7.40983379777366e-05,0.896927763641522
2006,2200,2200,556,745,2214,Good,1,slightly degraded,D:\LSH\LSH\实验\聚焦信号分类实验\1\ROI_x729_y538_w32_h39_20260626_212915\02_invalid_raw_only\mat\curve_r0556_c0745_idx000593.mat,D:\LSH\LSH\实验\聚焦信号分类实验\1\ROI_x729_y538_w32_h39_20260626_212915\02_invalid_raw_only\mat,valid_folder,invalid,28.1291204340198,28.1638887664746,0.00108465842421854,0.00066206605025835,7.48077148340174e-05,0.894525484980247
2007,2202,2202,557,744,2216,Good,1,slightly degraded,D:\LSH\LSH\实验\聚焦信号分类实验\1\ROI_x729_y538_w32_h39_20260626_212915\02_invalid_raw_only\mat\curve_r0557_c0744_idx000624.mat,D:\LSH\LSH\实验\聚焦信号分类实验\1\ROI_x729_y538_w32_h39_20260626_212915\02_invalid_raw_only\mat,valid_folder,invalid,28.0865069641756,28.1728624546789,0.00104957798479849,0.000609982775234012,7.83412453777938e-05,0.873788789410032
2008,2203,2203,557,745,2217,Good,1,slightly degraded,D:\LSH\LSH\实验\聚焦信号分类实验\1\ROI_x729_y538_w32_h39_20260626_212915\02_invalid_raw_only\mat\curve_r0557_c0745_idx000625.mat,D:\LSH\LSH\实验\聚焦信号分类实验\1\ROI_x729_y538_w32_h39_20260626_212915\02_invalid_raw_only\mat,valid_folder,invalid,27.9937717203209,28.007788836905,0.00132791734850558,0.000690259375057976,0.000102254277750417,0.845313188273442
2009,2204,2204,557,746,2218,Good,1,slightly degraded,D:\LSH\LSH\实验\聚焦信号分类实验\1\ROI_x729_y538_w32_h39_20260626_212915\02_invalid_raw_only\mat\curve_r0557_c0746_idx000626.mat,D:\LSH\LSH\实验\聚焦信号分类实验\1\ROI_x729_y538_w32_h39_20260626_212915\02_invalid_raw_only\mat,valid_folder,invalid,27.2531181085283,27.7314771798416,0.00170475220401687,0.00106752975962084,0.000127477970849073,0.900840520690781
2010,2205,2205,561,729,2219,Good,1,slightly degraded,D:\LSH\LSH\实验\聚焦信号分类实验\1\ROI_x729_y538_w32_h39_20260626_212915\02_invalid_raw_only\mat\curve_r0561_c0729_idx000737.mat,D:\LSH\LSH\实验\聚焦信号分类实验\1\ROI_x729_y538_w32_h39_20260626_212915\02_invalid_raw_only\mat,valid_folder,invalid,29.9798292311947,29.8605411482254,0.00153259042590167,0.000803281755768127,0.00010811687845408,0.86169166564415
2011,2206,2206,561,730,2220,Good,1,slightly degraded,D:\LSH\LSH\实验\聚焦信号分类实验\1\ROI_x729_y538_w32_h39_20260626_212915\02_invalid_raw_only\mat\curve_r0561_c0730_idx000738.mat,D:\LSH\LSH\实验\聚焦信号分类实验\1\ROI_x729_y538_w32_h39_20260626_212915\02_invalid_raw_only\mat,valid_folder,invalid,29.5592740605225,29.3775008086755,0.00170501578614515,0.00107995029075744,0.000116894604361896,0.913877485094296
2012,2207,2207,561,739,2221,Good,1,slightly degraded,D:\LSH\LSH\实验\聚焦信号分类实验\1\ROI_x729_y538_w32_h39_20260626_212915\02_invalid_raw_only\mat\curve_r0561_c0739_idx000747.mat,D:\LSH\LSH\实验\聚焦信号分类实验\1\ROI_x729_y538_w32_h39_20260626_212915\02_invalid_raw_only\mat,valid_folder,invalid,28.9078078326205,28.8631721348005,0.00217802760586302,0.00112600669540175,0.000166361491862936,0.858359789351744
2013,2208,2208,561,740,2222,Good,1,slightly degraded,D:\LSH\LSH\实验\聚焦信号分类实验\1\ROI_x729_y538_w32_h39_20260626_212915\02_invalid_raw_only\mat\curve_r0561_c0740_idx000748.mat,D:\LSH\LSH\实验\聚焦信号分类实验\1\ROI_x729_y538_w32_h39_20260626_212915\02_invalid_raw_only\mat,valid_folder,invalid,28.9035554718661,28.7913352895733,0.00186817606398455,0.00101497944868695,0.000132710278032792,0.88175641888445
2014,2209,2209,561,741,2223,Good,1,slightly degraded,D:\LSH\LSH\实验\聚焦信号分类实验\1\ROI_x729_y538_w32_h39_20260626_212915\02_invalid_raw_only\mat\curve_r0561_c0741_idx000749.mat,D:\LSH\LSH\实验\聚焦信号分类实验\1\ROI_x729_y538_w32_h39_20260626_212915\02_invalid_raw_only\mat,valid_folder,invalid,28.6218070304171,28.1431734172457,0.00170651503987487,0.00123300015504093,0.000129351434638918,0.922615402086552
2015,2212,2212,561,745,2227,Good,1,slightly degraded,D:\LSH\LSH\实验\聚焦信号分类实验\1\ROI_x729_y538_w32_h39_20260626_212915\02_invalid_raw_only\mat\curve_r0561_c0745_idx000753.mat,D:\LSH\LSH\实验\聚焦信号分类实验\1\ROI_x729_y538_w32_h39_20260626_212915\02_invalid_raw_only\mat,valid_folder,invalid,27.2011788074707,27.5783979899258,0.00139517479121518,0.00075018844155059,0.000107909138488349,0.854649536166197
2016,2215,2215,561,749,2231,Good,1,slightly degraded,D:\LSH\LSH\实验\聚焦信号分类实验\1\ROI_x729_y538_w32_h39_20260626_212915\02_invalid_raw_only\mat\curve_r0561_c0749_idx000757.mat,D:\LSH\LSH\实验\聚焦信号分类实验\1\ROI_x729_y538_w32_h39_20260626_212915\02_invalid_raw_only\mat,valid_folder,invalid,27.2086713453075,27.3089097095345,0.000938031593830728,0.000530520666544368,7.5438531341309e-05,0.857102900318166
2017,2216,2216,562,729,2232,Good,1,slightly degraded,D:\LSH\LSH\实验\聚焦信号分类实验\1\ROI_x729_y538_w32_h39_20260626_212915\02_invalid_raw_only\mat\curve_r0562_c0729_idx000769.mat,D:\LSH\LSH\实验\聚焦信号分类实验\1\ROI_x729_y538_w32_h39_20260626_212915\02_invalid_raw_only\mat,valid_folder,invalid,29.8637489383853,29.4104242831546,0.000927503567661486,0.000608397867775476,6.44671261353946e-05,0.911332811334217
2018,2217,2217,562,730,2233,Good,1,slightly degraded,D:\LSH\LSH\实验\聚焦信号分类实验\1\ROI_x729_y538_w32_h39_20260626_212915\02_invalid_raw_only\mat\curve_r0562_c0730_idx000770.mat,D:\LSH\LSH\实验\聚焦信号分类实验\1\ROI_x729_y538_w32_h39_20260626_212915\02_invalid_raw_only\mat,valid_folder,invalid,29.5668795791847,29.3230045523527,0.00150813904416754,0.000977221659930193,9.72425152899825e-05,0.925689647269698
2019,2218,2218,562,739,2234,Good,1,slightly degraded,D:\LSH\LSH\实验\聚焦信号分类实验\1\ROI_x729_y538_w32_h39_20260626_212915\02_invalid_raw_only\mat\curve_r0562_c0739_idx000779.mat,D:\LSH\LSH\实验\聚焦信号分类实验\1\ROI_x729_y538_w32_h39_20260626_212915\02_invalid_raw_only\mat,valid_folder,invalid,28.7921172882069,28.5532299111645,0.00166499193904406,0.000860313477043817,0.000132910215362985,0.842449689785048
2020,2219,2219,562,740,2235,Good,1,slightly degraded,D:\LSH\LSH\实验\聚焦信号分类实验\1\ROI_x729_y538_w32_h39_20260626_212915\02_invalid_raw_only\mat\curve_r0562_c0740_idx000780.mat,D:\LSH\LSH\实验\聚焦信号分类实验\1\ROI_x729_y538_w32_h39_20260626_212915\02_invalid_raw_only\mat,valid_folder,invalid,28.7763440987188,28.5801005266147,0.00171566800576893,0.000882667240572135,0.000138149000863831,0.845287239103781
2021,2220,2220,562,741,2236,Good,1,slightly degraded,D:\LSH\LSH\实验\聚焦信号分类实验\1\ROI_x729_y538_w32_h39_20260626_212915\02_invalid_raw_only\mat\curve_r0562_c0741_idx000781.mat,D:\LSH\LSH\实验\聚焦信号分类实验\1\ROI_x729_y538_w32_h39_20260626_212915\02_invalid_raw_only\mat,valid_folder,invalid,28.7360990466975,28.4080255832681,0.00157851264800246,0.000879589226788986,0.00012100941140577,0.877578922972601
2022,2222,2222,562,743,2238,Good,1,slightly degraded,D:\LSH\LSH\实验\聚焦信号分类实验\1\ROI_x729_y538_w32_h39_20260626_212915\02_invalid_raw_only\mat\curve_r0562_c0743_idx000783.mat,D:\LSH\LSH\实验\聚焦信号分类实验\1\ROI_x729_y538_w32_h39_20260626_212915\02_invalid_raw_only\mat,valid_folder,invalid,28.9571695324049,28.7593597394794,0.000754946167023155,0.000387242397315168,7.44035054971534e-05,0.765654443720325
2023,2228,2228,562,749,2244,Good,1,slightly degraded,D:\LSH\LSH\实验\聚焦信号分类实验\1\ROI_x729_y538_w32_h39_20260626_212915\02_invalid_raw_only\mat\curve_r0562_c0749_idx000789.mat,D:\LSH\LSH\实验\聚焦信号分类实验\1\ROI_x729_y538_w32_h39_20260626_212915\02_invalid_raw_only\mat,valid_folder,invalid,27.0029032590001,26.9469133067445,0.000844966156988802,0.000386158504779417,7.37056292176526e-05,0.770016758855203
2024,2229,2229,562,750,2245,Good,1,slightly degraded,D:\LSH\LSH\实验\聚焦信号分类实验\1\ROI_x729_y538_w32_h39_20260626_212915\02_invalid_raw_only\mat\curve_r0562_c0750_idx000790.mat,D:\LSH\LSH\实验\聚焦信号分类实验\1\ROI_x729_y538_w32_h39_20260626_212915\02_invalid_raw_only\mat,valid_folder,invalid,26.9927342753008,26.908865475533,0.00186056475400347,0.000710443630479887,0.00016975245508108,0.693894664002459
2025,2230,2230,562,751,2246,Good,1,slightly degraded,D:\LSH\LSH\实验\聚焦信号分类实验\1\ROI_x729_y538_w32_h39_20260626_212915\02_invalid_raw_only\mat\curve_r0562_c0751_idx000791.mat,D:\LSH\LSH\实验\聚焦信号分类实验\1\ROI_x729_y538_w32_h39_20260626_212915\02_invalid_raw_only\mat,valid_folder,invalid,26.9943707223565,26.9021155365226,0.00164129077922889,0.000653580066406047,0.000145591139247106,0.715593226654314
2026,2231,2231,563,744,2247,Good,1,slightly degraded,D:\LSH\LSH\实验\聚焦信号分类实验\1\ROI_x729_y538_w32_h39_20260626_212915\02_invalid_raw_only\mat\curve_r0563_c0744_idx000816.mat,D:\LSH\LSH\实验\聚焦信号分类实验\1\ROI_x729_y538_w32_h39_20260626_212915\02_invalid_raw_only\mat,valid_folder,invalid,27.5278508390077,27.4970140547653,0.000954653647487784,0.000637763372100182,6.78992270341553e-05,0.915815501888309
2027,2232,2232,563,749,2249,Good,1,slightly degraded,D:\LSH\LSH\实验\聚焦信号分类实验\1\ROI_x729_y538_w32_h39_20260626_212915\02_invalid_raw_only\mat\curve_r0563_c0749_idx000821.mat,D:\LSH\LSH\实验\聚焦信号分类实验\1\ROI_x729_y538_w32_h39_20260626_212915\02_invalid_raw_only\mat,valid_folder,invalid,26.9569264366307,26.7941624950988,0.00105631933191886,0.000476685234288551,9.05956754221801e-05,0.771679051495268
2028,2237,2237,564,751,2254,Good,1,slightly degraded,D:\LSH\LSH\实验\聚焦信号分类实验\1\ROI_x729_y538_w32_h39_20260626_212915\02_invalid_raw_only\mat\curve_r0564_c0751_idx000855.mat,D:\LSH\LSH\实验\聚焦信号分类实验\1\ROI_x729_y538_w32_h39_20260626_212915\02_invalid_raw_only\mat,valid_folder,invalid,26.7623909371604,26.5622455599535,0.000949682979867803,0.000573554577235157,7.34073293020985e-05,0.869490711447475
2029,2239,2239,564,753,2256,Good,1,slightly degraded,D:\LSH\LSH\实验\聚焦信号分类实验\1\ROI_x729_y538_w32_h39_20260626_212915\02_invalid_raw_only\mat\curve_r0564_c0753_idx000857.mat,D:\LSH\LSH\实验\聚焦信号分类实验\1\ROI_x729_y538_w32_h39_20260626_212915\02_invalid_raw_only\mat,valid_folder,invalid,26.4213174835267,26.459465367218,0.000955528147567886,0.000657729414680943,7.0900831323571e-05,0.909197637491523
2030,2240,2240,565,755,2257,Good,1,slightly degraded,D:\LSH\LSH\实验\聚焦信号分类实验\1\ROI_x729_y538_w32_h39_20260626_212915\02_invalid_raw_only\mat\curve_r0565_c0755_idx000891.mat,D:\LSH\LSH\实验\聚焦信号分类实验\1\ROI_x729_y538_w32_h39_20260626_212915\02_invalid_raw_only\mat,valid_folder,invalid,25.8939156130407,25.9509633830421,0.00109723581096659,0.000667657575082695,7.8636164386428e-05,0.895632306084824
2031,2241,2241,565,756,2258,Good,1,slightly degraded,D:\LSH\LSH\实验\聚焦信号分类实验\1\ROI_x729_y538_w32_h39_20260626_212915\02_invalid_raw_only\mat\curve_r0565_c0756_idx000892.mat,D:\LSH\LSH\实验\聚焦信号分类实验\1\ROI_x729_y538_w32_h39_20260626_212915\02_invalid_raw_only\mat,valid_folder,invalid,25.7140404015731,25.5829139737881,0.0010748919717743,0.000655836043421151,8.19856293861071e-05,0.882023621494986
2032,2242,2242,570,747,2259,Good,1,slightly degraded,D:\LSH\LSH\实验\聚焦信号分类实验\1\ROI_x729_y538_w32_h39_20260626_212915\02_invalid_raw_only\mat\curve_r0570_c0747_idx001043.mat,D:\LSH\LSH\实验\聚焦信号分类实验\1\ROI_x729_y538_w32_h39_20260626_212915\02_invalid_raw_only\mat,valid_folder,invalid,26.1273096331145,26.3787808428665,0.00076681944217372,0.000654400215732001,6.34187458829821e-05,0.932225702669279
2033,2247,2247,571,759,2265,Good,1,slightly degraded,D:\LSH\LSH\实验\聚焦信号分类实验\1\ROI_x729_y538_w32_h39_20260626_212915\02_invalid_raw_only\mat\curve_r0571_c0759_idx001087.mat,D:\LSH\LSH\实验\聚焦信号分类实验\1\ROI_x729_y538_w32_h39_20260626_212915\02_invalid_raw_only\mat,valid_folder,invalid,24.8660192942371,24.6880406566474,0.00121894427550102,0.000907452649937089,8.11855168594061e-05,0.941066550164508
2034,2249,2249,572,729,2267,Good,1,slightly degraded,D:\LSH\LSH\实验\聚焦信号分类实验\1\ROI_x729_y538_w32_h39_20260626_212915\02_invalid_raw_only\mat\curve_r0572_c0729_idx001089.mat,D:\LSH\LSH\实验\聚焦信号分类实验\1\ROI_x729_y538_w32_h39_20260626_212915\02_invalid_raw_only\mat,valid_folder,invalid,30.0341812914308,30.0616142780512,0.00134345878423603,0.000692038374140942,9.69526143537738e-05,0.849606442725643
2035,2251,2251,572,732,2269,Good,1,slightly degraded,D:\LSH\LSH\实验\聚焦信号分类实验\1\ROI_x729_y538_w32_h39_20260626_212915\02_invalid_raw_only\mat\curve_r0572_c0732_idx001092.mat,D:\LSH\LSH\实验\聚焦信号分类实验\1\ROI_x729_y538_w32_h39_20260626_212915\02_invalid_raw_only\mat,valid_folder,invalid,29.9704580179617,29.7447265182239,0.00126115414720244,0.00085712945921343,7.98395209549544e-05,0.931335358764557
2036,2263,2263,574,735,2282,Good,1,slightly degraded,D:\LSH\LSH\实验\聚焦信号分类实验\1\ROI_x729_y538_w32_h39_20260626_212915\02_invalid_raw_only\mat\curve_r0574_c0735_idx001159.mat,D:\LSH\LSH\实验\聚焦信号分类实验\1\ROI_x729_y538_w32_h39_20260626_212915\02_invalid_raw_only\mat,valid_folder,invalid,29.8118253281138,28.8481734031138,0.00151399005060719,0.00107095534503085,0.000115422143571271,0.915107292391967
2037,2270,2270,575,736,2289,Good,1,slightly degraded,D:\LSH\LSH\实验\聚焦信号分类实验\1\ROI_x729_y538_w32_h39_20260626_212915\02_invalid_raw_only\mat\curve_r0575_c0736_idx001192.mat,D:\LSH\LSH\实验\聚焦信号分类实验\1\ROI_x729_y538_w32_h39_20260626_212915\02_invalid_raw_only\mat,valid_folder,invalid,29.9797807495037,28.9934472169259,0.00152703346758789,0.0010054095917363,0.000106177742302028,0.927372785326944
2038,2271,2271,575,746,2290,Good,1,slightly degraded,D:\LSH\LSH\实验\聚焦信号分类实验\1\ROI_x729_y538_w32_h39_20260626_212915\02_invalid_raw_only\mat\curve_r0575_c0746_idx001202.mat,D:\LSH\LSH\实验\聚焦信号分类实验\1\ROI_x729_y538_w32_h39_20260626_212915\02_invalid_raw_only\mat,valid_folder,invalid,26.8604111290089,25.9952502739582,0.000899710772283115,0.000599634682620018,6.94872144877107e-05,0.901262523937869
2039,2278,2278,576,736,2297,Good,1,slightly degraded,D:\LSH\LSH\实验\聚焦信号分类实验\1\ROI_x729_y538_w32_h39_20260626_212915\02_invalid_raw_only\mat\curve_r0576_c0736_idx001224.mat,D:\LSH\LSH\实验\聚焦信号分类实验\1\ROI_x729_y538_w32_h39_20260626_212915\02_invalid_raw_only\mat,valid_folder,invalid,30.0164707080537,27.3224094790533,0.000813388949283497,0.000535773905880034,6.97983182316842e-05,0.907231478441563
