sampleID,sourceFile,sourceFolder,row,col,classFromFolder,classFromMat,rawPeakZ,rawPeakValue,manualLabel,labelText
1,D:\LSH\LSH\实验\聚焦信号分类实验\1\ROI_x377_y421_w25_h26_20260626_172115\01_valid_raw_and_ifft\mat\curve_r0421_c0377_idx000001.mat,D:\LSH\LSH\实验\聚焦信号分类实验\1\ROI_x377_y421_w25_h26_20260626_172115\01_valid_raw_and_ifft\mat,421,377,valid_folder,valid,48,0.125148903,1,Good
2,D:\LSH\LSH\实验\聚焦信号分类实验\1\ROI_x377_y421_w25_h26_20260626_172115\01_valid_raw_and_ifft\mat\curve_r0421_c0378_idx000002.mat,D:\LSH\LSH\实验\聚焦信号分类实验\1\ROI_x377_y421_w25_h26_20260626_172115\01_valid_raw_and_ifft\mat,421,378,valid_folder,valid,48,0.153336428,1,Good
3,D:\LSH\LSH\实验\聚焦信号分类实验\1\ROI_x377_y421_w25_h26_20260626_172115\01_valid_raw_and_ifft\mat\curve_r0421_c0379_idx000003.mat,D:\LSH\LSH\实验\聚焦信号分类实验\1\ROI_x377_y421_w25_h26_20260626_172115\01_valid_raw_and_ifft\mat,421,379,valid_folder,valid,48,0.147543463,1,Good
4,D:\LSH\LSH\实验\聚焦信号分类实验\1\ROI_x377_y421_w25_h26_20260626_172115\01_valid_raw_and_ifft\mat\curve_r0421_c0380_idx000004.mat,D:\LSH\LSH\实验\聚焦信号分类实验\1\ROI_x377_y421_w25_h26_20260626_172115\01_valid_raw_and_ifft\mat,421,380,valid_folder,valid,48,0.149492003,1,Good
5,D:\LSH\LSH\实验\聚焦信号分类实验\1\ROI_x377_y421_w25_h26_20260626_172115\01_valid_raw_and_ifft\mat\curve_r0421_c0381_idx000005.mat,D:\LSH\LSH\实验\聚焦信号分类实验\1\ROI_x377_y421_w25_h26_20260626_172115\01_valid_raw_and_ifft\mat,421,381,valid_folder,valid,48,0.070307863,1,Good
6,D:\LSH\LSH\实验\聚焦信号分类实验\1\ROI_x377_y421_w25_h26_20260626_172115\01_valid_raw_and_ifft\mat\curve_r0421_c0382_idx000006.mat,D:\LSH\LSH\实验\聚焦信号分类实验\1\ROI_x377_y421_w25_h26_20260626_172115\01_valid_raw_and_ifft\mat,421,382,valid_folder,valid,48,0.047997552,1,Good
7,D:\LSH\LSH\实验\聚焦信号分类实验\1\ROI_x377_y421_w25_h26_20260626_172115\01_valid_raw_and_ifft\mat\curve_r0421_c0383_idx000007.mat,D:\LSH\LSH\实验\聚焦信号分类实验\1\ROI_x377_y421_w25_h26_20260626_172115\01_valid_raw_and_ifft\mat,421,383,valid_folder,valid,47,0.058273868,1,Good
8,D:\LSH\LSH\实验\聚焦信号分类实验\1\ROI_x377_y421_w25_h26_20260626_172115\01_valid_raw_and_ifft\mat\curve_r0421_c0384_idx000008.mat,D:\LSH\LSH\实验\聚焦信号分类实验\1\ROI_x377_y421_w25_h26_20260626_172115\01_valid_raw_and_ifft\mat,421,384,valid_folder,valid,48,0.095399856,1,Good
9,D:\LSH\LSH\实验\聚焦信号分类实验\1\ROI_x377_y421_w25_h26_20260626_172115\01_valid_raw_and_ifft\mat\curve_r0421_c0385_idx000009.mat,D:\LSH\LSH\实验\聚焦信号分类实验\1\ROI_x377_y421_w25_h26_20260626_172115\01_valid_raw_and_ifft\mat,421,385,valid_folder,valid,48,0.105935614,1,Good
10,D:\LSH\LSH\实验\聚焦信号分类实验\1\ROI_x377_y421_w25_h26_20260626_172115\01_valid_raw_and_ifft\mat\curve_r0421_c0386_idx000010.mat,D:\LSH\LSH\实验\聚焦信号分类实验\1\ROI_x377_y421_w25_h26_20260626_172115\01_valid_raw_and_ifft\mat,421,386,valid_folder,valid,48,0.14784326,1,Good
11,D:\LSH\LSH\实验\聚焦信号分类实验\1\ROI_x377_y421_w25_h26_20260626_172115\01_valid_raw_and_ifft\mat\curve_r0421_c0387_idx000011.mat,D:\LSH\LSH\实验\聚焦信号分类实验\1\ROI_x377_y421_w25_h26_20260626_172115\01_valid_raw_and_ifft\mat,421,387,valid_folder,valid,48,0.197383257,1,Good
12,D:\LSH\LSH\实验\聚焦信号分类实验\1\ROI_x377_y421_w25_h26_20260626_172115\01_valid_raw_and_ifft\mat\curve_r0421_c0388_idx000012.mat,D:\LSH\LSH\实验\聚焦信号分类实验\1\ROI_x377_y421_w25_h26_20260626_172115\01_valid_raw_and_ifft\mat,421,388,valid_folder,valid,48,0.206028505,1,Good
13,D:\LSH\LSH\实验\聚焦信号分类实验\1\ROI_x377_y421_w25_h26_20260626_172115\01_valid_raw_and_ifft\mat\curve_r0421_c0389_idx000013.mat,D:\LSH\LSH\实验\聚焦信号分类实验\1\ROI_x377_y421_w25_h26_20260626_172115\01_valid_raw_and_ifft\mat,421,389,valid_folder,valid,48,0.134868001,1,Good
14,D:\LSH\LSH\实验\聚焦信号分类实验\1\ROI_x377_y421_w25_h26_20260626_172115\01_valid_raw_and_ifft\mat\curve_r0421_c0390_idx000014.mat,D:\LSH\LSH\实验\聚焦信号分类实验\1\ROI_x377_y421_w25_h26_20260626_172115\01_valid_raw_and_ifft\mat,421,390,valid_folder,valid,48,0.04433111,1,Good
15,D:\LSH\LSH\实验\聚焦信号分类实验\1\ROI_x377_y421_w25_h26_20260626_172115\01_valid_raw_and_ifft\mat\curve_r0421_c0391_idx000015.mat,D:\LSH\LSH\实验\聚焦信号分类实验\1\ROI_x377_y421_w25_h26_20260626_172115\01_valid_raw_and_ifft\mat,421,391,valid_folder,valid,48,0.019057211,1,Good
16,D:\LSH\LSH\实验\聚焦信号分类实验\1\ROI_x377_y421_w25_h26_20260626_172115\01_valid_raw_and_ifft\mat\curve_r0421_c0392_idx000016.mat,D:\LSH\LSH\实验\聚焦信号分类实验\1\ROI_x377_y421_w25_h26_20260626_172115\01_valid_raw_and_ifft\mat,421,392,valid_folder,valid,48,0.022848507,1,Good
17,D:\LSH\LSH\实验\聚焦信号分类实验\1\ROI_x377_y421_w25_h26_20260626_172115\01_valid_raw_and_ifft\mat\curve_r0421_c0393_idx000017.mat,D:\LSH\LSH\实验\聚焦信号分类实验\1\ROI_x377_y421_w25_h26_20260626_172115\01_valid_raw_and_ifft\mat,421,393,valid_folder,valid,48,0.032167441,1,Good
18,D:\LSH\LSH\实验\聚焦信号分类实验\1\ROI_x377_y421_w25_h26_20260626_172115\01_valid_raw_and_ifft\mat\curve_r0421_c0394_idx000018.mat,D:\LSH\LSH\实验\聚焦信号分类实验\1\ROI_x377_y421_w25_h26_20260626_172115\01_valid_raw_and_ifft\mat,421,394,valid_folder,valid,48,0.01756966,1,Good
19,D:\LSH\LSH\实验\聚焦信号分类实验\1\ROI_x377_y421_w25_h26_20260626_172115\01_valid_raw_and_ifft\mat\curve_r0421_c0395_idx000019.mat,D:\LSH\LSH\实验\聚焦信号分类实验\1\ROI_x377_y421_w25_h26_20260626_172115\01_valid_raw_and_ifft\mat,421,395,valid_folder,valid,49,0.01963835,1,Good
20,D:\LSH\LSH\实验\聚焦信号分类实验\1\ROI_x377_y421_w25_h26_20260626_172115\01_valid_raw_and_ifft\mat\curve_r0421_c0396_idx000020.mat,D:\LSH\LSH\实验\聚焦信号分类实验\1\ROI_x377_y421_w25_h26_20260626_172115\01_valid_raw_and_ifft\mat,421,396,valid_folder,valid,49,0.014296199,1,Good
21,D:\LSH\LSH\实验\聚焦信号分类实验\1\ROI_x377_y421_w25_h26_20260626_172115\01_valid_raw_and_ifft\mat\curve_r0421_c0397_idx000021.mat,D:\LSH\LSH\实验\聚焦信号分类实验\1\ROI_x377_y421_w25_h26_20260626_172115\01_valid_raw_and_ifft\mat,421,397,valid_folder,valid,49,0.015661063,1,Good
22,D:\LSH\LSH\实验\聚焦信号分类实验\1\ROI_x377_y421_w25_h26_20260626_172115\01_valid_raw_and_ifft\mat\curve_r0421_c0398_idx000022.mat,D:\LSH\LSH\实验\聚焦信号分类实验\1\ROI_x377_y421_w25_h26_20260626_172115\01_valid_raw_and_ifft\mat,421,398,valid_folder,valid,49,0.028656703,1,Good
23,D:\LSH\LSH\实验\聚焦信号分类实验\1\ROI_x377_y421_w25_h26_20260626_172115\01_valid_raw_and_ifft\mat\curve_r0421_c0399_idx000023.mat,D:\LSH\LSH\实验\聚焦信号分类实验\1\ROI_x377_y421_w25_h26_20260626_172115\01_valid_raw_and_ifft\mat,421,399,valid_folder,valid,50,0.017955109,1,Good
24,D:\LSH\LSH\实验\聚焦信号分类实验\1\ROI_x377_y421_w25_h26_20260626_172115\01_valid_raw_and_ifft\mat\curve_r0421_c0400_idx000024.mat,D:\LSH\LSH\实验\聚焦信号分类实验\1\ROI_x377_y421_w25_h26_20260626_172115\01_valid_raw_and_ifft\mat,421,400,valid_folder,valid,50,0.021232395,1,Good
25,D:\LSH\LSH\实验\聚焦信号分类实验\1\ROI_x377_y421_w25_h26_20260626_172115\01_valid_raw_and_ifft\mat\curve_r0421_c0401_idx000025.mat,D:\LSH\LSH\实验\聚焦信号分类实验\1\ROI_x377_y421_w25_h26_20260626_172115\01_valid_raw_and_ifft\mat,421,401,valid_folder,valid,50,0.018113564,1,Good
26,D:\LSH\LSH\实验\聚焦信号分类实验\1\ROI_x377_y421_w25_h26_20260626_172115\01_valid_raw_and_ifft\mat\curve_r0422_c0377_idx000026.mat,D:\LSH\LSH\实验\聚焦信号分类实验\1\ROI_x377_y421_w25_h26_20260626_172115\01_valid_raw_and_ifft\mat,422,377,valid_folder,valid,48,0.095994829,1,Good
27,D:\LSH\LSH\实验\聚焦信号分类实验\1\ROI_x377_y421_w25_h26_20260626_172115\01_valid_raw_and_ifft\mat\curve_r0422_c0378_idx000027.mat,D:\LSH\LSH\实验\聚焦信号分类实验\1\ROI_x377_y421_w25_h26_20260626_172115\01_valid_raw_and_ifft\mat,422,378,valid_folder,valid,48,0.11687806,1,Good
28,D:\LSH\LSH\实验\聚焦信号分类实验\1\ROI_x377_y421_w25_h26_20260626_172115\01_valid_raw_and_ifft\mat\curve_r0422_c0379_idx000028.mat,D:\LSH\LSH\实验\聚焦信号分类实验\1\ROI_x377_y421_w25_h26_20260626_172115\01_valid_raw_and_ifft\mat,422,379,valid_folder,valid,48,0.142024682,1,Good
29,D:\LSH\LSH\实验\聚焦信号分类实验\1\ROI_x377_y421_w25_h26_20260626_172115\01_valid_raw_and_ifft\mat\curve_r0422_c0380_idx000029.mat,D:\LSH\LSH\实验\聚焦信号分类实验\1\ROI_x377_y421_w25_h26_20260626_172115\01_valid_raw_and_ifft\mat,422,380,valid_folder,valid,48,0.101906728,1,Good
30,D:\LSH\LSH\实验\聚焦信号分类实验\1\ROI_x377_y421_w25_h26_20260626_172115\01_valid_raw_and_ifft\mat\curve_r0422_c0381_idx000030.mat,D:\LSH\LSH\实验\聚焦信号分类实验\1\ROI_x377_y421_w25_h26_20260626_172115\01_valid_raw_and_ifft\mat,422,381,valid_folder,valid,48,0.037856201,1,Good
31,D:\LSH\LSH\实验\聚焦信号分类实验\1\ROI_x377_y421_w25_h26_20260626_172115\01_valid_raw_and_ifft\mat\curve_r0422_c0382_idx000031.mat,D:\LSH\LSH\实验\聚焦信号分类实验\1\ROI_x377_y421_w25_h26_20260626_172115\01_valid_raw_and_ifft\mat,422,382,valid_folder,valid,48,0.04964757,1,Good
32,D:\LSH\LSH\实验\聚焦信号分类实验\1\ROI_x377_y421_w25_h26_20260626_172115\01_valid_raw_and_ifft\mat\curve_r0422_c0383_idx000032.mat,D:\LSH\LSH\实验\聚焦信号分类实验\1\ROI_x377_y421_w25_h26_20260626_172115\01_valid_raw_and_ifft\mat,422,383,valid_folder,valid,48,0.075854332,1,Good
33,D:\LSH\LSH\实验\聚焦信号分类实验\1\ROI_x377_y421_w25_h26_20260626_172115\01_valid_raw_and_ifft\mat\curve_r0422_c0384_idx000033.mat,D:\LSH\LSH\实验\聚焦信号分类实验\1\ROI_x377_y421_w25_h26_20260626_172115\01_valid_raw_and_ifft\mat,422,384,valid_folder,valid,48,0.07812193,1,Good
34,D:\LSH\LSH\实验\聚焦信号分类实验\1\ROI_x377_y421_w25_h26_20260626_172115\01_valid_raw_and_ifft\mat\curve_r0422_c0385_idx000034.mat,D:\LSH\LSH\实验\聚焦信号分类实验\1\ROI_x377_y421_w25_h26_20260626_172115\01_valid_raw_and_ifft\mat,422,385,valid_folder,valid,48,0.085068493,1,Good
35,D:\LSH\LSH\实验\聚焦信号分类实验\1\ROI_x377_y421_w25_h26_20260626_172115\01_valid_raw_and_ifft\mat\curve_r0422_c0386_idx000035.mat,D:\LSH\LSH\实验\聚焦信号分类实验\1\ROI_x377_y421_w25_h26_20260626_172115\01_valid_raw_and_ifft\mat,422,386,valid_folder,valid,48,0.138722646,1,Good
36,D:\LSH\LSH\实验\聚焦信号分类实验\1\ROI_x377_y421_w25_h26_20260626_172115\01_valid_raw_and_ifft\mat\curve_r0422_c0387_idx000036.mat,D:\LSH\LSH\实验\聚焦信号分类实验\1\ROI_x377_y421_w25_h26_20260626_172115\01_valid_raw_and_ifft\mat,422,387,valid_folder,valid,48,0.223260123,1,Good
37,D:\LSH\LSH\实验\聚焦信号分类实验\1\ROI_x377_y421_w25_h26_20260626_172115\01_valid_raw_and_ifft\mat\curve_r0422_c0388_idx000037.mat,D:\LSH\LSH\实验\聚焦信号分类实验\1\ROI_x377_y421_w25_h26_20260626_172115\01_valid_raw_and_ifft\mat,422,388,valid_folder,valid,48,0.195049613,1,Good
38,D:\LSH\LSH\实验\聚焦信号分类实验\1\ROI_x377_y421_w25_h26_20260626_172115\01_valid_raw_and_ifft\mat\curve_r0422_c0389_idx000038.mat,D:\LSH\LSH\实验\聚焦信号分类实验\1\ROI_x377_y421_w25_h26_20260626_172115\01_valid_raw_and_ifft\mat,422,389,valid_folder,valid,48,0.028535444,1,Good
39,D:\LSH\LSH\实验\聚焦信号分类实验\1\ROI_x377_y421_w25_h26_20260626_172115\01_valid_raw_and_ifft\mat\curve_r0422_c0390_idx000039.mat,D:\LSH\LSH\实验\聚焦信号分类实验\1\ROI_x377_y421_w25_h26_20260626_172115\01_valid_raw_and_ifft\mat,422,390,valid_folder,valid,48,0.036549404,1,Good
40,D:\LSH\LSH\实验\聚焦信号分类实验\1\ROI_x377_y421_w25_h26_20260626_172115\01_valid_raw_and_ifft\mat\curve_r0422_c0391_idx000040.mat,D:\LSH\LSH\实验\聚焦信号分类实验\1\ROI_x377_y421_w25_h26_20260626_172115\01_valid_raw_and_ifft\mat,422,391,valid_folder,valid,48,0.058040363,1,Good
41,D:\LSH\LSH\实验\聚焦信号分类实验\1\ROI_x377_y421_w25_h26_20260626_172115\01_valid_raw_and_ifft\mat\curve_r0422_c0392_idx000041.mat,D:\LSH\LSH\实验\聚焦信号分类实验\1\ROI_x377_y421_w25_h26_20260626_172115\01_valid_raw_and_ifft\mat,422,392,valid_folder,valid,48,0.055536219,1,Good
42,D:\LSH\LSH\实验\聚焦信号分类实验\1\ROI_x377_y421_w25_h26_20260626_172115\01_valid_raw_and_ifft\mat\curve_r0422_c0393_idx000042.mat,D:\LSH\LSH\实验\聚焦信号分类实验\1\ROI_x377_y421_w25_h26_20260626_172115\01_valid_raw_and_ifft\mat,422,393,valid_folder,valid,48,0.043586861,1,Good
43,D:\LSH\LSH\实验\聚焦信号分类实验\1\ROI_x377_y421_w25_h26_20260626_172115\01_valid_raw_and_ifft\mat\curve_r0422_c0394_idx000043.mat,D:\LSH\LSH\实验\聚焦信号分类实验\1\ROI_x377_y421_w25_h26_20260626_172115\01_valid_raw_and_ifft\mat,422,394,valid_folder,valid,48,0.021044079,1,Good
44,D:\LSH\LSH\实验\聚焦信号分类实验\1\ROI_x377_y421_w25_h26_20260626_172115\01_valid_raw_and_ifft\mat\curve_r0422_c0395_idx000044.mat,D:\LSH\LSH\实验\聚焦信号分类实验\1\ROI_x377_y421_w25_h26_20260626_172115\01_valid_raw_and_ifft\mat,422,395,valid_folder,valid,49,0.026945641,1,Good
45,D:\LSH\LSH\实验\聚焦信号分类实验\1\ROI_x377_y421_w25_h26_20260626_172115\01_valid_raw_and_ifft\mat\curve_r0422_c0396_idx000045.mat,D:\LSH\LSH\实验\聚焦信号分类实验\1\ROI_x377_y421_w25_h26_20260626_172115\01_valid_raw_and_ifft\mat,422,396,valid_folder,valid,49,0.007975033,1,Good
46,D:\LSH\LSH\实验\聚焦信号分类实验\1\ROI_x377_y421_w25_h26_20260626_172115\01_valid_raw_and_ifft\mat\curve_r0422_c0397_idx000046.mat,D:\LSH\LSH\实验\聚焦信号分类实验\1\ROI_x377_y421_w25_h26_20260626_172115\01_valid_raw_and_ifft\mat,422,397,valid_folder,valid,49,0.006776299,1,Good
47,D:\LSH\LSH\实验\聚焦信号分类实验\1\ROI_x377_y421_w25_h26_20260626_172115\01_valid_raw_and_ifft\mat\curve_r0422_c0398_idx000047.mat,D:\LSH\LSH\实验\聚焦信号分类实验\1\ROI_x377_y421_w25_h26_20260626_172115\01_valid_raw_and_ifft\mat,422,398,valid_folder,valid,49,0.032345222,1,Good
48,D:\LSH\LSH\实验\聚焦信号分类实验\1\ROI_x377_y421_w25_h26_20260626_172115\01_valid_raw_and_ifft\mat\curve_r0422_c0399_idx000048.mat,D:\LSH\LSH\实验\聚焦信号分类实验\1\ROI_x377_y421_w25_h26_20260626_172115\01_valid_raw_and_ifft\mat,422,399,valid_folder,valid,50,0.021176083,1,Good
49,D:\LSH\LSH\实验\聚焦信号分类实验\1\ROI_x377_y421_w25_h26_20260626_172115\01_valid_raw_and_ifft\mat\curve_r0422_c0400_idx000049.mat,D:\LSH\LSH\实验\聚焦信号分类实验\1\ROI_x377_y421_w25_h26_20260626_172115\01_valid_raw_and_ifft\mat,422,400,valid_folder,valid,50,0.016203731,1,Good
50,D:\LSH\LSH\实验\聚焦信号分类实验\1\ROI_x377_y421_w25_h26_20260626_172115\01_valid_raw_and_ifft\mat\curve_r0422_c0401_idx000050.mat,D:\LSH\LSH\实验\聚焦信号分类实验\1\ROI_x377_y421_w25_h26_20260626_172115\01_valid_raw_and_ifft\mat,422,401,valid_folder,valid,50,0.017216931,1,Good
51,D:\LSH\LSH\实验\聚焦信号分类实验\1\ROI_x377_y421_w25_h26_20260626_172115\01_valid_raw_and_ifft\mat\curve_r0423_c0377_idx000051.mat,D:\LSH\LSH\实验\聚焦信号分类实验\1\ROI_x377_y421_w25_h26_20260626_172115\01_valid_raw_and_ifft\mat,423,377,valid_folder,valid,48,0.100243602,1,Good
52,D:\LSH\LSH\实验\聚焦信号分类实验\1\ROI_x377_y421_w25_h26_20260626_172115\01_valid_raw_and_ifft\mat\curve_r0423_c0378_idx000052.mat,D:\LSH\LSH\实验\聚焦信号分类实验\1\ROI_x377_y421_w25_h26_20260626_172115\01_valid_raw_and_ifft\mat,423,378,valid_folder,valid,48,0.100409659,1,Good
53,D:\LSH\LSH\实验\聚焦信号分类实验\1\ROI_x377_y421_w25_h26_20260626_172115\01_valid_raw_and_ifft\mat\curve_r0423_c0379_idx000053.mat,D:\LSH\LSH\实验\聚焦信号分类实验\1\ROI_x377_y421_w25_h26_20260626_172115\01_valid_raw_and_ifft\mat,423,379,valid_folder,valid,48,0.147128194,1,Good
54,D:\LSH\LSH\实验\聚焦信号分类实验\1\ROI_x377_y421_w25_h26_20260626_172115\01_valid_raw_and_ifft\mat\curve_r0423_c0380_idx000054.mat,D:\LSH\LSH\实验\聚焦信号分类实验\1\ROI_x377_y421_w25_h26_20260626_172115\01_valid_raw_and_ifft\mat,423,380,valid_folder,valid,48,0.162408419,1,Good
55,D:\LSH\LSH\实验\聚焦信号分类实验\1\ROI_x377_y421_w25_h26_20260626_172115\01_valid_raw_and_ifft\mat\curve_r0423_c0381_idx000055.mat,D:\LSH\LSH\实验\聚焦信号分类实验\1\ROI_x377_y421_w25_h26_20260626_172115\01_valid_raw_and_ifft\mat,423,381,valid_folder,valid,48,0.076944611,1,Good
56,D:\LSH\LSH\实验\聚焦信号分类实验\1\ROI_x377_y421_w25_h26_20260626_172115\01_valid_raw_and_ifft\mat\curve_r0423_c0382_idx000056.mat,D:\LSH\LSH\实验\聚焦信号分类实验\1\ROI_x377_y421_w25_h26_20260626_172115\01_valid_raw_and_ifft\mat,423,382,valid_folder,valid,48,0.072970021,1,Good
57,D:\LSH\LSH\实验\聚焦信号分类实验\1\ROI_x377_y421_w25_h26_20260626_172115\01_valid_raw_and_ifft\mat\curve_r0423_c0383_idx000057.mat,D:\LSH\LSH\实验\聚焦信号分类实验\1\ROI_x377_y421_w25_h26_20260626_172115\01_valid_raw_and_ifft\mat,423,383,valid_folder,valid,48,0.066792609,1,Good
58,D:\LSH\LSH\实验\聚焦信号分类实验\1\ROI_x377_y421_w25_h26_20260626_172115\01_valid_raw_and_ifft\mat\curve_r0423_c0384_idx000058.mat,D:\LSH\LSH\实验\聚焦信号分类实验\1\ROI_x377_y421_w25_h26_20260626_172115\01_valid_raw_and_ifft\mat,423,384,valid_folder,valid,48,0.033721082,1,Good
59,D:\LSH\LSH\实验\聚焦信号分类实验\1\ROI_x377_y421_w25_h26_20260626_172115\01_valid_raw_and_ifft\mat\curve_r0423_c0385_idx000059.mat,D:\LSH\LSH\实验\聚焦信号分类实验\1\ROI_x377_y421_w25_h26_20260626_172115\01_valid_raw_and_ifft\mat,423,385,valid_folder,valid,48,0.032451893,1,Good
60,D:\LSH\LSH\实验\聚焦信号分类实验\1\ROI_x377_y421_w25_h26_20260626_172115\01_valid_raw_and_ifft\mat\curve_r0423_c0386_idx000060.mat,D:\LSH\LSH\实验\聚焦信号分类实验\1\ROI_x377_y421_w25_h26_20260626_172115\01_valid_raw_and_ifft\mat,423,386,valid_folder,valid,48,0.058313723,1,Good
61,D:\LSH\LSH\实验\聚焦信号分类实验\1\ROI_x377_y421_w25_h26_20260626_172115\01_valid_raw_and_ifft\mat\curve_r0423_c0387_idx000061.mat,D:\LSH\LSH\实验\聚焦信号分类实验\1\ROI_x377_y421_w25_h26_20260626_172115\01_valid_raw_and_ifft\mat,423,387,valid_folder,valid,48,0.100225115,1,Good
62,D:\LSH\LSH\实验\聚焦信号分类实验\1\ROI_x377_y421_w25_h26_20260626_172115\01_valid_raw_and_ifft\mat\curve_r0423_c0388_idx000062.mat,D:\LSH\LSH\实验\聚焦信号分类实验\1\ROI_x377_y421_w25_h26_20260626_172115\01_valid_raw_and_ifft\mat,423,388,valid_folder,valid,48,0.09248036,1,Good
63,D:\LSH\LSH\实验\聚焦信号分类实验\1\ROI_x377_y421_w25_h26_20260626_172115\01_valid_raw_and_ifft\mat\curve_r0423_c0389_idx000063.mat,D:\LSH\LSH\实验\聚焦信号分类实验\1\ROI_x377_y421_w25_h26_20260626_172115\01_valid_raw_and_ifft\mat,423,389,valid_folder,valid,48,0.061649464,1,Good
64,D:\LSH\LSH\实验\聚焦信号分类实验\1\ROI_x377_y421_w25_h26_20260626_172115\01_valid_raw_and_ifft\mat\curve_r0423_c0390_idx000064.mat,D:\LSH\LSH\实验\聚焦信号分类实验\1\ROI_x377_y421_w25_h26_20260626_172115\01_valid_raw_and_ifft\mat,423,390,valid_folder,valid,48,0.079653665,1,Good
65,D:\LSH\LSH\实验\聚焦信号分类实验\1\ROI_x377_y421_w25_h26_20260626_172115\01_valid_raw_and_ifft\mat\curve_r0423_c0391_idx000065.mat,D:\LSH\LSH\实验\聚焦信号分类实验\1\ROI_x377_y421_w25_h26_20260626_172115\01_valid_raw_and_ifft\mat,423,391,valid_folder,valid,48,0.093237722,1,Good
66,D:\LSH\LSH\实验\聚焦信号分类实验\1\ROI_x377_y421_w25_h26_20260626_172115\01_valid_raw_and_ifft\mat\curve_r0423_c0392_idx000066.mat,D:\LSH\LSH\实验\聚焦信号分类实验\1\ROI_x377_y421_w25_h26_20260626_172115\01_valid_raw_and_ifft\mat,423,392,valid_folder,valid,48,0.069354722,1,Good
67,D:\LSH\LSH\实验\聚焦信号分类实验\1\ROI_x377_y421_w25_h26_20260626_172115\01_valid_raw_and_ifft\mat\curve_r0423_c0393_idx000067.mat,D:\LSH\LSH\实验\聚焦信号分类实验\1\ROI_x377_y421_w25_h26_20260626_172115\01_valid_raw_and_ifft\mat,423,393,valid_folder,valid,48,0.032710133,1,Good
68,D:\LSH\LSH\实验\聚焦信号分类实验\1\ROI_x377_y421_w25_h26_20260626_172115\01_valid_raw_and_ifft\mat\curve_r0423_c0394_idx000068.mat,D:\LSH\LSH\实验\聚焦信号分类实验\1\ROI_x377_y421_w25_h26_20260626_172115\01_valid_raw_and_ifft\mat,423,394,valid_folder,valid,48,0.027063173,1,Good
69,D:\LSH\LSH\实验\聚焦信号分类实验\1\ROI_x377_y421_w25_h26_20260626_172115\01_valid_raw_and_ifft\mat\curve_r0423_c0395_idx000069.mat,D:\LSH\LSH\实验\聚焦信号分类实验\1\ROI_x377_y421_w25_h26_20260626_172115\01_valid_raw_and_ifft\mat,423,395,valid_folder,valid,49,0.019188754,1,Good
70,D:\LSH\LSH\实验\聚焦信号分类实验\1\ROI_x377_y421_w25_h26_20260626_172115\01_valid_raw_and_ifft\mat\curve_r0423_c0396_idx000070.mat,D:\LSH\LSH\实验\聚焦信号分类实验\1\ROI_x377_y421_w25_h26_20260626_172115\01_valid_raw_and_ifft\mat,423,396,valid_folder,valid,49,0.007578365,1,Good
71,D:\LSH\LSH\实验\聚焦信号分类实验\1\ROI_x377_y421_w25_h26_20260626_172115\01_valid_raw_and_ifft\mat\curve_r0423_c0397_idx000071.mat,D:\LSH\LSH\实验\聚焦信号分类实验\1\ROI_x377_y421_w25_h26_20260626_172115\01_valid_raw_and_ifft\mat,423,397,valid_folder,valid,49,0.008553554,1,Good
72,D:\LSH\LSH\实验\聚焦信号分类实验\1\ROI_x377_y421_w25_h26_20260626_172115\01_valid_raw_and_ifft\mat\curve_r0423_c0398_idx000072.mat,D:\LSH\LSH\实验\聚焦信号分类实验\1\ROI_x377_y421_w25_h26_20260626_172115\01_valid_raw_and_ifft\mat,423,398,valid_folder,valid,49,0.032023849,1,Good
73,D:\LSH\LSH\实验\聚焦信号分类实验\1\ROI_x377_y421_w25_h26_20260626_172115\01_valid_raw_and_ifft\mat\curve_r0423_c0399_idx000073.mat,D:\LSH\LSH\实验\聚焦信号分类实验\1\ROI_x377_y421_w25_h26_20260626_172115\01_valid_raw_and_ifft\mat,423,399,valid_folder,valid,49,0.01464783,1,Good
74,D:\LSH\LSH\实验\聚焦信号分类实验\1\ROI_x377_y421_w25_h26_20260626_172115\01_valid_raw_and_ifft\mat\curve_r0423_c0400_idx000074.mat,D:\LSH\LSH\实验\聚焦信号分类实验\1\ROI_x377_y421_w25_h26_20260626_172115\01_valid_raw_and_ifft\mat,423,400,valid_folder,valid,49,0.008107022,1,Good
75,D:\LSH\LSH\实验\聚焦信号分类实验\1\ROI_x377_y421_w25_h26_20260626_172115\01_valid_raw_and_ifft\mat\curve_r0423_c0401_idx000075.mat,D:\LSH\LSH\实验\聚焦信号分类实验\1\ROI_x377_y421_w25_h26_20260626_172115\01_valid_raw_and_ifft\mat,423,401,valid_folder,valid,50,0.016636159,1,Good
76,D:\LSH\LSH\实验\聚焦信号分类实验\1\ROI_x377_y421_w25_h26_20260626_172115\01_valid_raw_and_ifft\mat\curve_r0424_c0377_idx000076.mat,D:\LSH\LSH\实验\聚焦信号分类实验\1\ROI_x377_y421_w25_h26_20260626_172115\01_valid_raw_and_ifft\mat,424,377,valid_folder,valid,48,0.114544558,1,Good
77,D:\LSH\LSH\实验\聚焦信号分类实验\1\ROI_x377_y421_w25_h26_20260626_172115\01_valid_raw_and_ifft\mat\curve_r0424_c0378_idx000077.mat,D:\LSH\LSH\实验\聚焦信号分类实验\1\ROI_x377_y421_w25_h26_20260626_172115\01_valid_raw_and_ifft\mat,424,378,valid_folder,valid,48,0.128260618,1,Good
78,D:\LSH\LSH\实验\聚焦信号分类实验\1\ROI_x377_y421_w25_h26_20260626_172115\01_valid_raw_and_ifft\mat\curve_r0424_c0379_idx000078.mat,D:\LSH\LSH\实验\聚焦信号分类实验\1\ROI_x377_y421_w25_h26_20260626_172115\01_valid_raw_and_ifft\mat,424,379,valid_folder,valid,48,0.151540312,1,Good
79,D:\LSH\LSH\实验\聚焦信号分类实验\1\ROI_x377_y421_w25_h26_20260626_172115\01_valid_raw_and_ifft\mat\curve_r0424_c0380_idx000079.mat,D:\LSH\LSH\实验\聚焦信号分类实验\1\ROI_x377_y421_w25_h26_20260626_172115\01_valid_raw_and_ifft\mat,424,380,valid_folder,valid,48,0.165824124,1,Good
80,D:\LSH\LSH\实验\聚焦信号分类实验\1\ROI_x377_y421_w25_h26_20260626_172115\01_valid_raw_and_ifft\mat\curve_r0424_c0381_idx000080.mat,D:\LSH\LSH\实验\聚焦信号分类实验\1\ROI_x377_y421_w25_h26_20260626_172115\01_valid_raw_and_ifft\mat,424,381,valid_folder,valid,48,0.112404285,1,Good
81,D:\LSH\LSH\实验\聚焦信号分类实验\1\ROI_x377_y421_w25_h26_20260626_172115\01_valid_raw_and_ifft\mat\curve_r0424_c0382_idx000081.mat,D:\LSH\LSH\实验\聚焦信号分类实验\1\ROI_x377_y421_w25_h26_20260626_172115\01_valid_raw_and_ifft\mat,424,382,valid_folder,valid,48,0.062280108,1,Good
82,D:\LSH\LSH\实验\聚焦信号分类实验\1\ROI_x377_y421_w25_h26_20260626_172115\01_valid_raw_and_ifft\mat\curve_r0424_c0383_idx000082.mat,D:\LSH\LSH\实验\聚焦信号分类实验\1\ROI_x377_y421_w25_h26_20260626_172115\01_valid_raw_and_ifft\mat,424,383,valid_folder,valid,48,0.024099978,1,Good
83,D:\LSH\LSH\实验\聚焦信号分类实验\1\ROI_x377_y421_w25_h26_20260626_172115\01_valid_raw_and_ifft\mat\curve_r0424_c0384_idx000083.mat,D:\LSH\LSH\实验\聚焦信号分类实验\1\ROI_x377_y421_w25_h26_20260626_172115\01_valid_raw_and_ifft\mat,424,384,valid_folder,valid,48,0.010841592,1,Good
84,D:\LSH\LSH\实验\聚焦信号分类实验\1\ROI_x377_y421_w25_h26_20260626_172115\01_valid_raw_and_ifft\mat\curve_r0424_c0385_idx000084.mat,D:\LSH\LSH\实验\聚焦信号分类实验\1\ROI_x377_y421_w25_h26_20260626_172115\01_valid_raw_and_ifft\mat,424,385,valid_folder,valid,48,0.006849402,1,Good
85,D:\LSH\LSH\实验\聚焦信号分类实验\1\ROI_x377_y421_w25_h26_20260626_172115\01_valid_raw_and_ifft\mat\curve_r0424_c0386_idx000085.mat,D:\LSH\LSH\实验\聚焦信号分类实验\1\ROI_x377_y421_w25_h26_20260626_172115\01_valid_raw_and_ifft\mat,424,386,valid_folder,valid,48,0.013001495,1,Good
86,D:\LSH\LSH\实验\聚焦信号分类实验\1\ROI_x377_y421_w25_h26_20260626_172115\01_valid_raw_and_ifft\mat\curve_r0424_c0387_idx000086.mat,D:\LSH\LSH\实验\聚焦信号分类实验\1\ROI_x377_y421_w25_h26_20260626_172115\01_valid_raw_and_ifft\mat,424,387,valid_folder,valid,48,0.021571163,1,Good
87,D:\LSH\LSH\实验\聚焦信号分类实验\1\ROI_x377_y421_w25_h26_20260626_172115\01_valid_raw_and_ifft\mat\curve_r0424_c0388_idx000087.mat,D:\LSH\LSH\实验\聚焦信号分类实验\1\ROI_x377_y421_w25_h26_20260626_172115\01_valid_raw_and_ifft\mat,424,388,valid_folder,valid,48,0.054832374,1,Good
88,D:\LSH\LSH\实验\聚焦信号分类实验\1\ROI_x377_y421_w25_h26_20260626_172115\01_valid_raw_and_ifft\mat\curve_r0424_c0389_idx000088.mat,D:\LSH\LSH\实验\聚焦信号分类实验\1\ROI_x377_y421_w25_h26_20260626_172115\01_valid_raw_and_ifft\mat,424,389,valid_folder,valid,48,0.078107817,1,Good
89,D:\LSH\LSH\实验\聚焦信号分类实验\1\ROI_x377_y421_w25_h26_20260626_172115\01_valid_raw_and_ifft\mat\curve_r0424_c0390_idx000089.mat,D:\LSH\LSH\实验\聚焦信号分类实验\1\ROI_x377_y421_w25_h26_20260626_172115\01_valid_raw_and_ifft\mat,424,390,valid_folder,valid,48,0.112044068,1,Good
90,D:\LSH\LSH\实验\聚焦信号分类实验\1\ROI_x377_y421_w25_h26_20260626_172115\01_valid_raw_and_ifft\mat\curve_r0424_c0391_idx000090.mat,D:\LSH\LSH\实验\聚焦信号分类实验\1\ROI_x377_y421_w25_h26_20260626_172115\01_valid_raw_and_ifft\mat,424,391,valid_folder,valid,48,0.112390809,1,Good
91,D:\LSH\LSH\实验\聚焦信号分类实验\1\ROI_x377_y421_w25_h26_20260626_172115\01_valid_raw_and_ifft\mat\curve_r0424_c0392_idx000091.mat,D:\LSH\LSH\实验\聚焦信号分类实验\1\ROI_x377_y421_w25_h26_20260626_172115\01_valid_raw_and_ifft\mat,424,392,valid_folder,valid,49,0.071235028,1,Good
92,D:\LSH\LSH\实验\聚焦信号分类实验\1\ROI_x377_y421_w25_h26_20260626_172115\01_valid_raw_and_ifft\mat\curve_r0424_c0393_idx000092.mat,D:\LSH\LSH\实验\聚焦信号分类实验\1\ROI_x377_y421_w25_h26_20260626_172115\01_valid_raw_and_ifft\mat,424,393,valid_folder,valid,48,0.017294903,1,Good
93,D:\LSH\LSH\实验\聚焦信号分类实验\1\ROI_x377_y421_w25_h26_20260626_172115\01_valid_raw_and_ifft\mat\curve_r0424_c0394_idx000093.mat,D:\LSH\LSH\实验\聚焦信号分类实验\1\ROI_x377_y421_w25_h26_20260626_172115\01_valid_raw_and_ifft\mat,424,394,valid_folder,valid,48,0.021248342,1,Good
94,D:\LSH\LSH\实验\聚焦信号分类实验\1\ROI_x377_y421_w25_h26_20260626_172115\01_valid_raw_and_ifft\mat\curve_r0424_c0395_idx000094.mat,D:\LSH\LSH\实验\聚焦信号分类实验\1\ROI_x377_y421_w25_h26_20260626_172115\01_valid_raw_and_ifft\mat,424,395,valid_folder,valid,49,0.013133503,1,Good
95,D:\LSH\LSH\实验\聚焦信号分类实验\1\ROI_x377_y421_w25_h26_20260626_172115\01_valid_raw_and_ifft\mat\curve_r0424_c0396_idx000095.mat,D:\LSH\LSH\实验\聚焦信号分类实验\1\ROI_x377_y421_w25_h26_20260626_172115\01_valid_raw_and_ifft\mat,424,396,valid_folder,valid,49,0.007243672,1,Good
96,D:\LSH\LSH\实验\聚焦信号分类实验\1\ROI_x377_y421_w25_h26_20260626_172115\01_valid_raw_and_ifft\mat\curve_r0424_c0397_idx000096.mat,D:\LSH\LSH\实验\聚焦信号分类实验\1\ROI_x377_y421_w25_h26_20260626_172115\01_valid_raw_and_ifft\mat,424,397,valid_folder,valid,49,0.021448334,1,Good
97,D:\LSH\LSH\实验\聚焦信号分类实验\1\ROI_x377_y421_w25_h26_20260626_172115\01_valid_raw_and_ifft\mat\curve_r0424_c0398_idx000097.mat,D:\LSH\LSH\实验\聚焦信号分类实验\1\ROI_x377_y421_w25_h26_20260626_172115\01_valid_raw_and_ifft\mat,424,398,valid_folder,valid,49,0.028938796,1,Good
98,D:\LSH\LSH\实验\聚焦信号分类实验\1\ROI_x377_y421_w25_h26_20260626_172115\01_valid_raw_and_ifft\mat\curve_r0424_c0399_idx000098.mat,D:\LSH\LSH\实验\聚焦信号分类实验\1\ROI_x377_y421_w25_h26_20260626_172115\01_valid_raw_and_ifft\mat,424,399,valid_folder,valid,48,0.009825371,1,Good
99,D:\LSH\LSH\实验\聚焦信号分类实验\1\ROI_x377_y421_w25_h26_20260626_172115\01_valid_raw_and_ifft\mat\curve_r0424_c0400_idx000099.mat,D:\LSH\LSH\实验\聚焦信号分类实验\1\ROI_x377_y421_w25_h26_20260626_172115\01_valid_raw_and_ifft\mat,424,400,valid_folder,valid,50,0.004965825,1,Good
100,D:\LSH\LSH\实验\聚焦信号分类实验\1\ROI_x377_y421_w25_h26_20260626_172115\01_valid_raw_and_ifft\mat\curve_r0424_c0401_idx000100.mat,D:\LSH\LSH\实验\聚焦信号分类实验\1\ROI_x377_y421_w25_h26_20260626_172115\01_valid_raw_and_ifft\mat,424,401,valid_folder,valid,50,0.007640909,1,Good
101,D:\LSH\LSH\实验\聚焦信号分类实验\1\ROI_x377_y421_w25_h26_20260626_172115\01_valid_raw_and_ifft\mat\curve_r0425_c0377_idx000101.mat,D:\LSH\LSH\实验\聚焦信号分类实验\1\ROI_x377_y421_w25_h26_20260626_172115\01_valid_raw_and_ifft\mat,425,377,valid_folder,valid,48,0.092967721,1,Good
102,D:\LSH\LSH\实验\聚焦信号分类实验\1\ROI_x377_y421_w25_h26_20260626_172115\01_valid_raw_and_ifft\mat\curve_r0425_c0378_idx000102.mat,D:\LSH\LSH\实验\聚焦信号分类实验\1\ROI_x377_y421_w25_h26_20260626_172115\01_valid_raw_and_ifft\mat,425,378,valid_folder,valid,48,0.09076283,1,Good
103,D:\LSH\LSH\实验\聚焦信号分类实验\1\ROI_x377_y421_w25_h26_20260626_172115\01_valid_raw_and_ifft\mat\curve_r0425_c0379_idx000103.mat,D:\LSH\LSH\实验\聚焦信号分类实验\1\ROI_x377_y421_w25_h26_20260626_172115\01_valid_raw_and_ifft\mat,425,379,valid_folder,valid,48,0.111232841,1,Good
104,D:\LSH\LSH\实验\聚焦信号分类实验\1\ROI_x377_y421_w25_h26_20260626_172115\01_valid_raw_and_ifft\mat\curve_r0425_c0380_idx000104.mat,D:\LSH\LSH\实验\聚焦信号分类实验\1\ROI_x377_y421_w25_h26_20260626_172115\01_valid_raw_and_ifft\mat,425,380,valid_folder,valid,48,0.09718408,1,Good
105,D:\LSH\LSH\实验\聚焦信号分类实验\1\ROI_x377_y421_w25_h26_20260626_172115\01_valid_raw_and_ifft\mat\curve_r0425_c0381_idx000105.mat,D:\LSH\LSH\实验\聚焦信号分类实验\1\ROI_x377_y421_w25_h26_20260626_172115\01_valid_raw_and_ifft\mat,425,381,valid_folder,valid,48,0.084831903,1,Good
106,D:\LSH\LSH\实验\聚焦信号分类实验\1\ROI_x377_y421_w25_h26_20260626_172115\01_valid_raw_and_ifft\mat\curve_r0425_c0382_idx000106.mat,D:\LSH\LSH\实验\聚焦信号分类实验\1\ROI_x377_y421_w25_h26_20260626_172115\01_valid_raw_and_ifft\mat,425,382,valid_folder,valid,48,0.019910557,1,Good
107,D:\LSH\LSH\实验\聚焦信号分类实验\1\ROI_x377_y421_w25_h26_20260626_172115\01_valid_raw_and_ifft\mat\curve_r0425_c0383_idx000107.mat,D:\LSH\LSH\实验\聚焦信号分类实验\1\ROI_x377_y421_w25_h26_20260626_172115\01_valid_raw_and_ifft\mat,425,383,valid_folder,valid,48,0.023518937,1,Good
108,D:\LSH\LSH\实验\聚焦信号分类实验\1\ROI_x377_y421_w25_h26_20260626_172115\01_valid_raw_and_ifft\mat\curve_r0425_c0384_idx000108.mat,D:\LSH\LSH\实验\聚焦信号分类实验\1\ROI_x377_y421_w25_h26_20260626_172115\01_valid_raw_and_ifft\mat,425,384,valid_folder,valid,48,0.01178517,1,Good
109,D:\LSH\LSH\实验\聚焦信号分类实验\1\ROI_x377_y421_w25_h26_20260626_172115\01_valid_raw_and_ifft\mat\curve_r0425_c0385_idx000109.mat,D:\LSH\LSH\实验\聚焦信号分类实验\1\ROI_x377_y421_w25_h26_20260626_172115\01_valid_raw_and_ifft\mat,425,385,valid_folder,valid,48,0.012081357,1,Good
110,D:\LSH\LSH\实验\聚焦信号分类实验\1\ROI_x377_y421_w25_h26_20260626_172115\01_valid_raw_and_ifft\mat\curve_r0425_c0386_idx000110.mat,D:\LSH\LSH\实验\聚焦信号分类实验\1\ROI_x377_y421_w25_h26_20260626_172115\01_valid_raw_and_ifft\mat,425,386,valid_folder,valid,48,0.011891418,1,Good
111,D:\LSH\LSH\实验\聚焦信号分类实验\1\ROI_x377_y421_w25_h26_20260626_172115\01_valid_raw_and_ifft\mat\curve_r0425_c0387_idx000111.mat,D:\LSH\LSH\实验\聚焦信号分类实验\1\ROI_x377_y421_w25_h26_20260626_172115\01_valid_raw_and_ifft\mat,425,387,valid_folder,valid,48,0.020151914,1,Good
112,D:\LSH\LSH\实验\聚焦信号分类实验\1\ROI_x377_y421_w25_h26_20260626_172115\01_valid_raw_and_ifft\mat\curve_r0425_c0388_idx000112.mat,D:\LSH\LSH\实验\聚焦信号分类实验\1\ROI_x377_y421_w25_h26_20260626_172115\01_valid_raw_and_ifft\mat,425,388,valid_folder,valid,48,0.065032307,1,Good
113,D:\LSH\LSH\实验\聚焦信号分类实验\1\ROI_x377_y421_w25_h26_20260626_172115\01_valid_raw_and_ifft\mat\curve_r0425_c0389_idx000113.mat,D:\LSH\LSH\实验\聚焦信号分类实验\1\ROI_x377_y421_w25_h26_20260626_172115\01_valid_raw_and_ifft\mat,425,389,valid_folder,valid,48,0.06910475,1,Good
114,D:\LSH\LSH\实验\聚焦信号分类实验\1\ROI_x377_y421_w25_h26_20260626_172115\01_valid_raw_and_ifft\mat\curve_r0425_c0390_idx000114.mat,D:\LSH\LSH\实验\聚焦信号分类实验\1\ROI_x377_y421_w25_h26_20260626_172115\01_valid_raw_and_ifft\mat,425,390,valid_folder,valid,48,0.097231329,1,Good
115,D:\LSH\LSH\实验\聚焦信号分类实验\1\ROI_x377_y421_w25_h26_20260626_172115\01_valid_raw_and_ifft\mat\curve_r0425_c0391_idx000115.mat,D:\LSH\LSH\实验\聚焦信号分类实验\1\ROI_x377_y421_w25_h26_20260626_172115\01_valid_raw_and_ifft\mat,425,391,valid_folder,valid,48,0.102453913,1,Good
116,D:\LSH\LSH\实验\聚焦信号分类实验\1\ROI_x377_y421_w25_h26_20260626_172115\01_valid_raw_and_ifft\mat\curve_r0425_c0392_idx000116.mat,D:\LSH\LSH\实验\聚焦信号分类实验\1\ROI_x377_y421_w25_h26_20260626_172115\01_valid_raw_and_ifft\mat,425,392,valid_folder,valid,49,0.085066223,1,Good
117,D:\LSH\LSH\实验\聚焦信号分类实验\1\ROI_x377_y421_w25_h26_20260626_172115\01_valid_raw_and_ifft\mat\curve_r0425_c0393_idx000117.mat,D:\LSH\LSH\实验\聚焦信号分类实验\1\ROI_x377_y421_w25_h26_20260626_172115\01_valid_raw_and_ifft\mat,425,393,valid_folder,valid,49,0.060597278,1,Good
118,D:\LSH\LSH\实验\聚焦信号分类实验\1\ROI_x377_y421_w25_h26_20260626_172115\01_valid_raw_and_ifft\mat\curve_r0425_c0394_idx000118.mat,D:\LSH\LSH\实验\聚焦信号分类实验\1\ROI_x377_y421_w25_h26_20260626_172115\01_valid_raw_and_ifft\mat,425,394,valid_folder,valid,49,0.027121476,1,Good
119,D:\LSH\LSH\实验\聚焦信号分类实验\1\ROI_x377_y421_w25_h26_20260626_172115\01_valid_raw_and_ifft\mat\curve_r0425_c0395_idx000119.mat,D:\LSH\LSH\实验\聚焦信号分类实验\1\ROI_x377_y421_w25_h26_20260626_172115\01_valid_raw_and_ifft\mat,425,395,valid_folder,valid,49,0.017858732,1,Good
120,D:\LSH\LSH\实验\聚焦信号分类实验\1\ROI_x377_y421_w25_h26_20260626_172115\01_valid_raw_and_ifft\mat\curve_r0425_c0396_idx000120.mat,D:\LSH\LSH\实验\聚焦信号分类实验\1\ROI_x377_y421_w25_h26_20260626_172115\01_valid_raw_and_ifft\mat,425,396,valid_folder,valid,49,0.029753019,1,Good
121,D:\LSH\LSH\实验\聚焦信号分类实验\1\ROI_x377_y421_w25_h26_20260626_172115\01_valid_raw_and_ifft\mat\curve_r0425_c0397_idx000121.mat,D:\LSH\LSH\实验\聚焦信号分类实验\1\ROI_x377_y421_w25_h26_20260626_172115\01_valid_raw_and_ifft\mat,425,397,valid_folder,valid,48,0.036419122,1,Good
122,D:\LSH\LSH\实验\聚焦信号分类实验\1\ROI_x377_y421_w25_h26_20260626_172115\01_valid_raw_and_ifft\mat\curve_r0425_c0398_idx000122.mat,D:\LSH\LSH\实验\聚焦信号分类实验\1\ROI_x377_y421_w25_h26_20260626_172115\01_valid_raw_and_ifft\mat,425,398,valid_folder,valid,48,0.02816045,1,Good
123,D:\LSH\LSH\实验\聚焦信号分类实验\1\ROI_x377_y421_w25_h26_20260626_172115\01_valid_raw_and_ifft\mat\curve_r0425_c0399_idx000123.mat,D:\LSH\LSH\实验\聚焦信号分类实验\1\ROI_x377_y421_w25_h26_20260626_172115\01_valid_raw_and_ifft\mat,425,399,valid_folder,valid,48,0.014147605,1,Good
124,D:\LSH\LSH\实验\聚焦信号分类实验\1\ROI_x377_y421_w25_h26_20260626_172115\01_valid_raw_and_ifft\mat\curve_r0425_c0400_idx000124.mat,D:\LSH\LSH\实验\聚焦信号分类实验\1\ROI_x377_y421_w25_h26_20260626_172115\01_valid_raw_and_ifft\mat,425,400,valid_folder,valid,48,0.006350295,1,Good
125,D:\LSH\LSH\实验\聚焦信号分类实验\1\ROI_x377_y421_w25_h26_20260626_172115\01_valid_raw_and_ifft\mat\curve_r0425_c0401_idx000125.mat,D:\LSH\LSH\实验\聚焦信号分类实验\1\ROI_x377_y421_w25_h26_20260626_172115\01_valid_raw_and_ifft\mat,425,401,valid_folder,valid,50,0.007710265,1,Good
126,D:\LSH\LSH\实验\聚焦信号分类实验\1\ROI_x377_y421_w25_h26_20260626_172115\01_valid_raw_and_ifft\mat\curve_r0426_c0377_idx000126.mat,D:\LSH\LSH\实验\聚焦信号分类实验\1\ROI_x377_y421_w25_h26_20260626_172115\01_valid_raw_and_ifft\mat,426,377,valid_folder,valid,48,0.055331711,1,Good
127,D:\LSH\LSH\实验\聚焦信号分类实验\1\ROI_x377_y421_w25_h26_20260626_172115\01_valid_raw_and_ifft\mat\curve_r0426_c0378_idx000127.mat,D:\LSH\LSH\实验\聚焦信号分类实验\1\ROI_x377_y421_w25_h26_20260626_172115\01_valid_raw_and_ifft\mat,426,378,valid_folder,valid,48,0.049201171,1,Good
128,D:\LSH\LSH\实验\聚焦信号分类实验\1\ROI_x377_y421_w25_h26_20260626_172115\01_valid_raw_and_ifft\mat\curve_r0426_c0379_idx000128.mat,D:\LSH\LSH\实验\聚焦信号分类实验\1\ROI_x377_y421_w25_h26_20260626_172115\01_valid_raw_and_ifft\mat,426,379,valid_folder,valid,48,0.027637589,1,Good
129,D:\LSH\LSH\实验\聚焦信号分类实验\1\ROI_x377_y421_w25_h26_20260626_172115\01_valid_raw_and_ifft\mat\curve_r0426_c0380_idx000129.mat,D:\LSH\LSH\实验\聚焦信号分类实验\1\ROI_x377_y421_w25_h26_20260626_172115\01_valid_raw_and_ifft\mat,426,380,valid_folder,valid,48,0.039815039,1,Good
130,D:\LSH\LSH\实验\聚焦信号分类实验\1\ROI_x377_y421_w25_h26_20260626_172115\01_valid_raw_and_ifft\mat\curve_r0426_c0381_idx000130.mat,D:\LSH\LSH\实验\聚焦信号分类实验\1\ROI_x377_y421_w25_h26_20260626_172115\01_valid_raw_and_ifft\mat,426,381,valid_folder,valid,48,0.027933801,1,Good
131,D:\LSH\LSH\实验\聚焦信号分类实验\1\ROI_x377_y421_w25_h26_20260626_172115\01_valid_raw_and_ifft\mat\curve_r0426_c0382_idx000131.mat,D:\LSH\LSH\实验\聚焦信号分类实验\1\ROI_x377_y421_w25_h26_20260626_172115\01_valid_raw_and_ifft\mat,426,382,valid_folder,valid,48,0.008738407,1,Good
132,D:\LSH\LSH\实验\聚焦信号分类实验\1\ROI_x377_y421_w25_h26_20260626_172115\01_valid_raw_and_ifft\mat\curve_r0426_c0383_idx000132.mat,D:\LSH\LSH\实验\聚焦信号分类实验\1\ROI_x377_y421_w25_h26_20260626_172115\01_valid_raw_and_ifft\mat,426,383,valid_folder,valid,48,0.014565351,1,Good
133,D:\LSH\LSH\实验\聚焦信号分类实验\1\ROI_x377_y421_w25_h26_20260626_172115\01_valid_raw_and_ifft\mat\curve_r0426_c0384_idx000133.mat,D:\LSH\LSH\实验\聚焦信号分类实验\1\ROI_x377_y421_w25_h26_20260626_172115\01_valid_raw_and_ifft\mat,426,384,valid_folder,valid,48,0.012287562,1,Good
134,D:\LSH\LSH\实验\聚焦信号分类实验\1\ROI_x377_y421_w25_h26_20260626_172115\01_valid_raw_and_ifft\mat\curve_r0426_c0385_idx000134.mat,D:\LSH\LSH\实验\聚焦信号分类实验\1\ROI_x377_y421_w25_h26_20260626_172115\01_valid_raw_and_ifft\mat,426,385,valid_folder,valid,48,0.022890794,1,Good
135,D:\LSH\LSH\实验\聚焦信号分类实验\1\ROI_x377_y421_w25_h26_20260626_172115\01_valid_raw_and_ifft\mat\curve_r0426_c0386_idx000135.mat,D:\LSH\LSH\实验\聚焦信号分类实验\1\ROI_x377_y421_w25_h26_20260626_172115\01_valid_raw_and_ifft\mat,426,386,valid_folder,valid,48,0.0288125,1,Good
136,D:\LSH\LSH\实验\聚焦信号分类实验\1\ROI_x377_y421_w25_h26_20260626_172115\01_valid_raw_and_ifft\mat\curve_r0426_c0387_idx000136.mat,D:\LSH\LSH\实验\聚焦信号分类实验\1\ROI_x377_y421_w25_h26_20260626_172115\01_valid_raw_and_ifft\mat,426,387,valid_folder,valid,48,0.037022721,1,Good
137,D:\LSH\LSH\实验\聚焦信号分类实验\1\ROI_x377_y421_w25_h26_20260626_172115\01_valid_raw_and_ifft\mat\curve_r0426_c0388_idx000137.mat,D:\LSH\LSH\实验\聚焦信号分类实验\1\ROI_x377_y421_w25_h26_20260626_172115\01_valid_raw_and_ifft\mat,426,388,valid_folder,valid,48,0.081006187,1,Good
138,D:\LSH\LSH\实验\聚焦信号分类实验\1\ROI_x377_y421_w25_h26_20260626_172115\01_valid_raw_and_ifft\mat\curve_r0426_c0389_idx000138.mat,D:\LSH\LSH\实验\聚焦信号分类实验\1\ROI_x377_y421_w25_h26_20260626_172115\01_valid_raw_and_ifft\mat,426,389,valid_folder,valid,48,0.055675054,1,Good
139,D:\LSH\LSH\实验\聚焦信号分类实验\1\ROI_x377_y421_w25_h26_20260626_172115\01_valid_raw_and_ifft\mat\curve_r0426_c0390_idx000139.mat,D:\LSH\LSH\实验\聚焦信号分类实验\1\ROI_x377_y421_w25_h26_20260626_172115\01_valid_raw_and_ifft\mat,426,390,valid_folder,valid,49,0.067179063,1,Good
140,D:\LSH\LSH\实验\聚焦信号分类实验\1\ROI_x377_y421_w25_h26_20260626_172115\01_valid_raw_and_ifft\mat\curve_r0426_c0391_idx000140.mat,D:\LSH\LSH\实验\聚焦信号分类实验\1\ROI_x377_y421_w25_h26_20260626_172115\01_valid_raw_and_ifft\mat,426,391,valid_folder,valid,49,0.059901622,1,Good
141,D:\LSH\LSH\实验\聚焦信号分类实验\1\ROI_x377_y421_w25_h26_20260626_172115\01_valid_raw_and_ifft\mat\curve_r0426_c0392_idx000141.mat,D:\LSH\LSH\实验\聚焦信号分类实验\1\ROI_x377_y421_w25_h26_20260626_172115\01_valid_raw_and_ifft\mat,426,392,valid_folder,valid,49,0.055158828,1,Good
142,D:\LSH\LSH\实验\聚焦信号分类实验\1\ROI_x377_y421_w25_h26_20260626_172115\01_valid_raw_and_ifft\mat\curve_r0426_c0393_idx000142.mat,D:\LSH\LSH\实验\聚焦信号分类实验\1\ROI_x377_y421_w25_h26_20260626_172115\01_valid_raw_and_ifft\mat,426,393,valid_folder,valid,49,0.069431439,1,Good
143,D:\LSH\LSH\实验\聚焦信号分类实验\1\ROI_x377_y421_w25_h26_20260626_172115\01_valid_raw_and_ifft\mat\curve_r0426_c0394_idx000143.mat,D:\LSH\LSH\实验\聚焦信号分类实验\1\ROI_x377_y421_w25_h26_20260626_172115\01_valid_raw_and_ifft\mat,426,394,valid_folder,valid,49,0.059090195,1,Good
144,D:\LSH\LSH\实验\聚焦信号分类实验\1\ROI_x377_y421_w25_h26_20260626_172115\01_valid_raw_and_ifft\mat\curve_r0426_c0395_idx000144.mat,D:\LSH\LSH\实验\聚焦信号分类实验\1\ROI_x377_y421_w25_h26_20260626_172115\01_valid_raw_and_ifft\mat,426,395,valid_folder,valid,49,0.06089372,1,Good
145,D:\LSH\LSH\实验\聚焦信号分类实验\1\ROI_x377_y421_w25_h26_20260626_172115\01_valid_raw_and_ifft\mat\curve_r0426_c0396_idx000145.mat,D:\LSH\LSH\实验\聚焦信号分类实验\1\ROI_x377_y421_w25_h26_20260626_172115\01_valid_raw_and_ifft\mat,426,396,valid_folder,valid,48,0.05743491,1,Good
146,D:\LSH\LSH\实验\聚焦信号分类实验\1\ROI_x377_y421_w25_h26_20260626_172115\01_valid_raw_and_ifft\mat\curve_r0426_c0397_idx000146.mat,D:\LSH\LSH\实验\聚焦信号分类实验\1\ROI_x377_y421_w25_h26_20260626_172115\01_valid_raw_and_ifft\mat,426,397,valid_folder,valid,48,0.047526967,1,Good
147,D:\LSH\LSH\实验\聚焦信号分类实验\1\ROI_x377_y421_w25_h26_20260626_172115\01_valid_raw_and_ifft\mat\curve_r0426_c0398_idx000147.mat,D:\LSH\LSH\实验\聚焦信号分类实验\1\ROI_x377_y421_w25_h26_20260626_172115\01_valid_raw_and_ifft\mat,426,398,valid_folder,valid,48,0.029489203,1,Good
148,D:\LSH\LSH\实验\聚焦信号分类实验\1\ROI_x377_y421_w25_h26_20260626_172115\01_valid_raw_and_ifft\mat\curve_r0426_c0399_idx000148.mat,D:\LSH\LSH\实验\聚焦信号分类实验\1\ROI_x377_y421_w25_h26_20260626_172115\01_valid_raw_and_ifft\mat,426,399,valid_folder,valid,48,0.008241561,1,Good
149,D:\LSH\LSH\实验\聚焦信号分类实验\1\ROI_x377_y421_w25_h26_20260626_172115\01_valid_raw_and_ifft\mat\curve_r0426_c0400_idx000149.mat,D:\LSH\LSH\实验\聚焦信号分类实验\1\ROI_x377_y421_w25_h26_20260626_172115\01_valid_raw_and_ifft\mat,426,400,valid_folder,valid,50,0.006575885,1,Good
150,D:\LSH\LSH\实验\聚焦信号分类实验\1\ROI_x377_y421_w25_h26_20260626_172115\01_valid_raw_and_ifft\mat\curve_r0426_c0401_idx000150.mat,D:\LSH\LSH\实验\聚焦信号分类实验\1\ROI_x377_y421_w25_h26_20260626_172115\01_valid_raw_and_ifft\mat,426,401,valid_folder,valid,51,0.006893865,1,Good
151,D:\LSH\LSH\实验\聚焦信号分类实验\1\ROI_x377_y421_w25_h26_20260626_172115\01_valid_raw_and_ifft\mat\curve_r0427_c0377_idx000151.mat,D:\LSH\LSH\实验\聚焦信号分类实验\1\ROI_x377_y421_w25_h26_20260626_172115\01_valid_raw_and_ifft\mat,427,377,valid_folder,valid,48,0.046641995,1,Good
152,D:\LSH\LSH\实验\聚焦信号分类实验\1\ROI_x377_y421_w25_h26_20260626_172115\01_valid_raw_and_ifft\mat\curve_r0427_c0378_idx000152.mat,D:\LSH\LSH\实验\聚焦信号分类实验\1\ROI_x377_y421_w25_h26_20260626_172115\01_valid_raw_and_ifft\mat,427,378,valid_folder,valid,47,0.02458123,1,Good
153,D:\LSH\LSH\实验\聚焦信号分类实验\1\ROI_x377_y421_w25_h26_20260626_172115\01_valid_raw_and_ifft\mat\curve_r0427_c0379_idx000153.mat,D:\LSH\LSH\实验\聚焦信号分类实验\1\ROI_x377_y421_w25_h26_20260626_172115\01_valid_raw_and_ifft\mat,427,379,valid_folder,valid,47,0.031354507,1,Good
154,D:\LSH\LSH\实验\聚焦信号分类实验\1\ROI_x377_y421_w25_h26_20260626_172115\01_valid_raw_and_ifft\mat\curve_r0427_c0380_idx000154.mat,D:\LSH\LSH\实验\聚焦信号分类实验\1\ROI_x377_y421_w25_h26_20260626_172115\01_valid_raw_and_ifft\mat,427,380,valid_folder,valid,48,0.035568938,1,Good
155,D:\LSH\LSH\实验\聚焦信号分类实验\1\ROI_x377_y421_w25_h26_20260626_172115\01_valid_raw_and_ifft\mat\curve_r0427_c0381_idx000155.mat,D:\LSH\LSH\实验\聚焦信号分类实验\1\ROI_x377_y421_w25_h26_20260626_172115\01_valid_raw_and_ifft\mat,427,381,valid_folder,valid,48,0.017406585,1,Good
156,D:\LSH\LSH\实验\聚焦信号分类实验\1\ROI_x377_y421_w25_h26_20260626_172115\01_valid_raw_and_ifft\mat\curve_r0427_c0382_idx000156.mat,D:\LSH\LSH\实验\聚焦信号分类实验\1\ROI_x377_y421_w25_h26_20260626_172115\01_valid_raw_and_ifft\mat,427,382,valid_folder,valid,48,0.006568647,1,Good
157,D:\LSH\LSH\实验\聚焦信号分类实验\1\ROI_x377_y421_w25_h26_20260626_172115\01_valid_raw_and_ifft\mat\curve_r0427_c0383_idx000157.mat,D:\LSH\LSH\实验\聚焦信号分类实验\1\ROI_x377_y421_w25_h26_20260626_172115\01_valid_raw_and_ifft\mat,427,383,valid_folder,valid,48,0.01089959,1,Good
158,D:\LSH\LSH\实验\聚焦信号分类实验\1\ROI_x377_y421_w25_h26_20260626_172115\01_valid_raw_and_ifft\mat\curve_r0427_c0384_idx000158.mat,D:\LSH\LSH\实验\聚焦信号分类实验\1\ROI_x377_y421_w25_h26_20260626_172115\01_valid_raw_and_ifft\mat,427,384,valid_folder,valid,48,0.026716343,1,Good
159,D:\LSH\LSH\实验\聚焦信号分类实验\1\ROI_x377_y421_w25_h26_20260626_172115\01_valid_raw_and_ifft\mat\curve_r0427_c0385_idx000159.mat,D:\LSH\LSH\实验\聚焦信号分类实验\1\ROI_x377_y421_w25_h26_20260626_172115\01_valid_raw_and_ifft\mat,427,385,valid_folder,valid,48,0.078113927,1,Good
160,D:\LSH\LSH\实验\聚焦信号分类实验\1\ROI_x377_y421_w25_h26_20260626_172115\01_valid_raw_and_ifft\mat\curve_r0427_c0386_idx000160.mat,D:\LSH\LSH\实验\聚焦信号分类实验\1\ROI_x377_y421_w25_h26_20260626_172115\01_valid_raw_and_ifft\mat,427,386,valid_folder,valid,48,0.084131211,1,Good
161,D:\LSH\LSH\实验\聚焦信号分类实验\1\ROI_x377_y421_w25_h26_20260626_172115\01_valid_raw_and_ifft\mat\curve_r0427_c0387_idx000161.mat,D:\LSH\LSH\实验\聚焦信号分类实验\1\ROI_x377_y421_w25_h26_20260626_172115\01_valid_raw_and_ifft\mat,427,387,valid_folder,valid,48,0.069551046,1,Good
162,D:\LSH\LSH\实验\聚焦信号分类实验\1\ROI_x377_y421_w25_h26_20260626_172115\01_valid_raw_and_ifft\mat\curve_r0427_c0388_idx000162.mat,D:\LSH\LSH\实验\聚焦信号分类实验\1\ROI_x377_y421_w25_h26_20260626_172115\01_valid_raw_and_ifft\mat,427,388,valid_folder,valid,48,0.065098667,1,Good
163,D:\LSH\LSH\实验\聚焦信号分类实验\1\ROI_x377_y421_w25_h26_20260626_172115\01_valid_raw_and_ifft\mat\curve_r0427_c0389_idx000163.mat,D:\LSH\LSH\实验\聚焦信号分类实验\1\ROI_x377_y421_w25_h26_20260626_172115\01_valid_raw_and_ifft\mat,427,389,valid_folder,valid,48,0.064198263,1,Good
164,D:\LSH\LSH\实验\聚焦信号分类实验\1\ROI_x377_y421_w25_h26_20260626_172115\01_valid_raw_and_ifft\mat\curve_r0427_c0390_idx000164.mat,D:\LSH\LSH\实验\聚焦信号分类实验\1\ROI_x377_y421_w25_h26_20260626_172115\01_valid_raw_and_ifft\mat,427,390,valid_folder,valid,48,0.11424255,1,Good
165,D:\LSH\LSH\实验\聚焦信号分类实验\1\ROI_x377_y421_w25_h26_20260626_172115\01_valid_raw_and_ifft\mat\curve_r0427_c0391_idx000165.mat,D:\LSH\LSH\实验\聚焦信号分类实验\1\ROI_x377_y421_w25_h26_20260626_172115\01_valid_raw_and_ifft\mat,427,391,valid_folder,valid,48,0.159974985,1,Good
166,D:\LSH\LSH\实验\聚焦信号分类实验\1\ROI_x377_y421_w25_h26_20260626_172115\01_valid_raw_and_ifft\mat\curve_r0427_c0392_idx000166.mat,D:\LSH\LSH\实验\聚焦信号分类实验\1\ROI_x377_y421_w25_h26_20260626_172115\01_valid_raw_and_ifft\mat,427,392,valid_folder,valid,48,0.131667981,1,Good
167,D:\LSH\LSH\实验\聚焦信号分类实验\1\ROI_x377_y421_w25_h26_20260626_172115\01_valid_raw_and_ifft\mat\curve_r0427_c0393_idx000167.mat,D:\LSH\LSH\实验\聚焦信号分类实验\1\ROI_x377_y421_w25_h26_20260626_172115\01_valid_raw_and_ifft\mat,427,393,valid_folder,valid,48,0.100267587,1,Good
168,D:\LSH\LSH\实验\聚焦信号分类实验\1\ROI_x377_y421_w25_h26_20260626_172115\01_valid_raw_and_ifft\mat\curve_r0427_c0394_idx000168.mat,D:\LSH\LSH\实验\聚焦信号分类实验\1\ROI_x377_y421_w25_h26_20260626_172115\01_valid_raw_and_ifft\mat,427,394,valid_folder,valid,48,0.069107437,1,Good
169,D:\LSH\LSH\实验\聚焦信号分类实验\1\ROI_x377_y421_w25_h26_20260626_172115\01_valid_raw_and_ifft\mat\curve_r0427_c0395_idx000169.mat,D:\LSH\LSH\实验\聚焦信号分类实验\1\ROI_x377_y421_w25_h26_20260626_172115\01_valid_raw_and_ifft\mat,427,395,valid_folder,valid,48,0.044793172,1,Good
170,D:\LSH\LSH\实验\聚焦信号分类实验\1\ROI_x377_y421_w25_h26_20260626_172115\01_valid_raw_and_ifft\mat\curve_r0427_c0396_idx000170.mat,D:\LSH\LSH\实验\聚焦信号分类实验\1\ROI_x377_y421_w25_h26_20260626_172115\01_valid_raw_and_ifft\mat,427,396,valid_folder,valid,48,0.058124593,1,Good
171,D:\LSH\LSH\实验\聚焦信号分类实验\1\ROI_x377_y421_w25_h26_20260626_172115\01_valid_raw_and_ifft\mat\curve_r0427_c0397_idx000171.mat,D:\LSH\LSH\实验\聚焦信号分类实验\1\ROI_x377_y421_w25_h26_20260626_172115\01_valid_raw_and_ifft\mat,427,397,valid_folder,valid,48,0.056750931,1,Good
172,D:\LSH\LSH\实验\聚焦信号分类实验\1\ROI_x377_y421_w25_h26_20260626_172115\01_valid_raw_and_ifft\mat\curve_r0427_c0398_idx000172.mat,D:\LSH\LSH\实验\聚焦信号分类实验\1\ROI_x377_y421_w25_h26_20260626_172115\01_valid_raw_and_ifft\mat,427,398,valid_folder,valid,48,0.024051567,1,Good
173,D:\LSH\LSH\实验\聚焦信号分类实验\1\ROI_x377_y421_w25_h26_20260626_172115\01_valid_raw_and_ifft\mat\curve_r0427_c0399_idx000173.mat,D:\LSH\LSH\实验\聚焦信号分类实验\1\ROI_x377_y421_w25_h26_20260626_172115\01_valid_raw_and_ifft\mat,427,399,valid_folder,valid,48,0.004568028,1,Good
174,D:\LSH\LSH\实验\聚焦信号分类实验\1\ROI_x377_y421_w25_h26_20260626_172115\01_valid_raw_and_ifft\mat\curve_r0427_c0400_idx000174.mat,D:\LSH\LSH\实验\聚焦信号分类实验\1\ROI_x377_y421_w25_h26_20260626_172115\01_valid_raw_and_ifft\mat,427,400,valid_folder,valid,50,0.006266104,1,Good
175,D:\LSH\LSH\实验\聚焦信号分类实验\1\ROI_x377_y421_w25_h26_20260626_172115\01_valid_raw_and_ifft\mat\curve_r0427_c0401_idx000175.mat,D:\LSH\LSH\实验\聚焦信号分类实验\1\ROI_x377_y421_w25_h26_20260626_172115\01_valid_raw_and_ifft\mat,427,401,valid_folder,valid,51,0.004491689,1,Good
176,D:\LSH\LSH\实验\聚焦信号分类实验\1\ROI_x377_y421_w25_h26_20260626_172115\01_valid_raw_and_ifft\mat\curve_r0428_c0377_idx000176.mat,D:\LSH\LSH\实验\聚焦信号分类实验\1\ROI_x377_y421_w25_h26_20260626_172115\01_valid_raw_and_ifft\mat,428,377,valid_folder,valid,48,0.041597693,1,Good
177,D:\LSH\LSH\实验\聚焦信号分类实验\1\ROI_x377_y421_w25_h26_20260626_172115\01_valid_raw_and_ifft\mat\curve_r0428_c0378_idx000177.mat,D:\LSH\LSH\实验\聚焦信号分类实验\1\ROI_x377_y421_w25_h26_20260626_172115\01_valid_raw_and_ifft\mat,428,378,valid_folder,valid,48,0.046068491,1,Good
178,D:\LSH\LSH\实验\聚焦信号分类实验\1\ROI_x377_y421_w25_h26_20260626_172115\01_valid_raw_and_ifft\mat\curve_r0428_c0379_idx000178.mat,D:\LSH\LSH\实验\聚焦信号分类实验\1\ROI_x377_y421_w25_h26_20260626_172115\01_valid_raw_and_ifft\mat,428,379,valid_folder,valid,48,0.049826043,1,Good
179,D:\LSH\LSH\实验\聚焦信号分类实验\1\ROI_x377_y421_w25_h26_20260626_172115\01_valid_raw_and_ifft\mat\curve_r0428_c0380_idx000179.mat,D:\LSH\LSH\实验\聚焦信号分类实验\1\ROI_x377_y421_w25_h26_20260626_172115\01_valid_raw_and_ifft\mat,428,380,valid_folder,valid,48,0.027488942,1,Good
180,D:\LSH\LSH\实验\聚焦信号分类实验\1\ROI_x377_y421_w25_h26_20260626_172115\01_valid_raw_and_ifft\mat\curve_r0428_c0381_idx000180.mat,D:\LSH\LSH\实验\聚焦信号分类实验\1\ROI_x377_y421_w25_h26_20260626_172115\01_valid_raw_and_ifft\mat,428,381,valid_folder,valid,47,0.007857182,1,Good
181,D:\LSH\LSH\实验\聚焦信号分类实验\1\ROI_x377_y421_w25_h26_20260626_172115\01_valid_raw_and_ifft\mat\curve_r0428_c0382_idx000181.mat,D:\LSH\LSH\实验\聚焦信号分类实验\1\ROI_x377_y421_w25_h26_20260626_172115\01_valid_raw_and_ifft\mat,428,382,valid_folder,valid,47,0.008010969,1,Good
182,D:\LSH\LSH\实验\聚焦信号分类实验\1\ROI_x377_y421_w25_h26_20260626_172115\01_valid_raw_and_ifft\mat\curve_r0428_c0383_idx000182.mat,D:\LSH\LSH\实验\聚焦信号分类实验\1\ROI_x377_y421_w25_h26_20260626_172115\01_valid_raw_and_ifft\mat,428,383,valid_folder,valid,48,0.016485619,1,Good
183,D:\LSH\LSH\实验\聚焦信号分类实验\1\ROI_x377_y421_w25_h26_20260626_172115\01_valid_raw_and_ifft\mat\curve_r0428_c0384_idx000183.mat,D:\LSH\LSH\实验\聚焦信号分类实验\1\ROI_x377_y421_w25_h26_20260626_172115\01_valid_raw_and_ifft\mat,428,384,valid_folder,valid,48,0.042227744,1,Good
184,D:\LSH\LSH\实验\聚焦信号分类实验\1\ROI_x377_y421_w25_h26_20260626_172115\01_valid_raw_and_ifft\mat\curve_r0428_c0385_idx000184.mat,D:\LSH\LSH\实验\聚焦信号分类实验\1\ROI_x377_y421_w25_h26_20260626_172115\01_valid_raw_and_ifft\mat,428,385,valid_folder,valid,48,0.090789664,1,Good
185,D:\LSH\LSH\实验\聚焦信号分类实验\1\ROI_x377_y421_w25_h26_20260626_172115\01_valid_raw_and_ifft\mat\curve_r0428_c0386_idx000185.mat,D:\LSH\LSH\实验\聚焦信号分类实验\1\ROI_x377_y421_w25_h26_20260626_172115\01_valid_raw_and_ifft\mat,428,386,valid_folder,valid,48,0.038155488,1,Good
186,D:\LSH\LSH\实验\聚焦信号分类实验\1\ROI_x377_y421_w25_h26_20260626_172115\01_valid_raw_and_ifft\mat\curve_r0428_c0387_idx000186.mat,D:\LSH\LSH\实验\聚焦信号分类实验\1\ROI_x377_y421_w25_h26_20260626_172115\01_valid_raw_and_ifft\mat,428,387,valid_folder,valid,48,0.03324469,1,Good
187,D:\LSH\LSH\实验\聚焦信号分类实验\1\ROI_x377_y421_w25_h26_20260626_172115\01_valid_raw_and_ifft\mat\curve_r0428_c0388_idx000187.mat,D:\LSH\LSH\实验\聚焦信号分类实验\1\ROI_x377_y421_w25_h26_20260626_172115\01_valid_raw_and_ifft\mat,428,388,valid_folder,valid,48,0.040757582,1,Good
188,D:\LSH\LSH\实验\聚焦信号分类实验\1\ROI_x377_y421_w25_h26_20260626_172115\01_valid_raw_and_ifft\mat\curve_r0428_c0389_idx000188.mat,D:\LSH\LSH\实验\聚焦信号分类实验\1\ROI_x377_y421_w25_h26_20260626_172115\01_valid_raw_and_ifft\mat,428,389,valid_folder,valid,48,0.064677847,1,Good
189,D:\LSH\LSH\实验\聚焦信号分类实验\1\ROI_x377_y421_w25_h26_20260626_172115\01_valid_raw_and_ifft\mat\curve_r0428_c0390_idx000189.mat,D:\LSH\LSH\实验\聚焦信号分类实验\1\ROI_x377_y421_w25_h26_20260626_172115\01_valid_raw_and_ifft\mat,428,390,valid_folder,valid,48,0.112974808,1,Good
190,D:\LSH\LSH\实验\聚焦信号分类实验\1\ROI_x377_y421_w25_h26_20260626_172115\01_valid_raw_and_ifft\mat\curve_r0428_c0391_idx000190.mat,D:\LSH\LSH\实验\聚焦信号分类实验\1\ROI_x377_y421_w25_h26_20260626_172115\01_valid_raw_and_ifft\mat,428,391,valid_folder,valid,48,0.121854693,1,Good
191,D:\LSH\LSH\实验\聚焦信号分类实验\1\ROI_x377_y421_w25_h26_20260626_172115\01_valid_raw_and_ifft\mat\curve_r0428_c0392_idx000191.mat,D:\LSH\LSH\实验\聚焦信号分类实验\1\ROI_x377_y421_w25_h26_20260626_172115\01_valid_raw_and_ifft\mat,428,392,valid_folder,valid,48,0.089353148,1,Good
192,D:\LSH\LSH\实验\聚焦信号分类实验\1\ROI_x377_y421_w25_h26_20260626_172115\01_valid_raw_and_ifft\mat\curve_r0428_c0393_idx000192.mat,D:\LSH\LSH\实验\聚焦信号分类实验\1\ROI_x377_y421_w25_h26_20260626_172115\01_valid_raw_and_ifft\mat,428,393,valid_folder,valid,48,0.08093761,1,Good
193,D:\LSH\LSH\实验\聚焦信号分类实验\1\ROI_x377_y421_w25_h26_20260626_172115\01_valid_raw_and_ifft\mat\curve_r0428_c0394_idx000193.mat,D:\LSH\LSH\实验\聚焦信号分类实验\1\ROI_x377_y421_w25_h26_20260626_172115\01_valid_raw_and_ifft\mat,428,394,valid_folder,valid,48,0.064999872,1,Good
194,D:\LSH\LSH\实验\聚焦信号分类实验\1\ROI_x377_y421_w25_h26_20260626_172115\01_valid_raw_and_ifft\mat\curve_r0428_c0395_idx000194.mat,D:\LSH\LSH\实验\聚焦信号分类实验\1\ROI_x377_y421_w25_h26_20260626_172115\01_valid_raw_and_ifft\mat,428,395,valid_folder,valid,48,0.049539468,1,Good
195,D:\LSH\LSH\实验\聚焦信号分类实验\1\ROI_x377_y421_w25_h26_20260626_172115\01_valid_raw_and_ifft\mat\curve_r0428_c0396_idx000195.mat,D:\LSH\LSH\实验\聚焦信号分类实验\1\ROI_x377_y421_w25_h26_20260626_172115\01_valid_raw_and_ifft\mat,428,396,valid_folder,valid,48,0.03037133,1,Good
196,D:\LSH\LSH\实验\聚焦信号分类实验\1\ROI_x377_y421_w25_h26_20260626_172115\01_valid_raw_and_ifft\mat\curve_r0428_c0397_idx000196.mat,D:\LSH\LSH\实验\聚焦信号分类实验\1\ROI_x377_y421_w25_h26_20260626_172115\01_valid_raw_and_ifft\mat,428,397,valid_folder,valid,48,0.016697203,1,Good
197,D:\LSH\LSH\实验\聚焦信号分类实验\1\ROI_x377_y421_w25_h26_20260626_172115\01_valid_raw_and_ifft\mat\curve_r0428_c0398_idx000197.mat,D:\LSH\LSH\实验\聚焦信号分类实验\1\ROI_x377_y421_w25_h26_20260626_172115\01_valid_raw_and_ifft\mat,428,398,valid_folder,valid,48,0.011196273,1,Good
198,D:\LSH\LSH\实验\聚焦信号分类实验\1\ROI_x377_y421_w25_h26_20260626_172115\01_valid_raw_and_ifft\mat\curve_r0428_c0399_idx000198.mat,D:\LSH\LSH\实验\聚焦信号分类实验\1\ROI_x377_y421_w25_h26_20260626_172115\01_valid_raw_and_ifft\mat,428,399,valid_folder,valid,48,0.004635653,1,Good
199,D:\LSH\LSH\实验\聚焦信号分类实验\1\ROI_x377_y421_w25_h26_20260626_172115\01_valid_raw_and_ifft\mat\curve_r0428_c0400_idx000199.mat,D:\LSH\LSH\实验\聚焦信号分类实验\1\ROI_x377_y421_w25_h26_20260626_172115\01_valid_raw_and_ifft\mat,428,400,valid_folder,valid,51,0.004919581,1,Good
200,D:\LSH\LSH\实验\聚焦信号分类实验\1\ROI_x377_y421_w25_h26_20260626_172115\01_valid_raw_and_ifft\mat\curve_r0428_c0401_idx000200.mat,D:\LSH\LSH\实验\聚焦信号分类实验\1\ROI_x377_y421_w25_h26_20260626_172115\01_valid_raw_and_ifft\mat,428,401,valid_folder,valid,51,0.00427294,1,Good
201,D:\LSH\LSH\实验\聚焦信号分类实验\1\ROI_x377_y421_w25_h26_20260626_172115\01_valid_raw_and_ifft\mat\curve_r0429_c0377_idx000201.mat,D:\LSH\LSH\实验\聚焦信号分类实验\1\ROI_x377_y421_w25_h26_20260626_172115\01_valid_raw_and_ifft\mat,429,377,valid_folder,valid,48,0.04128749,1,Good
202,D:\LSH\LSH\实验\聚焦信号分类实验\1\ROI_x377_y421_w25_h26_20260626_172115\01_valid_raw_and_ifft\mat\curve_r0429_c0378_idx000202.mat,D:\LSH\LSH\实验\聚焦信号分类实验\1\ROI_x377_y421_w25_h26_20260626_172115\01_valid_raw_and_ifft\mat,429,378,valid_folder,valid,48,0.022329692,1,Good
203,D:\LSH\LSH\实验\聚焦信号分类实验\1\ROI_x377_y421_w25_h26_20260626_172115\01_valid_raw_and_ifft\mat\curve_r0429_c0379_idx000203.mat,D:\LSH\LSH\实验\聚焦信号分类实验\1\ROI_x377_y421_w25_h26_20260626_172115\01_valid_raw_and_ifft\mat,429,379,valid_folder,valid,48,0.013302958,1,Good
204,D:\LSH\LSH\实验\聚焦信号分类实验\1\ROI_x377_y421_w25_h26_20260626_172115\01_valid_raw_and_ifft\mat\curve_r0429_c0380_idx000204.mat,D:\LSH\LSH\实验\聚焦信号分类实验\1\ROI_x377_y421_w25_h26_20260626_172115\01_valid_raw_and_ifft\mat,429,380,valid_folder,valid,48,0.012340014,1,Good
205,D:\LSH\LSH\实验\聚焦信号分类实验\1\ROI_x377_y421_w25_h26_20260626_172115\01_valid_raw_and_ifft\mat\curve_r0429_c0381_idx000205.mat,D:\LSH\LSH\实验\聚焦信号分类实验\1\ROI_x377_y421_w25_h26_20260626_172115\01_valid_raw_and_ifft\mat,429,381,valid_folder,valid,47,0.008286952,1,Good
206,D:\LSH\LSH\实验\聚焦信号分类实验\1\ROI_x377_y421_w25_h26_20260626_172115\01_valid_raw_and_ifft\mat\curve_r0429_c0382_idx000206.mat,D:\LSH\LSH\实验\聚焦信号分类实验\1\ROI_x377_y421_w25_h26_20260626_172115\01_valid_raw_and_ifft\mat,429,382,valid_folder,valid,47,0.017320943,1,Good
207,D:\LSH\LSH\实验\聚焦信号分类实验\1\ROI_x377_y421_w25_h26_20260626_172115\01_valid_raw_and_ifft\mat\curve_r0429_c0383_idx000207.mat,D:\LSH\LSH\实验\聚焦信号分类实验\1\ROI_x377_y421_w25_h26_20260626_172115\01_valid_raw_and_ifft\mat,429,383,valid_folder,valid,48,0.060582816,1,Good
208,D:\LSH\LSH\实验\聚焦信号分类实验\1\ROI_x377_y421_w25_h26_20260626_172115\01_valid_raw_and_ifft\mat\curve_r0429_c0384_idx000208.mat,D:\LSH\LSH\实验\聚焦信号分类实验\1\ROI_x377_y421_w25_h26_20260626_172115\01_valid_raw_and_ifft\mat,429,384,valid_folder,valid,48,0.162794961,1,Good
209,D:\LSH\LSH\实验\聚焦信号分类实验\1\ROI_x377_y421_w25_h26_20260626_172115\01_valid_raw_and_ifft\mat\curve_r0429_c0385_idx000209.mat,D:\LSH\LSH\实验\聚焦信号分类实验\1\ROI_x377_y421_w25_h26_20260626_172115\01_valid_raw_and_ifft\mat,429,385,valid_folder,valid,48,0.175390764,1,Good
210,D:\LSH\LSH\实验\聚焦信号分类实验\1\ROI_x377_y421_w25_h26_20260626_172115\01_valid_raw_and_ifft\mat\curve_r0429_c0386_idx000210.mat,D:\LSH\LSH\实验\聚焦信号分类实验\1\ROI_x377_y421_w25_h26_20260626_172115\01_valid_raw_and_ifft\mat,429,386,valid_folder,valid,48,0.077486769,1,Good
211,D:\LSH\LSH\实验\聚焦信号分类实验\1\ROI_x377_y421_w25_h26_20260626_172115\01_valid_raw_and_ifft\mat\curve_r0429_c0387_idx000211.mat,D:\LSH\LSH\实验\聚焦信号分类实验\1\ROI_x377_y421_w25_h26_20260626_172115\01_valid_raw_and_ifft\mat,429,387,valid_folder,valid,48,0.040677742,1,Good
212,D:\LSH\LSH\实验\聚焦信号分类实验\1\ROI_x377_y421_w25_h26_20260626_172115\01_valid_raw_and_ifft\mat\curve_r0429_c0388_idx000212.mat,D:\LSH\LSH\实验\聚焦信号分类实验\1\ROI_x377_y421_w25_h26_20260626_172115\01_valid_raw_and_ifft\mat,429,388,valid_folder,valid,48,0.037400087,1,Good
213,D:\LSH\LSH\实验\聚焦信号分类实验\1\ROI_x377_y421_w25_h26_20260626_172115\01_valid_raw_and_ifft\mat\curve_r0429_c0389_idx000213.mat,D:\LSH\LSH\实验\聚焦信号分类实验\1\ROI_x377_y421_w25_h26_20260626_172115\01_valid_raw_and_ifft\mat,429,389,valid_folder,valid,48,0.040386164,1,Good
214,D:\LSH\LSH\实验\聚焦信号分类实验\1\ROI_x377_y421_w25_h26_20260626_172115\01_valid_raw_and_ifft\mat\curve_r0429_c0390_idx000214.mat,D:\LSH\LSH\实验\聚焦信号分类实验\1\ROI_x377_y421_w25_h26_20260626_172115\01_valid_raw_and_ifft\mat,429,390,valid_folder,valid,48,0.040224565,1,Good
215,D:\LSH\LSH\实验\聚焦信号分类实验\1\ROI_x377_y421_w25_h26_20260626_172115\01_valid_raw_and_ifft\mat\curve_r0429_c0391_idx000215.mat,D:\LSH\LSH\实验\聚焦信号分类实验\1\ROI_x377_y421_w25_h26_20260626_172115\01_valid_raw_and_ifft\mat,429,391,valid_folder,valid,48,0.050781504,1,Good
216,D:\LSH\LSH\实验\聚焦信号分类实验\1\ROI_x377_y421_w25_h26_20260626_172115\01_valid_raw_and_ifft\mat\curve_r0429_c0392_idx000216.mat,D:\LSH\LSH\实验\聚焦信号分类实验\1\ROI_x377_y421_w25_h26_20260626_172115\01_valid_raw_and_ifft\mat,429,392,valid_folder,valid,48,0.05610632,1,Good
217,D:\LSH\LSH\实验\聚焦信号分类实验\1\ROI_x377_y421_w25_h26_20260626_172115\01_valid_raw_and_ifft\mat\curve_r0429_c0393_idx000217.mat,D:\LSH\LSH\实验\聚焦信号分类实验\1\ROI_x377_y421_w25_h26_20260626_172115\01_valid_raw_and_ifft\mat,429,393,valid_folder,valid,48,0.045981093,1,Good
218,D:\LSH\LSH\实验\聚焦信号分类实验\1\ROI_x377_y421_w25_h26_20260626_172115\01_valid_raw_and_ifft\mat\curve_r0429_c0394_idx000218.mat,D:\LSH\LSH\实验\聚焦信号分类实验\1\ROI_x377_y421_w25_h26_20260626_172115\01_valid_raw_and_ifft\mat,429,394,valid_folder,valid,48,0.017510735,1,Good
219,D:\LSH\LSH\实验\聚焦信号分类实验\1\ROI_x377_y421_w25_h26_20260626_172115\01_valid_raw_and_ifft\mat\curve_r0429_c0395_idx000219.mat,D:\LSH\LSH\实验\聚焦信号分类实验\1\ROI_x377_y421_w25_h26_20260626_172115\01_valid_raw_and_ifft\mat,429,395,valid_folder,valid,49,0.0152195,1,Good
220,D:\LSH\LSH\实验\聚焦信号分类实验\1\ROI_x377_y421_w25_h26_20260626_172115\01_valid_raw_and_ifft\mat\curve_r0429_c0396_idx000220.mat,D:\LSH\LSH\实验\聚焦信号分类实验\1\ROI_x377_y421_w25_h26_20260626_172115\01_valid_raw_and_ifft\mat,429,396,valid_folder,valid,49,0.012439839,1,Good
221,D:\LSH\LSH\实验\聚焦信号分类实验\1\ROI_x377_y421_w25_h26_20260626_172115\01_valid_raw_and_ifft\mat\curve_r0429_c0397_idx000221.mat,D:\LSH\LSH\实验\聚焦信号分类实验\1\ROI_x377_y421_w25_h26_20260626_172115\01_valid_raw_and_ifft\mat,429,397,valid_folder,valid,50,0.009853108,1,Good
222,D:\LSH\LSH\实验\聚焦信号分类实验\1\ROI_x377_y421_w25_h26_20260626_172115\01_valid_raw_and_ifft\mat\curve_r0429_c0398_idx000222.mat,D:\LSH\LSH\实验\聚焦信号分类实验\1\ROI_x377_y421_w25_h26_20260626_172115\01_valid_raw_and_ifft\mat,429,398,valid_folder,valid,51,0.009797865,1,Good
223,D:\LSH\LSH\实验\聚焦信号分类实验\1\ROI_x377_y421_w25_h26_20260626_172115\01_valid_raw_and_ifft\mat\curve_r0429_c0399_idx000223.mat,D:\LSH\LSH\实验\聚焦信号分类实验\1\ROI_x377_y421_w25_h26_20260626_172115\01_valid_raw_and_ifft\mat,429,399,valid_folder,valid,51,0.009219516,1,Good
224,D:\LSH\LSH\实验\聚焦信号分类实验\1\ROI_x377_y421_w25_h26_20260626_172115\01_valid_raw_and_ifft\mat\curve_r0429_c0400_idx000224.mat,D:\LSH\LSH\实验\聚焦信号分类实验\1\ROI_x377_y421_w25_h26_20260626_172115\01_valid_raw_and_ifft\mat,429,400,valid_folder,valid,51,0.006736528,1,Good
225,D:\LSH\LSH\实验\聚焦信号分类实验\1\ROI_x377_y421_w25_h26_20260626_172115\01_valid_raw_and_ifft\mat\curve_r0429_c0401_idx000225.mat,D:\LSH\LSH\实验\聚焦信号分类实验\1\ROI_x377_y421_w25_h26_20260626_172115\01_valid_raw_and_ifft\mat,429,401,valid_folder,valid,51,0.008568486,1,Good
226,D:\LSH\LSH\实验\聚焦信号分类实验\1\ROI_x377_y421_w25_h26_20260626_172115\01_valid_raw_and_ifft\mat\curve_r0430_c0377_idx000226.mat,D:\LSH\LSH\实验\聚焦信号分类实验\1\ROI_x377_y421_w25_h26_20260626_172115\01_valid_raw_and_ifft\mat,430,377,valid_folder,valid,48,0.019382145,1,Good
227,D:\LSH\LSH\实验\聚焦信号分类实验\1\ROI_x377_y421_w25_h26_20260626_172115\01_valid_raw_and_ifft\mat\curve_r0430_c0378_idx000227.mat,D:\LSH\LSH\实验\聚焦信号分类实验\1\ROI_x377_y421_w25_h26_20260626_172115\01_valid_raw_and_ifft\mat,430,378,valid_folder,valid,48,0.014337269,1,Good
228,D:\LSH\LSH\实验\聚焦信号分类实验\1\ROI_x377_y421_w25_h26_20260626_172115\01_valid_raw_and_ifft\mat\curve_r0430_c0379_idx000228.mat,D:\LSH\LSH\实验\聚焦信号分类实验\1\ROI_x377_y421_w25_h26_20260626_172115\01_valid_raw_and_ifft\mat,430,379,valid_folder,valid,48,0.014492165,1,Good
229,D:\LSH\LSH\实验\聚焦信号分类实验\1\ROI_x377_y421_w25_h26_20260626_172115\01_valid_raw_and_ifft\mat\curve_r0430_c0380_idx000229.mat,D:\LSH\LSH\实验\聚焦信号分类实验\1\ROI_x377_y421_w25_h26_20260626_172115\01_valid_raw_and_ifft\mat,430,380,valid_folder,valid,48,0.019948901,1,Good
230,D:\LSH\LSH\实验\聚焦信号分类实验\1\ROI_x377_y421_w25_h26_20260626_172115\01_valid_raw_and_ifft\mat\curve_r0430_c0381_idx000230.mat,D:\LSH\LSH\实验\聚焦信号分类实验\1\ROI_x377_y421_w25_h26_20260626_172115\01_valid_raw_and_ifft\mat,430,381,valid_folder,valid,48,0.017386817,1,Good
231,D:\LSH\LSH\实验\聚焦信号分类实验\1\ROI_x377_y421_w25_h26_20260626_172115\01_valid_raw_and_ifft\mat\curve_r0430_c0382_idx000231.mat,D:\LSH\LSH\实验\聚焦信号分类实验\1\ROI_x377_y421_w25_h26_20260626_172115\01_valid_raw_and_ifft\mat,430,382,valid_folder,valid,48,0.017907491,1,Good
232,D:\LSH\LSH\实验\聚焦信号分类实验\1\ROI_x377_y421_w25_h26_20260626_172115\01_valid_raw_and_ifft\mat\curve_r0430_c0383_idx000232.mat,D:\LSH\LSH\实验\聚焦信号分类实验\1\ROI_x377_y421_w25_h26_20260626_172115\01_valid_raw_and_ifft\mat,430,383,valid_folder,valid,48,0.105242126,1,Good
233,D:\LSH\LSH\实验\聚焦信号分类实验\1\ROI_x377_y421_w25_h26_20260626_172115\01_valid_raw_and_ifft\mat\curve_r0430_c0384_idx000233.mat,D:\LSH\LSH\实验\聚焦信号分类实验\1\ROI_x377_y421_w25_h26_20260626_172115\01_valid_raw_and_ifft\mat,430,384,valid_folder,valid,48,0.231191736,1,Good
234,D:\LSH\LSH\实验\聚焦信号分类实验\1\ROI_x377_y421_w25_h26_20260626_172115\01_valid_raw_and_ifft\mat\curve_r0430_c0385_idx000234.mat,D:\LSH\LSH\实验\聚焦信号分类实验\1\ROI_x377_y421_w25_h26_20260626_172115\01_valid_raw_and_ifft\mat,430,385,valid_folder,valid,48,0.215105645,1,Good
235,D:\LSH\LSH\实验\聚焦信号分类实验\1\ROI_x377_y421_w25_h26_20260626_172115\01_valid_raw_and_ifft\mat\curve_r0430_c0386_idx000235.mat,D:\LSH\LSH\实验\聚焦信号分类实验\1\ROI_x377_y421_w25_h26_20260626_172115\01_valid_raw_and_ifft\mat,430,386,valid_folder,valid,48,0.025415509,1,Good
236,D:\LSH\LSH\实验\聚焦信号分类实验\1\ROI_x377_y421_w25_h26_20260626_172115\01_valid_raw_and_ifft\mat\curve_r0430_c0387_idx000236.mat,D:\LSH\LSH\实验\聚焦信号分类实验\1\ROI_x377_y421_w25_h26_20260626_172115\01_valid_raw_and_ifft\mat,430,387,valid_folder,valid,48,0.022171844,1,Good
237,D:\LSH\LSH\实验\聚焦信号分类实验\1\ROI_x377_y421_w25_h26_20260626_172115\01_valid_raw_and_ifft\mat\curve_r0430_c0388_idx000237.mat,D:\LSH\LSH\实验\聚焦信号分类实验\1\ROI_x377_y421_w25_h26_20260626_172115\01_valid_raw_and_ifft\mat,430,388,valid_folder,valid,48,0.029765563,1,Good
238,D:\LSH\LSH\实验\聚焦信号分类实验\1\ROI_x377_y421_w25_h26_20260626_172115\01_valid_raw_and_ifft\mat\curve_r0430_c0389_idx000238.mat,D:\LSH\LSH\实验\聚焦信号分类实验\1\ROI_x377_y421_w25_h26_20260626_172115\01_valid_raw_and_ifft\mat,430,389,valid_folder,valid,48,0.03816943,1,Good
239,D:\LSH\LSH\实验\聚焦信号分类实验\1\ROI_x377_y421_w25_h26_20260626_172115\01_valid_raw_and_ifft\mat\curve_r0430_c0390_idx000239.mat,D:\LSH\LSH\实验\聚焦信号分类实验\1\ROI_x377_y421_w25_h26_20260626_172115\01_valid_raw_and_ifft\mat,430,390,valid_folder,valid,48,0.025777841,1,Good
240,D:\LSH\LSH\实验\聚焦信号分类实验\1\ROI_x377_y421_w25_h26_20260626_172115\01_valid_raw_and_ifft\mat\curve_r0430_c0391_idx000240.mat,D:\LSH\LSH\实验\聚焦信号分类实验\1\ROI_x377_y421_w25_h26_20260626_172115\01_valid_raw_and_ifft\mat,430,391,valid_folder,valid,48,0.014999961,1,Good
241,D:\LSH\LSH\实验\聚焦信号分类实验\1\ROI_x377_y421_w25_h26_20260626_172115\01_valid_raw_and_ifft\mat\curve_r0430_c0392_idx000241.mat,D:\LSH\LSH\实验\聚焦信号分类实验\1\ROI_x377_y421_w25_h26_20260626_172115\01_valid_raw_and_ifft\mat,430,392,valid_folder,valid,48,0.012909605,1,Good
242,D:\LSH\LSH\实验\聚焦信号分类实验\1\ROI_x377_y421_w25_h26_20260626_172115\01_valid_raw_and_ifft\mat\curve_r0430_c0393_idx000242.mat,D:\LSH\LSH\实验\聚焦信号分类实验\1\ROI_x377_y421_w25_h26_20260626_172115\01_valid_raw_and_ifft\mat,430,393,valid_folder,valid,48,0.015215429,1,Good
243,D:\LSH\LSH\实验\聚焦信号分类实验\1\ROI_x377_y421_w25_h26_20260626_172115\01_valid_raw_and_ifft\mat\curve_r0430_c0394_idx000243.mat,D:\LSH\LSH\实验\聚焦信号分类实验\1\ROI_x377_y421_w25_h26_20260626_172115\01_valid_raw_and_ifft\mat,430,394,valid_folder,valid,48,0.048339772,1,Good
244,D:\LSH\LSH\实验\聚焦信号分类实验\1\ROI_x377_y421_w25_h26_20260626_172115\01_valid_raw_and_ifft\mat\curve_r0430_c0395_idx000244.mat,D:\LSH\LSH\实验\聚焦信号分类实验\1\ROI_x377_y421_w25_h26_20260626_172115\01_valid_raw_and_ifft\mat,430,395,valid_folder,valid,48,0.077285321,1,Good
245,D:\LSH\LSH\实验\聚焦信号分类实验\1\ROI_x377_y421_w25_h26_20260626_172115\01_valid_raw_and_ifft\mat\curve_r0430_c0396_idx000245.mat,D:\LSH\LSH\实验\聚焦信号分类实验\1\ROI_x377_y421_w25_h26_20260626_172115\01_valid_raw_and_ifft\mat,430,396,valid_folder,valid,48,0.06333222,1,Good
246,D:\LSH\LSH\实验\聚焦信号分类实验\1\ROI_x377_y421_w25_h26_20260626_172115\01_valid_raw_and_ifft\mat\curve_r0430_c0397_idx000246.mat,D:\LSH\LSH\实验\聚焦信号分类实验\1\ROI_x377_y421_w25_h26_20260626_172115\01_valid_raw_and_ifft\mat,430,397,valid_folder,valid,48,0.010797844,1,Good
247,D:\LSH\LSH\实验\聚焦信号分类实验\1\ROI_x377_y421_w25_h26_20260626_172115\01_valid_raw_and_ifft\mat\curve_r0430_c0398_idx000247.mat,D:\LSH\LSH\实验\聚焦信号分类实验\1\ROI_x377_y421_w25_h26_20260626_172115\01_valid_raw_and_ifft\mat,430,398,valid_folder,valid,48,0.008896524,1,Good
248,D:\LSH\LSH\实验\聚焦信号分类实验\1\ROI_x377_y421_w25_h26_20260626_172115\01_valid_raw_and_ifft\mat\curve_r0430_c0399_idx000248.mat,D:\LSH\LSH\实验\聚焦信号分类实验\1\ROI_x377_y421_w25_h26_20260626_172115\01_valid_raw_and_ifft\mat,430,399,valid_folder,valid,51,0.015289915,1,Good
249,D:\LSH\LSH\实验\聚焦信号分类实验\1\ROI_x377_y421_w25_h26_20260626_172115\01_valid_raw_and_ifft\mat\curve_r0430_c0400_idx000249.mat,D:\LSH\LSH\实验\聚焦信号分类实验\1\ROI_x377_y421_w25_h26_20260626_172115\01_valid_raw_and_ifft\mat,430,400,valid_folder,valid,51,0.022001967,1,Good
250,D:\LSH\LSH\实验\聚焦信号分类实验\1\ROI_x377_y421_w25_h26_20260626_172115\01_valid_raw_and_ifft\mat\curve_r0430_c0401_idx000250.mat,D:\LSH\LSH\实验\聚焦信号分类实验\1\ROI_x377_y421_w25_h26_20260626_172115\01_valid_raw_and_ifft\mat,430,401,valid_folder,valid,51,0.029520955,1,Good
251,D:\LSH\LSH\实验\聚焦信号分类实验\1\ROI_x377_y421_w25_h26_20260626_172115\01_valid_raw_and_ifft\mat\curve_r0431_c0377_idx000251.mat,D:\LSH\LSH\实验\聚焦信号分类实验\1\ROI_x377_y421_w25_h26_20260626_172115\01_valid_raw_and_ifft\mat,431,377,valid_folder,valid,47,0.057504227,1,Good
252,D:\LSH\LSH\实验\聚焦信号分类实验\1\ROI_x377_y421_w25_h26_20260626_172115\01_valid_raw_and_ifft\mat\curve_r0431_c0378_idx000252.mat,D:\LSH\LSH\实验\聚焦信号分类实验\1\ROI_x377_y421_w25_h26_20260626_172115\01_valid_raw_and_ifft\mat,431,378,valid_folder,valid,47,0.064400456,1,Good
253,D:\LSH\LSH\实验\聚焦信号分类实验\1\ROI_x377_y421_w25_h26_20260626_172115\01_valid_raw_and_ifft\mat\curve_r0431_c0379_idx000253.mat,D:\LSH\LSH\实验\聚焦信号分类实验\1\ROI_x377_y421_w25_h26_20260626_172115\01_valid_raw_and_ifft\mat,431,379,valid_folder,valid,48,0.036380783,1,Good
254,D:\LSH\LSH\实验\聚焦信号分类实验\1\ROI_x377_y421_w25_h26_20260626_172115\01_valid_raw_and_ifft\mat\curve_r0431_c0380_idx000254.mat,D:\LSH\LSH\实验\聚焦信号分类实验\1\ROI_x377_y421_w25_h26_20260626_172115\01_valid_raw_and_ifft\mat,431,380,valid_folder,valid,48,0.019034344,1,Good
255,D:\LSH\LSH\实验\聚焦信号分类实验\1\ROI_x377_y421_w25_h26_20260626_172115\01_valid_raw_and_ifft\mat\curve_r0431_c0381_idx000255.mat,D:\LSH\LSH\实验\聚焦信号分类实验\1\ROI_x377_y421_w25_h26_20260626_172115\01_valid_raw_and_ifft\mat,431,381,valid_folder,valid,48,0.015489137,1,Good
256,D:\LSH\LSH\实验\聚焦信号分类实验\1\ROI_x377_y421_w25_h26_20260626_172115\01_valid_raw_and_ifft\mat\curve_r0431_c0382_idx000256.mat,D:\LSH\LSH\实验\聚焦信号分类实验\1\ROI_x377_y421_w25_h26_20260626_172115\01_valid_raw_and_ifft\mat,431,382,valid_folder,valid,48,0.011259621,1,Good
257,D:\LSH\LSH\实验\聚焦信号分类实验\1\ROI_x377_y421_w25_h26_20260626_172115\01_valid_raw_and_ifft\mat\curve_r0431_c0383_idx000257.mat,D:\LSH\LSH\实验\聚焦信号分类实验\1\ROI_x377_y421_w25_h26_20260626_172115\01_valid_raw_and_ifft\mat,431,383,valid_folder,valid,48,0.086887868,1,Good
258,D:\LSH\LSH\实验\聚焦信号分类实验\1\ROI_x377_y421_w25_h26_20260626_172115\01_valid_raw_and_ifft\mat\curve_r0431_c0384_idx000258.mat,D:\LSH\LSH\实验\聚焦信号分类实验\1\ROI_x377_y421_w25_h26_20260626_172115\01_valid_raw_and_ifft\mat,431,384,valid_folder,valid,48,0.176631354,1,Good
259,D:\LSH\LSH\实验\聚焦信号分类实验\1\ROI_x377_y421_w25_h26_20260626_172115\01_valid_raw_and_ifft\mat\curve_r0431_c0385_idx000259.mat,D:\LSH\LSH\实验\聚焦信号分类实验\1\ROI_x377_y421_w25_h26_20260626_172115\01_valid_raw_and_ifft\mat,431,385,valid_folder,valid,48,0.153294901,1,Good
260,D:\LSH\LSH\实验\聚焦信号分类实验\1\ROI_x377_y421_w25_h26_20260626_172115\01_valid_raw_and_ifft\mat\curve_r0431_c0386_idx000260.mat,D:\LSH\LSH\实验\聚焦信号分类实验\1\ROI_x377_y421_w25_h26_20260626_172115\01_valid_raw_and_ifft\mat,431,386,valid_folder,valid,48,0.017476206,1,Good
261,D:\LSH\LSH\实验\聚焦信号分类实验\1\ROI_x377_y421_w25_h26_20260626_172115\01_valid_raw_and_ifft\mat\curve_r0431_c0387_idx000261.mat,D:\LSH\LSH\实验\聚焦信号分类实验\1\ROI_x377_y421_w25_h26_20260626_172115\01_valid_raw_and_ifft\mat,431,387,valid_folder,valid,48,0.005363547,1,Good
262,D:\LSH\LSH\实验\聚焦信号分类实验\1\ROI_x377_y421_w25_h26_20260626_172115\01_valid_raw_and_ifft\mat\curve_r0431_c0388_idx000262.mat,D:\LSH\LSH\实验\聚焦信号分类实验\1\ROI_x377_y421_w25_h26_20260626_172115\01_valid_raw_and_ifft\mat,431,388,valid_folder,valid,48,0.006495284,1,Good
263,D:\LSH\LSH\实验\聚焦信号分类实验\1\ROI_x377_y421_w25_h26_20260626_172115\01_valid_raw_and_ifft\mat\curve_r0431_c0389_idx000263.mat,D:\LSH\LSH\实验\聚焦信号分类实验\1\ROI_x377_y421_w25_h26_20260626_172115\01_valid_raw_and_ifft\mat,431,389,valid_folder,valid,48,0.017071132,1,Good
264,D:\LSH\LSH\实验\聚焦信号分类实验\1\ROI_x377_y421_w25_h26_20260626_172115\01_valid_raw_and_ifft\mat\curve_r0431_c0390_idx000264.mat,D:\LSH\LSH\实验\聚焦信号分类实验\1\ROI_x377_y421_w25_h26_20260626_172115\01_valid_raw_and_ifft\mat,431,390,valid_folder,valid,48,0.018042928,1,Good
265,D:\LSH\LSH\实验\聚焦信号分类实验\1\ROI_x377_y421_w25_h26_20260626_172115\01_valid_raw_and_ifft\mat\curve_r0431_c0391_idx000265.mat,D:\LSH\LSH\实验\聚焦信号分类实验\1\ROI_x377_y421_w25_h26_20260626_172115\01_valid_raw_and_ifft\mat,431,391,valid_folder,valid,48,0.01126074,1,Good
266,D:\LSH\LSH\实验\聚焦信号分类实验\1\ROI_x377_y421_w25_h26_20260626_172115\01_valid_raw_and_ifft\mat\curve_r0431_c0392_idx000266.mat,D:\LSH\LSH\实验\聚焦信号分类实验\1\ROI_x377_y421_w25_h26_20260626_172115\01_valid_raw_and_ifft\mat,431,392,valid_folder,valid,48,0.004863063,1,Good
267,D:\LSH\LSH\实验\聚焦信号分类实验\1\ROI_x377_y421_w25_h26_20260626_172115\01_valid_raw_and_ifft\mat\curve_r0431_c0393_idx000267.mat,D:\LSH\LSH\实验\聚焦信号分类实验\1\ROI_x377_y421_w25_h26_20260626_172115\01_valid_raw_and_ifft\mat,431,393,valid_folder,valid,48,0.00942198,1,Good
268,D:\LSH\LSH\实验\聚焦信号分类实验\1\ROI_x377_y421_w25_h26_20260626_172115\01_valid_raw_and_ifft\mat\curve_r0431_c0394_idx000268.mat,D:\LSH\LSH\实验\聚焦信号分类实验\1\ROI_x377_y421_w25_h26_20260626_172115\01_valid_raw_and_ifft\mat,431,394,valid_folder,valid,48,0.040566447,1,Good
269,D:\LSH\LSH\实验\聚焦信号分类实验\1\ROI_x377_y421_w25_h26_20260626_172115\01_valid_raw_and_ifft\mat\curve_r0431_c0395_idx000269.mat,D:\LSH\LSH\实验\聚焦信号分类实验\1\ROI_x377_y421_w25_h26_20260626_172115\01_valid_raw_and_ifft\mat,431,395,valid_folder,valid,48,0.069741828,1,Good
270,D:\LSH\LSH\实验\聚焦信号分类实验\1\ROI_x377_y421_w25_h26_20260626_172115\01_valid_raw_and_ifft\mat\curve_r0431_c0396_idx000270.mat,D:\LSH\LSH\实验\聚焦信号分类实验\1\ROI_x377_y421_w25_h26_20260626_172115\01_valid_raw_and_ifft\mat,431,396,valid_folder,valid,48,0.062941765,1,Good
271,D:\LSH\LSH\实验\聚焦信号分类实验\1\ROI_x377_y421_w25_h26_20260626_172115\01_valid_raw_and_ifft\mat\curve_r0431_c0397_idx000271.mat,D:\LSH\LSH\实验\聚焦信号分类实验\1\ROI_x377_y421_w25_h26_20260626_172115\01_valid_raw_and_ifft\mat,431,397,valid_folder,valid,48,0.013322584,1,Good
272,D:\LSH\LSH\实验\聚焦信号分类实验\1\ROI_x377_y421_w25_h26_20260626_172115\01_valid_raw_and_ifft\mat\curve_r0431_c0398_idx000272.mat,D:\LSH\LSH\实验\聚焦信号分类实验\1\ROI_x377_y421_w25_h26_20260626_172115\01_valid_raw_and_ifft\mat,431,398,valid_folder,valid,51,0.016024768,1,Good
273,D:\LSH\LSH\实验\聚焦信号分类实验\1\ROI_x377_y421_w25_h26_20260626_172115\01_valid_raw_and_ifft\mat\curve_r0431_c0399_idx000273.mat,D:\LSH\LSH\实验\聚焦信号分类实验\1\ROI_x377_y421_w25_h26_20260626_172115\01_valid_raw_and_ifft\mat,431,399,valid_folder,valid,51,0.020190753,1,Good
274,D:\LSH\LSH\实验\聚焦信号分类实验\1\ROI_x377_y421_w25_h26_20260626_172115\01_valid_raw_and_ifft\mat\curve_r0431_c0400_idx000274.mat,D:\LSH\LSH\实验\聚焦信号分类实验\1\ROI_x377_y421_w25_h26_20260626_172115\01_valid_raw_and_ifft\mat,431,400,valid_folder,valid,51,0.021235553,1,Good
275,D:\LSH\LSH\实验\聚焦信号分类实验\1\ROI_x377_y421_w25_h26_20260626_172115\01_valid_raw_and_ifft\mat\curve_r0431_c0401_idx000275.mat,D:\LSH\LSH\实验\聚焦信号分类实验\1\ROI_x377_y421_w25_h26_20260626_172115\01_valid_raw_and_ifft\mat,431,401,valid_folder,valid,51,0.019340187,1,Good
276,D:\LSH\LSH\实验\聚焦信号分类实验\1\ROI_x377_y421_w25_h26_20260626_172115\01_valid_raw_and_ifft\mat\curve_r0432_c0377_idx000276.mat,D:\LSH\LSH\实验\聚焦信号分类实验\1\ROI_x377_y421_w25_h26_20260626_172115\01_valid_raw_and_ifft\mat,432,377,valid_folder,valid,48,0.09984178,1,Good
277,D:\LSH\LSH\实验\聚焦信号分类实验\1\ROI_x377_y421_w25_h26_20260626_172115\01_valid_raw_and_ifft\mat\curve_r0432_c0378_idx000277.mat,D:\LSH\LSH\实验\聚焦信号分类实验\1\ROI_x377_y421_w25_h26_20260626_172115\01_valid_raw_and_ifft\mat,432,378,valid_folder,valid,48,0.110012417,1,Good
278,D:\LSH\LSH\实验\聚焦信号分类实验\1\ROI_x377_y421_w25_h26_20260626_172115\01_valid_raw_and_ifft\mat\curve_r0432_c0379_idx000278.mat,D:\LSH\LSH\实验\聚焦信号分类实验\1\ROI_x377_y421_w25_h26_20260626_172115\01_valid_raw_and_ifft\mat,432,379,valid_folder,valid,48,0.069447078,1,Good
279,D:\LSH\LSH\实验\聚焦信号分类实验\1\ROI_x377_y421_w25_h26_20260626_172115\01_valid_raw_and_ifft\mat\curve_r0432_c0380_idx000279.mat,D:\LSH\LSH\实验\聚焦信号分类实验\1\ROI_x377_y421_w25_h26_20260626_172115\01_valid_raw_and_ifft\mat,432,380,valid_folder,valid,48,0.013736176,1,Good
280,D:\LSH\LSH\实验\聚焦信号分类实验\1\ROI_x377_y421_w25_h26_20260626_172115\01_valid_raw_and_ifft\mat\curve_r0432_c0381_idx000280.mat,D:\LSH\LSH\实验\聚焦信号分类实验\1\ROI_x377_y421_w25_h26_20260626_172115\01_valid_raw_and_ifft\mat,432,381,valid_folder,valid,48,0.004921189,1,Good
281,D:\LSH\LSH\实验\聚焦信号分类实验\1\ROI_x377_y421_w25_h26_20260626_172115\01_valid_raw_and_ifft\mat\curve_r0432_c0382_idx000281.mat,D:\LSH\LSH\实验\聚焦信号分类实验\1\ROI_x377_y421_w25_h26_20260626_172115\01_valid_raw_and_ifft\mat,432,382,valid_folder,valid,48,0.006528543,1,Good
282,D:\LSH\LSH\实验\聚焦信号分类实验\1\ROI_x377_y421_w25_h26_20260626_172115\01_valid_raw_and_ifft\mat\curve_r0432_c0383_idx000282.mat,D:\LSH\LSH\实验\聚焦信号分类实验\1\ROI_x377_y421_w25_h26_20260626_172115\01_valid_raw_and_ifft\mat,432,383,valid_folder,valid,48,0.035840341,1,Good
283,D:\LSH\LSH\实验\聚焦信号分类实验\1\ROI_x377_y421_w25_h26_20260626_172115\01_valid_raw_and_ifft\mat\curve_r0432_c0384_idx000283.mat,D:\LSH\LSH\实验\聚焦信号分类实验\1\ROI_x377_y421_w25_h26_20260626_172115\01_valid_raw_and_ifft\mat,432,384,valid_folder,valid,48,0.084954629,1,Good
284,D:\LSH\LSH\实验\聚焦信号分类实验\1\ROI_x377_y421_w25_h26_20260626_172115\01_valid_raw_and_ifft\mat\curve_r0432_c0385_idx000284.mat,D:\LSH\LSH\实验\聚焦信号分类实验\1\ROI_x377_y421_w25_h26_20260626_172115\01_valid_raw_and_ifft\mat,432,385,valid_folder,valid,48,0.073887531,1,Good
285,D:\LSH\LSH\实验\聚焦信号分类实验\1\ROI_x377_y421_w25_h26_20260626_172115\01_valid_raw_and_ifft\mat\curve_r0432_c0386_idx000285.mat,D:\LSH\LSH\实验\聚焦信号分类实验\1\ROI_x377_y421_w25_h26_20260626_172115\01_valid_raw_and_ifft\mat,432,386,valid_folder,valid,48,0.009655372,1,Good
286,D:\LSH\LSH\实验\聚焦信号分类实验\1\ROI_x377_y421_w25_h26_20260626_172115\01_valid_raw_and_ifft\mat\curve_r0432_c0387_idx000286.mat,D:\LSH\LSH\实验\聚焦信号分类实验\1\ROI_x377_y421_w25_h26_20260626_172115\01_valid_raw_and_ifft\mat,432,387,valid_folder,valid,48,0.003053432,1,Good
287,D:\LSH\LSH\实验\聚焦信号分类实验\1\ROI_x377_y421_w25_h26_20260626_172115\01_valid_raw_and_ifft\mat\curve_r0432_c0388_idx000287.mat,D:\LSH\LSH\实验\聚焦信号分类实验\1\ROI_x377_y421_w25_h26_20260626_172115\01_valid_raw_and_ifft\mat,432,388,valid_folder,valid,48,0.003196107,1,Good
288,D:\LSH\LSH\实验\聚焦信号分类实验\1\ROI_x377_y421_w25_h26_20260626_172115\01_valid_raw_and_ifft\mat\curve_r0432_c0389_idx000288.mat,D:\LSH\LSH\实验\聚焦信号分类实验\1\ROI_x377_y421_w25_h26_20260626_172115\01_valid_raw_and_ifft\mat,432,389,valid_folder,valid,48,0.010280789,1,Good
289,D:\LSH\LSH\实验\聚焦信号分类实验\1\ROI_x377_y421_w25_h26_20260626_172115\01_valid_raw_and_ifft\mat\curve_r0432_c0390_idx000289.mat,D:\LSH\LSH\实验\聚焦信号分类实验\1\ROI_x377_y421_w25_h26_20260626_172115\01_valid_raw_and_ifft\mat,432,390,valid_folder,valid,48,0.010769097,1,Good
290,D:\LSH\LSH\实验\聚焦信号分类实验\1\ROI_x377_y421_w25_h26_20260626_172115\01_valid_raw_and_ifft\mat\curve_r0432_c0391_idx000290.mat,D:\LSH\LSH\实验\聚焦信号分类实验\1\ROI_x377_y421_w25_h26_20260626_172115\01_valid_raw_and_ifft\mat,432,391,valid_folder,valid,48,0.009335058,1,Good
291,D:\LSH\LSH\实验\聚焦信号分类实验\1\ROI_x377_y421_w25_h26_20260626_172115\01_valid_raw_and_ifft\mat\curve_r0432_c0392_idx000291.mat,D:\LSH\LSH\实验\聚焦信号分类实验\1\ROI_x377_y421_w25_h26_20260626_172115\01_valid_raw_and_ifft\mat,432,392,valid_folder,valid,48,0.004089861,1,Good
292,D:\LSH\LSH\实验\聚焦信号分类实验\1\ROI_x377_y421_w25_h26_20260626_172115\01_valid_raw_and_ifft\mat\curve_r0432_c0393_idx000292.mat,D:\LSH\LSH\实验\聚焦信号分类实验\1\ROI_x377_y421_w25_h26_20260626_172115\01_valid_raw_and_ifft\mat,432,393,valid_folder,valid,48,0.005706925,1,Good
293,D:\LSH\LSH\实验\聚焦信号分类实验\1\ROI_x377_y421_w25_h26_20260626_172115\01_valid_raw_and_ifft\mat\curve_r0432_c0394_idx000293.mat,D:\LSH\LSH\实验\聚焦信号分类实验\1\ROI_x377_y421_w25_h26_20260626_172115\01_valid_raw_and_ifft\mat,432,394,valid_folder,valid,48,0.013187206,1,Good
294,D:\LSH\LSH\实验\聚焦信号分类实验\1\ROI_x377_y421_w25_h26_20260626_172115\01_valid_raw_and_ifft\mat\curve_r0432_c0395_idx000294.mat,D:\LSH\LSH\实验\聚焦信号分类实验\1\ROI_x377_y421_w25_h26_20260626_172115\01_valid_raw_and_ifft\mat,432,395,valid_folder,valid,48,0.021979552,1,Good
295,D:\LSH\LSH\实验\聚焦信号分类实验\1\ROI_x377_y421_w25_h26_20260626_172115\01_valid_raw_and_ifft\mat\curve_r0432_c0396_idx000295.mat,D:\LSH\LSH\实验\聚焦信号分类实验\1\ROI_x377_y421_w25_h26_20260626_172115\01_valid_raw_and_ifft\mat,432,396,valid_folder,valid,48,0.022032028,1,Good
296,D:\LSH\LSH\实验\聚焦信号分类实验\1\ROI_x377_y421_w25_h26_20260626_172115\01_valid_raw_and_ifft\mat\curve_r0432_c0397_idx000296.mat,D:\LSH\LSH\实验\聚焦信号分类实验\1\ROI_x377_y421_w25_h26_20260626_172115\01_valid_raw_and_ifft\mat,432,397,valid_folder,valid,50,0.009591621,1,Good
297,D:\LSH\LSH\实验\聚焦信号分类实验\1\ROI_x377_y421_w25_h26_20260626_172115\01_valid_raw_and_ifft\mat\curve_r0432_c0398_idx000297.mat,D:\LSH\LSH\实验\聚焦信号分类实验\1\ROI_x377_y421_w25_h26_20260626_172115\01_valid_raw_and_ifft\mat,432,398,valid_folder,valid,48,0.011356165,1,Good
298,D:\LSH\LSH\实验\聚焦信号分类实验\1\ROI_x377_y421_w25_h26_20260626_172115\01_valid_raw_and_ifft\mat\curve_r0432_c0399_idx000298.mat,D:\LSH\LSH\实验\聚焦信号分类实验\1\ROI_x377_y421_w25_h26_20260626_172115\01_valid_raw_and_ifft\mat,432,399,valid_folder,valid,48,0.028920686,1,Good
299,D:\LSH\LSH\实验\聚焦信号分类实验\1\ROI_x377_y421_w25_h26_20260626_172115\01_valid_raw_and_ifft\mat\curve_r0432_c0400_idx000299.mat,D:\LSH\LSH\实验\聚焦信号分类实验\1\ROI_x377_y421_w25_h26_20260626_172115\01_valid_raw_and_ifft\mat,432,400,valid_folder,valid,48,0.023102148,1,Good
300,D:\LSH\LSH\实验\聚焦信号分类实验\1\ROI_x377_y421_w25_h26_20260626_172115\01_valid_raw_and_ifft\mat\curve_r0432_c0401_idx000300.mat,D:\LSH\LSH\实验\聚焦信号分类实验\1\ROI_x377_y421_w25_h26_20260626_172115\01_valid_raw_and_ifft\mat,432,401,valid_folder,valid,51,0.014503777,1,Good
301,D:\LSH\LSH\实验\聚焦信号分类实验\1\ROI_x377_y421_w25_h26_20260626_172115\01_valid_raw_and_ifft\mat\curve_r0433_c0377_idx000301.mat,D:\LSH\LSH\实验\聚焦信号分类实验\1\ROI_x377_y421_w25_h26_20260626_172115\01_valid_raw_and_ifft\mat,433,377,valid_folder,valid,48,0.112993992,1,Good
302,D:\LSH\LSH\实验\聚焦信号分类实验\1\ROI_x377_y421_w25_h26_20260626_172115\01_valid_raw_and_ifft\mat\curve_r0433_c0378_idx000302.mat,D:\LSH\LSH\实验\聚焦信号分类实验\1\ROI_x377_y421_w25_h26_20260626_172115\01_valid_raw_and_ifft\mat,433,378,valid_folder,valid,48,0.115098456,1,Good
303,D:\LSH\LSH\实验\聚焦信号分类实验\1\ROI_x377_y421_w25_h26_20260626_172115\01_valid_raw_and_ifft\mat\curve_r0433_c0379_idx000303.mat,D:\LSH\LSH\实验\聚焦信号分类实验\1\ROI_x377_y421_w25_h26_20260626_172115\01_valid_raw_and_ifft\mat,433,379,valid_folder,valid,48,0.062094549,1,Good
304,D:\LSH\LSH\实验\聚焦信号分类实验\1\ROI_x377_y421_w25_h26_20260626_172115\01_valid_raw_and_ifft\mat\curve_r0433_c0380_idx000304.mat,D:\LSH\LSH\实验\聚焦信号分类实验\1\ROI_x377_y421_w25_h26_20260626_172115\01_valid_raw_and_ifft\mat,433,380,valid_folder,valid,48,0.01065179,1,Good
305,D:\LSH\LSH\实验\聚焦信号分类实验\1\ROI_x377_y421_w25_h26_20260626_172115\01_valid_raw_and_ifft\mat\curve_r0433_c0381_idx000305.mat,D:\LSH\LSH\实验\聚焦信号分类实验\1\ROI_x377_y421_w25_h26_20260626_172115\01_valid_raw_and_ifft\mat,433,381,valid_folder,valid,49,0.004096315,1,Good
306,D:\LSH\LSH\实验\聚焦信号分类实验\1\ROI_x377_y421_w25_h26_20260626_172115\01_valid_raw_and_ifft\mat\curve_r0433_c0382_idx000306.mat,D:\LSH\LSH\实验\聚焦信号分类实验\1\ROI_x377_y421_w25_h26_20260626_172115\01_valid_raw_and_ifft\mat,433,382,valid_folder,valid,48,0.004242236,1,Good
307,D:\LSH\LSH\实验\聚焦信号分类实验\1\ROI_x377_y421_w25_h26_20260626_172115\01_valid_raw_and_ifft\mat\curve_r0433_c0383_idx000307.mat,D:\LSH\LSH\实验\聚焦信号分类实验\1\ROI_x377_y421_w25_h26_20260626_172115\01_valid_raw_and_ifft\mat,433,383,valid_folder,valid,48,0.008174074,1,Good
308,D:\LSH\LSH\实验\聚焦信号分类实验\1\ROI_x377_y421_w25_h26_20260626_172115\01_valid_raw_and_ifft\mat\curve_r0433_c0384_idx000308.mat,D:\LSH\LSH\实验\聚焦信号分类实验\1\ROI_x377_y421_w25_h26_20260626_172115\01_valid_raw_and_ifft\mat,433,384,valid_folder,valid,48,0.015418388,1,Good
309,D:\LSH\LSH\实验\聚焦信号分类实验\1\ROI_x377_y421_w25_h26_20260626_172115\01_valid_raw_and_ifft\mat\curve_r0433_c0385_idx000309.mat,D:\LSH\LSH\实验\聚焦信号分类实验\1\ROI_x377_y421_w25_h26_20260626_172115\01_valid_raw_and_ifft\mat,433,385,valid_folder,valid,48,0.014484446,1,Good
310,D:\LSH\LSH\实验\聚焦信号分类实验\1\ROI_x377_y421_w25_h26_20260626_172115\01_valid_raw_and_ifft\mat\curve_r0433_c0386_idx000310.mat,D:\LSH\LSH\实验\聚焦信号分类实验\1\ROI_x377_y421_w25_h26_20260626_172115\01_valid_raw_and_ifft\mat,433,386,valid_folder,valid,48,0.009077847,1,Good
311,D:\LSH\LSH\实验\聚焦信号分类实验\1\ROI_x377_y421_w25_h26_20260626_172115\01_valid_raw_and_ifft\mat\curve_r0433_c0387_idx000311.mat,D:\LSH\LSH\实验\聚焦信号分类实验\1\ROI_x377_y421_w25_h26_20260626_172115\01_valid_raw_and_ifft\mat,433,387,valid_folder,valid,48,0.004877628,1,Good
312,D:\LSH\LSH\实验\聚焦信号分类实验\1\ROI_x377_y421_w25_h26_20260626_172115\01_valid_raw_and_ifft\mat\curve_r0433_c0388_idx000312.mat,D:\LSH\LSH\实验\聚焦信号分类实验\1\ROI_x377_y421_w25_h26_20260626_172115\01_valid_raw_and_ifft\mat,433,388,valid_folder,valid,48,0.004122674,1,Good
313,D:\LSH\LSH\实验\聚焦信号分类实验\1\ROI_x377_y421_w25_h26_20260626_172115\01_valid_raw_and_ifft\mat\curve_r0433_c0389_idx000313.mat,D:\LSH\LSH\实验\聚焦信号分类实验\1\ROI_x377_y421_w25_h26_20260626_172115\01_valid_raw_and_ifft\mat,433,389,valid_folder,valid,48,0.002826871,1,Good
314,D:\LSH\LSH\实验\聚焦信号分类实验\1\ROI_x377_y421_w25_h26_20260626_172115\01_valid_raw_and_ifft\mat\curve_r0433_c0390_idx000314.mat,D:\LSH\LSH\实验\聚焦信号分类实验\1\ROI_x377_y421_w25_h26_20260626_172115\01_valid_raw_and_ifft\mat,433,390,valid_folder,valid,47,0.002498597,1,Good
315,D:\LSH\LSH\实验\聚焦信号分类实验\1\ROI_x377_y421_w25_h26_20260626_172115\01_valid_raw_and_ifft\mat\curve_r0433_c0391_idx000315.mat,D:\LSH\LSH\实验\聚焦信号分类实验\1\ROI_x377_y421_w25_h26_20260626_172115\01_valid_raw_and_ifft\mat,433,391,valid_folder,valid,47,0.005138928,1,Good
316,D:\LSH\LSH\实验\聚焦信号分类实验\1\ROI_x377_y421_w25_h26_20260626_172115\01_valid_raw_and_ifft\mat\curve_r0433_c0392_idx000316.mat,D:\LSH\LSH\实验\聚焦信号分类实验\1\ROI_x377_y421_w25_h26_20260626_172115\01_valid_raw_and_ifft\mat,433,392,valid_folder,valid,49,0.005196711,1,Good
317,D:\LSH\LSH\实验\聚焦信号分类实验\1\ROI_x377_y421_w25_h26_20260626_172115\01_valid_raw_and_ifft\mat\curve_r0433_c0393_idx000317.mat,D:\LSH\LSH\实验\聚焦信号分类实验\1\ROI_x377_y421_w25_h26_20260626_172115\01_valid_raw_and_ifft\mat,433,393,valid_folder,valid,49,0.003724617,1,Good
318,D:\LSH\LSH\实验\聚焦信号分类实验\1\ROI_x377_y421_w25_h26_20260626_172115\01_valid_raw_and_ifft\mat\curve_r0433_c0394_idx000318.mat,D:\LSH\LSH\实验\聚焦信号分类实验\1\ROI_x377_y421_w25_h26_20260626_172115\01_valid_raw_and_ifft\mat,433,394,valid_folder,valid,48,0.003054241,1,Good
319,D:\LSH\LSH\实验\聚焦信号分类实验\1\ROI_x377_y421_w25_h26_20260626_172115\01_valid_raw_and_ifft\mat\curve_r0433_c0395_idx000319.mat,D:\LSH\LSH\实验\聚焦信号分类实验\1\ROI_x377_y421_w25_h26_20260626_172115\01_valid_raw_and_ifft\mat,433,395,valid_folder,valid,48,0.00608285,1,Good
320,D:\LSH\LSH\实验\聚焦信号分类实验\1\ROI_x377_y421_w25_h26_20260626_172115\01_valid_raw_and_ifft\mat\curve_r0433_c0396_idx000320.mat,D:\LSH\LSH\实验\聚焦信号分类实验\1\ROI_x377_y421_w25_h26_20260626_172115\01_valid_raw_and_ifft\mat,433,396,valid_folder,valid,48,0.008210799,1,Good
321,D:\LSH\LSH\实验\聚焦信号分类实验\1\ROI_x377_y421_w25_h26_20260626_172115\01_valid_raw_and_ifft\mat\curve_r0433_c0397_idx000321.mat,D:\LSH\LSH\实验\聚焦信号分类实验\1\ROI_x377_y421_w25_h26_20260626_172115\01_valid_raw_and_ifft\mat,433,397,valid_folder,valid,48,0.007749639,1,Good
322,D:\LSH\LSH\实验\聚焦信号分类实验\1\ROI_x377_y421_w25_h26_20260626_172115\01_valid_raw_and_ifft\mat\curve_r0433_c0398_idx000322.mat,D:\LSH\LSH\实验\聚焦信号分类实验\1\ROI_x377_y421_w25_h26_20260626_172115\01_valid_raw_and_ifft\mat,433,398,valid_folder,valid,48,0.008232028,1,Good
323,D:\LSH\LSH\实验\聚焦信号分类实验\1\ROI_x377_y421_w25_h26_20260626_172115\01_valid_raw_and_ifft\mat\curve_r0433_c0399_idx000323.mat,D:\LSH\LSH\实验\聚焦信号分类实验\1\ROI_x377_y421_w25_h26_20260626_172115\01_valid_raw_and_ifft\mat,433,399,valid_folder,valid,48,0.027005062,1,Good
324,D:\LSH\LSH\实验\聚焦信号分类实验\1\ROI_x377_y421_w25_h26_20260626_172115\01_valid_raw_and_ifft\mat\curve_r0433_c0400_idx000324.mat,D:\LSH\LSH\实验\聚焦信号分类实验\1\ROI_x377_y421_w25_h26_20260626_172115\01_valid_raw_and_ifft\mat,433,400,valid_folder,valid,48,0.023295593,1,Good
325,D:\LSH\LSH\实验\聚焦信号分类实验\1\ROI_x377_y421_w25_h26_20260626_172115\01_valid_raw_and_ifft\mat\curve_r0433_c0401_idx000325.mat,D:\LSH\LSH\实验\聚焦信号分类实验\1\ROI_x377_y421_w25_h26_20260626_172115\01_valid_raw_and_ifft\mat,433,401,valid_folder,valid,51,0.007487534,1,Good
326,D:\LSH\LSH\实验\聚焦信号分类实验\1\ROI_x377_y421_w25_h26_20260626_172115\01_valid_raw_and_ifft\mat\curve_r0434_c0377_idx000326.mat,D:\LSH\LSH\实验\聚焦信号分类实验\1\ROI_x377_y421_w25_h26_20260626_172115\01_valid_raw_and_ifft\mat,434,377,valid_folder,valid,48,0.044097178,1,Good
327,D:\LSH\LSH\实验\聚焦信号分类实验\1\ROI_x377_y421_w25_h26_20260626_172115\01_valid_raw_and_ifft\mat\curve_r0434_c0378_idx000327.mat,D:\LSH\LSH\实验\聚焦信号分类实验\1\ROI_x377_y421_w25_h26_20260626_172115\01_valid_raw_and_ifft\mat,434,378,valid_folder,valid,48,0.03563212,1,Good
328,D:\LSH\LSH\实验\聚焦信号分类实验\1\ROI_x377_y421_w25_h26_20260626_172115\01_valid_raw_and_ifft\mat\curve_r0434_c0379_idx000328.mat,D:\LSH\LSH\实验\聚焦信号分类实验\1\ROI_x377_y421_w25_h26_20260626_172115\01_valid_raw_and_ifft\mat,434,379,valid_folder,valid,48,0.01729583,1,Good
329,D:\LSH\LSH\实验\聚焦信号分类实验\1\ROI_x377_y421_w25_h26_20260626_172115\01_valid_raw_and_ifft\mat\curve_r0434_c0380_idx000329.mat,D:\LSH\LSH\实验\聚焦信号分类实验\1\ROI_x377_y421_w25_h26_20260626_172115\01_valid_raw_and_ifft\mat,434,380,valid_folder,valid,48,0.004363211,1,Good
330,D:\LSH\LSH\实验\聚焦信号分类实验\1\ROI_x377_y421_w25_h26_20260626_172115\01_valid_raw_and_ifft\mat\curve_r0434_c0381_idx000330.mat,D:\LSH\LSH\实验\聚焦信号分类实验\1\ROI_x377_y421_w25_h26_20260626_172115\01_valid_raw_and_ifft\mat,434,381,valid_folder,valid,49,0.003748073,1,Good
331,D:\LSH\LSH\实验\聚焦信号分类实验\1\ROI_x377_y421_w25_h26_20260626_172115\01_valid_raw_and_ifft\mat\curve_r0434_c0382_idx000331.mat,D:\LSH\LSH\实验\聚焦信号分类实验\1\ROI_x377_y421_w25_h26_20260626_172115\01_valid_raw_and_ifft\mat,434,382,valid_folder,valid,48,0.003836265,1,Good
332,D:\LSH\LSH\实验\聚焦信号分类实验\1\ROI_x377_y421_w25_h26_20260626_172115\01_valid_raw_and_ifft\mat\curve_r0434_c0383_idx000332.mat,D:\LSH\LSH\实验\聚焦信号分类实验\1\ROI_x377_y421_w25_h26_20260626_172115\01_valid_raw_and_ifft\mat,434,383,valid_folder,valid,49,0.002200223,1,Good
333,D:\LSH\LSH\实验\聚焦信号分类实验\1\ROI_x377_y421_w25_h26_20260626_172115\01_valid_raw_and_ifft\mat\curve_r0434_c0384_idx000333.mat,D:\LSH\LSH\实验\聚焦信号分类实验\1\ROI_x377_y421_w25_h26_20260626_172115\01_valid_raw_and_ifft\mat,434,384,valid_folder,valid,48,0.006616808,1,Good
334,D:\LSH\LSH\实验\聚焦信号分类实验\1\ROI_x377_y421_w25_h26_20260626_172115\01_valid_raw_and_ifft\mat\curve_r0434_c0385_idx000334.mat,D:\LSH\LSH\实验\聚焦信号分类实验\1\ROI_x377_y421_w25_h26_20260626_172115\01_valid_raw_and_ifft\mat,434,385,valid_folder,valid,48,0.012143436,1,Good
335,D:\LSH\LSH\实验\聚焦信号分类实验\1\ROI_x377_y421_w25_h26_20260626_172115\01_valid_raw_and_ifft\mat\curve_r0434_c0386_idx000335.mat,D:\LSH\LSH\实验\聚焦信号分类实验\1\ROI_x377_y421_w25_h26_20260626_172115\01_valid_raw_and_ifft\mat,434,386,valid_folder,valid,48,0.014141323,1,Good
336,D:\LSH\LSH\实验\聚焦信号分类实验\1\ROI_x377_y421_w25_h26_20260626_172115\01_valid_raw_and_ifft\mat\curve_r0434_c0387_idx000336.mat,D:\LSH\LSH\实验\聚焦信号分类实验\1\ROI_x377_y421_w25_h26_20260626_172115\01_valid_raw_and_ifft\mat,434,387,valid_folder,valid,48,0.007029498,1,Good
337,D:\LSH\LSH\实验\聚焦信号分类实验\1\ROI_x377_y421_w25_h26_20260626_172115\01_valid_raw_and_ifft\mat\curve_r0434_c0388_idx000337.mat,D:\LSH\LSH\实验\聚焦信号分类实验\1\ROI_x377_y421_w25_h26_20260626_172115\01_valid_raw_and_ifft\mat,434,388,valid_folder,valid,48,0.005393716,1,Good
338,D:\LSH\LSH\实验\聚焦信号分类实验\1\ROI_x377_y421_w25_h26_20260626_172115\01_valid_raw_and_ifft\mat\curve_r0434_c0389_idx000338.mat,D:\LSH\LSH\实验\聚焦信号分类实验\1\ROI_x377_y421_w25_h26_20260626_172115\01_valid_raw_and_ifft\mat,434,389,valid_folder,valid,48,0.004373372,1,Good
339,D:\LSH\LSH\实验\聚焦信号分类实验\1\ROI_x377_y421_w25_h26_20260626_172115\01_valid_raw_and_ifft\mat\curve_r0434_c0390_idx000339.mat,D:\LSH\LSH\实验\聚焦信号分类实验\1\ROI_x377_y421_w25_h26_20260626_172115\01_valid_raw_and_ifft\mat,434,390,valid_folder,valid,48,0.003120346,1,Good
340,D:\LSH\LSH\实验\聚焦信号分类实验\1\ROI_x377_y421_w25_h26_20260626_172115\01_valid_raw_and_ifft\mat\curve_r0434_c0391_idx000340.mat,D:\LSH\LSH\实验\聚焦信号分类实验\1\ROI_x377_y421_w25_h26_20260626_172115\01_valid_raw_and_ifft\mat,434,391,valid_folder,valid,48,0.01945717,1,Good
341,D:\LSH\LSH\实验\聚焦信号分类实验\1\ROI_x377_y421_w25_h26_20260626_172115\01_valid_raw_and_ifft\mat\curve_r0434_c0392_idx000341.mat,D:\LSH\LSH\实验\聚焦信号分类实验\1\ROI_x377_y421_w25_h26_20260626_172115\01_valid_raw_and_ifft\mat,434,392,valid_folder,valid,48,0.018620924,1,Good
342,D:\LSH\LSH\实验\聚焦信号分类实验\1\ROI_x377_y421_w25_h26_20260626_172115\01_valid_raw_and_ifft\mat\curve_r0434_c0393_idx000342.mat,D:\LSH\LSH\实验\聚焦信号分类实验\1\ROI_x377_y421_w25_h26_20260626_172115\01_valid_raw_and_ifft\mat,434,393,valid_folder,valid,48,0.00826587,1,Good
343,D:\LSH\LSH\实验\聚焦信号分类实验\1\ROI_x377_y421_w25_h26_20260626_172115\01_valid_raw_and_ifft\mat\curve_r0434_c0394_idx000343.mat,D:\LSH\LSH\实验\聚焦信号分类实验\1\ROI_x377_y421_w25_h26_20260626_172115\01_valid_raw_and_ifft\mat,434,394,valid_folder,valid,48,0.00461617,1,Good
344,D:\LSH\LSH\实验\聚焦信号分类实验\1\ROI_x377_y421_w25_h26_20260626_172115\01_valid_raw_and_ifft\mat\curve_r0434_c0395_idx000344.mat,D:\LSH\LSH\实验\聚焦信号分类实验\1\ROI_x377_y421_w25_h26_20260626_172115\01_valid_raw_and_ifft\mat,434,395,valid_folder,valid,48,0.00865046,1,Good
345,D:\LSH\LSH\实验\聚焦信号分类实验\1\ROI_x377_y421_w25_h26_20260626_172115\01_valid_raw_and_ifft\mat\curve_r0434_c0396_idx000345.mat,D:\LSH\LSH\实验\聚焦信号分类实验\1\ROI_x377_y421_w25_h26_20260626_172115\01_valid_raw_and_ifft\mat,434,396,valid_folder,valid,48,0.009857193,1,Good
346,D:\LSH\LSH\实验\聚焦信号分类实验\1\ROI_x377_y421_w25_h26_20260626_172115\01_valid_raw_and_ifft\mat\curve_r0434_c0397_idx000346.mat,D:\LSH\LSH\实验\聚焦信号分类实验\1\ROI_x377_y421_w25_h26_20260626_172115\01_valid_raw_and_ifft\mat,434,397,valid_folder,valid,48,0.013569075,1,Good
347,D:\LSH\LSH\实验\聚焦信号分类实验\1\ROI_x377_y421_w25_h26_20260626_172115\01_valid_raw_and_ifft\mat\curve_r0434_c0398_idx000347.mat,D:\LSH\LSH\实验\聚焦信号分类实验\1\ROI_x377_y421_w25_h26_20260626_172115\01_valid_raw_and_ifft\mat,434,398,valid_folder,valid,48,0.015208113,1,Good
348,D:\LSH\LSH\实验\聚焦信号分类实验\1\ROI_x377_y421_w25_h26_20260626_172115\01_valid_raw_and_ifft\mat\curve_r0434_c0399_idx000348.mat,D:\LSH\LSH\实验\聚焦信号分类实验\1\ROI_x377_y421_w25_h26_20260626_172115\01_valid_raw_and_ifft\mat,434,399,valid_folder,valid,48,0.008581026,1,Good
349,D:\LSH\LSH\实验\聚焦信号分类实验\1\ROI_x377_y421_w25_h26_20260626_172115\01_valid_raw_and_ifft\mat\curve_r0434_c0400_idx000349.mat,D:\LSH\LSH\实验\聚焦信号分类实验\1\ROI_x377_y421_w25_h26_20260626_172115\01_valid_raw_and_ifft\mat,434,400,valid_folder,valid,51,0.02376431,1,Good
350,D:\LSH\LSH\实验\聚焦信号分类实验\1\ROI_x377_y421_w25_h26_20260626_172115\01_valid_raw_and_ifft\mat\curve_r0434_c0401_idx000350.mat,D:\LSH\LSH\实验\聚焦信号分类实验\1\ROI_x377_y421_w25_h26_20260626_172115\01_valid_raw_and_ifft\mat,434,401,valid_folder,valid,51,0.025750771,1,Good
351,D:\LSH\LSH\实验\聚焦信号分类实验\1\ROI_x377_y421_w25_h26_20260626_172115\01_valid_raw_and_ifft\mat\curve_r0435_c0377_idx000351.mat,D:\LSH\LSH\实验\聚焦信号分类实验\1\ROI_x377_y421_w25_h26_20260626_172115\01_valid_raw_and_ifft\mat,435,377,valid_folder,valid,48,0.022234158,1,Good
352,D:\LSH\LSH\实验\聚焦信号分类实验\1\ROI_x377_y421_w25_h26_20260626_172115\01_valid_raw_and_ifft\mat\curve_r0435_c0378_idx000352.mat,D:\LSH\LSH\实验\聚焦信号分类实验\1\ROI_x377_y421_w25_h26_20260626_172115\01_valid_raw_and_ifft\mat,435,378,valid_folder,valid,47,0.005685563,1,Good
353,D:\LSH\LSH\实验\聚焦信号分类实验\1\ROI_x377_y421_w25_h26_20260626_172115\01_valid_raw_and_ifft\mat\curve_r0435_c0379_idx000353.mat,D:\LSH\LSH\实验\聚焦信号分类实验\1\ROI_x377_y421_w25_h26_20260626_172115\01_valid_raw_and_ifft\mat,435,379,valid_folder,valid,48,0.003472423,1,Good
354,D:\LSH\LSH\实验\聚焦信号分类实验\1\ROI_x377_y421_w25_h26_20260626_172115\01_valid_raw_and_ifft\mat\curve_r0435_c0380_idx000354.mat,D:\LSH\LSH\实验\聚焦信号分类实验\1\ROI_x377_y421_w25_h26_20260626_172115\01_valid_raw_and_ifft\mat,435,380,valid_folder,valid,49,0.002108535,1,Good
355,D:\LSH\LSH\实验\聚焦信号分类实验\1\ROI_x377_y421_w25_h26_20260626_172115\01_valid_raw_and_ifft\mat\curve_r0435_c0381_idx000355.mat,D:\LSH\LSH\实验\聚焦信号分类实验\1\ROI_x377_y421_w25_h26_20260626_172115\01_valid_raw_and_ifft\mat,435,381,valid_folder,valid,49,0.003289232,1,Good
356,D:\LSH\LSH\实验\聚焦信号分类实验\1\ROI_x377_y421_w25_h26_20260626_172115\01_valid_raw_and_ifft\mat\curve_r0435_c0382_idx000356.mat,D:\LSH\LSH\实验\聚焦信号分类实验\1\ROI_x377_y421_w25_h26_20260626_172115\01_valid_raw_and_ifft\mat,435,382,valid_folder,valid,49,0.003546703,1,Good
357,D:\LSH\LSH\实验\聚焦信号分类实验\1\ROI_x377_y421_w25_h26_20260626_172115\01_valid_raw_and_ifft\mat\curve_r0435_c0383_idx000357.mat,D:\LSH\LSH\实验\聚焦信号分类实验\1\ROI_x377_y421_w25_h26_20260626_172115\01_valid_raw_and_ifft\mat,435,383,valid_folder,valid,49,0.002793132,1,Good
358,D:\LSH\LSH\实验\聚焦信号分类实验\1\ROI_x377_y421_w25_h26_20260626_172115\01_valid_raw_and_ifft\mat\curve_r0435_c0384_idx000358.mat,D:\LSH\LSH\实验\聚焦信号分类实验\1\ROI_x377_y421_w25_h26_20260626_172115\01_valid_raw_and_ifft\mat,435,384,valid_folder,valid,48,0.006770218,1,Good
359,D:\LSH\LSH\实验\聚焦信号分类实验\1\ROI_x377_y421_w25_h26_20260626_172115\01_valid_raw_and_ifft\mat\curve_r0435_c0385_idx000359.mat,D:\LSH\LSH\实验\聚焦信号分类实验\1\ROI_x377_y421_w25_h26_20260626_172115\01_valid_raw_and_ifft\mat,435,385,valid_folder,valid,48,0.013335609,1,Good
360,D:\LSH\LSH\实验\聚焦信号分类实验\1\ROI_x377_y421_w25_h26_20260626_172115\01_valid_raw_and_ifft\mat\curve_r0435_c0386_idx000360.mat,D:\LSH\LSH\实验\聚焦信号分类实验\1\ROI_x377_y421_w25_h26_20260626_172115\01_valid_raw_and_ifft\mat,435,386,valid_folder,valid,48,0.014430596,1,Good
361,D:\LSH\LSH\实验\聚焦信号分类实验\1\ROI_x377_y421_w25_h26_20260626_172115\01_valid_raw_and_ifft\mat\curve_r0435_c0387_idx000361.mat,D:\LSH\LSH\实验\聚焦信号分类实验\1\ROI_x377_y421_w25_h26_20260626_172115\01_valid_raw_and_ifft\mat,435,387,valid_folder,valid,48,0.005882049,1,Good
362,D:\LSH\LSH\实验\聚焦信号分类实验\1\ROI_x377_y421_w25_h26_20260626_172115\01_valid_raw_and_ifft\mat\curve_r0435_c0388_idx000362.mat,D:\LSH\LSH\实验\聚焦信号分类实验\1\ROI_x377_y421_w25_h26_20260626_172115\01_valid_raw_and_ifft\mat,435,388,valid_folder,valid,48,0.004308135,1,Good
363,D:\LSH\LSH\实验\聚焦信号分类实验\1\ROI_x377_y421_w25_h26_20260626_172115\01_valid_raw_and_ifft\mat\curve_r0435_c0389_idx000363.mat,D:\LSH\LSH\实验\聚焦信号分类实验\1\ROI_x377_y421_w25_h26_20260626_172115\01_valid_raw_and_ifft\mat,435,389,valid_folder,valid,48,0.004049277,1,Good
364,D:\LSH\LSH\实验\聚焦信号分类实验\1\ROI_x377_y421_w25_h26_20260626_172115\01_valid_raw_and_ifft\mat\curve_r0435_c0390_idx000364.mat,D:\LSH\LSH\实验\聚焦信号分类实验\1\ROI_x377_y421_w25_h26_20260626_172115\01_valid_raw_and_ifft\mat,435,390,valid_folder,valid,48,0.003930866,1,Good
365,D:\LSH\LSH\实验\聚焦信号分类实验\1\ROI_x377_y421_w25_h26_20260626_172115\01_valid_raw_and_ifft\mat\curve_r0435_c0391_idx000365.mat,D:\LSH\LSH\实验\聚焦信号分类实验\1\ROI_x377_y421_w25_h26_20260626_172115\01_valid_raw_and_ifft\mat,435,391,valid_folder,valid,48,0.023616103,1,Good
366,D:\LSH\LSH\实验\聚焦信号分类实验\1\ROI_x377_y421_w25_h26_20260626_172115\01_valid_raw_and_ifft\mat\curve_r0435_c0392_idx000366.mat,D:\LSH\LSH\实验\聚焦信号分类实验\1\ROI_x377_y421_w25_h26_20260626_172115\01_valid_raw_and_ifft\mat,435,392,valid_folder,valid,48,0.023964346,1,Good
367,D:\LSH\LSH\实验\聚焦信号分类实验\1\ROI_x377_y421_w25_h26_20260626_172115\01_valid_raw_and_ifft\mat\curve_r0435_c0393_idx000367.mat,D:\LSH\LSH\实验\聚焦信号分类实验\1\ROI_x377_y421_w25_h26_20260626_172115\01_valid_raw_and_ifft\mat,435,393,valid_folder,valid,48,0.010329882,1,Good
368,D:\LSH\LSH\实验\聚焦信号分类实验\1\ROI_x377_y421_w25_h26_20260626_172115\01_valid_raw_and_ifft\mat\curve_r0435_c0394_idx000368.mat,D:\LSH\LSH\实验\聚焦信号分类实验\1\ROI_x377_y421_w25_h26_20260626_172115\01_valid_raw_and_ifft\mat,435,394,valid_folder,valid,48,0.005258569,1,Good
369,D:\LSH\LSH\实验\聚焦信号分类实验\1\ROI_x377_y421_w25_h26_20260626_172115\01_valid_raw_and_ifft\mat\curve_r0435_c0395_idx000369.mat,D:\LSH\LSH\实验\聚焦信号分类实验\1\ROI_x377_y421_w25_h26_20260626_172115\01_valid_raw_and_ifft\mat,435,395,valid_folder,valid,48,0.009790254,1,Good
370,D:\LSH\LSH\实验\聚焦信号分类实验\1\ROI_x377_y421_w25_h26_20260626_172115\01_valid_raw_and_ifft\mat\curve_r0435_c0396_idx000370.mat,D:\LSH\LSH\实验\聚焦信号分类实验\1\ROI_x377_y421_w25_h26_20260626_172115\01_valid_raw_and_ifft\mat,435,396,valid_folder,valid,48,0.01180839,1,Good
371,D:\LSH\LSH\实验\聚焦信号分类实验\1\ROI_x377_y421_w25_h26_20260626_172115\01_valid_raw_and_ifft\mat\curve_r0435_c0397_idx000371.mat,D:\LSH\LSH\实验\聚焦信号分类实验\1\ROI_x377_y421_w25_h26_20260626_172115\01_valid_raw_and_ifft\mat,435,397,valid_folder,valid,48,0.019359901,1,Good
372,D:\LSH\LSH\实验\聚焦信号分类实验\1\ROI_x377_y421_w25_h26_20260626_172115\01_valid_raw_and_ifft\mat\curve_r0435_c0398_idx000372.mat,D:\LSH\LSH\实验\聚焦信号分类实验\1\ROI_x377_y421_w25_h26_20260626_172115\01_valid_raw_and_ifft\mat,435,398,valid_folder,valid,48,0.02154219,1,Good
373,D:\LSH\LSH\实验\聚焦信号分类实验\1\ROI_x377_y421_w25_h26_20260626_172115\01_valid_raw_and_ifft\mat\curve_r0435_c0399_idx000373.mat,D:\LSH\LSH\实验\聚焦信号分类实验\1\ROI_x377_y421_w25_h26_20260626_172115\01_valid_raw_and_ifft\mat,435,399,valid_folder,valid,48,0.010332211,1,Good
374,D:\LSH\LSH\实验\聚焦信号分类实验\1\ROI_x377_y421_w25_h26_20260626_172115\01_valid_raw_and_ifft\mat\curve_r0435_c0400_idx000374.mat,D:\LSH\LSH\实验\聚焦信号分类实验\1\ROI_x377_y421_w25_h26_20260626_172115\01_valid_raw_and_ifft\mat,435,400,valid_folder,valid,51,0.023182111,1,Good
375,D:\LSH\LSH\实验\聚焦信号分类实验\1\ROI_x377_y421_w25_h26_20260626_172115\01_valid_raw_and_ifft\mat\curve_r0435_c0401_idx000375.mat,D:\LSH\LSH\实验\聚焦信号分类实验\1\ROI_x377_y421_w25_h26_20260626_172115\01_valid_raw_and_ifft\mat,435,401,valid_folder,valid,51,0.024401447,1,Good
376,D:\LSH\LSH\实验\聚焦信号分类实验\1\ROI_x377_y421_w25_h26_20260626_172115\01_valid_raw_and_ifft\mat\curve_r0436_c0377_idx000376.mat,D:\LSH\LSH\实验\聚焦信号分类实验\1\ROI_x377_y421_w25_h26_20260626_172115\01_valid_raw_and_ifft\mat,436,377,valid_folder,valid,48,0.01676678,1,Good
377,D:\LSH\LSH\实验\聚焦信号分类实验\1\ROI_x377_y421_w25_h26_20260626_172115\01_valid_raw_and_ifft\mat\curve_r0436_c0378_idx000377.mat,D:\LSH\LSH\实验\聚焦信号分类实验\1\ROI_x377_y421_w25_h26_20260626_172115\01_valid_raw_and_ifft\mat,436,378,valid_folder,valid,47,0.003006987,1,Good
378,D:\LSH\LSH\实验\聚焦信号分类实验\1\ROI_x377_y421_w25_h26_20260626_172115\01_valid_raw_and_ifft\mat\curve_r0436_c0381_idx000380.mat,D:\LSH\LSH\实验\聚焦信号分类实验\1\ROI_x377_y421_w25_h26_20260626_172115\01_valid_raw_and_ifft\mat,436,381,valid_folder,valid,47,0.002463534,1,Good
379,D:\LSH\LSH\实验\聚焦信号分类实验\1\ROI_x377_y421_w25_h26_20260626_172115\01_valid_raw_and_ifft\mat\curve_r0436_c0386_idx000385.mat,D:\LSH\LSH\实验\聚焦信号分类实验\1\ROI_x377_y421_w25_h26_20260626_172115\01_valid_raw_and_ifft\mat,436,386,valid_folder,valid,48,0.007724193,1,Good
380,D:\LSH\LSH\实验\聚焦信号分类实验\1\ROI_x377_y421_w25_h26_20260626_172115\01_valid_raw_and_ifft\mat\curve_r0436_c0387_idx000386.mat,D:\LSH\LSH\实验\聚焦信号分类实验\1\ROI_x377_y421_w25_h26_20260626_172115\01_valid_raw_and_ifft\mat,436,387,valid_folder,valid,48,0.005830734,1,Good
381,D:\LSH\LSH\实验\聚焦信号分类实验\1\ROI_x377_y421_w25_h26_20260626_172115\01_valid_raw_and_ifft\mat\curve_r0436_c0388_idx000387.mat,D:\LSH\LSH\实验\聚焦信号分类实验\1\ROI_x377_y421_w25_h26_20260626_172115\01_valid_raw_and_ifft\mat,436,388,valid_folder,valid,49,0.006198504,1,Good
382,D:\LSH\LSH\实验\聚焦信号分类实验\1\ROI_x377_y421_w25_h26_20260626_172115\01_valid_raw_and_ifft\mat\curve_r0436_c0389_idx000388.mat,D:\LSH\LSH\实验\聚焦信号分类实验\1\ROI_x377_y421_w25_h26_20260626_172115\01_valid_raw_and_ifft\mat,436,389,valid_folder,valid,49,0.005152218,1,Good
383,D:\LSH\LSH\实验\聚焦信号分类实验\1\ROI_x377_y421_w25_h26_20260626_172115\01_valid_raw_and_ifft\mat\curve_r0436_c0390_idx000389.mat,D:\LSH\LSH\实验\聚焦信号分类实验\1\ROI_x377_y421_w25_h26_20260626_172115\01_valid_raw_and_ifft\mat,436,390,valid_folder,valid,49,0.004930644,1,Good
384,D:\LSH\LSH\实验\聚焦信号分类实验\1\ROI_x377_y421_w25_h26_20260626_172115\01_valid_raw_and_ifft\mat\curve_r0436_c0391_idx000390.mat,D:\LSH\LSH\实验\聚焦信号分类实验\1\ROI_x377_y421_w25_h26_20260626_172115\01_valid_raw_and_ifft\mat,436,391,valid_folder,valid,48,0.01116832,1,Good
385,D:\LSH\LSH\实验\聚焦信号分类实验\1\ROI_x377_y421_w25_h26_20260626_172115\01_valid_raw_and_ifft\mat\curve_r0436_c0392_idx000391.mat,D:\LSH\LSH\实验\聚焦信号分类实验\1\ROI_x377_y421_w25_h26_20260626_172115\01_valid_raw_and_ifft\mat,436,392,valid_folder,valid,48,0.012779244,1,Good
386,D:\LSH\LSH\实验\聚焦信号分类实验\1\ROI_x377_y421_w25_h26_20260626_172115\01_valid_raw_and_ifft\mat\curve_r0436_c0393_idx000392.mat,D:\LSH\LSH\实验\聚焦信号分类实验\1\ROI_x377_y421_w25_h26_20260626_172115\01_valid_raw_and_ifft\mat,436,393,valid_folder,valid,48,0.006853094,1,Good
387,D:\LSH\LSH\实验\聚焦信号分类实验\1\ROI_x377_y421_w25_h26_20260626_172115\01_valid_raw_and_ifft\mat\curve_r0436_c0394_idx000393.mat,D:\LSH\LSH\实验\聚焦信号分类实验\1\ROI_x377_y421_w25_h26_20260626_172115\01_valid_raw_and_ifft\mat,436,394,valid_folder,valid,48,0.005350111,1,Good
388,D:\LSH\LSH\实验\聚焦信号分类实验\1\ROI_x377_y421_w25_h26_20260626_172115\01_valid_raw_and_ifft\mat\curve_r0436_c0395_idx000394.mat,D:\LSH\LSH\实验\聚焦信号分类实验\1\ROI_x377_y421_w25_h26_20260626_172115\01_valid_raw_and_ifft\mat,436,395,valid_folder,valid,48,0.012352897,1,Good
389,D:\LSH\LSH\实验\聚焦信号分类实验\1\ROI_x377_y421_w25_h26_20260626_172115\01_valid_raw_and_ifft\mat\curve_r0436_c0396_idx000395.mat,D:\LSH\LSH\实验\聚焦信号分类实验\1\ROI_x377_y421_w25_h26_20260626_172115\01_valid_raw_and_ifft\mat,436,396,valid_folder,valid,48,0.016486889,1,Good
390,D:\LSH\LSH\实验\聚焦信号分类实验\1\ROI_x377_y421_w25_h26_20260626_172115\01_valid_raw_and_ifft\mat\curve_r0436_c0397_idx000396.mat,D:\LSH\LSH\实验\聚焦信号分类实验\1\ROI_x377_y421_w25_h26_20260626_172115\01_valid_raw_and_ifft\mat,436,397,valid_folder,valid,48,0.018733636,1,Good
391,D:\LSH\LSH\实验\聚焦信号分类实验\1\ROI_x377_y421_w25_h26_20260626_172115\01_valid_raw_and_ifft\mat\curve_r0436_c0398_idx000397.mat,D:\LSH\LSH\实验\聚焦信号分类实验\1\ROI_x377_y421_w25_h26_20260626_172115\01_valid_raw_and_ifft\mat,436,398,valid_folder,valid,48,0.019971876,1,Good
392,D:\LSH\LSH\实验\聚焦信号分类实验\1\ROI_x377_y421_w25_h26_20260626_172115\01_valid_raw_and_ifft\mat\curve_r0436_c0399_idx000398.mat,D:\LSH\LSH\实验\聚焦信号分类实验\1\ROI_x377_y421_w25_h26_20260626_172115\01_valid_raw_and_ifft\mat,436,399,valid_folder,valid,48,0.00850295,1,Good
393,D:\LSH\LSH\实验\聚焦信号分类实验\1\ROI_x377_y421_w25_h26_20260626_172115\01_valid_raw_and_ifft\mat\curve_r0436_c0400_idx000399.mat,D:\LSH\LSH\实验\聚焦信号分类实验\1\ROI_x377_y421_w25_h26_20260626_172115\01_valid_raw_and_ifft\mat,436,400,valid_folder,valid,48,0.006235533,1,Good
394,D:\LSH\LSH\实验\聚焦信号分类实验\1\ROI_x377_y421_w25_h26_20260626_172115\01_valid_raw_and_ifft\mat\curve_r0436_c0401_idx000400.mat,D:\LSH\LSH\实验\聚焦信号分类实验\1\ROI_x377_y421_w25_h26_20260626_172115\01_valid_raw_and_ifft\mat,436,401,valid_folder,valid,51,0.004297685,1,Good
395,D:\LSH\LSH\实验\聚焦信号分类实验\1\ROI_x377_y421_w25_h26_20260626_172115\01_valid_raw_and_ifft\mat\curve_r0437_c0377_idx000401.mat,D:\LSH\LSH\实验\聚焦信号分类实验\1\ROI_x377_y421_w25_h26_20260626_172115\01_valid_raw_and_ifft\mat,437,377,valid_folder,valid,47,0.01108489,1,Good
396,D:\LSH\LSH\实验\聚焦信号分类实验\1\ROI_x377_y421_w25_h26_20260626_172115\01_valid_raw_and_ifft\mat\curve_r0437_c0378_idx000402.mat,D:\LSH\LSH\实验\聚焦信号分类实验\1\ROI_x377_y421_w25_h26_20260626_172115\01_valid_raw_and_ifft\mat,437,378,valid_folder,valid,47,0.00309232,1,Good
397,D:\LSH\LSH\实验\聚焦信号分类实验\1\ROI_x377_y421_w25_h26_20260626_172115\01_valid_raw_and_ifft\mat\curve_r0437_c0387_idx000411.mat,D:\LSH\LSH\实验\聚焦信号分类实验\1\ROI_x377_y421_w25_h26_20260626_172115\01_valid_raw_and_ifft\mat,437,387,valid_folder,valid,48,0.006409265,1,Good
398,D:\LSH\LSH\实验\聚焦信号分类实验\1\ROI_x377_y421_w25_h26_20260626_172115\01_valid_raw_and_ifft\mat\curve_r0437_c0388_idx000412.mat,D:\LSH\LSH\实验\聚焦信号分类实验\1\ROI_x377_y421_w25_h26_20260626_172115\01_valid_raw_and_ifft\mat,437,388,valid_folder,valid,49,0.006185038,1,Good
399,D:\LSH\LSH\实验\聚焦信号分类实验\1\ROI_x377_y421_w25_h26_20260626_172115\01_valid_raw_and_ifft\mat\curve_r0437_c0389_idx000413.mat,D:\LSH\LSH\实验\聚焦信号分类实验\1\ROI_x377_y421_w25_h26_20260626_172115\01_valid_raw_and_ifft\mat,437,389,valid_folder,valid,49,0.00573575,1,Good
400,D:\LSH\LSH\实验\聚焦信号分类实验\1\ROI_x377_y421_w25_h26_20260626_172115\01_valid_raw_and_ifft\mat\curve_r0437_c0390_idx000414.mat,D:\LSH\LSH\实验\聚焦信号分类实验\1\ROI_x377_y421_w25_h26_20260626_172115\01_valid_raw_and_ifft\mat,437,390,valid_folder,valid,49,0.005207176,1,Good
401,D:\LSH\LSH\实验\聚焦信号分类实验\1\ROI_x377_y421_w25_h26_20260626_172115\01_valid_raw_and_ifft\mat\curve_r0437_c0391_idx000415.mat,D:\LSH\LSH\实验\聚焦信号分类实验\1\ROI_x377_y421_w25_h26_20260626_172115\01_valid_raw_and_ifft\mat,437,391,valid_folder,valid,48,0.00408993,1,Good
402,D:\LSH\LSH\实验\聚焦信号分类实验\1\ROI_x377_y421_w25_h26_20260626_172115\01_valid_raw_and_ifft\mat\curve_r0437_c0392_idx000416.mat,D:\LSH\LSH\实验\聚焦信号分类实验\1\ROI_x377_y421_w25_h26_20260626_172115\01_valid_raw_and_ifft\mat,437,392,valid_folder,valid,49,0.009770369,1,Good
403,D:\LSH\LSH\实验\聚焦信号分类实验\1\ROI_x377_y421_w25_h26_20260626_172115\01_valid_raw_and_ifft\mat\curve_r0437_c0393_idx000417.mat,D:\LSH\LSH\实验\聚焦信号分类实验\1\ROI_x377_y421_w25_h26_20260626_172115\01_valid_raw_and_ifft\mat,437,393,valid_folder,valid,49,0.018688162,1,Good
404,D:\LSH\LSH\实验\聚焦信号分类实验\1\ROI_x377_y421_w25_h26_20260626_172115\01_valid_raw_and_ifft\mat\curve_r0437_c0394_idx000418.mat,D:\LSH\LSH\实验\聚焦信号分类实验\1\ROI_x377_y421_w25_h26_20260626_172115\01_valid_raw_and_ifft\mat,437,394,valid_folder,valid,48,0.02448395,1,Good
405,D:\LSH\LSH\实验\聚焦信号分类实验\1\ROI_x377_y421_w25_h26_20260626_172115\01_valid_raw_and_ifft\mat\curve_r0437_c0395_idx000419.mat,D:\LSH\LSH\实验\聚焦信号分类实验\1\ROI_x377_y421_w25_h26_20260626_172115\01_valid_raw_and_ifft\mat,437,395,valid_folder,valid,48,0.058455593,1,Good
406,D:\LSH\LSH\实验\聚焦信号分类实验\1\ROI_x377_y421_w25_h26_20260626_172115\01_valid_raw_and_ifft\mat\curve_r0437_c0396_idx000420.mat,D:\LSH\LSH\实验\聚焦信号分类实验\1\ROI_x377_y421_w25_h26_20260626_172115\01_valid_raw_and_ifft\mat,437,396,valid_folder,valid,48,0.059158109,1,Good
407,D:\LSH\LSH\实验\聚焦信号分类实验\1\ROI_x377_y421_w25_h26_20260626_172115\01_valid_raw_and_ifft\mat\curve_r0437_c0397_idx000421.mat,D:\LSH\LSH\实验\聚焦信号分类实验\1\ROI_x377_y421_w25_h26_20260626_172115\01_valid_raw_and_ifft\mat,437,397,valid_folder,valid,48,0.020334874,1,Good
408,D:\LSH\LSH\实验\聚焦信号分类实验\1\ROI_x377_y421_w25_h26_20260626_172115\01_valid_raw_and_ifft\mat\curve_r0437_c0398_idx000422.mat,D:\LSH\LSH\实验\聚焦信号分类实验\1\ROI_x377_y421_w25_h26_20260626_172115\01_valid_raw_and_ifft\mat,437,398,valid_folder,valid,48,0.010864817,1,Good
409,D:\LSH\LSH\实验\聚焦信号分类实验\1\ROI_x377_y421_w25_h26_20260626_172115\01_valid_raw_and_ifft\mat\curve_r0437_c0399_idx000423.mat,D:\LSH\LSH\实验\聚焦信号分类实验\1\ROI_x377_y421_w25_h26_20260626_172115\01_valid_raw_and_ifft\mat,437,399,valid_folder,valid,48,0.006139691,1,Good
410,D:\LSH\LSH\实验\聚焦信号分类实验\1\ROI_x377_y421_w25_h26_20260626_172115\01_valid_raw_and_ifft\mat\curve_r0437_c0400_idx000424.mat,D:\LSH\LSH\实验\聚焦信号分类实验\1\ROI_x377_y421_w25_h26_20260626_172115\01_valid_raw_and_ifft\mat,437,400,valid_folder,valid,48,0.004386382,1,Good
411,D:\LSH\LSH\实验\聚焦信号分类实验\1\ROI_x377_y421_w25_h26_20260626_172115\01_valid_raw_and_ifft\mat\curve_r0437_c0401_idx000425.mat,D:\LSH\LSH\实验\聚焦信号分类实验\1\ROI_x377_y421_w25_h26_20260626_172115\01_valid_raw_and_ifft\mat,437,401,valid_folder,valid,48,0.001856022,1,Good
412,D:\LSH\LSH\实验\聚焦信号分类实验\1\ROI_x377_y421_w25_h26_20260626_172115\01_valid_raw_and_ifft\mat\curve_r0438_c0377_idx000426.mat,D:\LSH\LSH\实验\聚焦信号分类实验\1\ROI_x377_y421_w25_h26_20260626_172115\01_valid_raw_and_ifft\mat,438,377,valid_folder,valid,48,0.013763172,1,Good
413,D:\LSH\LSH\实验\聚焦信号分类实验\1\ROI_x377_y421_w25_h26_20260626_172115\01_valid_raw_and_ifft\mat\curve_r0438_c0378_idx000427.mat,D:\LSH\LSH\实验\聚焦信号分类实验\1\ROI_x377_y421_w25_h26_20260626_172115\01_valid_raw_and_ifft\mat,438,378,valid_folder,valid,49,0.004032147,1,Good
414,D:\LSH\LSH\实验\聚焦信号分类实验\1\ROI_x377_y421_w25_h26_20260626_172115\01_valid_raw_and_ifft\mat\curve_r0438_c0379_idx000428.mat,D:\LSH\LSH\实验\聚焦信号分类实验\1\ROI_x377_y421_w25_h26_20260626_172115\01_valid_raw_and_ifft\mat,438,379,valid_folder,valid,49,0.002209629,1,Good
415,D:\LSH\LSH\实验\聚焦信号分类实验\1\ROI_x377_y421_w25_h26_20260626_172115\01_valid_raw_and_ifft\mat\curve_r0438_c0380_idx000429.mat,D:\LSH\LSH\实验\聚焦信号分类实验\1\ROI_x377_y421_w25_h26_20260626_172115\01_valid_raw_and_ifft\mat,438,380,valid_folder,valid,47,0.001961662,1,Good
416,D:\LSH\LSH\实验\聚焦信号分类实验\1\ROI_x377_y421_w25_h26_20260626_172115\01_valid_raw_and_ifft\mat\curve_r0438_c0381_idx000430.mat,D:\LSH\LSH\实验\聚焦信号分类实验\1\ROI_x377_y421_w25_h26_20260626_172115\01_valid_raw_and_ifft\mat,438,381,valid_folder,valid,47,0.002772266,1,Good
417,D:\LSH\LSH\实验\聚焦信号分类实验\1\ROI_x377_y421_w25_h26_20260626_172115\01_valid_raw_and_ifft\mat\curve_r0438_c0387_idx000436.mat,D:\LSH\LSH\实验\聚焦信号分类实验\1\ROI_x377_y421_w25_h26_20260626_172115\01_valid_raw_and_ifft\mat,438,387,valid_folder,valid,48,0.008539553,1,Good
418,D:\LSH\LSH\实验\聚焦信号分类实验\1\ROI_x377_y421_w25_h26_20260626_172115\01_valid_raw_and_ifft\mat\curve_r0438_c0388_idx000437.mat,D:\LSH\LSH\实验\聚焦信号分类实验\1\ROI_x377_y421_w25_h26_20260626_172115\01_valid_raw_and_ifft\mat,438,388,valid_folder,valid,48,0.01431044,1,Good
419,D:\LSH\LSH\实验\聚焦信号分类实验\1\ROI_x377_y421_w25_h26_20260626_172115\01_valid_raw_and_ifft\mat\curve_r0438_c0389_idx000438.mat,D:\LSH\LSH\实验\聚焦信号分类实验\1\ROI_x377_y421_w25_h26_20260626_172115\01_valid_raw_and_ifft\mat,438,389,valid_folder,valid,48,0.019820796,1,Good
420,D:\LSH\LSH\实验\聚焦信号分类实验\1\ROI_x377_y421_w25_h26_20260626_172115\01_valid_raw_and_ifft\mat\curve_r0438_c0390_idx000439.mat,D:\LSH\LSH\实验\聚焦信号分类实验\1\ROI_x377_y421_w25_h26_20260626_172115\01_valid_raw_and_ifft\mat,438,390,valid_folder,valid,48,0.020896697,1,Good
421,D:\LSH\LSH\实验\聚焦信号分类实验\1\ROI_x377_y421_w25_h26_20260626_172115\01_valid_raw_and_ifft\mat\curve_r0438_c0391_idx000440.mat,D:\LSH\LSH\实验\聚焦信号分类实验\1\ROI_x377_y421_w25_h26_20260626_172115\01_valid_raw_and_ifft\mat,438,391,valid_folder,valid,48,0.014091965,1,Good
422,D:\LSH\LSH\实验\聚焦信号分类实验\1\ROI_x377_y421_w25_h26_20260626_172115\01_valid_raw_and_ifft\mat\curve_r0438_c0392_idx000441.mat,D:\LSH\LSH\实验\聚焦信号分类实验\1\ROI_x377_y421_w25_h26_20260626_172115\01_valid_raw_and_ifft\mat,438,392,valid_folder,valid,48,0.057165425,1,Good
423,D:\LSH\LSH\实验\聚焦信号分类实验\1\ROI_x377_y421_w25_h26_20260626_172115\01_valid_raw_and_ifft\mat\curve_r0438_c0393_idx000442.mat,D:\LSH\LSH\实验\聚焦信号分类实验\1\ROI_x377_y421_w25_h26_20260626_172115\01_valid_raw_and_ifft\mat,438,393,valid_folder,valid,48,0.13878394,1,Good
424,D:\LSH\LSH\实验\聚焦信号分类实验\1\ROI_x377_y421_w25_h26_20260626_172115\01_valid_raw_and_ifft\mat\curve_r0438_c0394_idx000443.mat,D:\LSH\LSH\实验\聚焦信号分类实验\1\ROI_x377_y421_w25_h26_20260626_172115\01_valid_raw_and_ifft\mat,438,394,valid_folder,valid,48,0.14722643,1,Good
425,D:\LSH\LSH\实验\聚焦信号分类实验\1\ROI_x377_y421_w25_h26_20260626_172115\01_valid_raw_and_ifft\mat\curve_r0438_c0395_idx000444.mat,D:\LSH\LSH\实验\聚焦信号分类实验\1\ROI_x377_y421_w25_h26_20260626_172115\01_valid_raw_and_ifft\mat,438,395,valid_folder,valid,48,0.098882999,1,Good
426,D:\LSH\LSH\实验\聚焦信号分类实验\1\ROI_x377_y421_w25_h26_20260626_172115\01_valid_raw_and_ifft\mat\curve_r0438_c0396_idx000445.mat,D:\LSH\LSH\实验\聚焦信号分类实验\1\ROI_x377_y421_w25_h26_20260626_172115\01_valid_raw_and_ifft\mat,438,396,valid_folder,valid,48,0.079001326,1,Good
427,D:\LSH\LSH\实验\聚焦信号分类实验\1\ROI_x377_y421_w25_h26_20260626_172115\01_valid_raw_and_ifft\mat\curve_r0438_c0397_idx000446.mat,D:\LSH\LSH\实验\聚焦信号分类实验\1\ROI_x377_y421_w25_h26_20260626_172115\01_valid_raw_and_ifft\mat,438,397,valid_folder,valid,48,0.02232211,1,Good
428,D:\LSH\LSH\实验\聚焦信号分类实验\1\ROI_x377_y421_w25_h26_20260626_172115\01_valid_raw_and_ifft\mat\curve_r0438_c0398_idx000447.mat,D:\LSH\LSH\实验\聚焦信号分类实验\1\ROI_x377_y421_w25_h26_20260626_172115\01_valid_raw_and_ifft\mat,438,398,valid_folder,valid,48,0.006738024,1,Good
429,D:\LSH\LSH\实验\聚焦信号分类实验\1\ROI_x377_y421_w25_h26_20260626_172115\01_valid_raw_and_ifft\mat\curve_r0438_c0399_idx000448.mat,D:\LSH\LSH\实验\聚焦信号分类实验\1\ROI_x377_y421_w25_h26_20260626_172115\01_valid_raw_and_ifft\mat,438,399,valid_folder,valid,48,0.003657586,1,Good
430,D:\LSH\LSH\实验\聚焦信号分类实验\1\ROI_x377_y421_w25_h26_20260626_172115\01_valid_raw_and_ifft\mat\curve_r0438_c0400_idx000449.mat,D:\LSH\LSH\实验\聚焦信号分类实验\1\ROI_x377_y421_w25_h26_20260626_172115\01_valid_raw_and_ifft\mat,438,400,valid_folder,valid,48,0.002047245,1,Good
431,D:\LSH\LSH\实验\聚焦信号分类实验\1\ROI_x377_y421_w25_h26_20260626_172115\01_valid_raw_and_ifft\mat\curve_r0438_c0401_idx000450.mat,D:\LSH\LSH\实验\聚焦信号分类实验\1\ROI_x377_y421_w25_h26_20260626_172115\01_valid_raw_and_ifft\mat,438,401,valid_folder,valid,51,0.003137495,1,Good
432,D:\LSH\LSH\实验\聚焦信号分类实验\1\ROI_x377_y421_w25_h26_20260626_172115\01_valid_raw_and_ifft\mat\curve_r0439_c0377_idx000451.mat,D:\LSH\LSH\实验\聚焦信号分类实验\1\ROI_x377_y421_w25_h26_20260626_172115\01_valid_raw_and_ifft\mat,439,377,valid_folder,valid,48,0.016489429,1,Good
433,D:\LSH\LSH\实验\聚焦信号分类实验\1\ROI_x377_y421_w25_h26_20260626_172115\01_valid_raw_and_ifft\mat\curve_r0439_c0378_idx000452.mat,D:\LSH\LSH\实验\聚焦信号分类实验\1\ROI_x377_y421_w25_h26_20260626_172115\01_valid_raw_and_ifft\mat,439,378,valid_folder,valid,49,0.007180063,1,Good
434,D:\LSH\LSH\实验\聚焦信号分类实验\1\ROI_x377_y421_w25_h26_20260626_172115\01_valid_raw_and_ifft\mat\curve_r0439_c0379_idx000453.mat,D:\LSH\LSH\实验\聚焦信号分类实验\1\ROI_x377_y421_w25_h26_20260626_172115\01_valid_raw_and_ifft\mat,439,379,valid_folder,valid,48,0.00371451,1,Good
435,D:\LSH\LSH\实验\聚焦信号分类实验\1\ROI_x377_y421_w25_h26_20260626_172115\01_valid_raw_and_ifft\mat\curve_r0439_c0380_idx000454.mat,D:\LSH\LSH\实验\聚焦信号分类实验\1\ROI_x377_y421_w25_h26_20260626_172115\01_valid_raw_and_ifft\mat,439,380,valid_folder,valid,47,0.003776251,1,Good
436,D:\LSH\LSH\实验\聚焦信号分类实验\1\ROI_x377_y421_w25_h26_20260626_172115\01_valid_raw_and_ifft\mat\curve_r0439_c0381_idx000455.mat,D:\LSH\LSH\实验\聚焦信号分类实验\1\ROI_x377_y421_w25_h26_20260626_172115\01_valid_raw_and_ifft\mat,439,381,valid_folder,valid,47,0.003899604,1,Good
437,D:\LSH\LSH\实验\聚焦信号分类实验\1\ROI_x377_y421_w25_h26_20260626_172115\01_valid_raw_and_ifft\mat\curve_r0439_c0386_idx000460.mat,D:\LSH\LSH\实验\聚焦信号分类实验\1\ROI_x377_y421_w25_h26_20260626_172115\01_valid_raw_and_ifft\mat,439,386,valid_folder,valid,48,0.017184688,1,Good
438,D:\LSH\LSH\实验\聚焦信号分类实验\1\ROI_x377_y421_w25_h26_20260626_172115\01_valid_raw_and_ifft\mat\curve_r0439_c0387_idx000461.mat,D:\LSH\LSH\实验\聚焦信号分类实验\1\ROI_x377_y421_w25_h26_20260626_172115\01_valid_raw_and_ifft\mat,439,387,valid_folder,valid,48,0.01868822,1,Good
439,D:\LSH\LSH\实验\聚焦信号分类实验\1\ROI_x377_y421_w25_h26_20260626_172115\01_valid_raw_and_ifft\mat\curve_r0439_c0388_idx000462.mat,D:\LSH\LSH\实验\聚焦信号分类实验\1\ROI_x377_y421_w25_h26_20260626_172115\01_valid_raw_and_ifft\mat,439,388,valid_folder,valid,48,0.041741103,1,Good
440,D:\LSH\LSH\实验\聚焦信号分类实验\1\ROI_x377_y421_w25_h26_20260626_172115\01_valid_raw_and_ifft\mat\curve_r0439_c0389_idx000463.mat,D:\LSH\LSH\实验\聚焦信号分类实验\1\ROI_x377_y421_w25_h26_20260626_172115\01_valid_raw_and_ifft\mat,439,389,valid_folder,valid,48,0.12911212,1,Good
441,D:\LSH\LSH\实验\聚焦信号分类实验\1\ROI_x377_y421_w25_h26_20260626_172115\01_valid_raw_and_ifft\mat\curve_r0439_c0390_idx000464.mat,D:\LSH\LSH\实验\聚焦信号分类实验\1\ROI_x377_y421_w25_h26_20260626_172115\01_valid_raw_and_ifft\mat,439,390,valid_folder,valid,48,0.123544614,1,Good
442,D:\LSH\LSH\实验\聚焦信号分类实验\1\ROI_x377_y421_w25_h26_20260626_172115\01_valid_raw_and_ifft\mat\curve_r0439_c0391_idx000465.mat,D:\LSH\LSH\实验\聚焦信号分类实验\1\ROI_x377_y421_w25_h26_20260626_172115\01_valid_raw_and_ifft\mat,439,391,valid_folder,valid,48,0.033519305,1,Good
443,D:\LSH\LSH\实验\聚焦信号分类实验\1\ROI_x377_y421_w25_h26_20260626_172115\01_valid_raw_and_ifft\mat\curve_r0439_c0392_idx000466.mat,D:\LSH\LSH\实验\聚焦信号分类实验\1\ROI_x377_y421_w25_h26_20260626_172115\01_valid_raw_and_ifft\mat,439,392,valid_folder,valid,48,0.062660216,1,Good
444,D:\LSH\LSH\实验\聚焦信号分类实验\1\ROI_x377_y421_w25_h26_20260626_172115\01_valid_raw_and_ifft\mat\curve_r0439_c0393_idx000467.mat,D:\LSH\LSH\实验\聚焦信号分类实验\1\ROI_x377_y421_w25_h26_20260626_172115\01_valid_raw_and_ifft\mat,439,393,valid_folder,valid,48,0.142123555,1,Good
445,D:\LSH\LSH\实验\聚焦信号分类实验\1\ROI_x377_y421_w25_h26_20260626_172115\01_valid_raw_and_ifft\mat\curve_r0439_c0394_idx000468.mat,D:\LSH\LSH\实验\聚焦信号分类实验\1\ROI_x377_y421_w25_h26_20260626_172115\01_valid_raw_and_ifft\mat,439,394,valid_folder,valid,48,0.147630224,1,Good
446,D:\LSH\LSH\实验\聚焦信号分类实验\1\ROI_x377_y421_w25_h26_20260626_172115\01_valid_raw_and_ifft\mat\curve_r0439_c0395_idx000469.mat,D:\LSH\LSH\实验\聚焦信号分类实验\1\ROI_x377_y421_w25_h26_20260626_172115\01_valid_raw_and_ifft\mat,439,395,valid_folder,valid,48,0.091843169,1,Good
447,D:\LSH\LSH\实验\聚焦信号分类实验\1\ROI_x377_y421_w25_h26_20260626_172115\01_valid_raw_and_ifft\mat\curve_r0439_c0396_idx000470.mat,D:\LSH\LSH\实验\聚焦信号分类实验\1\ROI_x377_y421_w25_h26_20260626_172115\01_valid_raw_and_ifft\mat,439,396,valid_folder,valid,48,0.073277571,1,Good
448,D:\LSH\LSH\实验\聚焦信号分类实验\1\ROI_x377_y421_w25_h26_20260626_172115\01_valid_raw_and_ifft\mat\curve_r0439_c0397_idx000471.mat,D:\LSH\LSH\实验\聚焦信号分类实验\1\ROI_x377_y421_w25_h26_20260626_172115\01_valid_raw_and_ifft\mat,439,397,valid_folder,valid,48,0.02189083,1,Good
449,D:\LSH\LSH\实验\聚焦信号分类实验\1\ROI_x377_y421_w25_h26_20260626_172115\01_valid_raw_and_ifft\mat\curve_r0439_c0398_idx000472.mat,D:\LSH\LSH\实验\聚焦信号分类实验\1\ROI_x377_y421_w25_h26_20260626_172115\01_valid_raw_and_ifft\mat,439,398,valid_folder,valid,48,0.005877292,1,Good
450,D:\LSH\LSH\实验\聚焦信号分类实验\1\ROI_x377_y421_w25_h26_20260626_172115\01_valid_raw_and_ifft\mat\curve_r0439_c0399_idx000473.mat,D:\LSH\LSH\实验\聚焦信号分类实验\1\ROI_x377_y421_w25_h26_20260626_172115\01_valid_raw_and_ifft\mat,439,399,valid_folder,valid,48,0.003324668,1,Good
451,D:\LSH\LSH\实验\聚焦信号分类实验\1\ROI_x377_y421_w25_h26_20260626_172115\01_valid_raw_and_ifft\mat\curve_r0439_c0400_idx000474.mat,D:\LSH\LSH\实验\聚焦信号分类实验\1\ROI_x377_y421_w25_h26_20260626_172115\01_valid_raw_and_ifft\mat,439,400,valid_folder,valid,50,0.002467477,1,Good
452,D:\LSH\LSH\实验\聚焦信号分类实验\1\ROI_x377_y421_w25_h26_20260626_172115\01_valid_raw_and_ifft\mat\curve_r0439_c0401_idx000475.mat,D:\LSH\LSH\实验\聚焦信号分类实验\1\ROI_x377_y421_w25_h26_20260626_172115\01_valid_raw_and_ifft\mat,439,401,valid_folder,valid,51,0.00465013,1,Good
453,D:\LSH\LSH\实验\聚焦信号分类实验\1\ROI_x377_y421_w25_h26_20260626_172115\01_valid_raw_and_ifft\mat\curve_r0440_c0377_idx000476.mat,D:\LSH\LSH\实验\聚焦信号分类实验\1\ROI_x377_y421_w25_h26_20260626_172115\01_valid_raw_and_ifft\mat,440,377,valid_folder,valid,48,0.0518255,1,Good
454,D:\LSH\LSH\实验\聚焦信号分类实验\1\ROI_x377_y421_w25_h26_20260626_172115\01_valid_raw_and_ifft\mat\curve_r0440_c0378_idx000477.mat,D:\LSH\LSH\实验\聚焦信号分类实验\1\ROI_x377_y421_w25_h26_20260626_172115\01_valid_raw_and_ifft\mat,440,378,valid_folder,valid,48,0.031662028,1,Good
455,D:\LSH\LSH\实验\聚焦信号分类实验\1\ROI_x377_y421_w25_h26_20260626_172115\01_valid_raw_and_ifft\mat\curve_r0440_c0379_idx000478.mat,D:\LSH\LSH\实验\聚焦信号分类实验\1\ROI_x377_y421_w25_h26_20260626_172115\01_valid_raw_and_ifft\mat,440,379,valid_folder,valid,48,0.008102834,1,Good
456,D:\LSH\LSH\实验\聚焦信号分类实验\1\ROI_x377_y421_w25_h26_20260626_172115\01_valid_raw_and_ifft\mat\curve_r0440_c0380_idx000479.mat,D:\LSH\LSH\实验\聚焦信号分类实验\1\ROI_x377_y421_w25_h26_20260626_172115\01_valid_raw_and_ifft\mat,440,380,valid_folder,valid,47,0.003918827,1,Good
457,D:\LSH\LSH\实验\聚焦信号分类实验\1\ROI_x377_y421_w25_h26_20260626_172115\01_valid_raw_and_ifft\mat\curve_r0440_c0383_idx000482.mat,D:\LSH\LSH\实验\聚焦信号分类实验\1\ROI_x377_y421_w25_h26_20260626_172115\01_valid_raw_and_ifft\mat,440,383,valid_folder,valid,48,0.021983999,1,Good
458,D:\LSH\LSH\实验\聚焦信号分类实验\1\ROI_x377_y421_w25_h26_20260626_172115\01_valid_raw_and_ifft\mat\curve_r0440_c0384_idx000483.mat,D:\LSH\LSH\实验\聚焦信号分类实验\1\ROI_x377_y421_w25_h26_20260626_172115\01_valid_raw_and_ifft\mat,440,384,valid_folder,valid,48,0.026933234,1,Good
459,D:\LSH\LSH\实验\聚焦信号分类实验\1\ROI_x377_y421_w25_h26_20260626_172115\01_valid_raw_and_ifft\mat\curve_r0440_c0385_idx000484.mat,D:\LSH\LSH\实验\聚焦信号分类实验\1\ROI_x377_y421_w25_h26_20260626_172115\01_valid_raw_and_ifft\mat,440,385,valid_folder,valid,48,0.011177633,1,Good
460,D:\LSH\LSH\实验\聚焦信号分类实验\1\ROI_x377_y421_w25_h26_20260626_172115\01_valid_raw_and_ifft\mat\curve_r0440_c0386_idx000485.mat,D:\LSH\LSH\实验\聚焦信号分类实验\1\ROI_x377_y421_w25_h26_20260626_172115\01_valid_raw_and_ifft\mat,440,386,valid_folder,valid,48,0.019460117,1,Good
461,D:\LSH\LSH\实验\聚焦信号分类实验\1\ROI_x377_y421_w25_h26_20260626_172115\01_valid_raw_and_ifft\mat\curve_r0440_c0387_idx000486.mat,D:\LSH\LSH\实验\聚焦信号分类实验\1\ROI_x377_y421_w25_h26_20260626_172115\01_valid_raw_and_ifft\mat,440,387,valid_folder,valid,48,0.021279718,1,Good
462,D:\LSH\LSH\实验\聚焦信号分类实验\1\ROI_x377_y421_w25_h26_20260626_172115\01_valid_raw_and_ifft\mat\curve_r0440_c0388_idx000487.mat,D:\LSH\LSH\实验\聚焦信号分类实验\1\ROI_x377_y421_w25_h26_20260626_172115\01_valid_raw_and_ifft\mat,440,388,valid_folder,valid,48,0.047094259,1,Good
463,D:\LSH\LSH\实验\聚焦信号分类实验\1\ROI_x377_y421_w25_h26_20260626_172115\01_valid_raw_and_ifft\mat\curve_r0440_c0389_idx000488.mat,D:\LSH\LSH\实验\聚焦信号分类实验\1\ROI_x377_y421_w25_h26_20260626_172115\01_valid_raw_and_ifft\mat,440,389,valid_folder,valid,48,0.220359413,1,Good
464,D:\LSH\LSH\实验\聚焦信号分类实验\1\ROI_x377_y421_w25_h26_20260626_172115\01_valid_raw_and_ifft\mat\curve_r0440_c0390_idx000489.mat,D:\LSH\LSH\实验\聚焦信号分类实验\1\ROI_x377_y421_w25_h26_20260626_172115\01_valid_raw_and_ifft\mat,440,390,valid_folder,valid,48,0.202806937,1,Good
465,D:\LSH\LSH\实验\聚焦信号分类实验\1\ROI_x377_y421_w25_h26_20260626_172115\01_valid_raw_and_ifft\mat\curve_r0440_c0391_idx000490.mat,D:\LSH\LSH\实验\聚焦信号分类实验\1\ROI_x377_y421_w25_h26_20260626_172115\01_valid_raw_and_ifft\mat,440,391,valid_folder,valid,48,0.06085086,1,Good
466,D:\LSH\LSH\实验\聚焦信号分类实验\1\ROI_x377_y421_w25_h26_20260626_172115\01_valid_raw_and_ifft\mat\curve_r0440_c0392_idx000491.mat,D:\LSH\LSH\实验\聚焦信号分类实验\1\ROI_x377_y421_w25_h26_20260626_172115\01_valid_raw_and_ifft\mat,440,392,valid_folder,valid,48,0.03407205,1,Good
467,D:\LSH\LSH\实验\聚焦信号分类实验\1\ROI_x377_y421_w25_h26_20260626_172115\01_valid_raw_and_ifft\mat\curve_r0440_c0393_idx000492.mat,D:\LSH\LSH\实验\聚焦信号分类实验\1\ROI_x377_y421_w25_h26_20260626_172115\01_valid_raw_and_ifft\mat,440,393,valid_folder,valid,48,0.063793002,1,Good
468,D:\LSH\LSH\实验\聚焦信号分类实验\1\ROI_x377_y421_w25_h26_20260626_172115\01_valid_raw_and_ifft\mat\curve_r0440_c0394_idx000493.mat,D:\LSH\LSH\实验\聚焦信号分类实验\1\ROI_x377_y421_w25_h26_20260626_172115\01_valid_raw_and_ifft\mat,440,394,valid_folder,valid,48,0.060758701,1,Good
469,D:\LSH\LSH\实验\聚焦信号分类实验\1\ROI_x377_y421_w25_h26_20260626_172115\01_valid_raw_and_ifft\mat\curve_r0440_c0395_idx000494.mat,D:\LSH\LSH\实验\聚焦信号分类实验\1\ROI_x377_y421_w25_h26_20260626_172115\01_valid_raw_and_ifft\mat,440,395,valid_folder,valid,48,0.033924526,1,Good
470,D:\LSH\LSH\实验\聚焦信号分类实验\1\ROI_x377_y421_w25_h26_20260626_172115\01_valid_raw_and_ifft\mat\curve_r0440_c0396_idx000495.mat,D:\LSH\LSH\实验\聚焦信号分类实验\1\ROI_x377_y421_w25_h26_20260626_172115\01_valid_raw_and_ifft\mat,440,396,valid_folder,valid,48,0.047940696,1,Good
471,D:\LSH\LSH\实验\聚焦信号分类实验\1\ROI_x377_y421_w25_h26_20260626_172115\01_valid_raw_and_ifft\mat\curve_r0440_c0397_idx000496.mat,D:\LSH\LSH\实验\聚焦信号分类实验\1\ROI_x377_y421_w25_h26_20260626_172115\01_valid_raw_and_ifft\mat,440,397,valid_folder,valid,48,0.039046986,1,Good
472,D:\LSH\LSH\实验\聚焦信号分类实验\1\ROI_x377_y421_w25_h26_20260626_172115\01_valid_raw_and_ifft\mat\curve_r0440_c0398_idx000497.mat,D:\LSH\LSH\实验\聚焦信号分类实验\1\ROI_x377_y421_w25_h26_20260626_172115\01_valid_raw_and_ifft\mat,440,398,valid_folder,valid,48,0.005374424,1,Good
473,D:\LSH\LSH\实验\聚焦信号分类实验\1\ROI_x377_y421_w25_h26_20260626_172115\01_valid_raw_and_ifft\mat\curve_r0440_c0399_idx000498.mat,D:\LSH\LSH\实验\聚焦信号分类实验\1\ROI_x377_y421_w25_h26_20260626_172115\01_valid_raw_and_ifft\mat,440,399,valid_folder,valid,48,0.002601192,1,Good
474,D:\LSH\LSH\实验\聚焦信号分类实验\1\ROI_x377_y421_w25_h26_20260626_172115\01_valid_raw_and_ifft\mat\curve_r0440_c0400_idx000499.mat,D:\LSH\LSH\实验\聚焦信号分类实验\1\ROI_x377_y421_w25_h26_20260626_172115\01_valid_raw_and_ifft\mat,440,400,valid_folder,valid,50,0.0033095,1,Good
475,D:\LSH\LSH\实验\聚焦信号分类实验\1\ROI_x377_y421_w25_h26_20260626_172115\01_valid_raw_and_ifft\mat\curve_r0440_c0401_idx000500.mat,D:\LSH\LSH\实验\聚焦信号分类实验\1\ROI_x377_y421_w25_h26_20260626_172115\01_valid_raw_and_ifft\mat,440,401,valid_folder,valid,51,0.00552166,1,Good
476,D:\LSH\LSH\实验\聚焦信号分类实验\1\ROI_x377_y421_w25_h26_20260626_172115\01_valid_raw_and_ifft\mat\curve_r0441_c0377_idx000501.mat,D:\LSH\LSH\实验\聚焦信号分类实验\1\ROI_x377_y421_w25_h26_20260626_172115\01_valid_raw_and_ifft\mat,441,377,valid_folder,valid,48,0.051667093,1,Good
477,D:\LSH\LSH\实验\聚焦信号分类实验\1\ROI_x377_y421_w25_h26_20260626_172115\01_valid_raw_and_ifft\mat\curve_r0441_c0378_idx000502.mat,D:\LSH\LSH\实验\聚焦信号分类实验\1\ROI_x377_y421_w25_h26_20260626_172115\01_valid_raw_and_ifft\mat,441,378,valid_folder,valid,48,0.031683673,1,Good
478,D:\LSH\LSH\实验\聚焦信号分类实验\1\ROI_x377_y421_w25_h26_20260626_172115\01_valid_raw_and_ifft\mat\curve_r0441_c0379_idx000503.mat,D:\LSH\LSH\实验\聚焦信号分类实验\1\ROI_x377_y421_w25_h26_20260626_172115\01_valid_raw_and_ifft\mat,441,379,valid_folder,valid,48,0.007284992,1,Good
479,D:\LSH\LSH\实验\聚焦信号分类实验\1\ROI_x377_y421_w25_h26_20260626_172115\01_valid_raw_and_ifft\mat\curve_r0441_c0380_idx000504.mat,D:\LSH\LSH\实验\聚焦信号分类实验\1\ROI_x377_y421_w25_h26_20260626_172115\01_valid_raw_and_ifft\mat,441,380,valid_folder,valid,47,0.004508701,1,Good
480,D:\LSH\LSH\实验\聚焦信号分类实验\1\ROI_x377_y421_w25_h26_20260626_172115\01_valid_raw_and_ifft\mat\curve_r0441_c0383_idx000507.mat,D:\LSH\LSH\实验\聚焦信号分类实验\1\ROI_x377_y421_w25_h26_20260626_172115\01_valid_raw_and_ifft\mat,441,383,valid_folder,valid,47,0.005406226,1,Good
481,D:\LSH\LSH\实验\聚焦信号分类实验\1\ROI_x377_y421_w25_h26_20260626_172115\01_valid_raw_and_ifft\mat\curve_r0441_c0384_idx000508.mat,D:\LSH\LSH\实验\聚焦信号分类实验\1\ROI_x377_y421_w25_h26_20260626_172115\01_valid_raw_and_ifft\mat,441,384,valid_folder,valid,48,0.011448521,1,Good
482,D:\LSH\LSH\实验\聚焦信号分类实验\1\ROI_x377_y421_w25_h26_20260626_172115\01_valid_raw_and_ifft\mat\curve_r0441_c0385_idx000509.mat,D:\LSH\LSH\实验\聚焦信号分类实验\1\ROI_x377_y421_w25_h26_20260626_172115\01_valid_raw_and_ifft\mat,441,385,valid_folder,valid,48,0.011455067,1,Good
483,D:\LSH\LSH\实验\聚焦信号分类实验\1\ROI_x377_y421_w25_h26_20260626_172115\01_valid_raw_and_ifft\mat\curve_r0441_c0386_idx000510.mat,D:\LSH\LSH\实验\聚焦信号分类实验\1\ROI_x377_y421_w25_h26_20260626_172115\01_valid_raw_and_ifft\mat,441,386,valid_folder,valid,48,0.009547334,1,Good
484,D:\LSH\LSH\实验\聚焦信号分类实验\1\ROI_x377_y421_w25_h26_20260626_172115\01_valid_raw_and_ifft\mat\curve_r0441_c0387_idx000511.mat,D:\LSH\LSH\实验\聚焦信号分类实验\1\ROI_x377_y421_w25_h26_20260626_172115\01_valid_raw_and_ifft\mat,441,387,valid_folder,valid,48,0.010130621,1,Good
485,D:\LSH\LSH\实验\聚焦信号分类实验\1\ROI_x377_y421_w25_h26_20260626_172115\01_valid_raw_and_ifft\mat\curve_r0441_c0388_idx000512.mat,D:\LSH\LSH\实验\聚焦信号分类实验\1\ROI_x377_y421_w25_h26_20260626_172115\01_valid_raw_and_ifft\mat,441,388,valid_folder,valid,48,0.03561349,1,Good
486,D:\LSH\LSH\实验\聚焦信号分类实验\1\ROI_x377_y421_w25_h26_20260626_172115\01_valid_raw_and_ifft\mat\curve_r0441_c0389_idx000513.mat,D:\LSH\LSH\实验\聚焦信号分类实验\1\ROI_x377_y421_w25_h26_20260626_172115\01_valid_raw_and_ifft\mat,441,389,valid_folder,valid,48,0.183117477,1,Good
487,D:\LSH\LSH\实验\聚焦信号分类实验\1\ROI_x377_y421_w25_h26_20260626_172115\01_valid_raw_and_ifft\mat\curve_r0441_c0390_idx000514.mat,D:\LSH\LSH\实验\聚焦信号分类实验\1\ROI_x377_y421_w25_h26_20260626_172115\01_valid_raw_and_ifft\mat,441,390,valid_folder,valid,48,0.17914456,1,Good
488,D:\LSH\LSH\实验\聚焦信号分类实验\1\ROI_x377_y421_w25_h26_20260626_172115\01_valid_raw_and_ifft\mat\curve_r0441_c0391_idx000515.mat,D:\LSH\LSH\实验\聚焦信号分类实验\1\ROI_x377_y421_w25_h26_20260626_172115\01_valid_raw_and_ifft\mat,441,391,valid_folder,valid,48,0.049265128,1,Good
489,D:\LSH\LSH\实验\聚焦信号分类实验\1\ROI_x377_y421_w25_h26_20260626_172115\01_valid_raw_and_ifft\mat\curve_r0441_c0392_idx000516.mat,D:\LSH\LSH\实验\聚焦信号分类实验\1\ROI_x377_y421_w25_h26_20260626_172115\01_valid_raw_and_ifft\mat,441,392,valid_folder,valid,48,0.009407469,1,Good
490,D:\LSH\LSH\实验\聚焦信号分类实验\1\ROI_x377_y421_w25_h26_20260626_172115\01_valid_raw_and_ifft\mat\curve_r0441_c0393_idx000517.mat,D:\LSH\LSH\实验\聚焦信号分类实验\1\ROI_x377_y421_w25_h26_20260626_172115\01_valid_raw_and_ifft\mat,441,393,valid_folder,valid,48,0.007436627,1,Good
491,D:\LSH\LSH\实验\聚焦信号分类实验\1\ROI_x377_y421_w25_h26_20260626_172115\01_valid_raw_and_ifft\mat\curve_r0441_c0394_idx000518.mat,D:\LSH\LSH\实验\聚焦信号分类实验\1\ROI_x377_y421_w25_h26_20260626_172115\01_valid_raw_and_ifft\mat,441,394,valid_folder,valid,48,0.006036738,1,Good
492,D:\LSH\LSH\实验\聚焦信号分类实验\1\ROI_x377_y421_w25_h26_20260626_172115\01_valid_raw_and_ifft\mat\curve_r0441_c0395_idx000519.mat,D:\LSH\LSH\实验\聚焦信号分类实验\1\ROI_x377_y421_w25_h26_20260626_172115\01_valid_raw_and_ifft\mat,441,395,valid_folder,valid,48,0.030440475,1,Good
493,D:\LSH\LSH\实验\聚焦信号分类实验\1\ROI_x377_y421_w25_h26_20260626_172115\01_valid_raw_and_ifft\mat\curve_r0441_c0396_idx000520.mat,D:\LSH\LSH\实验\聚焦信号分类实验\1\ROI_x377_y421_w25_h26_20260626_172115\01_valid_raw_and_ifft\mat,441,396,valid_folder,valid,48,0.054858733,1,Good
494,D:\LSH\LSH\实验\聚焦信号分类实验\1\ROI_x377_y421_w25_h26_20260626_172115\01_valid_raw_and_ifft\mat\curve_r0441_c0397_idx000521.mat,D:\LSH\LSH\实验\聚焦信号分类实验\1\ROI_x377_y421_w25_h26_20260626_172115\01_valid_raw_and_ifft\mat,441,397,valid_folder,valid,48,0.047160649,1,Good
495,D:\LSH\LSH\实验\聚焦信号分类实验\1\ROI_x377_y421_w25_h26_20260626_172115\01_valid_raw_and_ifft\mat\curve_r0441_c0398_idx000522.mat,D:\LSH\LSH\实验\聚焦信号分类实验\1\ROI_x377_y421_w25_h26_20260626_172115\01_valid_raw_and_ifft\mat,441,398,valid_folder,valid,49,0.006367282,1,Good
496,D:\LSH\LSH\实验\聚焦信号分类实验\1\ROI_x377_y421_w25_h26_20260626_172115\01_valid_raw_and_ifft\mat\curve_r0441_c0399_idx000523.mat,D:\LSH\LSH\实验\聚焦信号分类实验\1\ROI_x377_y421_w25_h26_20260626_172115\01_valid_raw_and_ifft\mat,441,399,valid_folder,valid,50,0.004530999,1,Good
497,D:\LSH\LSH\实验\聚焦信号分类实验\1\ROI_x377_y421_w25_h26_20260626_172115\01_valid_raw_and_ifft\mat\curve_r0441_c0400_idx000524.mat,D:\LSH\LSH\实验\聚焦信号分类实验\1\ROI_x377_y421_w25_h26_20260626_172115\01_valid_raw_and_ifft\mat,441,400,valid_folder,valid,50,0.016059321,1,Good
498,D:\LSH\LSH\实验\聚焦信号分类实验\1\ROI_x377_y421_w25_h26_20260626_172115\01_valid_raw_and_ifft\mat\curve_r0441_c0401_idx000525.mat,D:\LSH\LSH\实验\聚焦信号分类实验\1\ROI_x377_y421_w25_h26_20260626_172115\01_valid_raw_and_ifft\mat,441,401,valid_folder,valid,50,0.025112673,1,Good
499,D:\LSH\LSH\实验\聚焦信号分类实验\1\ROI_x377_y421_w25_h26_20260626_172115\01_valid_raw_and_ifft\mat\curve_r0442_c0377_idx000526.mat,D:\LSH\LSH\实验\聚焦信号分类实验\1\ROI_x377_y421_w25_h26_20260626_172115\01_valid_raw_and_ifft\mat,442,377,valid_folder,valid,48,0.026967954,1,Good
500,D:\LSH\LSH\实验\聚焦信号分类实验\1\ROI_x377_y421_w25_h26_20260626_172115\01_valid_raw_and_ifft\mat\curve_r0442_c0378_idx000527.mat,D:\LSH\LSH\实验\聚焦信号分类实验\1\ROI_x377_y421_w25_h26_20260626_172115\01_valid_raw_and_ifft\mat,442,378,valid_folder,valid,48,0.015791959,1,Good
501,D:\LSH\LSH\实验\聚焦信号分类实验\1\ROI_x377_y421_w25_h26_20260626_172115\01_valid_raw_and_ifft\mat\curve_r0442_c0379_idx000528.mat,D:\LSH\LSH\实验\聚焦信号分类实验\1\ROI_x377_y421_w25_h26_20260626_172115\01_valid_raw_and_ifft\mat,442,379,valid_folder,valid,48,0.008014892,1,Good
502,D:\LSH\LSH\实验\聚焦信号分类实验\1\ROI_x377_y421_w25_h26_20260626_172115\01_valid_raw_and_ifft\mat\curve_r0442_c0380_idx000529.mat,D:\LSH\LSH\实验\聚焦信号分类实验\1\ROI_x377_y421_w25_h26_20260626_172115\01_valid_raw_and_ifft\mat,442,380,valid_folder,valid,47,0.004591238,1,Good
503,D:\LSH\LSH\实验\聚焦信号分类实验\1\ROI_x377_y421_w25_h26_20260626_172115\01_valid_raw_and_ifft\mat\curve_r0442_c0381_idx000530.mat,D:\LSH\LSH\实验\聚焦信号分类实验\1\ROI_x377_y421_w25_h26_20260626_172115\01_valid_raw_and_ifft\mat,442,381,valid_folder,valid,47,0.00306911,1,Good
504,D:\LSH\LSH\实验\聚焦信号分类实验\1\ROI_x377_y421_w25_h26_20260626_172115\01_valid_raw_and_ifft\mat\curve_r0442_c0382_idx000531.mat,D:\LSH\LSH\实验\聚焦信号分类实验\1\ROI_x377_y421_w25_h26_20260626_172115\01_valid_raw_and_ifft\mat,442,382,valid_folder,valid,48,0.005948924,1,Good
505,D:\LSH\LSH\实验\聚焦信号分类实验\1\ROI_x377_y421_w25_h26_20260626_172115\01_valid_raw_and_ifft\mat\curve_r0442_c0383_idx000532.mat,D:\LSH\LSH\实验\聚焦信号分类实验\1\ROI_x377_y421_w25_h26_20260626_172115\01_valid_raw_and_ifft\mat,442,383,valid_folder,valid,48,0.014930193,1,Good
506,D:\LSH\LSH\实验\聚焦信号分类实验\1\ROI_x377_y421_w25_h26_20260626_172115\01_valid_raw_and_ifft\mat\curve_r0442_c0384_idx000533.mat,D:\LSH\LSH\实验\聚焦信号分类实验\1\ROI_x377_y421_w25_h26_20260626_172115\01_valid_raw_and_ifft\mat,442,384,valid_folder,valid,48,0.019923808,1,Good
507,D:\LSH\LSH\实验\聚焦信号分类实验\1\ROI_x377_y421_w25_h26_20260626_172115\01_valid_raw_and_ifft\mat\curve_r0442_c0385_idx000534.mat,D:\LSH\LSH\实验\聚焦信号分类实验\1\ROI_x377_y421_w25_h26_20260626_172115\01_valid_raw_and_ifft\mat,442,385,valid_folder,valid,48,0.011901731,1,Good
508,D:\LSH\LSH\实验\聚焦信号分类实验\1\ROI_x377_y421_w25_h26_20260626_172115\01_valid_raw_and_ifft\mat\curve_r0442_c0386_idx000535.mat,D:\LSH\LSH\实验\聚焦信号分类实验\1\ROI_x377_y421_w25_h26_20260626_172115\01_valid_raw_and_ifft\mat,442,386,valid_folder,valid,47,0.006580926,1,Good
509,D:\LSH\LSH\实验\聚焦信号分类实验\1\ROI_x377_y421_w25_h26_20260626_172115\01_valid_raw_and_ifft\mat\curve_r0442_c0387_idx000536.mat,D:\LSH\LSH\实验\聚焦信号分类实验\1\ROI_x377_y421_w25_h26_20260626_172115\01_valid_raw_and_ifft\mat,442,387,valid_folder,valid,47,0.00384011,1,Good
510,D:\LSH\LSH\实验\聚焦信号分类实验\1\ROI_x377_y421_w25_h26_20260626_172115\01_valid_raw_and_ifft\mat\curve_r0442_c0388_idx000537.mat,D:\LSH\LSH\实验\聚焦信号分类实验\1\ROI_x377_y421_w25_h26_20260626_172115\01_valid_raw_and_ifft\mat,442,388,valid_folder,valid,48,0.0156505,1,Good
511,D:\LSH\LSH\实验\聚焦信号分类实验\1\ROI_x377_y421_w25_h26_20260626_172115\01_valid_raw_and_ifft\mat\curve_r0442_c0389_idx000538.mat,D:\LSH\LSH\实验\聚焦信号分类实验\1\ROI_x377_y421_w25_h26_20260626_172115\01_valid_raw_and_ifft\mat,442,389,valid_folder,valid,48,0.032539781,1,Good
512,D:\LSH\LSH\实验\聚焦信号分类实验\1\ROI_x377_y421_w25_h26_20260626_172115\01_valid_raw_and_ifft\mat\curve_r0442_c0390_idx000539.mat,D:\LSH\LSH\实验\聚焦信号分类实验\1\ROI_x377_y421_w25_h26_20260626_172115\01_valid_raw_and_ifft\mat,442,390,valid_folder,valid,48,0.029467596,1,Good
513,D:\LSH\LSH\实验\聚焦信号分类实验\1\ROI_x377_y421_w25_h26_20260626_172115\01_valid_raw_and_ifft\mat\curve_r0442_c0391_idx000540.mat,D:\LSH\LSH\实验\聚焦信号分类实验\1\ROI_x377_y421_w25_h26_20260626_172115\01_valid_raw_and_ifft\mat,442,391,valid_folder,valid,48,0.019288662,1,Good
514,D:\LSH\LSH\实验\聚焦信号分类实验\1\ROI_x377_y421_w25_h26_20260626_172115\01_valid_raw_and_ifft\mat\curve_r0442_c0392_idx000541.mat,D:\LSH\LSH\实验\聚焦信号分类实验\1\ROI_x377_y421_w25_h26_20260626_172115\01_valid_raw_and_ifft\mat,442,392,valid_folder,valid,48,0.004184218,1,Good
515,D:\LSH\LSH\实验\聚焦信号分类实验\1\ROI_x377_y421_w25_h26_20260626_172115\01_valid_raw_and_ifft\mat\curve_r0442_c0393_idx000542.mat,D:\LSH\LSH\实验\聚焦信号分类实验\1\ROI_x377_y421_w25_h26_20260626_172115\01_valid_raw_and_ifft\mat,442,393,valid_folder,valid,48,0.003690094,1,Good
516,D:\LSH\LSH\实验\聚焦信号分类实验\1\ROI_x377_y421_w25_h26_20260626_172115\01_valid_raw_and_ifft\mat\curve_r0442_c0394_idx000543.mat,D:\LSH\LSH\实验\聚焦信号分类实验\1\ROI_x377_y421_w25_h26_20260626_172115\01_valid_raw_and_ifft\mat,442,394,valid_folder,valid,48,0.006183003,1,Good
517,D:\LSH\LSH\实验\聚焦信号分类实验\1\ROI_x377_y421_w25_h26_20260626_172115\01_valid_raw_and_ifft\mat\curve_r0442_c0395_idx000544.mat,D:\LSH\LSH\实验\聚焦信号分类实验\1\ROI_x377_y421_w25_h26_20260626_172115\01_valid_raw_and_ifft\mat,442,395,valid_folder,valid,48,0.024255908,1,Good
518,D:\LSH\LSH\实验\聚焦信号分类实验\1\ROI_x377_y421_w25_h26_20260626_172115\01_valid_raw_and_ifft\mat\curve_r0442_c0396_idx000545.mat,D:\LSH\LSH\实验\聚焦信号分类实验\1\ROI_x377_y421_w25_h26_20260626_172115\01_valid_raw_and_ifft\mat,442,396,valid_folder,valid,48,0.04155087,1,Good
519,D:\LSH\LSH\实验\聚焦信号分类实验\1\ROI_x377_y421_w25_h26_20260626_172115\01_valid_raw_and_ifft\mat\curve_r0442_c0397_idx000546.mat,D:\LSH\LSH\实验\聚焦信号分类实验\1\ROI_x377_y421_w25_h26_20260626_172115\01_valid_raw_and_ifft\mat,442,397,valid_folder,valid,48,0.036958362,1,Good
520,D:\LSH\LSH\实验\聚焦信号分类实验\1\ROI_x377_y421_w25_h26_20260626_172115\01_valid_raw_and_ifft\mat\curve_r0442_c0398_idx000547.mat,D:\LSH\LSH\实验\聚焦信号分类实验\1\ROI_x377_y421_w25_h26_20260626_172115\01_valid_raw_and_ifft\mat,442,398,valid_folder,valid,50,0.013842552,1,Good
521,D:\LSH\LSH\实验\聚焦信号分类实验\1\ROI_x377_y421_w25_h26_20260626_172115\01_valid_raw_and_ifft\mat\curve_r0442_c0399_idx000548.mat,D:\LSH\LSH\实验\聚焦信号分类实验\1\ROI_x377_y421_w25_h26_20260626_172115\01_valid_raw_and_ifft\mat,442,399,valid_folder,valid,50,0.020724741,1,Good
522,D:\LSH\LSH\实验\聚焦信号分类实验\1\ROI_x377_y421_w25_h26_20260626_172115\01_valid_raw_and_ifft\mat\curve_r0442_c0400_idx000549.mat,D:\LSH\LSH\实验\聚焦信号分类实验\1\ROI_x377_y421_w25_h26_20260626_172115\01_valid_raw_and_ifft\mat,442,400,valid_folder,valid,50,0.029900651,1,Good
523,D:\LSH\LSH\实验\聚焦信号分类实验\1\ROI_x377_y421_w25_h26_20260626_172115\01_valid_raw_and_ifft\mat\curve_r0442_c0401_idx000550.mat,D:\LSH\LSH\实验\聚焦信号分类实验\1\ROI_x377_y421_w25_h26_20260626_172115\01_valid_raw_and_ifft\mat,442,401,valid_folder,valid,50,0.030143116,1,Good
524,D:\LSH\LSH\实验\聚焦信号分类实验\1\ROI_x377_y421_w25_h26_20260626_172115\01_valid_raw_and_ifft\mat\curve_r0443_c0377_idx000551.mat,D:\LSH\LSH\实验\聚焦信号分类实验\1\ROI_x377_y421_w25_h26_20260626_172115\01_valid_raw_and_ifft\mat,443,377,valid_folder,valid,47,0.004611251,1,Good
525,D:\LSH\LSH\实验\聚焦信号分类实验\1\ROI_x377_y421_w25_h26_20260626_172115\01_valid_raw_and_ifft\mat\curve_r0443_c0378_idx000552.mat,D:\LSH\LSH\实验\聚焦信号分类实验\1\ROI_x377_y421_w25_h26_20260626_172115\01_valid_raw_and_ifft\mat,443,378,valid_folder,valid,48,0.006366699,1,Good
526,D:\LSH\LSH\实验\聚焦信号分类实验\1\ROI_x377_y421_w25_h26_20260626_172115\01_valid_raw_and_ifft\mat\curve_r0443_c0379_idx000553.mat,D:\LSH\LSH\实验\聚焦信号分类实验\1\ROI_x377_y421_w25_h26_20260626_172115\01_valid_raw_and_ifft\mat,443,379,valid_folder,valid,47,0.00646669,1,Good
527,D:\LSH\LSH\实验\聚焦信号分类实验\1\ROI_x377_y421_w25_h26_20260626_172115\01_valid_raw_and_ifft\mat\curve_r0443_c0380_idx000554.mat,D:\LSH\LSH\实验\聚焦信号分类实验\1\ROI_x377_y421_w25_h26_20260626_172115\01_valid_raw_and_ifft\mat,443,380,valid_folder,valid,47,0.007082205,1,Good
528,D:\LSH\LSH\实验\聚焦信号分类实验\1\ROI_x377_y421_w25_h26_20260626_172115\01_valid_raw_and_ifft\mat\curve_r0443_c0381_idx000555.mat,D:\LSH\LSH\实验\聚焦信号分类实验\1\ROI_x377_y421_w25_h26_20260626_172115\01_valid_raw_and_ifft\mat,443,381,valid_folder,valid,47,0.005509209,1,Good
529,D:\LSH\LSH\实验\聚焦信号分类实验\1\ROI_x377_y421_w25_h26_20260626_172115\01_valid_raw_and_ifft\mat\curve_r0443_c0382_idx000556.mat,D:\LSH\LSH\实验\聚焦信号分类实验\1\ROI_x377_y421_w25_h26_20260626_172115\01_valid_raw_and_ifft\mat,443,382,valid_folder,valid,48,0.008672435,1,Good
530,D:\LSH\LSH\实验\聚焦信号分类实验\1\ROI_x377_y421_w25_h26_20260626_172115\01_valid_raw_and_ifft\mat\curve_r0443_c0383_idx000557.mat,D:\LSH\LSH\实验\聚焦信号分类实验\1\ROI_x377_y421_w25_h26_20260626_172115\01_valid_raw_and_ifft\mat,443,383,valid_folder,valid,48,0.017564952,1,Good
531,D:\LSH\LSH\实验\聚焦信号分类实验\1\ROI_x377_y421_w25_h26_20260626_172115\01_valid_raw_and_ifft\mat\curve_r0443_c0384_idx000558.mat,D:\LSH\LSH\实验\聚焦信号分类实验\1\ROI_x377_y421_w25_h26_20260626_172115\01_valid_raw_and_ifft\mat,443,384,valid_folder,valid,48,0.020080895,1,Good
532,D:\LSH\LSH\实验\聚焦信号分类实验\1\ROI_x377_y421_w25_h26_20260626_172115\01_valid_raw_and_ifft\mat\curve_r0443_c0385_idx000559.mat,D:\LSH\LSH\实验\聚焦信号分类实验\1\ROI_x377_y421_w25_h26_20260626_172115\01_valid_raw_and_ifft\mat,443,385,valid_folder,valid,49,0.01203247,1,Good
533,D:\LSH\LSH\实验\聚焦信号分类实验\1\ROI_x377_y421_w25_h26_20260626_172115\01_valid_raw_and_ifft\mat\curve_r0443_c0386_idx000560.mat,D:\LSH\LSH\实验\聚焦信号分类实验\1\ROI_x377_y421_w25_h26_20260626_172115\01_valid_raw_and_ifft\mat,443,386,valid_folder,valid,49,0.011998392,1,Good
534,D:\LSH\LSH\实验\聚焦信号分类实验\1\ROI_x377_y421_w25_h26_20260626_172115\01_valid_raw_and_ifft\mat\curve_r0443_c0387_idx000561.mat,D:\LSH\LSH\实验\聚焦信号分类实验\1\ROI_x377_y421_w25_h26_20260626_172115\01_valid_raw_and_ifft\mat,443,387,valid_folder,valid,49,0.004902721,1,Good
535,D:\LSH\LSH\实验\聚焦信号分类实验\1\ROI_x377_y421_w25_h26_20260626_172115\01_valid_raw_and_ifft\mat\curve_r0443_c0388_idx000562.mat,D:\LSH\LSH\实验\聚焦信号分类实验\1\ROI_x377_y421_w25_h26_20260626_172115\01_valid_raw_and_ifft\mat,443,388,valid_folder,valid,49,0.008726432,1,Good
536,D:\LSH\LSH\实验\聚焦信号分类实验\1\ROI_x377_y421_w25_h26_20260626_172115\01_valid_raw_and_ifft\mat\curve_r0443_c0389_idx000563.mat,D:\LSH\LSH\实验\聚焦信号分类实验\1\ROI_x377_y421_w25_h26_20260626_172115\01_valid_raw_and_ifft\mat,443,389,valid_folder,valid,48,0.011296568,1,Good
537,D:\LSH\LSH\实验\聚焦信号分类实验\1\ROI_x377_y421_w25_h26_20260626_172115\01_valid_raw_and_ifft\mat\curve_r0443_c0390_idx000564.mat,D:\LSH\LSH\实验\聚焦信号分类实验\1\ROI_x377_y421_w25_h26_20260626_172115\01_valid_raw_and_ifft\mat,443,390,valid_folder,valid,48,0.007367241,1,Good
538,D:\LSH\LSH\实验\聚焦信号分类实验\1\ROI_x377_y421_w25_h26_20260626_172115\01_valid_raw_and_ifft\mat\curve_r0443_c0391_idx000565.mat,D:\LSH\LSH\实验\聚焦信号分类实验\1\ROI_x377_y421_w25_h26_20260626_172115\01_valid_raw_and_ifft\mat,443,391,valid_folder,valid,48,0.00711055,1,Good
539,D:\LSH\LSH\实验\聚焦信号分类实验\1\ROI_x377_y421_w25_h26_20260626_172115\01_valid_raw_and_ifft\mat\curve_r0443_c0392_idx000566.mat,D:\LSH\LSH\实验\聚焦信号分类实验\1\ROI_x377_y421_w25_h26_20260626_172115\01_valid_raw_and_ifft\mat,443,392,valid_folder,valid,48,0.008472423,1,Good
540,D:\LSH\LSH\实验\聚焦信号分类实验\1\ROI_x377_y421_w25_h26_20260626_172115\01_valid_raw_and_ifft\mat\curve_r0443_c0393_idx000567.mat,D:\LSH\LSH\实验\聚焦信号分类实验\1\ROI_x377_y421_w25_h26_20260626_172115\01_valid_raw_and_ifft\mat,443,393,valid_folder,valid,48,0.008927355,1,Good
541,D:\LSH\LSH\实验\聚焦信号分类实验\1\ROI_x377_y421_w25_h26_20260626_172115\01_valid_raw_and_ifft\mat\curve_r0443_c0394_idx000568.mat,D:\LSH\LSH\实验\聚焦信号分类实验\1\ROI_x377_y421_w25_h26_20260626_172115\01_valid_raw_and_ifft\mat,443,394,valid_folder,valid,49,0.008751594,1,Good
542,D:\LSH\LSH\实验\聚焦信号分类实验\1\ROI_x377_y421_w25_h26_20260626_172115\01_valid_raw_and_ifft\mat\curve_r0443_c0395_idx000569.mat,D:\LSH\LSH\实验\聚焦信号分类实验\1\ROI_x377_y421_w25_h26_20260626_172115\01_valid_raw_and_ifft\mat,443,395,valid_folder,valid,48,0.006301074,1,Good
543,D:\LSH\LSH\实验\聚焦信号分类实验\1\ROI_x377_y421_w25_h26_20260626_172115\01_valid_raw_and_ifft\mat\curve_r0443_c0396_idx000570.mat,D:\LSH\LSH\实验\聚焦信号分类实验\1\ROI_x377_y421_w25_h26_20260626_172115\01_valid_raw_and_ifft\mat,443,396,valid_folder,valid,48,0.005565839,1,Good
544,D:\LSH\LSH\实验\聚焦信号分类实验\1\ROI_x377_y421_w25_h26_20260626_172115\01_valid_raw_and_ifft\mat\curve_r0443_c0397_idx000571.mat,D:\LSH\LSH\实验\聚焦信号分类实验\1\ROI_x377_y421_w25_h26_20260626_172115\01_valid_raw_and_ifft\mat,443,397,valid_folder,valid,48,0.005641742,1,Good
545,D:\LSH\LSH\实验\聚焦信号分类实验\1\ROI_x377_y421_w25_h26_20260626_172115\01_valid_raw_and_ifft\mat\curve_r0443_c0398_idx000572.mat,D:\LSH\LSH\实验\聚焦信号分类实验\1\ROI_x377_y421_w25_h26_20260626_172115\01_valid_raw_and_ifft\mat,443,398,valid_folder,valid,50,0.014739896,1,Good
546,D:\LSH\LSH\实验\聚焦信号分类实验\1\ROI_x377_y421_w25_h26_20260626_172115\01_valid_raw_and_ifft\mat\curve_r0443_c0399_idx000573.mat,D:\LSH\LSH\实验\聚焦信号分类实验\1\ROI_x377_y421_w25_h26_20260626_172115\01_valid_raw_and_ifft\mat,443,399,valid_folder,valid,50,0.02214374,1,Good
547,D:\LSH\LSH\实验\聚焦信号分类实验\1\ROI_x377_y421_w25_h26_20260626_172115\01_valid_raw_and_ifft\mat\curve_r0443_c0400_idx000574.mat,D:\LSH\LSH\实验\聚焦信号分类实验\1\ROI_x377_y421_w25_h26_20260626_172115\01_valid_raw_and_ifft\mat,443,400,valid_folder,valid,50,0.025051565,1,Good
548,D:\LSH\LSH\实验\聚焦信号分类实验\1\ROI_x377_y421_w25_h26_20260626_172115\01_valid_raw_and_ifft\mat\curve_r0443_c0401_idx000575.mat,D:\LSH\LSH\实验\聚焦信号分类实验\1\ROI_x377_y421_w25_h26_20260626_172115\01_valid_raw_and_ifft\mat,443,401,valid_folder,valid,50,0.023081522,1,Good
549,D:\LSH\LSH\实验\聚焦信号分类实验\1\ROI_x377_y421_w25_h26_20260626_172115\01_valid_raw_and_ifft\mat\curve_r0444_c0377_idx000576.mat,D:\LSH\LSH\实验\聚焦信号分类实验\1\ROI_x377_y421_w25_h26_20260626_172115\01_valid_raw_and_ifft\mat,444,377,valid_folder,valid,47,0.006107399,1,Good
550,D:\LSH\LSH\实验\聚焦信号分类实验\1\ROI_x377_y421_w25_h26_20260626_172115\01_valid_raw_and_ifft\mat\curve_r0444_c0378_idx000577.mat,D:\LSH\LSH\实验\聚焦信号分类实验\1\ROI_x377_y421_w25_h26_20260626_172115\01_valid_raw_and_ifft\mat,444,378,valid_folder,valid,47,0.004701155,1,Good
551,D:\LSH\LSH\实验\聚焦信号分类实验\1\ROI_x377_y421_w25_h26_20260626_172115\01_valid_raw_and_ifft\mat\curve_r0444_c0379_idx000578.mat,D:\LSH\LSH\实验\聚焦信号分类实验\1\ROI_x377_y421_w25_h26_20260626_172115\01_valid_raw_and_ifft\mat,444,379,valid_folder,valid,48,0.008969656,1,Good
552,D:\LSH\LSH\实验\聚焦信号分类实验\1\ROI_x377_y421_w25_h26_20260626_172115\01_valid_raw_and_ifft\mat\curve_r0444_c0380_idx000579.mat,D:\LSH\LSH\实验\聚焦信号分类实验\1\ROI_x377_y421_w25_h26_20260626_172115\01_valid_raw_and_ifft\mat,444,380,valid_folder,valid,48,0.030463671,1,Good
553,D:\LSH\LSH\实验\聚焦信号分类实验\1\ROI_x377_y421_w25_h26_20260626_172115\01_valid_raw_and_ifft\mat\curve_r0444_c0381_idx000580.mat,D:\LSH\LSH\实验\聚焦信号分类实验\1\ROI_x377_y421_w25_h26_20260626_172115\01_valid_raw_and_ifft\mat,444,381,valid_folder,valid,48,0.028596949,1,Good
554,D:\LSH\LSH\实验\聚焦信号分类实验\1\ROI_x377_y421_w25_h26_20260626_172115\01_valid_raw_and_ifft\mat\curve_r0444_c0382_idx000581.mat,D:\LSH\LSH\实验\聚焦信号分类实验\1\ROI_x377_y421_w25_h26_20260626_172115\01_valid_raw_and_ifft\mat,444,382,valid_folder,valid,48,0.009246365,1,Good
555,D:\LSH\LSH\实验\聚焦信号分类实验\1\ROI_x377_y421_w25_h26_20260626_172115\01_valid_raw_and_ifft\mat\curve_r0444_c0383_idx000582.mat,D:\LSH\LSH\实验\聚焦信号分类实验\1\ROI_x377_y421_w25_h26_20260626_172115\01_valid_raw_and_ifft\mat,444,383,valid_folder,valid,48,0.009813205,1,Good
556,D:\LSH\LSH\实验\聚焦信号分类实验\1\ROI_x377_y421_w25_h26_20260626_172115\01_valid_raw_and_ifft\mat\curve_r0444_c0384_idx000583.mat,D:\LSH\LSH\实验\聚焦信号分类实验\1\ROI_x377_y421_w25_h26_20260626_172115\01_valid_raw_and_ifft\mat,444,384,valid_folder,valid,48,0.018844729,1,Good
557,D:\LSH\LSH\实验\聚焦信号分类实验\1\ROI_x377_y421_w25_h26_20260626_172115\01_valid_raw_and_ifft\mat\curve_r0444_c0385_idx000584.mat,D:\LSH\LSH\实验\聚焦信号分类实验\1\ROI_x377_y421_w25_h26_20260626_172115\01_valid_raw_and_ifft\mat,444,385,valid_folder,valid,48,0.073437164,1,Good
558,D:\LSH\LSH\实验\聚焦信号分类实验\1\ROI_x377_y421_w25_h26_20260626_172115\01_valid_raw_and_ifft\mat\curve_r0444_c0386_idx000585.mat,D:\LSH\LSH\实验\聚焦信号分类实验\1\ROI_x377_y421_w25_h26_20260626_172115\01_valid_raw_and_ifft\mat,444,386,valid_folder,valid,48,0.075260933,1,Good
559,D:\LSH\LSH\实验\聚焦信号分类实验\1\ROI_x377_y421_w25_h26_20260626_172115\01_valid_raw_and_ifft\mat\curve_r0444_c0387_idx000586.mat,D:\LSH\LSH\实验\聚焦信号分类实验\1\ROI_x377_y421_w25_h26_20260626_172115\01_valid_raw_and_ifft\mat,444,387,valid_folder,valid,49,0.014250784,1,Good
560,D:\LSH\LSH\实验\聚焦信号分类实验\1\ROI_x377_y421_w25_h26_20260626_172115\01_valid_raw_and_ifft\mat\curve_r0444_c0388_idx000587.mat,D:\LSH\LSH\实验\聚焦信号分类实验\1\ROI_x377_y421_w25_h26_20260626_172115\01_valid_raw_and_ifft\mat,444,388,valid_folder,valid,47,0.015411983,1,Good
561,D:\LSH\LSH\实验\聚焦信号分类实验\1\ROI_x377_y421_w25_h26_20260626_172115\01_valid_raw_and_ifft\mat\curve_r0444_c0389_idx000588.mat,D:\LSH\LSH\实验\聚焦信号分类实验\1\ROI_x377_y421_w25_h26_20260626_172115\01_valid_raw_and_ifft\mat,444,389,valid_folder,valid,48,0.016598943,1,Good
562,D:\LSH\LSH\实验\聚焦信号分类实验\1\ROI_x377_y421_w25_h26_20260626_172115\01_valid_raw_and_ifft\mat\curve_r0444_c0390_idx000589.mat,D:\LSH\LSH\实验\聚焦信号分类实验\1\ROI_x377_y421_w25_h26_20260626_172115\01_valid_raw_and_ifft\mat,444,390,valid_folder,valid,48,0.014787214,1,Good
563,D:\LSH\LSH\实验\聚焦信号分类实验\1\ROI_x377_y421_w25_h26_20260626_172115\01_valid_raw_and_ifft\mat\curve_r0444_c0391_idx000590.mat,D:\LSH\LSH\实验\聚焦信号分类实验\1\ROI_x377_y421_w25_h26_20260626_172115\01_valid_raw_and_ifft\mat,444,391,valid_folder,valid,48,0.01382887,1,Good
564,D:\LSH\LSH\实验\聚焦信号分类实验\1\ROI_x377_y421_w25_h26_20260626_172115\01_valid_raw_and_ifft\mat\curve_r0444_c0392_idx000591.mat,D:\LSH\LSH\实验\聚焦信号分类实验\1\ROI_x377_y421_w25_h26_20260626_172115\01_valid_raw_and_ifft\mat,444,392,valid_folder,valid,48,0.046917816,1,Good
565,D:\LSH\LSH\实验\聚焦信号分类实验\1\ROI_x377_y421_w25_h26_20260626_172115\01_valid_raw_and_ifft\mat\curve_r0444_c0393_idx000592.mat,D:\LSH\LSH\实验\聚焦信号分类实验\1\ROI_x377_y421_w25_h26_20260626_172115\01_valid_raw_and_ifft\mat,444,393,valid_folder,valid,48,0.052749757,1,Good
566,D:\LSH\LSH\实验\聚焦信号分类实验\1\ROI_x377_y421_w25_h26_20260626_172115\01_valid_raw_and_ifft\mat\curve_r0444_c0394_idx000593.mat,D:\LSH\LSH\实验\聚焦信号分类实验\1\ROI_x377_y421_w25_h26_20260626_172115\01_valid_raw_and_ifft\mat,444,394,valid_folder,valid,48,0.024914789,1,Good
567,D:\LSH\LSH\实验\聚焦信号分类实验\1\ROI_x377_y421_w25_h26_20260626_172115\01_valid_raw_and_ifft\mat\curve_r0444_c0395_idx000594.mat,D:\LSH\LSH\实验\聚焦信号分类实验\1\ROI_x377_y421_w25_h26_20260626_172115\01_valid_raw_and_ifft\mat,444,395,valid_folder,valid,48,0.008669487,1,Good
568,D:\LSH\LSH\实验\聚焦信号分类实验\1\ROI_x377_y421_w25_h26_20260626_172115\01_valid_raw_and_ifft\mat\curve_r0444_c0396_idx000595.mat,D:\LSH\LSH\实验\聚焦信号分类实验\1\ROI_x377_y421_w25_h26_20260626_172115\01_valid_raw_and_ifft\mat,444,396,valid_folder,valid,48,0.008211839,1,Good
569,D:\LSH\LSH\实验\聚焦信号分类实验\1\ROI_x377_y421_w25_h26_20260626_172115\01_valid_raw_and_ifft\mat\curve_r0444_c0397_idx000596.mat,D:\LSH\LSH\实验\聚焦信号分类实验\1\ROI_x377_y421_w25_h26_20260626_172115\01_valid_raw_and_ifft\mat,444,397,valid_folder,valid,48,0.01114027,1,Good
570,D:\LSH\LSH\实验\聚焦信号分类实验\1\ROI_x377_y421_w25_h26_20260626_172115\01_valid_raw_and_ifft\mat\curve_r0444_c0398_idx000597.mat,D:\LSH\LSH\实验\聚焦信号分类实验\1\ROI_x377_y421_w25_h26_20260626_172115\01_valid_raw_and_ifft\mat,444,398,valid_folder,valid,48,0.008971628,1,Good
571,D:\LSH\LSH\实验\聚焦信号分类实验\1\ROI_x377_y421_w25_h26_20260626_172115\01_valid_raw_and_ifft\mat\curve_r0444_c0399_idx000598.mat,D:\LSH\LSH\实验\聚焦信号分类实验\1\ROI_x377_y421_w25_h26_20260626_172115\01_valid_raw_and_ifft\mat,444,399,valid_folder,valid,50,0.006204295,1,Good
572,D:\LSH\LSH\实验\聚焦信号分类实验\1\ROI_x377_y421_w25_h26_20260626_172115\01_valid_raw_and_ifft\mat\curve_r0444_c0400_idx000599.mat,D:\LSH\LSH\实验\聚焦信号分类实验\1\ROI_x377_y421_w25_h26_20260626_172115\01_valid_raw_and_ifft\mat,444,400,valid_folder,valid,48,0.008827011,1,Good
573,D:\LSH\LSH\实验\聚焦信号分类实验\1\ROI_x377_y421_w25_h26_20260626_172115\01_valid_raw_and_ifft\mat\curve_r0444_c0401_idx000600.mat,D:\LSH\LSH\实验\聚焦信号分类实验\1\ROI_x377_y421_w25_h26_20260626_172115\01_valid_raw_and_ifft\mat,444,401,valid_folder,valid,50,0.035192293,1,Good
574,D:\LSH\LSH\实验\聚焦信号分类实验\1\ROI_x377_y421_w25_h26_20260626_172115\01_valid_raw_and_ifft\mat\curve_r0445_c0377_idx000601.mat,D:\LSH\LSH\实验\聚焦信号分类实验\1\ROI_x377_y421_w25_h26_20260626_172115\01_valid_raw_and_ifft\mat,445,377,valid_folder,valid,47,0.008892979,1,Good
575,D:\LSH\LSH\实验\聚焦信号分类实验\1\ROI_x377_y421_w25_h26_20260626_172115\01_valid_raw_and_ifft\mat\curve_r0445_c0378_idx000602.mat,D:\LSH\LSH\实验\聚焦信号分类实验\1\ROI_x377_y421_w25_h26_20260626_172115\01_valid_raw_and_ifft\mat,445,378,valid_folder,valid,47,0.003895166,1,Good
576,D:\LSH\LSH\实验\聚焦信号分类实验\1\ROI_x377_y421_w25_h26_20260626_172115\01_valid_raw_and_ifft\mat\curve_r0445_c0379_idx000603.mat,D:\LSH\LSH\实验\聚焦信号分类实验\1\ROI_x377_y421_w25_h26_20260626_172115\01_valid_raw_and_ifft\mat,445,379,valid_folder,valid,48,0.008447178,1,Good
577,D:\LSH\LSH\实验\聚焦信号分类实验\1\ROI_x377_y421_w25_h26_20260626_172115\01_valid_raw_and_ifft\mat\curve_r0445_c0380_idx000604.mat,D:\LSH\LSH\实验\聚焦信号分类实验\1\ROI_x377_y421_w25_h26_20260626_172115\01_valid_raw_and_ifft\mat,445,380,valid_folder,valid,48,0.038929508,1,Good
578,D:\LSH\LSH\实验\聚焦信号分类实验\1\ROI_x377_y421_w25_h26_20260626_172115\01_valid_raw_and_ifft\mat\curve_r0445_c0381_idx000605.mat,D:\LSH\LSH\实验\聚焦信号分类实验\1\ROI_x377_y421_w25_h26_20260626_172115\01_valid_raw_and_ifft\mat,445,381,valid_folder,valid,48,0.033739569,1,Good
579,D:\LSH\LSH\实验\聚焦信号分类实验\1\ROI_x377_y421_w25_h26_20260626_172115\01_valid_raw_and_ifft\mat\curve_r0445_c0382_idx000606.mat,D:\LSH\LSH\实验\聚焦信号分类实验\1\ROI_x377_y421_w25_h26_20260626_172115\01_valid_raw_and_ifft\mat,445,382,valid_folder,valid,48,0.00608129,1,Good
580,D:\LSH\LSH\实验\聚焦信号分类实验\1\ROI_x377_y421_w25_h26_20260626_172115\01_valid_raw_and_ifft\mat\curve_r0445_c0383_idx000607.mat,D:\LSH\LSH\实验\聚焦信号分类实验\1\ROI_x377_y421_w25_h26_20260626_172115\01_valid_raw_and_ifft\mat,445,383,valid_folder,valid,49,0.003626877,1,Good
581,D:\LSH\LSH\实验\聚焦信号分类实验\1\ROI_x377_y421_w25_h26_20260626_172115\01_valid_raw_and_ifft\mat\curve_r0445_c0384_idx000608.mat,D:\LSH\LSH\实验\聚焦信号分类实验\1\ROI_x377_y421_w25_h26_20260626_172115\01_valid_raw_and_ifft\mat,445,384,valid_folder,valid,48,0.016846312,1,Good
582,D:\LSH\LSH\实验\聚焦信号分类实验\1\ROI_x377_y421_w25_h26_20260626_172115\01_valid_raw_and_ifft\mat\curve_r0445_c0385_idx000609.mat,D:\LSH\LSH\实验\聚焦信号分类实验\1\ROI_x377_y421_w25_h26_20260626_172115\01_valid_raw_and_ifft\mat,445,385,valid_folder,valid,48,0.112288724,1,Good
583,D:\LSH\LSH\实验\聚焦信号分类实验\1\ROI_x377_y421_w25_h26_20260626_172115\01_valid_raw_and_ifft\mat\curve_r0445_c0386_idx000610.mat,D:\LSH\LSH\实验\聚焦信号分类实验\1\ROI_x377_y421_w25_h26_20260626_172115\01_valid_raw_and_ifft\mat,445,386,valid_folder,valid,48,0.115520331,1,Good
584,D:\LSH\LSH\实验\聚焦信号分类实验\1\ROI_x377_y421_w25_h26_20260626_172115\01_valid_raw_and_ifft\mat\curve_r0445_c0387_idx000611.mat,D:\LSH\LSH\实验\聚焦信号分类实验\1\ROI_x377_y421_w25_h26_20260626_172115\01_valid_raw_and_ifft\mat,445,387,valid_folder,valid,48,0.065855528,1,Good
585,D:\LSH\LSH\实验\聚焦信号分类实验\1\ROI_x377_y421_w25_h26_20260626_172115\01_valid_raw_and_ifft\mat\curve_r0445_c0388_idx000612.mat,D:\LSH\LSH\实验\聚焦信号分类实验\1\ROI_x377_y421_w25_h26_20260626_172115\01_valid_raw_and_ifft\mat,445,388,valid_folder,valid,48,0.109124145,1,Good
586,D:\LSH\LSH\实验\聚焦信号分类实验\1\ROI_x377_y421_w25_h26_20260626_172115\01_valid_raw_and_ifft\mat\curve_r0445_c0389_idx000613.mat,D:\LSH\LSH\实验\聚焦信号分类实验\1\ROI_x377_y421_w25_h26_20260626_172115\01_valid_raw_and_ifft\mat,445,389,valid_folder,valid,48,0.127785653,1,Good
587,D:\LSH\LSH\实验\聚焦信号分类实验\1\ROI_x377_y421_w25_h26_20260626_172115\01_valid_raw_and_ifft\mat\curve_r0445_c0390_idx000614.mat,D:\LSH\LSH\实验\聚焦信号分类实验\1\ROI_x377_y421_w25_h26_20260626_172115\01_valid_raw_and_ifft\mat,445,390,valid_folder,valid,48,0.103198073,1,Good
588,D:\LSH\LSH\实验\聚焦信号分类实验\1\ROI_x377_y421_w25_h26_20260626_172115\01_valid_raw_and_ifft\mat\curve_r0445_c0391_idx000615.mat,D:\LSH\LSH\实验\聚焦信号分类实验\1\ROI_x377_y421_w25_h26_20260626_172115\01_valid_raw_and_ifft\mat,445,391,valid_folder,valid,48,0.023986555,1,Good
589,D:\LSH\LSH\实验\聚焦信号分类实验\1\ROI_x377_y421_w25_h26_20260626_172115\01_valid_raw_and_ifft\mat\curve_r0445_c0392_idx000616.mat,D:\LSH\LSH\实验\聚焦信号分类实验\1\ROI_x377_y421_w25_h26_20260626_172115\01_valid_raw_and_ifft\mat,445,392,valid_folder,valid,48,0.125096058,1,Good
590,D:\LSH\LSH\实验\聚焦信号分类实验\1\ROI_x377_y421_w25_h26_20260626_172115\01_valid_raw_and_ifft\mat\curve_r0445_c0393_idx000617.mat,D:\LSH\LSH\实验\聚焦信号分类实验\1\ROI_x377_y421_w25_h26_20260626_172115\01_valid_raw_and_ifft\mat,445,393,valid_folder,valid,48,0.138153575,1,Good
591,D:\LSH\LSH\实验\聚焦信号分类实验\1\ROI_x377_y421_w25_h26_20260626_172115\01_valid_raw_and_ifft\mat\curve_r0445_c0394_idx000618.mat,D:\LSH\LSH\实验\聚焦信号分类实验\1\ROI_x377_y421_w25_h26_20260626_172115\01_valid_raw_and_ifft\mat,445,394,valid_folder,valid,48,0.087498676,1,Good
592,D:\LSH\LSH\实验\聚焦信号分类实验\1\ROI_x377_y421_w25_h26_20260626_172115\01_valid_raw_and_ifft\mat\curve_r0445_c0395_idx000619.mat,D:\LSH\LSH\实验\聚焦信号分类实验\1\ROI_x377_y421_w25_h26_20260626_172115\01_valid_raw_and_ifft\mat,445,395,valid_folder,valid,48,0.033515033,1,Good
593,D:\LSH\LSH\实验\聚焦信号分类实验\1\ROI_x377_y421_w25_h26_20260626_172115\01_valid_raw_and_ifft\mat\curve_r0445_c0396_idx000620.mat,D:\LSH\LSH\实验\聚焦信号分类实验\1\ROI_x377_y421_w25_h26_20260626_172115\01_valid_raw_and_ifft\mat,445,396,valid_folder,valid,48,0.029800209,1,Good
594,D:\LSH\LSH\实验\聚焦信号分类实验\1\ROI_x377_y421_w25_h26_20260626_172115\01_valid_raw_and_ifft\mat\curve_r0445_c0397_idx000621.mat,D:\LSH\LSH\实验\聚焦信号分类实验\1\ROI_x377_y421_w25_h26_20260626_172115\01_valid_raw_and_ifft\mat,445,397,valid_folder,valid,48,0.026530637,1,Good
595,D:\LSH\LSH\实验\聚焦信号分类实验\1\ROI_x377_y421_w25_h26_20260626_172115\01_valid_raw_and_ifft\mat\curve_r0445_c0398_idx000622.mat,D:\LSH\LSH\实验\聚焦信号分类实验\1\ROI_x377_y421_w25_h26_20260626_172115\01_valid_raw_and_ifft\mat,445,398,valid_folder,valid,48,0.021510756,1,Good
596,D:\LSH\LSH\实验\聚焦信号分类实验\1\ROI_x377_y421_w25_h26_20260626_172115\01_valid_raw_and_ifft\mat\curve_r0445_c0399_idx000623.mat,D:\LSH\LSH\实验\聚焦信号分类实验\1\ROI_x377_y421_w25_h26_20260626_172115\01_valid_raw_and_ifft\mat,445,399,valid_folder,valid,48,0.007076149,1,Good
597,D:\LSH\LSH\实验\聚焦信号分类实验\1\ROI_x377_y421_w25_h26_20260626_172115\01_valid_raw_and_ifft\mat\curve_r0445_c0400_idx000624.mat,D:\LSH\LSH\实验\聚焦信号分类实验\1\ROI_x377_y421_w25_h26_20260626_172115\01_valid_raw_and_ifft\mat,445,400,valid_folder,valid,48,0.011624978,1,Good
598,D:\LSH\LSH\实验\聚焦信号分类实验\1\ROI_x377_y421_w25_h26_20260626_172115\01_valid_raw_and_ifft\mat\curve_r0445_c0401_idx000625.mat,D:\LSH\LSH\实验\聚焦信号分类实验\1\ROI_x377_y421_w25_h26_20260626_172115\01_valid_raw_and_ifft\mat,445,401,valid_folder,valid,50,0.036324672,1,Good
599,D:\LSH\LSH\实验\聚焦信号分类实验\1\ROI_x377_y421_w25_h26_20260626_172115\01_valid_raw_and_ifft\mat\curve_r0446_c0377_idx000626.mat,D:\LSH\LSH\实验\聚焦信号分类实验\1\ROI_x377_y421_w25_h26_20260626_172115\01_valid_raw_and_ifft\mat,446,377,valid_folder,valid,47,0.007690454,1,Good
600,D:\LSH\LSH\实验\聚焦信号分类实验\1\ROI_x377_y421_w25_h26_20260626_172115\01_valid_raw_and_ifft\mat\curve_r0446_c0378_idx000627.mat,D:\LSH\LSH\实验\聚焦信号分类实验\1\ROI_x377_y421_w25_h26_20260626_172115\01_valid_raw_and_ifft\mat,446,378,valid_folder,valid,47,0.003616049,1,Good
601,D:\LSH\LSH\实验\聚焦信号分类实验\1\ROI_x377_y421_w25_h26_20260626_172115\01_valid_raw_and_ifft\mat\curve_r0446_c0379_idx000628.mat,D:\LSH\LSH\实验\聚焦信号分类实验\1\ROI_x377_y421_w25_h26_20260626_172115\01_valid_raw_and_ifft\mat,446,379,valid_folder,valid,48,0.004911278,1,Good
602,D:\LSH\LSH\实验\聚焦信号分类实验\1\ROI_x377_y421_w25_h26_20260626_172115\01_valid_raw_and_ifft\mat\curve_r0446_c0380_idx000629.mat,D:\LSH\LSH\实验\聚焦信号分类实验\1\ROI_x377_y421_w25_h26_20260626_172115\01_valid_raw_and_ifft\mat,446,380,valid_folder,valid,48,0.027260556,1,Good
603,D:\LSH\LSH\实验\聚焦信号分类实验\1\ROI_x377_y421_w25_h26_20260626_172115\01_valid_raw_and_ifft\mat\curve_r0446_c0381_idx000630.mat,D:\LSH\LSH\实验\聚焦信号分类实验\1\ROI_x377_y421_w25_h26_20260626_172115\01_valid_raw_and_ifft\mat,446,381,valid_folder,valid,48,0.024434112,1,Good
604,D:\LSH\LSH\实验\聚焦信号分类实验\1\ROI_x377_y421_w25_h26_20260626_172115\01_valid_raw_and_ifft\mat\curve_r0446_c0382_idx000631.mat,D:\LSH\LSH\实验\聚焦信号分类实验\1\ROI_x377_y421_w25_h26_20260626_172115\01_valid_raw_and_ifft\mat,446,382,valid_folder,valid,48,0.006334882,1,Good
605,D:\LSH\LSH\实验\聚焦信号分类实验\1\ROI_x377_y421_w25_h26_20260626_172115\01_valid_raw_and_ifft\mat\curve_r0446_c0383_idx000632.mat,D:\LSH\LSH\实验\聚焦信号分类实验\1\ROI_x377_y421_w25_h26_20260626_172115\01_valid_raw_and_ifft\mat,446,383,valid_folder,valid,48,0.004272616,1,Good
606,D:\LSH\LSH\实验\聚焦信号分类实验\1\ROI_x377_y421_w25_h26_20260626_172115\01_valid_raw_and_ifft\mat\curve_r0446_c0384_idx000633.mat,D:\LSH\LSH\实验\聚焦信号分类实验\1\ROI_x377_y421_w25_h26_20260626_172115\01_valid_raw_and_ifft\mat,446,384,valid_folder,valid,48,0.012593778,1,Good
607,D:\LSH\LSH\实验\聚焦信号分类实验\1\ROI_x377_y421_w25_h26_20260626_172115\01_valid_raw_and_ifft\mat\curve_r0446_c0385_idx000634.mat,D:\LSH\LSH\实验\聚焦信号分类实验\1\ROI_x377_y421_w25_h26_20260626_172115\01_valid_raw_and_ifft\mat,446,385,valid_folder,valid,48,0.103194234,1,Good
608,D:\LSH\LSH\实验\聚焦信号分类实验\1\ROI_x377_y421_w25_h26_20260626_172115\01_valid_raw_and_ifft\mat\curve_r0446_c0386_idx000635.mat,D:\LSH\LSH\实验\聚焦信号分类实验\1\ROI_x377_y421_w25_h26_20260626_172115\01_valid_raw_and_ifft\mat,446,386,valid_folder,valid,48,0.112877803,1,Good
609,D:\LSH\LSH\实验\聚焦信号分类实验\1\ROI_x377_y421_w25_h26_20260626_172115\01_valid_raw_and_ifft\mat\curve_r0446_c0387_idx000636.mat,D:\LSH\LSH\实验\聚焦信号分类实验\1\ROI_x377_y421_w25_h26_20260626_172115\01_valid_raw_and_ifft\mat,446,387,valid_folder,valid,48,0.096577837,1,Good
610,D:\LSH\LSH\实验\聚焦信号分类实验\1\ROI_x377_y421_w25_h26_20260626_172115\01_valid_raw_and_ifft\mat\curve_r0446_c0388_idx000637.mat,D:\LSH\LSH\实验\聚焦信号分类实验\1\ROI_x377_y421_w25_h26_20260626_172115\01_valid_raw_and_ifft\mat,446,388,valid_folder,valid,48,0.140294785,1,Good
611,D:\LSH\LSH\实验\聚焦信号分类实验\1\ROI_x377_y421_w25_h26_20260626_172115\01_valid_raw_and_ifft\mat\curve_r0446_c0389_idx000638.mat,D:\LSH\LSH\实验\聚焦信号分类实验\1\ROI_x377_y421_w25_h26_20260626_172115\01_valid_raw_and_ifft\mat,446,389,valid_folder,valid,48,0.132710658,1,Good
612,D:\LSH\LSH\实验\聚焦信号分类实验\1\ROI_x377_y421_w25_h26_20260626_172115\01_valid_raw_and_ifft\mat\curve_r0446_c0390_idx000639.mat,D:\LSH\LSH\实验\聚焦信号分类实验\1\ROI_x377_y421_w25_h26_20260626_172115\01_valid_raw_and_ifft\mat,446,390,valid_folder,valid,48,0.148976694,1,Good
613,D:\LSH\LSH\实验\聚焦信号分类实验\1\ROI_x377_y421_w25_h26_20260626_172115\01_valid_raw_and_ifft\mat\curve_r0446_c0391_idx000640.mat,D:\LSH\LSH\实验\聚焦信号分类实验\1\ROI_x377_y421_w25_h26_20260626_172115\01_valid_raw_and_ifft\mat,446,391,valid_folder,valid,48,0.0417267,1,Good
614,D:\LSH\LSH\实验\聚焦信号分类实验\1\ROI_x377_y421_w25_h26_20260626_172115\01_valid_raw_and_ifft\mat\curve_r0446_c0392_idx000641.mat,D:\LSH\LSH\实验\聚焦信号分类实验\1\ROI_x377_y421_w25_h26_20260626_172115\01_valid_raw_and_ifft\mat,446,392,valid_folder,valid,48,0.159505538,1,Good
615,D:\LSH\LSH\实验\聚焦信号分类实验\1\ROI_x377_y421_w25_h26_20260626_172115\01_valid_raw_and_ifft\mat\curve_r0446_c0393_idx000642.mat,D:\LSH\LSH\实验\聚焦信号分类实验\1\ROI_x377_y421_w25_h26_20260626_172115\01_valid_raw_and_ifft\mat,446,393,valid_folder,valid,48,0.164097816,1,Good
616,D:\LSH\LSH\实验\聚焦信号分类实验\1\ROI_x377_y421_w25_h26_20260626_172115\01_valid_raw_and_ifft\mat\curve_r0446_c0394_idx000643.mat,D:\LSH\LSH\实验\聚焦信号分类实验\1\ROI_x377_y421_w25_h26_20260626_172115\01_valid_raw_and_ifft\mat,446,394,valid_folder,valid,48,0.132031975,1,Good
617,D:\LSH\LSH\实验\聚焦信号分类实验\1\ROI_x377_y421_w25_h26_20260626_172115\01_valid_raw_and_ifft\mat\curve_r0446_c0395_idx000644.mat,D:\LSH\LSH\实验\聚焦信号分类实验\1\ROI_x377_y421_w25_h26_20260626_172115\01_valid_raw_and_ifft\mat,446,395,valid_folder,valid,48,0.039401893,1,Good
618,D:\LSH\LSH\实验\聚焦信号分类实验\1\ROI_x377_y421_w25_h26_20260626_172115\01_valid_raw_and_ifft\mat\curve_r0446_c0396_idx000645.mat,D:\LSH\LSH\实验\聚焦信号分类实验\1\ROI_x377_y421_w25_h26_20260626_172115\01_valid_raw_and_ifft\mat,446,396,valid_folder,valid,48,0.029211822,1,Good
619,D:\LSH\LSH\实验\聚焦信号分类实验\1\ROI_x377_y421_w25_h26_20260626_172115\01_valid_raw_and_ifft\mat\curve_r0446_c0397_idx000646.mat,D:\LSH\LSH\实验\聚焦信号分类实验\1\ROI_x377_y421_w25_h26_20260626_172115\01_valid_raw_and_ifft\mat,446,397,valid_folder,valid,48,0.024080279,1,Good
620,D:\LSH\LSH\实验\聚焦信号分类实验\1\ROI_x377_y421_w25_h26_20260626_172115\01_valid_raw_and_ifft\mat\curve_r0446_c0398_idx000647.mat,D:\LSH\LSH\实验\聚焦信号分类实验\1\ROI_x377_y421_w25_h26_20260626_172115\01_valid_raw_and_ifft\mat,446,398,valid_folder,valid,48,0.01983257,1,Good
621,D:\LSH\LSH\实验\聚焦信号分类实验\1\ROI_x377_y421_w25_h26_20260626_172115\01_valid_raw_and_ifft\mat\curve_r0446_c0399_idx000648.mat,D:\LSH\LSH\实验\聚焦信号分类实验\1\ROI_x377_y421_w25_h26_20260626_172115\01_valid_raw_and_ifft\mat,446,399,valid_folder,valid,48,0.006648905,1,Good
622,D:\LSH\LSH\实验\聚焦信号分类实验\1\ROI_x377_y421_w25_h26_20260626_172115\01_valid_raw_and_ifft\mat\curve_r0446_c0400_idx000649.mat,D:\LSH\LSH\实验\聚焦信号分类实验\1\ROI_x377_y421_w25_h26_20260626_172115\01_valid_raw_and_ifft\mat,446,400,valid_folder,valid,48,0.007188027,1,Good
623,D:\LSH\LSH\实验\聚焦信号分类实验\1\ROI_x377_y421_w25_h26_20260626_172115\01_valid_raw_and_ifft\mat\curve_r0446_c0401_idx000650.mat,D:\LSH\LSH\实验\聚焦信号分类实验\1\ROI_x377_y421_w25_h26_20260626_172115\01_valid_raw_and_ifft\mat,446,401,valid_folder,valid,50,0.021562296,1,Good
624,D:\LSH\LSH\实验\聚焦信号分类实验\1\ROI_x377_y421_w25_h26_20260626_172115\02_invalid_raw_only\mat\curve_r0436_c0379_idx000378.mat,D:\LSH\LSH\实验\聚焦信号分类实验\1\ROI_x377_y421_w25_h26_20260626_172115\02_invalid_raw_only\mat,436,379,valid_folder,invalid,49,0.002002517,1,Good
625,D:\LSH\LSH\实验\聚焦信号分类实验\1\ROI_x377_y421_w25_h26_20260626_172115\02_invalid_raw_only\mat\curve_r0436_c0380_idx000379.mat,D:\LSH\LSH\实验\聚焦信号分类实验\1\ROI_x377_y421_w25_h26_20260626_172115\02_invalid_raw_only\mat,436,380,valid_folder,invalid,48,0.001788333,1,Good
626,D:\LSH\LSH\实验\聚焦信号分类实验\1\ROI_x377_y421_w25_h26_20260626_172115\02_invalid_raw_only\mat\curve_r0436_c0382_idx000381.mat,D:\LSH\LSH\实验\聚焦信号分类实验\1\ROI_x377_y421_w25_h26_20260626_172115\02_invalid_raw_only\mat,436,382,valid_folder,invalid,49,0.002444772,0,Bad
627,D:\LSH\LSH\实验\聚焦信号分类实验\1\ROI_x377_y421_w25_h26_20260626_172115\02_invalid_raw_only\mat\curve_r0436_c0383_idx000382.mat,D:\LSH\LSH\实验\聚焦信号分类实验\1\ROI_x377_y421_w25_h26_20260626_172115\02_invalid_raw_only\mat,436,383,valid_folder,invalid,49,0.003434182,0,Bad
628,D:\LSH\LSH\实验\聚焦信号分类实验\1\ROI_x377_y421_w25_h26_20260626_172115\02_invalid_raw_only\mat\curve_r0436_c0384_idx000383.mat,D:\LSH\LSH\实验\聚焦信号分类实验\1\ROI_x377_y421_w25_h26_20260626_172115\02_invalid_raw_only\mat,436,384,valid_folder,invalid,48,0.002943457,0,Bad
629,D:\LSH\LSH\实验\聚焦信号分类实验\1\ROI_x377_y421_w25_h26_20260626_172115\02_invalid_raw_only\mat\curve_r0436_c0385_idx000384.mat,D:\LSH\LSH\实验\聚焦信号分类实验\1\ROI_x377_y421_w25_h26_20260626_172115\02_invalid_raw_only\mat,436,385,valid_folder,invalid,48,0.005810089,0,Bad
630,D:\LSH\LSH\实验\聚焦信号分类实验\1\ROI_x377_y421_w25_h26_20260626_172115\02_invalid_raw_only\mat\curve_r0437_c0379_idx000403.mat,D:\LSH\LSH\实验\聚焦信号分类实验\1\ROI_x377_y421_w25_h26_20260626_172115\02_invalid_raw_only\mat,437,379,valid_folder,invalid,48,0.001977266,1,Good
631,D:\LSH\LSH\实验\聚焦信号分类实验\1\ROI_x377_y421_w25_h26_20260626_172115\02_invalid_raw_only\mat\curve_r0437_c0380_idx000404.mat,D:\LSH\LSH\实验\聚焦信号分类实验\1\ROI_x377_y421_w25_h26_20260626_172115\02_invalid_raw_only\mat,437,380,valid_folder,invalid,48,0.001348505,0,Bad
632,D:\LSH\LSH\实验\聚焦信号分类实验\1\ROI_x377_y421_w25_h26_20260626_172115\02_invalid_raw_only\mat\curve_r0437_c0381_idx000405.mat,D:\LSH\LSH\实验\聚焦信号分类实验\1\ROI_x377_y421_w25_h26_20260626_172115\02_invalid_raw_only\mat,437,381,valid_folder,invalid,47,0.00161853,0,Bad
633,D:\LSH\LSH\实验\聚焦信号分类实验\1\ROI_x377_y421_w25_h26_20260626_172115\02_invalid_raw_only\mat\curve_r0437_c0382_idx000406.mat,D:\LSH\LSH\实验\聚焦信号分类实验\1\ROI_x377_y421_w25_h26_20260626_172115\02_invalid_raw_only\mat,437,382,valid_folder,invalid,49,0.00242957,0,Bad
634,D:\LSH\LSH\实验\聚焦信号分类实验\1\ROI_x377_y421_w25_h26_20260626_172115\02_invalid_raw_only\mat\curve_r0437_c0383_idx000407.mat,D:\LSH\LSH\实验\聚焦信号分类实验\1\ROI_x377_y421_w25_h26_20260626_172115\02_invalid_raw_only\mat,437,383,valid_folder,invalid,49,0.008203806,0,Bad
635,D:\LSH\LSH\实验\聚焦信号分类实验\1\ROI_x377_y421_w25_h26_20260626_172115\02_invalid_raw_only\mat\curve_r0437_c0384_idx000408.mat,D:\LSH\LSH\实验\聚焦信号分类实验\1\ROI_x377_y421_w25_h26_20260626_172115\02_invalid_raw_only\mat,437,384,valid_folder,invalid,49,0.009242967,0,Bad
636,D:\LSH\LSH\实验\聚焦信号分类实验\1\ROI_x377_y421_w25_h26_20260626_172115\02_invalid_raw_only\mat\curve_r0437_c0385_idx000409.mat,D:\LSH\LSH\实验\聚焦信号分类实验\1\ROI_x377_y421_w25_h26_20260626_172115\02_invalid_raw_only\mat,437,385,valid_folder,invalid,21,0.005808519,0,Bad
637,D:\LSH\LSH\实验\聚焦信号分类实验\1\ROI_x377_y421_w25_h26_20260626_172115\02_invalid_raw_only\mat\curve_r0437_c0386_idx000410.mat,D:\LSH\LSH\实验\聚焦信号分类实验\1\ROI_x377_y421_w25_h26_20260626_172115\02_invalid_raw_only\mat,437,386,valid_folder,invalid,48,0.004509936,0,Bad
638,D:\LSH\LSH\实验\聚焦信号分类实验\1\ROI_x377_y421_w25_h26_20260626_172115\02_invalid_raw_only\mat\curve_r0438_c0382_idx000431.mat,D:\LSH\LSH\实验\聚焦信号分类实验\1\ROI_x377_y421_w25_h26_20260626_172115\02_invalid_raw_only\mat,438,382,valid_folder,invalid,48,0.01344173,0,Bad
639,D:\LSH\LSH\实验\聚焦信号分类实验\1\ROI_x377_y421_w25_h26_20260626_172115\02_invalid_raw_only\mat\curve_r0438_c0383_idx000432.mat,D:\LSH\LSH\实验\聚焦信号分类实验\1\ROI_x377_y421_w25_h26_20260626_172115\02_invalid_raw_only\mat,438,383,valid_folder,invalid,48,0.053282637,1,Good
640,D:\LSH\LSH\实验\聚焦信号分类实验\1\ROI_x377_y421_w25_h26_20260626_172115\02_invalid_raw_only\mat\curve_r0438_c0384_idx000433.mat,D:\LSH\LSH\实验\聚焦信号分类实验\1\ROI_x377_y421_w25_h26_20260626_172115\02_invalid_raw_only\mat,438,384,valid_folder,invalid,48,0.05372805,0,Bad
641,D:\LSH\LSH\实验\聚焦信号分类实验\1\ROI_x377_y421_w25_h26_20260626_172115\02_invalid_raw_only\mat\curve_r0438_c0385_idx000434.mat,D:\LSH\LSH\实验\聚焦信号分类实验\1\ROI_x377_y421_w25_h26_20260626_172115\02_invalid_raw_only\mat,438,385,valid_folder,invalid,21,0.009062184,0,Bad
642,D:\LSH\LSH\实验\聚焦信号分类实验\1\ROI_x377_y421_w25_h26_20260626_172115\02_invalid_raw_only\mat\curve_r0438_c0386_idx000435.mat,D:\LSH\LSH\实验\聚焦信号分类实验\1\ROI_x377_y421_w25_h26_20260626_172115\02_invalid_raw_only\mat,438,386,valid_folder,invalid,48,0.005290793,0,Bad
643,D:\LSH\LSH\实验\聚焦信号分类实验\1\ROI_x377_y421_w25_h26_20260626_172115\02_invalid_raw_only\mat\curve_r0439_c0382_idx000456.mat,D:\LSH\LSH\实验\聚焦信号分类实验\1\ROI_x377_y421_w25_h26_20260626_172115\02_invalid_raw_only\mat,439,382,valid_folder,invalid,48,0.01454473,1,Good
644,D:\LSH\LSH\实验\聚焦信号分类实验\1\ROI_x377_y421_w25_h26_20260626_172115\02_invalid_raw_only\mat\curve_r0439_c0383_idx000457.mat,D:\LSH\LSH\实验\聚焦信号分类实验\1\ROI_x377_y421_w25_h26_20260626_172115\02_invalid_raw_only\mat,439,383,valid_folder,invalid,48,0.054559231,1,Good
645,D:\LSH\LSH\实验\聚焦信号分类实验\1\ROI_x377_y421_w25_h26_20260626_172115\02_invalid_raw_only\mat\curve_r0439_c0384_idx000458.mat,D:\LSH\LSH\实验\聚焦信号分类实验\1\ROI_x377_y421_w25_h26_20260626_172115\02_invalid_raw_only\mat,439,384,valid_folder,invalid,48,0.056315139,1,Good
646,D:\LSH\LSH\实验\聚焦信号分类实验\1\ROI_x377_y421_w25_h26_20260626_172115\02_invalid_raw_only\mat\curve_r0439_c0385_idx000459.mat,D:\LSH\LSH\实验\聚焦信号分类实验\1\ROI_x377_y421_w25_h26_20260626_172115\02_invalid_raw_only\mat,439,385,valid_folder,invalid,21,0.009860984,0,Bad
647,D:\LSH\LSH\实验\聚焦信号分类实验\1\ROI_x377_y421_w25_h26_20260626_172115\02_invalid_raw_only\mat\curve_r0440_c0381_idx000480.mat,D:\LSH\LSH\实验\聚焦信号分类实验\1\ROI_x377_y421_w25_h26_20260626_172115\02_invalid_raw_only\mat,440,381,valid_folder,invalid,47,0.002455242,1,Good
648,D:\LSH\LSH\实验\聚焦信号分类实验\1\ROI_x377_y421_w25_h26_20260626_172115\02_invalid_raw_only\mat\curve_r0440_c0382_idx000481.mat,D:\LSH\LSH\实验\聚焦信号分类实验\1\ROI_x377_y421_w25_h26_20260626_172115\02_invalid_raw_only\mat,440,382,valid_folder,invalid,48,0.006927389,0,Bad
649,D:\LSH\LSH\实验\聚焦信号分类实验\1\ROI_x377_y421_w25_h26_20260626_172115\02_invalid_raw_only\mat\curve_r0441_c0381_idx000505.mat,D:\LSH\LSH\实验\聚焦信号分类实验\1\ROI_x377_y421_w25_h26_20260626_172115\02_invalid_raw_only\mat,441,381,valid_folder,invalid,47,0.002347674,1,Good
650,D:\LSH\LSH\实验\聚焦信号分类实验\1\ROI_x617_y79_w21_h19_20260626_171804\01_valid_raw_and_ifft\mat\curve_r0079_c0617_idx000001.mat,D:\LSH\LSH\实验\聚焦信号分类实验\1\ROI_x617_y79_w21_h19_20260626_171804\01_valid_raw_and_ifft\mat,79,617,valid_folder,valid,9,0.004408714,1,Good
651,D:\LSH\LSH\实验\聚焦信号分类实验\1\ROI_x617_y79_w21_h19_20260626_171804\01_valid_raw_and_ifft\mat\curve_r0079_c0618_idx000002.mat,D:\LSH\LSH\实验\聚焦信号分类实验\1\ROI_x617_y79_w21_h19_20260626_171804\01_valid_raw_and_ifft\mat,79,618,valid_folder,valid,9,0.004679102,1,Good
652,D:\LSH\LSH\实验\聚焦信号分类实验\1\ROI_x617_y79_w21_h19_20260626_171804\01_valid_raw_and_ifft\mat\curve_r0079_c0619_idx000003.mat,D:\LSH\LSH\实验\聚焦信号分类实验\1\ROI_x617_y79_w21_h19_20260626_171804\01_valid_raw_and_ifft\mat,79,619,valid_folder,valid,9,0.002602311,1,Good
653,D:\LSH\LSH\实验\聚焦信号分类实验\1\ROI_x617_y79_w21_h19_20260626_171804\01_valid_raw_and_ifft\mat\curve_r0079_c0627_idx000011.mat,D:\LSH\LSH\实验\聚焦信号分类实验\1\ROI_x617_y79_w21_h19_20260626_171804\01_valid_raw_and_ifft\mat,79,627,valid_folder,valid,9,0.001462149,1,Good
654,D:\LSH\LSH\实验\聚焦信号分类实验\1\ROI_x617_y79_w21_h19_20260626_171804\01_valid_raw_and_ifft\mat\curve_r0079_c0628_idx000012.mat,D:\LSH\LSH\实验\聚焦信号分类实验\1\ROI_x617_y79_w21_h19_20260626_171804\01_valid_raw_and_ifft\mat,79,628,valid_folder,valid,10,0.001331945,1,Good
655,D:\LSH\LSH\实验\聚焦信号分类实验\1\ROI_x617_y79_w21_h19_20260626_171804\01_valid_raw_and_ifft\mat\curve_r0079_c0635_idx000019.mat,D:\LSH\LSH\实验\聚焦信号分类实验\1\ROI_x617_y79_w21_h19_20260626_171804\01_valid_raw_and_ifft\mat,79,635,valid_folder,valid,8,0.009641023,1,Good
656,D:\LSH\LSH\实验\聚焦信号分类实验\1\ROI_x617_y79_w21_h19_20260626_171804\01_valid_raw_and_ifft\mat\curve_r0079_c0636_idx000020.mat,D:\LSH\LSH\实验\聚焦信号分类实验\1\ROI_x617_y79_w21_h19_20260626_171804\01_valid_raw_and_ifft\mat,79,636,valid_folder,valid,8,0.07624385,1,Good
657,D:\LSH\LSH\实验\聚焦信号分类实验\1\ROI_x617_y79_w21_h19_20260626_171804\01_valid_raw_and_ifft\mat\curve_r0079_c0637_idx000021.mat,D:\LSH\LSH\实验\聚焦信号分类实验\1\ROI_x617_y79_w21_h19_20260626_171804\01_valid_raw_and_ifft\mat,79,637,valid_folder,valid,8,0.155473792,1,Good
658,D:\LSH\LSH\实验\聚焦信号分类实验\1\ROI_x617_y79_w21_h19_20260626_171804\01_valid_raw_and_ifft\mat\curve_r0080_c0617_idx000022.mat,D:\LSH\LSH\实验\聚焦信号分类实验\1\ROI_x617_y79_w21_h19_20260626_171804\01_valid_raw_and_ifft\mat,80,617,valid_folder,valid,9,0.004322562,1,Good
659,D:\LSH\LSH\实验\聚焦信号分类实验\1\ROI_x617_y79_w21_h19_20260626_171804\01_valid_raw_and_ifft\mat\curve_r0080_c0618_idx000023.mat,D:\LSH\LSH\实验\聚焦信号分类实验\1\ROI_x617_y79_w21_h19_20260626_171804\01_valid_raw_and_ifft\mat,80,618,valid_folder,valid,9,0.004511648,1,Good
660,D:\LSH\LSH\实验\聚焦信号分类实验\1\ROI_x617_y79_w21_h19_20260626_171804\01_valid_raw_and_ifft\mat\curve_r0080_c0619_idx000024.mat,D:\LSH\LSH\实验\聚焦信号分类实验\1\ROI_x617_y79_w21_h19_20260626_171804\01_valid_raw_and_ifft\mat,80,619,valid_folder,valid,9,0.002517429,1,Good
661,D:\LSH\LSH\实验\聚焦信号分类实验\1\ROI_x617_y79_w21_h19_20260626_171804\01_valid_raw_and_ifft\mat\curve_r0080_c0622_idx000027.mat,D:\LSH\LSH\实验\聚焦信号分类实验\1\ROI_x617_y79_w21_h19_20260626_171804\01_valid_raw_and_ifft\mat,80,622,valid_folder,valid,9,0.001505725,1,Good
662,D:\LSH\LSH\实验\聚焦信号分类实验\1\ROI_x617_y79_w21_h19_20260626_171804\01_valid_raw_and_ifft\mat\curve_r0080_c0623_idx000028.mat,D:\LSH\LSH\实验\聚焦信号分类实验\1\ROI_x617_y79_w21_h19_20260626_171804\01_valid_raw_and_ifft\mat,80,623,valid_folder,valid,9,0.001498477,1,Good
663,D:\LSH\LSH\实验\聚焦信号分类实验\1\ROI_x617_y79_w21_h19_20260626_171804\01_valid_raw_and_ifft\mat\curve_r0080_c0625_idx000030.mat,D:\LSH\LSH\实验\聚焦信号分类实验\1\ROI_x617_y79_w21_h19_20260626_171804\01_valid_raw_and_ifft\mat,80,625,valid_folder,valid,9,0.006249882,1,Good
664,D:\LSH\LSH\实验\聚焦信号分类实验\1\ROI_x617_y79_w21_h19_20260626_171804\01_valid_raw_and_ifft\mat\curve_r0080_c0626_idx000031.mat,D:\LSH\LSH\实验\聚焦信号分类实验\1\ROI_x617_y79_w21_h19_20260626_171804\01_valid_raw_and_ifft\mat,80,626,valid_folder,valid,9,0.007632107,1,Good
665,D:\LSH\LSH\实验\聚焦信号分类实验\1\ROI_x617_y79_w21_h19_20260626_171804\01_valid_raw_and_ifft\mat\curve_r0080_c0627_idx000032.mat,D:\LSH\LSH\实验\聚焦信号分类实验\1\ROI_x617_y79_w21_h19_20260626_171804\01_valid_raw_and_ifft\mat,80,627,valid_folder,valid,10,0.008718787,1,Good
666,D:\LSH\LSH\实验\聚焦信号分类实验\1\ROI_x617_y79_w21_h19_20260626_171804\01_valid_raw_and_ifft\mat\curve_r0080_c0628_idx000033.mat,D:\LSH\LSH\实验\聚焦信号分类实验\1\ROI_x617_y79_w21_h19_20260626_171804\01_valid_raw_and_ifft\mat,80,628,valid_folder,valid,10,0.006065985,1,Good
667,D:\LSH\LSH\实验\聚焦信号分类实验\1\ROI_x617_y79_w21_h19_20260626_171804\01_valid_raw_and_ifft\mat\curve_r0080_c0629_idx000034.mat,D:\LSH\LSH\实验\聚焦信号分类实验\1\ROI_x617_y79_w21_h19_20260626_171804\01_valid_raw_and_ifft\mat,80,629,valid_folder,valid,9,0.001759022,1,Good
668,D:\LSH\LSH\实验\聚焦信号分类实验\1\ROI_x617_y79_w21_h19_20260626_171804\01_valid_raw_and_ifft\mat\curve_r0080_c0635_idx000040.mat,D:\LSH\LSH\实验\聚焦信号分类实验\1\ROI_x617_y79_w21_h19_20260626_171804\01_valid_raw_and_ifft\mat,80,635,valid_folder,valid,8,0.004740249,1,Good
669,D:\LSH\LSH\实验\聚焦信号分类实验\1\ROI_x617_y79_w21_h19_20260626_171804\01_valid_raw_and_ifft\mat\curve_r0080_c0636_idx000041.mat,D:\LSH\LSH\实验\聚焦信号分类实验\1\ROI_x617_y79_w21_h19_20260626_171804\01_valid_raw_and_ifft\mat,80,636,valid_folder,valid,8,0.031885843,1,Good
670,D:\LSH\LSH\实验\聚焦信号分类实验\1\ROI_x617_y79_w21_h19_20260626_171804\01_valid_raw_and_ifft\mat\curve_r0080_c0637_idx000042.mat,D:\LSH\LSH\实验\聚焦信号分类实验\1\ROI_x617_y79_w21_h19_20260626_171804\01_valid_raw_and_ifft\mat,80,637,valid_folder,valid,8,0.117942089,1,Good
671,D:\LSH\LSH\实验\聚焦信号分类实验\1\ROI_x617_y79_w21_h19_20260626_171804\01_valid_raw_and_ifft\mat\curve_r0081_c0622_idx000048.mat,D:\LSH\LSH\实验\聚焦信号分类实验\1\ROI_x617_y79_w21_h19_20260626_171804\01_valid_raw_and_ifft\mat,81,622,valid_folder,valid,9,0.001845057,1,Good
672,D:\LSH\LSH\实验\聚焦信号分类实验\1\ROI_x617_y79_w21_h19_20260626_171804\01_valid_raw_and_ifft\mat\curve_r0081_c0623_idx000049.mat,D:\LSH\LSH\实验\聚焦信号分类实验\1\ROI_x617_y79_w21_h19_20260626_171804\01_valid_raw_and_ifft\mat,81,623,valid_folder,valid,9,0.002182476,1,Good
673,D:\LSH\LSH\实验\聚焦信号分类实验\1\ROI_x617_y79_w21_h19_20260626_171804\01_valid_raw_and_ifft\mat\curve_r0081_c0624_idx000050.mat,D:\LSH\LSH\实验\聚焦信号分类实验\1\ROI_x617_y79_w21_h19_20260626_171804\01_valid_raw_and_ifft\mat,81,624,valid_folder,valid,9,0.004866044,1,Good
674,D:\LSH\LSH\实验\聚焦信号分类实验\1\ROI_x617_y79_w21_h19_20260626_171804\01_valid_raw_and_ifft\mat\curve_r0081_c0625_idx000051.mat,D:\LSH\LSH\实验\聚焦信号分类实验\1\ROI_x617_y79_w21_h19_20260626_171804\01_valid_raw_and_ifft\mat,81,625,valid_folder,valid,9,0.037253338,1,Good
675,D:\LSH\LSH\实验\聚焦信号分类实验\1\ROI_x617_y79_w21_h19_20260626_171804\01_valid_raw_and_ifft\mat\curve_r0081_c0626_idx000052.mat,D:\LSH\LSH\实验\聚焦信号分类实验\1\ROI_x617_y79_w21_h19_20260626_171804\01_valid_raw_and_ifft\mat,81,626,valid_folder,valid,9,0.050125688,1,Good
676,D:\LSH\LSH\实验\聚焦信号分类实验\1\ROI_x617_y79_w21_h19_20260626_171804\01_valid_raw_and_ifft\mat\curve_r0081_c0627_idx000053.mat,D:\LSH\LSH\实验\聚焦信号分类实验\1\ROI_x617_y79_w21_h19_20260626_171804\01_valid_raw_and_ifft\mat,81,627,valid_folder,valid,9,0.038304905,1,Good
677,D:\LSH\LSH\实验\聚焦信号分类实验\1\ROI_x617_y79_w21_h19_20260626_171804\01_valid_raw_and_ifft\mat\curve_r0081_c0628_idx000054.mat,D:\LSH\LSH\实验\聚焦信号分类实验\1\ROI_x617_y79_w21_h19_20260626_171804\01_valid_raw_and_ifft\mat,81,628,valid_folder,valid,9,0.012420664,1,Good
678,D:\LSH\LSH\实验\聚焦信号分类实验\1\ROI_x617_y79_w21_h19_20260626_171804\01_valid_raw_and_ifft\mat\curve_r0081_c0629_idx000055.mat,D:\LSH\LSH\实验\聚焦信号分类实验\1\ROI_x617_y79_w21_h19_20260626_171804\01_valid_raw_and_ifft\mat,81,629,valid_folder,valid,9,0.003614676,1,Good
679,D:\LSH\LSH\实验\聚焦信号分类实验\1\ROI_x617_y79_w21_h19_20260626_171804\01_valid_raw_and_ifft\mat\curve_r0081_c0630_idx000056.mat,D:\LSH\LSH\实验\聚焦信号分类实验\1\ROI_x617_y79_w21_h19_20260626_171804\01_valid_raw_and_ifft\mat,81,630,valid_folder,valid,9,0.001930684,1,Good
680,D:\LSH\LSH\实验\聚焦信号分类实验\1\ROI_x617_y79_w21_h19_20260626_171804\01_valid_raw_and_ifft\mat\curve_r0081_c0632_idx000058.mat,D:\LSH\LSH\实验\聚焦信号分类实验\1\ROI_x617_y79_w21_h19_20260626_171804\01_valid_raw_and_ifft\mat,81,632,valid_folder,valid,9,0.001856262,1,Good
681,D:\LSH\LSH\实验\聚焦信号分类实验\1\ROI_x617_y79_w21_h19_20260626_171804\01_valid_raw_and_ifft\mat\curve_r0081_c0633_idx000059.mat,D:\LSH\LSH\实验\聚焦信号分类实验\1\ROI_x617_y79_w21_h19_20260626_171804\01_valid_raw_and_ifft\mat,81,633,valid_folder,valid,9,0.001942277,1,Good
682,D:\LSH\LSH\实验\聚焦信号分类实验\1\ROI_x617_y79_w21_h19_20260626_171804\01_valid_raw_and_ifft\mat\curve_r0081_c0635_idx000061.mat,D:\LSH\LSH\实验\聚焦信号分类实验\1\ROI_x617_y79_w21_h19_20260626_171804\01_valid_raw_and_ifft\mat,81,635,valid_folder,valid,8,0.002442163,1,Good
683,D:\LSH\LSH\实验\聚焦信号分类实验\1\ROI_x617_y79_w21_h19_20260626_171804\01_valid_raw_and_ifft\mat\curve_r0081_c0636_idx000062.mat,D:\LSH\LSH\实验\聚焦信号分类实验\1\ROI_x617_y79_w21_h19_20260626_171804\01_valid_raw_and_ifft\mat,81,636,valid_folder,valid,8,0.007865136,1,Good
684,D:\LSH\LSH\实验\聚焦信号分类实验\1\ROI_x617_y79_w21_h19_20260626_171804\01_valid_raw_and_ifft\mat\curve_r0081_c0637_idx000063.mat,D:\LSH\LSH\实验\聚焦信号分类实验\1\ROI_x617_y79_w21_h19_20260626_171804\01_valid_raw_and_ifft\mat,81,637,valid_folder,valid,8,0.014972494,1,Good
685,D:\LSH\LSH\实验\聚焦信号分类实验\1\ROI_x617_y79_w21_h19_20260626_171804\01_valid_raw_and_ifft\mat\curve_r0082_c0617_idx000064.mat,D:\LSH\LSH\实验\聚焦信号分类实验\1\ROI_x617_y79_w21_h19_20260626_171804\01_valid_raw_and_ifft\mat,82,617,valid_folder,valid,9,0.001733306,0,Bad
686,D:\LSH\LSH\实验\聚焦信号分类实验\1\ROI_x617_y79_w21_h19_20260626_171804\01_valid_raw_and_ifft\mat\curve_r0082_c0622_idx000069.mat,D:\LSH\LSH\实验\聚焦信号分类实验\1\ROI_x617_y79_w21_h19_20260626_171804\01_valid_raw_and_ifft\mat,82,622,valid_folder,valid,9,0.001992694,1,Good
687,D:\LSH\LSH\实验\聚焦信号分类实验\1\ROI_x617_y79_w21_h19_20260626_171804\01_valid_raw_and_ifft\mat\curve_r0082_c0623_idx000070.mat,D:\LSH\LSH\实验\聚焦信号分类实验\1\ROI_x617_y79_w21_h19_20260626_171804\01_valid_raw_and_ifft\mat,82,623,valid_folder,valid,9,0.002528472,1,Good
688,D:\LSH\LSH\实验\聚焦信号分类实验\1\ROI_x617_y79_w21_h19_20260626_171804\01_valid_raw_and_ifft\mat\curve_r0082_c0624_idx000071.mat,D:\LSH\LSH\实验\聚焦信号分类实验\1\ROI_x617_y79_w21_h19_20260626_171804\01_valid_raw_and_ifft\mat,82,624,valid_folder,valid,9,0.00570082,1,Good
689,D:\LSH\LSH\实验\聚焦信号分类实验\1\ROI_x617_y79_w21_h19_20260626_171804\01_valid_raw_and_ifft\mat\curve_r0082_c0625_idx000072.mat,D:\LSH\LSH\实验\聚焦信号分类实验\1\ROI_x617_y79_w21_h19_20260626_171804\01_valid_raw_and_ifft\mat,82,625,valid_folder,valid,9,0.043917935,1,Good
690,D:\LSH\LSH\实验\聚焦信号分类实验\1\ROI_x617_y79_w21_h19_20260626_171804\01_valid_raw_and_ifft\mat\curve_r0082_c0626_idx000073.mat,D:\LSH\LSH\实验\聚焦信号分类实验\1\ROI_x617_y79_w21_h19_20260626_171804\01_valid_raw_and_ifft\mat,82,626,valid_folder,valid,9,0.079958013,1,Good
691,D:\LSH\LSH\实验\聚焦信号分类实验\1\ROI_x617_y79_w21_h19_20260626_171804\01_valid_raw_and_ifft\mat\curve_r0082_c0627_idx000074.mat,D:\LSH\LSH\实验\聚焦信号分类实验\1\ROI_x617_y79_w21_h19_20260626_171804\01_valid_raw_and_ifft\mat,82,627,valid_folder,valid,9,0.069800312,1,Good
692,D:\LSH\LSH\实验\聚焦信号分类实验\1\ROI_x617_y79_w21_h19_20260626_171804\01_valid_raw_and_ifft\mat\curve_r0082_c0628_idx000075.mat,D:\LSH\LSH\实验\聚焦信号分类实验\1\ROI_x617_y79_w21_h19_20260626_171804\01_valid_raw_and_ifft\mat,82,628,valid_folder,valid,9,0.026737793,1,Good
693,D:\LSH\LSH\实验\聚焦信号分类实验\1\ROI_x617_y79_w21_h19_20260626_171804\01_valid_raw_and_ifft\mat\curve_r0082_c0629_idx000076.mat,D:\LSH\LSH\实验\聚焦信号分类实验\1\ROI_x617_y79_w21_h19_20260626_171804\01_valid_raw_and_ifft\mat,82,629,valid_folder,valid,8,0.004328977,1,Good
694,D:\LSH\LSH\实验\聚焦信号分类实验\1\ROI_x617_y79_w21_h19_20260626_171804\01_valid_raw_and_ifft\mat\curve_r0082_c0630_idx000077.mat,D:\LSH\LSH\实验\聚焦信号分类实验\1\ROI_x617_y79_w21_h19_20260626_171804\01_valid_raw_and_ifft\mat,82,630,valid_folder,valid,9,0.001584099,1,Good
695,D:\LSH\LSH\实验\聚焦信号分类实验\1\ROI_x617_y79_w21_h19_20260626_171804\01_valid_raw_and_ifft\mat\curve_r0082_c0631_idx000078.mat,D:\LSH\LSH\实验\聚焦信号分类实验\1\ROI_x617_y79_w21_h19_20260626_171804\01_valid_raw_and_ifft\mat,82,631,valid_folder,valid,9,0.001600969,1,Good
696,D:\LSH\LSH\实验\聚焦信号分类实验\1\ROI_x617_y79_w21_h19_20260626_171804\01_valid_raw_and_ifft\mat\curve_r0082_c0632_idx000079.mat,D:\LSH\LSH\实验\聚焦信号分类实验\1\ROI_x617_y79_w21_h19_20260626_171804\01_valid_raw_and_ifft\mat,82,632,valid_folder,valid,9,0.002539692,1,Good
697,D:\LSH\LSH\实验\聚焦信号分类实验\1\ROI_x617_y79_w21_h19_20260626_171804\01_valid_raw_and_ifft\mat\curve_r0082_c0633_idx000080.mat,D:\LSH\LSH\实验\聚焦信号分类实验\1\ROI_x617_y79_w21_h19_20260626_171804\01_valid_raw_and_ifft\mat,82,633,valid_folder,valid,9,0.002361876,1,Good
698,D:\LSH\LSH\实验\聚焦信号分类实验\1\ROI_x617_y79_w21_h19_20260626_171804\01_valid_raw_and_ifft\mat\curve_r0082_c0635_idx000082.mat,D:\LSH\LSH\实验\聚焦信号分类实验\1\ROI_x617_y79_w21_h19_20260626_171804\01_valid_raw_and_ifft\mat,82,635,valid_folder,valid,8,0.002329721,1,Good
699,D:\LSH\LSH\实验\聚焦信号分类实验\1\ROI_x617_y79_w21_h19_20260626_171804\01_valid_raw_and_ifft\mat\curve_r0082_c0636_idx000083.mat,D:\LSH\LSH\实验\聚焦信号分类实验\1\ROI_x617_y79_w21_h19_20260626_171804\01_valid_raw_and_ifft\mat,82,636,valid_folder,valid,8,0.016324996,1,Good
700,D:\LSH\LSH\实验\聚焦信号分类实验\1\ROI_x617_y79_w21_h19_20260626_171804\01_valid_raw_and_ifft\mat\curve_r0082_c0637_idx000084.mat,D:\LSH\LSH\实验\聚焦信号分类实验\1\ROI_x617_y79_w21_h19_20260626_171804\01_valid_raw_and_ifft\mat,82,637,valid_folder,valid,8,0.030206666,1,Good
701,D:\LSH\LSH\实验\聚焦信号分类实验\1\ROI_x617_y79_w21_h19_20260626_171804\01_valid_raw_and_ifft\mat\curve_r0083_c0617_idx000085.mat,D:\LSH\LSH\实验\聚焦信号分类实验\1\ROI_x617_y79_w21_h19_20260626_171804\01_valid_raw_and_ifft\mat,83,617,valid_folder,valid,10,0.006078456,1,Good
702,D:\LSH\LSH\实验\聚焦信号分类实验\1\ROI_x617_y79_w21_h19_20260626_171804\01_valid_raw_and_ifft\mat\curve_r0083_c0618_idx000086.mat,D:\LSH\LSH\实验\聚焦信号分类实验\1\ROI_x617_y79_w21_h19_20260626_171804\01_valid_raw_and_ifft\mat,83,618,valid_folder,valid,11,0.001645639,1,Good
703,D:\LSH\LSH\实验\聚焦信号分类实验\1\ROI_x617_y79_w21_h19_20260626_171804\01_valid_raw_and_ifft\mat\curve_r0083_c0622_idx000090.mat,D:\LSH\LSH\实验\聚焦信号分类实验\1\ROI_x617_y79_w21_h19_20260626_171804\01_valid_raw_and_ifft\mat,83,622,valid_folder,valid,9,0.001644442,1,Good
704,D:\LSH\LSH\实验\聚焦信号分类实验\1\ROI_x617_y79_w21_h19_20260626_171804\01_valid_raw_and_ifft\mat\curve_r0083_c0623_idx000091.mat,D:\LSH\LSH\实验\聚焦信号分类实验\1\ROI_x617_y79_w21_h19_20260626_171804\01_valid_raw_and_ifft\mat,83,623,valid_folder,valid,9,0.00198424,1,Good
705,D:\LSH\LSH\实验\聚焦信号分类实验\1\ROI_x617_y79_w21_h19_20260626_171804\01_valid_raw_and_ifft\mat\curve_r0083_c0624_idx000092.mat,D:\LSH\LSH\实验\聚焦信号分类实验\1\ROI_x617_y79_w21_h19_20260626_171804\01_valid_raw_and_ifft\mat,83,624,valid_folder,valid,9,0.004718863,1,Good
706,D:\LSH\LSH\实验\聚焦信号分类实验\1\ROI_x617_y79_w21_h19_20260626_171804\01_valid_raw_and_ifft\mat\curve_r0083_c0625_idx000093.mat,D:\LSH\LSH\实验\聚焦信号分类实验\1\ROI_x617_y79_w21_h19_20260626_171804\01_valid_raw_and_ifft\mat,83,625,valid_folder,valid,9,0.021074126,1,Good
707,D:\LSH\LSH\实验\聚焦信号分类实验\1\ROI_x617_y79_w21_h19_20260626_171804\01_valid_raw_and_ifft\mat\curve_r0083_c0626_idx000094.mat,D:\LSH\LSH\实验\聚焦信号分类实验\1\ROI_x617_y79_w21_h19_20260626_171804\01_valid_raw_and_ifft\mat,83,626,valid_folder,valid,9,0.061428562,1,Good
708,D:\LSH\LSH\实验\聚焦信号分类实验\1\ROI_x617_y79_w21_h19_20260626_171804\01_valid_raw_and_ifft\mat\curve_r0083_c0627_idx000095.mat,D:\LSH\LSH\实验\聚焦信号分类实验\1\ROI_x617_y79_w21_h19_20260626_171804\01_valid_raw_and_ifft\mat,83,627,valid_folder,valid,9,0.061461967,1,Good
709,D:\LSH\LSH\实验\聚焦信号分类实验\1\ROI_x617_y79_w21_h19_20260626_171804\01_valid_raw_and_ifft\mat\curve_r0083_c0628_idx000096.mat,D:\LSH\LSH\实验\聚焦信号分类实验\1\ROI_x617_y79_w21_h19_20260626_171804\01_valid_raw_and_ifft\mat,83,628,valid_folder,valid,9,0.024430002,1,Good
710,D:\LSH\LSH\实验\聚焦信号分类实验\1\ROI_x617_y79_w21_h19_20260626_171804\01_valid_raw_and_ifft\mat\curve_r0083_c0629_idx000097.mat,D:\LSH\LSH\实验\聚焦信号分类实验\1\ROI_x617_y79_w21_h19_20260626_171804\01_valid_raw_and_ifft\mat,83,629,valid_folder,valid,8,0.002935277,1,Good
711,D:\LSH\LSH\实验\聚焦信号分类实验\1\ROI_x617_y79_w21_h19_20260626_171804\01_valid_raw_and_ifft\mat\curve_r0083_c0631_idx000099.mat,D:\LSH\LSH\实验\聚焦信号分类实验\1\ROI_x617_y79_w21_h19_20260626_171804\01_valid_raw_and_ifft\mat,83,631,valid_folder,valid,9,0.00114024,1,Good
712,D:\LSH\LSH\实验\聚焦信号分类实验\1\ROI_x617_y79_w21_h19_20260626_171804\01_valid_raw_and_ifft\mat\curve_r0083_c0632_idx000100.mat,D:\LSH\LSH\实验\聚焦信号分类实验\1\ROI_x617_y79_w21_h19_20260626_171804\01_valid_raw_and_ifft\mat,83,632,valid_folder,valid,9,0.001928247,1,Good
713,D:\LSH\LSH\实验\聚焦信号分类实验\1\ROI_x617_y79_w21_h19_20260626_171804\01_valid_raw_and_ifft\mat\curve_r0083_c0635_idx000103.mat,D:\LSH\LSH\实验\聚焦信号分类实验\1\ROI_x617_y79_w21_h19_20260626_171804\01_valid_raw_and_ifft\mat,83,635,valid_folder,valid,8,0.002698065,1,Good
714,D:\LSH\LSH\实验\聚焦信号分类实验\1\ROI_x617_y79_w21_h19_20260626_171804\01_valid_raw_and_ifft\mat\curve_r0083_c0636_idx000104.mat,D:\LSH\LSH\实验\聚焦信号分类实验\1\ROI_x617_y79_w21_h19_20260626_171804\01_valid_raw_and_ifft\mat,83,636,valid_folder,valid,8,0.021133056,1,Good
715,D:\LSH\LSH\实验\聚焦信号分类实验\1\ROI_x617_y79_w21_h19_20260626_171804\01_valid_raw_and_ifft\mat\curve_r0083_c0637_idx000105.mat,D:\LSH\LSH\实验\聚焦信号分类实验\1\ROI_x617_y79_w21_h19_20260626_171804\01_valid_raw_and_ifft\mat,83,637,valid_folder,valid,8,0.037346527,1,Good
716,D:\LSH\LSH\实验\聚焦信号分类实验\1\ROI_x617_y79_w21_h19_20260626_171804\01_valid_raw_and_ifft\mat\curve_r0084_c0617_idx000106.mat,D:\LSH\LSH\实验\聚焦信号分类实验\1\ROI_x617_y79_w21_h19_20260626_171804\01_valid_raw_and_ifft\mat,84,617,valid_folder,valid,10,0.01821612,1,Good
717,D:\LSH\LSH\实验\聚焦信号分类实验\1\ROI_x617_y79_w21_h19_20260626_171804\01_valid_raw_and_ifft\mat\curve_r0084_c0618_idx000107.mat,D:\LSH\LSH\实验\聚焦信号分类实验\1\ROI_x617_y79_w21_h19_20260626_171804\01_valid_raw_and_ifft\mat,84,618,valid_folder,valid,10,0.00555454,1,Good
718,D:\LSH\LSH\实验\聚焦信号分类实验\1\ROI_x617_y79_w21_h19_20260626_171804\01_valid_raw_and_ifft\mat\curve_r0084_c0619_idx000108.mat,D:\LSH\LSH\实验\聚焦信号分类实验\1\ROI_x617_y79_w21_h19_20260626_171804\01_valid_raw_and_ifft\mat,84,619,valid_folder,valid,10,0.001965021,1,Good
719,D:\LSH\LSH\实验\聚焦信号分类实验\1\ROI_x617_y79_w21_h19_20260626_171804\01_valid_raw_and_ifft\mat\curve_r0084_c0624_idx000113.mat,D:\LSH\LSH\实验\聚焦信号分类实验\1\ROI_x617_y79_w21_h19_20260626_171804\01_valid_raw_and_ifft\mat,84,624,valid_folder,valid,9,0.001780879,1,Good
720,D:\LSH\LSH\实验\聚焦信号分类实验\1\ROI_x617_y79_w21_h19_20260626_171804\01_valid_raw_and_ifft\mat\curve_r0084_c0625_idx000114.mat,D:\LSH\LSH\实验\聚焦信号分类实验\1\ROI_x617_y79_w21_h19_20260626_171804\01_valid_raw_and_ifft\mat,84,625,valid_folder,valid,9,0.002462573,1,Good
721,D:\LSH\LSH\实验\聚焦信号分类实验\1\ROI_x617_y79_w21_h19_20260626_171804\01_valid_raw_and_ifft\mat\curve_r0084_c0626_idx000115.mat,D:\LSH\LSH\实验\聚焦信号分类实验\1\ROI_x617_y79_w21_h19_20260626_171804\01_valid_raw_and_ifft\mat,84,626,valid_folder,valid,9,0.006341306,1,Good
722,D:\LSH\LSH\实验\聚焦信号分类实验\1\ROI_x617_y79_w21_h19_20260626_171804\01_valid_raw_and_ifft\mat\curve_r0084_c0627_idx000116.mat,D:\LSH\LSH\实验\聚焦信号分类实验\1\ROI_x617_y79_w21_h19_20260626_171804\01_valid_raw_and_ifft\mat,84,627,valid_folder,valid,9,0.008065663,1,Good
723,D:\LSH\LSH\实验\聚焦信号分类实验\1\ROI_x617_y79_w21_h19_20260626_171804\01_valid_raw_and_ifft\mat\curve_r0084_c0628_idx000117.mat,D:\LSH\LSH\实验\聚焦信号分类实验\1\ROI_x617_y79_w21_h19_20260626_171804\01_valid_raw_and_ifft\mat,84,628,valid_folder,valid,9,0.004410269,1,Good
724,D:\LSH\LSH\实验\聚焦信号分类实验\1\ROI_x617_y79_w21_h19_20260626_171804\01_valid_raw_and_ifft\mat\curve_r0084_c0632_idx000121.mat,D:\LSH\LSH\实验\聚焦信号分类实验\1\ROI_x617_y79_w21_h19_20260626_171804\01_valid_raw_and_ifft\mat,84,632,valid_folder,valid,9,0.001437781,1,Good
725,D:\LSH\LSH\实验\聚焦信号分类实验\1\ROI_x617_y79_w21_h19_20260626_171804\01_valid_raw_and_ifft\mat\curve_r0084_c0636_idx000125.mat,D:\LSH\LSH\实验\聚焦信号分类实验\1\ROI_x617_y79_w21_h19_20260626_171804\01_valid_raw_and_ifft\mat,84,636,valid_folder,valid,8,0.013545541,1,Good
726,D:\LSH\LSH\实验\聚焦信号分类实验\1\ROI_x617_y79_w21_h19_20260626_171804\01_valid_raw_and_ifft\mat\curve_r0084_c0637_idx000126.mat,D:\LSH\LSH\实验\聚焦信号分类实验\1\ROI_x617_y79_w21_h19_20260626_171804\01_valid_raw_and_ifft\mat,84,637,valid_folder,valid,8,0.026243125,1,Good
727,D:\LSH\LSH\实验\聚焦信号分类实验\1\ROI_x617_y79_w21_h19_20260626_171804\01_valid_raw_and_ifft\mat\curve_r0085_c0617_idx000127.mat,D:\LSH\LSH\实验\聚焦信号分类实验\1\ROI_x617_y79_w21_h19_20260626_171804\01_valid_raw_and_ifft\mat,85,617,valid_folder,valid,10,0.018126515,1,Good
728,D:\LSH\LSH\实验\聚焦信号分类实验\1\ROI_x617_y79_w21_h19_20260626_171804\01_valid_raw_and_ifft\mat\curve_r0085_c0618_idx000128.mat,D:\LSH\LSH\实验\聚焦信号分类实验\1\ROI_x617_y79_w21_h19_20260626_171804\01_valid_raw_and_ifft\mat,85,618,valid_folder,valid,10,0.007447249,1,Good
729,D:\LSH\LSH\实验\聚焦信号分类实验\1\ROI_x617_y79_w21_h19_20260626_171804\01_valid_raw_and_ifft\mat\curve_r0085_c0632_idx000142.mat,D:\LSH\LSH\实验\聚焦信号分类实验\1\ROI_x617_y79_w21_h19_20260626_171804\01_valid_raw_and_ifft\mat,85,632,valid_folder,valid,9,0.001714956,1,Good
730,D:\LSH\LSH\实验\聚焦信号分类实验\1\ROI_x617_y79_w21_h19_20260626_171804\01_valid_raw_and_ifft\mat\curve_r0085_c0633_idx000143.mat,D:\LSH\LSH\实验\聚焦信号分类实验\1\ROI_x617_y79_w21_h19_20260626_171804\01_valid_raw_and_ifft\mat,85,633,valid_folder,valid,9,0.00136176,1,Good
731,D:\LSH\LSH\实验\聚焦信号分类实验\1\ROI_x617_y79_w21_h19_20260626_171804\01_valid_raw_and_ifft\mat\curve_r0086_c0617_idx000148.mat,D:\LSH\LSH\实验\聚焦信号分类实验\1\ROI_x617_y79_w21_h19_20260626_171804\01_valid_raw_and_ifft\mat,86,617,valid_folder,valid,10,0.0055834,1,Good
732,D:\LSH\LSH\实验\聚焦信号分类实验\1\ROI_x617_y79_w21_h19_20260626_171804\01_valid_raw_and_ifft\mat\curve_r0086_c0620_idx000151.mat,D:\LSH\LSH\实验\聚焦信号分类实验\1\ROI_x617_y79_w21_h19_20260626_171804\01_valid_raw_and_ifft\mat,86,620,valid_folder,valid,10,0.006220218,1,Good
733,D:\LSH\LSH\实验\聚焦信号分类实验\1\ROI_x617_y79_w21_h19_20260626_171804\01_valid_raw_and_ifft\mat\curve_r0086_c0621_idx000152.mat,D:\LSH\LSH\实验\聚焦信号分类实验\1\ROI_x617_y79_w21_h19_20260626_171804\01_valid_raw_and_ifft\mat,86,621,valid_folder,valid,10,0.010285335,1,Good
734,D:\LSH\LSH\实验\聚焦信号分类实验\1\ROI_x617_y79_w21_h19_20260626_171804\01_valid_raw_and_ifft\mat\curve_r0086_c0622_idx000153.mat,D:\LSH\LSH\实验\聚焦信号分类实验\1\ROI_x617_y79_w21_h19_20260626_171804\01_valid_raw_and_ifft\mat,86,622,valid_folder,valid,10,0.014977383,1,Good
735,D:\LSH\LSH\实验\聚焦信号分类实验\1\ROI_x617_y79_w21_h19_20260626_171804\01_valid_raw_and_ifft\mat\curve_r0086_c0623_idx000154.mat,D:\LSH\LSH\实验\聚焦信号分类实验\1\ROI_x617_y79_w21_h19_20260626_171804\01_valid_raw_and_ifft\mat,86,623,valid_folder,valid,10,0.009221605,1,Good
736,D:\LSH\LSH\实验\聚焦信号分类实验\1\ROI_x617_y79_w21_h19_20260626_171804\01_valid_raw_and_ifft\mat\curve_r0086_c0628_idx000159.mat,D:\LSH\LSH\实验\聚焦信号分类实验\1\ROI_x617_y79_w21_h19_20260626_171804\01_valid_raw_and_ifft\mat,86,628,valid_folder,valid,9,0.002094573,1,Good
737,D:\LSH\LSH\实验\聚焦信号分类实验\1\ROI_x617_y79_w21_h19_20260626_171804\01_valid_raw_and_ifft\mat\curve_r0086_c0629_idx000160.mat,D:\LSH\LSH\实验\聚焦信号分类实验\1\ROI_x617_y79_w21_h19_20260626_171804\01_valid_raw_and_ifft\mat,86,629,valid_folder,valid,9,0.001600165,1,Good
738,D:\LSH\LSH\实验\聚焦信号分类实验\1\ROI_x617_y79_w21_h19_20260626_171804\01_valid_raw_and_ifft\mat\curve_r0087_c0618_idx000170.mat,D:\LSH\LSH\实验\聚焦信号分类实验\1\ROI_x617_y79_w21_h19_20260626_171804\01_valid_raw_and_ifft\mat,87,618,valid_folder,valid,10,0.005186349,1,Good
739,D:\LSH\LSH\实验\聚焦信号分类实验\1\ROI_x617_y79_w21_h19_20260626_171804\01_valid_raw_and_ifft\mat\curve_r0087_c0619_idx000171.mat,D:\LSH\LSH\实验\聚焦信号分类实验\1\ROI_x617_y79_w21_h19_20260626_171804\01_valid_raw_and_ifft\mat,87,619,valid_folder,valid,10,0.007465682,1,Good
740,D:\LSH\LSH\实验\聚焦信号分类实验\1\ROI_x617_y79_w21_h19_20260626_171804\01_valid_raw_and_ifft\mat\curve_r0087_c0620_idx000172.mat,D:\LSH\LSH\实验\聚焦信号分类实验\1\ROI_x617_y79_w21_h19_20260626_171804\01_valid_raw_and_ifft\mat,87,620,valid_folder,valid,10,0.011665632,1,Good
741,D:\LSH\LSH\实验\聚焦信号分类实验\1\ROI_x617_y79_w21_h19_20260626_171804\01_valid_raw_and_ifft\mat\curve_r0087_c0621_idx000173.mat,D:\LSH\LSH\实验\聚焦信号分类实验\1\ROI_x617_y79_w21_h19_20260626_171804\01_valid_raw_and_ifft\mat,87,621,valid_folder,valid,10,0.01620022,1,Good
742,D:\LSH\LSH\实验\聚焦信号分类实验\1\ROI_x617_y79_w21_h19_20260626_171804\01_valid_raw_and_ifft\mat\curve_r0087_c0622_idx000174.mat,D:\LSH\LSH\实验\聚焦信号分类实验\1\ROI_x617_y79_w21_h19_20260626_171804\01_valid_raw_and_ifft\mat,87,622,valid_folder,valid,10,0.020000059,1,Good
743,D:\LSH\LSH\实验\聚焦信号分类实验\1\ROI_x617_y79_w21_h19_20260626_171804\01_valid_raw_and_ifft\mat\curve_r0087_c0623_idx000175.mat,D:\LSH\LSH\实验\聚焦信号分类实验\1\ROI_x617_y79_w21_h19_20260626_171804\01_valid_raw_and_ifft\mat,87,623,valid_folder,valid,10,0.010803807,1,Good
744,D:\LSH\LSH\实验\聚焦信号分类实验\1\ROI_x617_y79_w21_h19_20260626_171804\01_valid_raw_and_ifft\mat\curve_r0087_c0628_idx000180.mat,D:\LSH\LSH\实验\聚焦信号分类实验\1\ROI_x617_y79_w21_h19_20260626_171804\01_valid_raw_and_ifft\mat,87,628,valid_folder,valid,9,0.003208818,1,Good
745,D:\LSH\LSH\实验\聚焦信号分类实验\1\ROI_x617_y79_w21_h19_20260626_171804\01_valid_raw_and_ifft\mat\curve_r0087_c0629_idx000181.mat,D:\LSH\LSH\实验\聚焦信号分类实验\1\ROI_x617_y79_w21_h19_20260626_171804\01_valid_raw_and_ifft\mat,87,629,valid_folder,valid,9,0.002639963,1,Good
746,D:\LSH\LSH\实验\聚焦信号分类实验\1\ROI_x617_y79_w21_h19_20260626_171804\01_valid_raw_and_ifft\mat\curve_r0087_c0630_idx000182.mat,D:\LSH\LSH\实验\聚焦信号分类实验\1\ROI_x617_y79_w21_h19_20260626_171804\01_valid_raw_and_ifft\mat,87,630,valid_folder,valid,10,0.001179707,1,Good
747,D:\LSH\LSH\实验\聚焦信号分类实验\1\ROI_x617_y79_w21_h19_20260626_171804\01_valid_raw_and_ifft\mat\curve_r0088_c0617_idx000190.mat,D:\LSH\LSH\实验\聚焦信号分类实验\1\ROI_x617_y79_w21_h19_20260626_171804\01_valid_raw_and_ifft\mat,88,617,valid_folder,valid,11,0.009588355,1,Good
748,D:\LSH\LSH\实验\聚焦信号分类实验\1\ROI_x617_y79_w21_h19_20260626_171804\01_valid_raw_and_ifft\mat\curve_r0088_c0618_idx000191.mat,D:\LSH\LSH\实验\聚焦信号分类实验\1\ROI_x617_y79_w21_h19_20260626_171804\01_valid_raw_and_ifft\mat,88,618,valid_folder,valid,10,0.014040234,1,Good
749,D:\LSH\LSH\实验\聚焦信号分类实验\1\ROI_x617_y79_w21_h19_20260626_171804\01_valid_raw_and_ifft\mat\curve_r0088_c0619_idx000192.mat,D:\LSH\LSH\实验\聚焦信号分类实验\1\ROI_x617_y79_w21_h19_20260626_171804\01_valid_raw_and_ifft\mat,88,619,valid_folder,valid,10,0.015715286,1,Good
750,D:\LSH\LSH\实验\聚焦信号分类实验\1\ROI_x617_y79_w21_h19_20260626_171804\01_valid_raw_and_ifft\mat\curve_r0088_c0620_idx000193.mat,D:\LSH\LSH\实验\聚焦信号分类实验\1\ROI_x617_y79_w21_h19_20260626_171804\01_valid_raw_and_ifft\mat,88,620,valid_folder,valid,10,0.014783296,1,Good
751,D:\LSH\LSH\实验\聚焦信号分类实验\1\ROI_x617_y79_w21_h19_20260626_171804\01_valid_raw_and_ifft\mat\curve_r0088_c0621_idx000194.mat,D:\LSH\LSH\实验\聚焦信号分类实验\1\ROI_x617_y79_w21_h19_20260626_171804\01_valid_raw_and_ifft\mat,88,621,valid_folder,valid,10,0.013727771,1,Good
752,D:\LSH\LSH\实验\聚焦信号分类实验\1\ROI_x617_y79_w21_h19_20260626_171804\01_valid_raw_and_ifft\mat\curve_r0088_c0622_idx000195.mat,D:\LSH\LSH\实验\聚焦信号分类实验\1\ROI_x617_y79_w21_h19_20260626_171804\01_valid_raw_and_ifft\mat,88,622,valid_folder,valid,10,0.012812537,1,Good
753,D:\LSH\LSH\实验\聚焦信号分类实验\1\ROI_x617_y79_w21_h19_20260626_171804\01_valid_raw_and_ifft\mat\curve_r0088_c0623_idx000196.mat,D:\LSH\LSH\实验\聚焦信号分类实验\1\ROI_x617_y79_w21_h19_20260626_171804\01_valid_raw_and_ifft\mat,88,623,valid_folder,valid,9,0.00351931,1,Good
754,D:\LSH\LSH\实验\聚焦信号分类实验\1\ROI_x617_y79_w21_h19_20260626_171804\01_valid_raw_and_ifft\mat\curve_r0088_c0628_idx000201.mat,D:\LSH\LSH\实验\聚焦信号分类实验\1\ROI_x617_y79_w21_h19_20260626_171804\01_valid_raw_and_ifft\mat,88,628,valid_folder,valid,9,0.002414333,1,Good
755,D:\LSH\LSH\实验\聚焦信号分类实验\1\ROI_x617_y79_w21_h19_20260626_171804\01_valid_raw_and_ifft\mat\curve_r0088_c0629_idx000202.mat,D:\LSH\LSH\实验\聚焦信号分类实验\1\ROI_x617_y79_w21_h19_20260626_171804\01_valid_raw_and_ifft\mat,88,629,valid_folder,valid,9,0.002465829,1,Good
756,D:\LSH\LSH\实验\聚焦信号分类实验\1\ROI_x617_y79_w21_h19_20260626_171804\01_valid_raw_and_ifft\mat\curve_r0088_c0630_idx000203.mat,D:\LSH\LSH\实验\聚焦信号分类实验\1\ROI_x617_y79_w21_h19_20260626_171804\01_valid_raw_and_ifft\mat,88,630,valid_folder,valid,10,0.001045595,1,Good
757,D:\LSH\LSH\实验\聚焦信号分类实验\1\ROI_x617_y79_w21_h19_20260626_171804\01_valid_raw_and_ifft\mat\curve_r0089_c0617_idx000211.mat,D:\LSH\LSH\实验\聚焦信号分类实验\1\ROI_x617_y79_w21_h19_20260626_171804\01_valid_raw_and_ifft\mat,89,617,valid_folder,valid,11,0.011365762,1,Good
758,D:\LSH\LSH\实验\聚焦信号分类实验\1\ROI_x617_y79_w21_h19_20260626_171804\01_valid_raw_and_ifft\mat\curve_r0089_c0618_idx000212.mat,D:\LSH\LSH\实验\聚焦信号分类实验\1\ROI_x617_y79_w21_h19_20260626_171804\01_valid_raw_and_ifft\mat,89,618,valid_folder,valid,10,0.012798399,1,Good
759,D:\LSH\LSH\实验\聚焦信号分类实验\1\ROI_x617_y79_w21_h19_20260626_171804\01_valid_raw_and_ifft\mat\curve_r0089_c0619_idx000213.mat,D:\LSH\LSH\实验\聚焦信号分类实验\1\ROI_x617_y79_w21_h19_20260626_171804\01_valid_raw_and_ifft\mat,89,619,valid_folder,valid,10,0.012866455,1,Good
760,D:\LSH\LSH\实验\聚焦信号分类实验\1\ROI_x617_y79_w21_h19_20260626_171804\01_valid_raw_and_ifft\mat\curve_r0089_c0620_idx000214.mat,D:\LSH\LSH\实验\聚焦信号分类实验\1\ROI_x617_y79_w21_h19_20260626_171804\01_valid_raw_and_ifft\mat,89,620,valid_folder,valid,10,0.008196519,1,Good
761,D:\LSH\LSH\实验\聚焦信号分类实验\1\ROI_x617_y79_w21_h19_20260626_171804\01_valid_raw_and_ifft\mat\curve_r0090_c0617_idx000232.mat,D:\LSH\LSH\实验\聚焦信号分类实验\1\ROI_x617_y79_w21_h19_20260626_171804\01_valid_raw_and_ifft\mat,90,617,valid_folder,valid,11,0.009521603,1,Good
762,D:\LSH\LSH\实验\聚焦信号分类实验\1\ROI_x617_y79_w21_h19_20260626_171804\01_valid_raw_and_ifft\mat\curve_r0090_c0637_idx000252.mat,D:\LSH\LSH\实验\聚焦信号分类实验\1\ROI_x617_y79_w21_h19_20260626_171804\01_valid_raw_and_ifft\mat,90,637,valid_folder,valid,9,0.002174144,1,Good
763,D:\LSH\LSH\实验\聚焦信号分类实验\1\ROI_x617_y79_w21_h19_20260626_171804\01_valid_raw_and_ifft\mat\curve_r0091_c0617_idx000253.mat,D:\LSH\LSH\实验\聚焦信号分类实验\1\ROI_x617_y79_w21_h19_20260626_171804\01_valid_raw_and_ifft\mat,91,617,valid_folder,valid,11,0.00206846,1,Good
764,D:\LSH\LSH\实验\聚焦信号分类实验\1\ROI_x617_y79_w21_h19_20260626_171804\01_valid_raw_and_ifft\mat\curve_r0091_c0627_idx000263.mat,D:\LSH\LSH\实验\聚焦信号分类实验\1\ROI_x617_y79_w21_h19_20260626_171804\01_valid_raw_and_ifft\mat,91,627,valid_folder,valid,12,0.000799585,0,Bad
765,D:\LSH\LSH\实验\聚焦信号分类实验\1\ROI_x617_y79_w21_h19_20260626_171804\01_valid_raw_and_ifft\mat\curve_r0091_c0636_idx000272.mat,D:\LSH\LSH\实验\聚焦信号分类实验\1\ROI_x617_y79_w21_h19_20260626_171804\01_valid_raw_and_ifft\mat,91,636,valid_folder,valid,9,0.007337719,1,Good
766,D:\LSH\LSH\实验\聚焦信号分类实验\1\ROI_x617_y79_w21_h19_20260626_171804\01_valid_raw_and_ifft\mat\curve_r0091_c0637_idx000273.mat,D:\LSH\LSH\实验\聚焦信号分类实验\1\ROI_x617_y79_w21_h19_20260626_171804\01_valid_raw_and_ifft\mat,91,637,valid_folder,valid,9,0.008241056,1,Good
767,D:\LSH\LSH\实验\聚焦信号分类实验\1\ROI_x617_y79_w21_h19_20260626_171804\01_valid_raw_and_ifft\mat\curve_r0092_c0617_idx000274.mat,D:\LSH\LSH\实验\聚焦信号分类实验\1\ROI_x617_y79_w21_h19_20260626_171804\01_valid_raw_and_ifft\mat,92,617,valid_folder,valid,11,0.000942274,1,Good
768,D:\LSH\LSH\实验\聚焦信号分类实验\1\ROI_x617_y79_w21_h19_20260626_171804\01_valid_raw_and_ifft\mat\curve_r0092_c0621_idx000278.mat,D:\LSH\LSH\实验\聚焦信号分类实验\1\ROI_x617_y79_w21_h19_20260626_171804\01_valid_raw_and_ifft\mat,92,621,valid_folder,valid,9,0.001801122,1,Good
769,D:\LSH\LSH\实验\聚焦信号分类实验\1\ROI_x617_y79_w21_h19_20260626_171804\01_valid_raw_and_ifft\mat\curve_r0092_c0622_idx000279.mat,D:\LSH\LSH\实验\聚焦信号分类实验\1\ROI_x617_y79_w21_h19_20260626_171804\01_valid_raw_and_ifft\mat,92,622,valid_folder,valid,9,0.001779133,1,Good
770,D:\LSH\LSH\实验\聚焦信号分类实验\1\ROI_x617_y79_w21_h19_20260626_171804\01_valid_raw_and_ifft\mat\curve_r0092_c0623_idx000280.mat,D:\LSH\LSH\实验\聚焦信号分类实验\1\ROI_x617_y79_w21_h19_20260626_171804\01_valid_raw_and_ifft\mat,92,623,valid_folder,valid,13,0.001676823,1,Good
771,D:\LSH\LSH\实验\聚焦信号分类实验\1\ROI_x617_y79_w21_h19_20260626_171804\01_valid_raw_and_ifft\mat\curve_r0092_c0624_idx000281.mat,D:\LSH\LSH\实验\聚焦信号分类实验\1\ROI_x617_y79_w21_h19_20260626_171804\01_valid_raw_and_ifft\mat,92,624,valid_folder,valid,13,0.002679523,1,Good
772,D:\LSH\LSH\实验\聚焦信号分类实验\1\ROI_x617_y79_w21_h19_20260626_171804\01_valid_raw_and_ifft\mat\curve_r0092_c0625_idx000282.mat,D:\LSH\LSH\实验\聚焦信号分类实验\1\ROI_x617_y79_w21_h19_20260626_171804\01_valid_raw_and_ifft\mat,92,625,valid_folder,valid,10,0.002944555,1,Good
773,D:\LSH\LSH\实验\聚焦信号分类实验\1\ROI_x617_y79_w21_h19_20260626_171804\01_valid_raw_and_ifft\mat\curve_r0092_c0626_idx000283.mat,D:\LSH\LSH\实验\聚焦信号分类实验\1\ROI_x617_y79_w21_h19_20260626_171804\01_valid_raw_and_ifft\mat,92,626,valid_folder,valid,10,0.002755823,1,Good
774,D:\LSH\LSH\实验\聚焦信号分类实验\1\ROI_x617_y79_w21_h19_20260626_171804\01_valid_raw_and_ifft\mat\curve_r0092_c0627_idx000284.mat,D:\LSH\LSH\实验\聚焦信号分类实验\1\ROI_x617_y79_w21_h19_20260626_171804\01_valid_raw_and_ifft\mat,92,627,valid_folder,valid,10,0.002034167,0,Bad
775,D:\LSH\LSH\实验\聚焦信号分类实验\1\ROI_x617_y79_w21_h19_20260626_171804\01_valid_raw_and_ifft\mat\curve_r0092_c0636_idx000293.mat,D:\LSH\LSH\实验\聚焦信号分类实验\1\ROI_x617_y79_w21_h19_20260626_171804\01_valid_raw_and_ifft\mat,92,636,valid_folder,valid,9,0.007556027,1,Good
776,D:\LSH\LSH\实验\聚焦信号分类实验\1\ROI_x617_y79_w21_h19_20260626_171804\01_valid_raw_and_ifft\mat\curve_r0092_c0637_idx000294.mat,D:\LSH\LSH\实验\聚焦信号分类实验\1\ROI_x617_y79_w21_h19_20260626_171804\01_valid_raw_and_ifft\mat,92,637,valid_folder,valid,9,0.008233867,1,Good
777,D:\LSH\LSH\实验\聚焦信号分类实验\1\ROI_x617_y79_w21_h19_20260626_171804\01_valid_raw_and_ifft\mat\curve_r0093_c0621_idx000299.mat,D:\LSH\LSH\实验\聚焦信号分类实验\1\ROI_x617_y79_w21_h19_20260626_171804\01_valid_raw_and_ifft\mat,93,621,valid_folder,valid,12,0.003667943,1,Good
778,D:\LSH\LSH\实验\聚焦信号分类实验\1\ROI_x617_y79_w21_h19_20260626_171804\01_valid_raw_and_ifft\mat\curve_r0093_c0622_idx000300.mat,D:\LSH\LSH\实验\聚焦信号分类实验\1\ROI_x617_y79_w21_h19_20260626_171804\01_valid_raw_and_ifft\mat,93,622,valid_folder,valid,12,0.010250527,1,Good
779,D:\LSH\LSH\实验\聚焦信号分类实验\1\ROI_x617_y79_w21_h19_20260626_171804\01_valid_raw_and_ifft\mat\curve_r0093_c0623_idx000301.mat,D:\LSH\LSH\实验\聚焦信号分类实验\1\ROI_x617_y79_w21_h19_20260626_171804\01_valid_raw_and_ifft\mat,93,623,valid_folder,valid,12,0.014373107,1,Good
780,D:\LSH\LSH\实验\聚焦信号分类实验\1\ROI_x617_y79_w21_h19_20260626_171804\01_valid_raw_and_ifft\mat\curve_r0093_c0624_idx000302.mat,D:\LSH\LSH\实验\聚焦信号分类实验\1\ROI_x617_y79_w21_h19_20260626_171804\01_valid_raw_and_ifft\mat,93,624,valid_folder,valid,11,0.019579582,1,Good
781,D:\LSH\LSH\实验\聚焦信号分类实验\1\ROI_x617_y79_w21_h19_20260626_171804\01_valid_raw_and_ifft\mat\curve_r0093_c0625_idx000303.mat,D:\LSH\LSH\实验\聚焦信号分类实验\1\ROI_x617_y79_w21_h19_20260626_171804\01_valid_raw_and_ifft\mat,93,625,valid_folder,valid,11,0.020060706,1,Good
782,D:\LSH\LSH\实验\聚焦信号分类实验\1\ROI_x617_y79_w21_h19_20260626_171804\01_valid_raw_and_ifft\mat\curve_r0093_c0626_idx000304.mat,D:\LSH\LSH\实验\聚焦信号分类实验\1\ROI_x617_y79_w21_h19_20260626_171804\01_valid_raw_and_ifft\mat,93,626,valid_folder,valid,11,0.014098566,1,Good
783,D:\LSH\LSH\实验\聚焦信号分类实验\1\ROI_x617_y79_w21_h19_20260626_171804\01_valid_raw_and_ifft\mat\curve_r0093_c0627_idx000305.mat,D:\LSH\LSH\实验\聚焦信号分类实验\1\ROI_x617_y79_w21_h19_20260626_171804\01_valid_raw_and_ifft\mat,93,627,valid_folder,valid,10,0.003226457,1,Good
784,D:\LSH\LSH\实验\聚焦信号分类实验\1\ROI_x617_y79_w21_h19_20260626_171804\01_valid_raw_and_ifft\mat\curve_r0093_c0637_idx000315.mat,D:\LSH\LSH\实验\聚焦信号分类实验\1\ROI_x617_y79_w21_h19_20260626_171804\01_valid_raw_and_ifft\mat,93,637,valid_folder,valid,9,0.002792838,1,Good
785,D:\LSH\LSH\实验\聚焦信号分类实验\1\ROI_x617_y79_w21_h19_20260626_171804\01_valid_raw_and_ifft\mat\curve_r0094_c0617_idx000316.mat,D:\LSH\LSH\实验\聚焦信号分类实验\1\ROI_x617_y79_w21_h19_20260626_171804\01_valid_raw_and_ifft\mat,94,617,valid_folder,valid,12,0.001177093,1,Good
786,D:\LSH\LSH\实验\聚焦信号分类实验\1\ROI_x617_y79_w21_h19_20260626_171804\01_valid_raw_and_ifft\mat\curve_r0094_c0620_idx000319.mat,D:\LSH\LSH\实验\聚焦信号分类实验\1\ROI_x617_y79_w21_h19_20260626_171804\01_valid_raw_and_ifft\mat,94,620,valid_folder,valid,11,0.001985652,1,Good
787,D:\LSH\LSH\实验\聚焦信号分类实验\1\ROI_x617_y79_w21_h19_20260626_171804\01_valid_raw_and_ifft\mat\curve_r0094_c0621_idx000320.mat,D:\LSH\LSH\实验\聚焦信号分类实验\1\ROI_x617_y79_w21_h19_20260626_171804\01_valid_raw_and_ifft\mat,94,621,valid_folder,valid,12,0.003869656,1,Good
788,D:\LSH\LSH\实验\聚焦信号分类实验\1\ROI_x617_y79_w21_h19_20260626_171804\01_valid_raw_and_ifft\mat\curve_r0094_c0622_idx000321.mat,D:\LSH\LSH\实验\聚焦信号分类实验\1\ROI_x617_y79_w21_h19_20260626_171804\01_valid_raw_and_ifft\mat,94,622,valid_folder,valid,11,0.038446256,1,Good
789,D:\LSH\LSH\实验\聚焦信号分类实验\1\ROI_x617_y79_w21_h19_20260626_171804\01_valid_raw_and_ifft\mat\curve_r0094_c0623_idx000322.mat,D:\LSH\LSH\实验\聚焦信号分类实验\1\ROI_x617_y79_w21_h19_20260626_171804\01_valid_raw_and_ifft\mat,94,623,valid_folder,valid,11,0.053296691,1,Good
790,D:\LSH\LSH\实验\聚焦信号分类实验\1\ROI_x617_y79_w21_h19_20260626_171804\01_valid_raw_and_ifft\mat\curve_r0094_c0624_idx000323.mat,D:\LSH\LSH\实验\聚焦信号分类实验\1\ROI_x617_y79_w21_h19_20260626_171804\01_valid_raw_and_ifft\mat,94,624,valid_folder,valid,11,0.040869186,1,Good
791,D:\LSH\LSH\实验\聚焦信号分类实验\1\ROI_x617_y79_w21_h19_20260626_171804\01_valid_raw_and_ifft\mat\curve_r0094_c0625_idx000324.mat,D:\LSH\LSH\实验\聚焦信号分类实验\1\ROI_x617_y79_w21_h19_20260626_171804\01_valid_raw_and_ifft\mat,94,625,valid_folder,valid,11,0.037215749,1,Good
792,D:\LSH\LSH\实验\聚焦信号分类实验\1\ROI_x617_y79_w21_h19_20260626_171804\01_valid_raw_and_ifft\mat\curve_r0094_c0626_idx000325.mat,D:\LSH\LSH\实验\聚焦信号分类实验\1\ROI_x617_y79_w21_h19_20260626_171804\01_valid_raw_and_ifft\mat,94,626,valid_folder,valid,11,0.026883955,1,Good
793,D:\LSH\LSH\实验\聚焦信号分类实验\1\ROI_x617_y79_w21_h19_20260626_171804\01_valid_raw_and_ifft\mat\curve_r0094_c0627_idx000326.mat,D:\LSH\LSH\实验\聚焦信号分类实验\1\ROI_x617_y79_w21_h19_20260626_171804\01_valid_raw_and_ifft\mat,94,627,valid_folder,valid,11,0.004387618,1,Good
794,D:\LSH\LSH\实验\聚焦信号分类实验\1\ROI_x617_y79_w21_h19_20260626_171804\01_valid_raw_and_ifft\mat\curve_r0095_c0617_idx000337.mat,D:\LSH\LSH\实验\聚焦信号分类实验\1\ROI_x617_y79_w21_h19_20260626_171804\01_valid_raw_and_ifft\mat,95,617,valid_folder,valid,12,0.004406076,1,Good
795,D:\LSH\LSH\实验\聚焦信号分类实验\1\ROI_x617_y79_w21_h19_20260626_171804\01_valid_raw_and_ifft\mat\curve_r0095_c0619_idx000339.mat,D:\LSH\LSH\实验\聚焦信号分类实验\1\ROI_x617_y79_w21_h19_20260626_171804\01_valid_raw_and_ifft\mat,95,619,valid_folder,valid,13,0.001087518,1,Good
796,D:\LSH\LSH\实验\聚焦信号分类实验\1\ROI_x617_y79_w21_h19_20260626_171804\01_valid_raw_and_ifft\mat\curve_r0095_c0620_idx000340.mat,D:\LSH\LSH\实验\聚焦信号分类实验\1\ROI_x617_y79_w21_h19_20260626_171804\01_valid_raw_and_ifft\mat,95,620,valid_folder,valid,11,0.002100924,1,Good
797,D:\LSH\LSH\实验\聚焦信号分类实验\1\ROI_x617_y79_w21_h19_20260626_171804\01_valid_raw_and_ifft\mat\curve_r0095_c0621_idx000341.mat,D:\LSH\LSH\实验\聚焦信号分类实验\1\ROI_x617_y79_w21_h19_20260626_171804\01_valid_raw_and_ifft\mat,95,621,valid_folder,valid,11,0.00393426,1,Good
798,D:\LSH\LSH\实验\聚焦信号分类实验\1\ROI_x617_y79_w21_h19_20260626_171804\01_valid_raw_and_ifft\mat\curve_r0095_c0622_idx000342.mat,D:\LSH\LSH\实验\聚焦信号分类实验\1\ROI_x617_y79_w21_h19_20260626_171804\01_valid_raw_and_ifft\mat,95,622,valid_folder,valid,11,0.03841388,1,Good
799,D:\LSH\LSH\实验\聚焦信号分类实验\1\ROI_x617_y79_w21_h19_20260626_171804\01_valid_raw_and_ifft\mat\curve_r0095_c0623_idx000343.mat,D:\LSH\LSH\实验\聚焦信号分类实验\1\ROI_x617_y79_w21_h19_20260626_171804\01_valid_raw_and_ifft\mat,95,623,valid_folder,valid,11,0.051609727,1,Good
800,D:\LSH\LSH\实验\聚焦信号分类实验\1\ROI_x617_y79_w21_h19_20260626_171804\01_valid_raw_and_ifft\mat\curve_r0095_c0624_idx000344.mat,D:\LSH\LSH\实验\聚焦信号分类实验\1\ROI_x617_y79_w21_h19_20260626_171804\01_valid_raw_and_ifft\mat,95,624,valid_folder,valid,11,0.033074651,1,Good
801,D:\LSH\LSH\实验\聚焦信号分类实验\1\ROI_x617_y79_w21_h19_20260626_171804\01_valid_raw_and_ifft\mat\curve_r0095_c0625_idx000345.mat,D:\LSH\LSH\实验\聚焦信号分类实验\1\ROI_x617_y79_w21_h19_20260626_171804\01_valid_raw_and_ifft\mat,95,625,valid_folder,valid,11,0.035498047,1,Good
802,D:\LSH\LSH\实验\聚焦信号分类实验\1\ROI_x617_y79_w21_h19_20260626_171804\01_valid_raw_and_ifft\mat\curve_r0095_c0626_idx000346.mat,D:\LSH\LSH\实验\聚焦信号分类实验\1\ROI_x617_y79_w21_h19_20260626_171804\01_valid_raw_and_ifft\mat,95,626,valid_folder,valid,11,0.029603493,1,Good
803,D:\LSH\LSH\实验\聚焦信号分类实验\1\ROI_x617_y79_w21_h19_20260626_171804\01_valid_raw_and_ifft\mat\curve_r0095_c0627_idx000347.mat,D:\LSH\LSH\实验\聚焦信号分类实验\1\ROI_x617_y79_w21_h19_20260626_171804\01_valid_raw_and_ifft\mat,95,627,valid_folder,valid,11,0.004720785,1,Good
804,D:\LSH\LSH\实验\聚焦信号分类实验\1\ROI_x617_y79_w21_h19_20260626_171804\01_valid_raw_and_ifft\mat\curve_r0096_c0617_idx000358.mat,D:\LSH\LSH\实验\聚焦信号分类实验\1\ROI_x617_y79_w21_h19_20260626_171804\01_valid_raw_and_ifft\mat,96,617,valid_folder,valid,12,0.004153715,1,Good
805,D:\LSH\LSH\实验\聚焦信号分类实验\1\ROI_x617_y79_w21_h19_20260626_171804\01_valid_raw_and_ifft\mat\curve_r0096_c0620_idx000361.mat,D:\LSH\LSH\实验\聚焦信号分类实验\1\ROI_x617_y79_w21_h19_20260626_171804\01_valid_raw_and_ifft\mat,96,620,valid_folder,valid,13,0.001352257,1,Good
806,D:\LSH\LSH\实验\聚焦信号分类实验\1\ROI_x617_y79_w21_h19_20260626_171804\01_valid_raw_and_ifft\mat\curve_r0096_c0621_idx000362.mat,D:\LSH\LSH\实验\聚焦信号分类实验\1\ROI_x617_y79_w21_h19_20260626_171804\01_valid_raw_and_ifft\mat,96,621,valid_folder,valid,13,0.002058466,1,Good
807,D:\LSH\LSH\实验\聚焦信号分类实验\1\ROI_x617_y79_w21_h19_20260626_171804\01_valid_raw_and_ifft\mat\curve_r0096_c0622_idx000363.mat,D:\LSH\LSH\实验\聚焦信号分类实验\1\ROI_x617_y79_w21_h19_20260626_171804\01_valid_raw_and_ifft\mat,96,622,valid_folder,valid,11,0.004232237,1,Good
808,D:\LSH\LSH\实验\聚焦信号分类实验\1\ROI_x617_y79_w21_h19_20260626_171804\01_valid_raw_and_ifft\mat\curve_r0096_c0623_idx000364.mat,D:\LSH\LSH\实验\聚焦信号分类实验\1\ROI_x617_y79_w21_h19_20260626_171804\01_valid_raw_and_ifft\mat,96,623,valid_folder,valid,11,0.006456117,1,Good
809,D:\LSH\LSH\实验\聚焦信号分类实验\1\ROI_x617_y79_w21_h19_20260626_171804\01_valid_raw_and_ifft\mat\curve_r0096_c0624_idx000365.mat,D:\LSH\LSH\实验\聚焦信号分类实验\1\ROI_x617_y79_w21_h19_20260626_171804\01_valid_raw_and_ifft\mat,96,624,valid_folder,valid,11,0.009439477,1,Good
810,D:\LSH\LSH\实验\聚焦信号分类实验\1\ROI_x617_y79_w21_h19_20260626_171804\01_valid_raw_and_ifft\mat\curve_r0096_c0625_idx000366.mat,D:\LSH\LSH\实验\聚焦信号分类实验\1\ROI_x617_y79_w21_h19_20260626_171804\01_valid_raw_and_ifft\mat,96,625,valid_folder,valid,11,0.016639764,1,Good
811,D:\LSH\LSH\实验\聚焦信号分类实验\1\ROI_x617_y79_w21_h19_20260626_171804\01_valid_raw_and_ifft\mat\curve_r0096_c0626_idx000367.mat,D:\LSH\LSH\实验\聚焦信号分类实验\1\ROI_x617_y79_w21_h19_20260626_171804\01_valid_raw_and_ifft\mat,96,626,valid_folder,valid,11,0.015551598,1,Good
812,D:\LSH\LSH\实验\聚焦信号分类实验\1\ROI_x617_y79_w21_h19_20260626_171804\01_valid_raw_and_ifft\mat\curve_r0096_c0627_idx000368.mat,D:\LSH\LSH\实验\聚焦信号分类实验\1\ROI_x617_y79_w21_h19_20260626_171804\01_valid_raw_and_ifft\mat,96,627,valid_folder,valid,11,0.004160439,1,Good
813,D:\LSH\LSH\实验\聚焦信号分类实验\1\ROI_x617_y79_w21_h19_20260626_171804\01_valid_raw_and_ifft\mat\curve_r0096_c0631_idx000372.mat,D:\LSH\LSH\实验\聚焦信号分类实验\1\ROI_x617_y79_w21_h19_20260626_171804\01_valid_raw_and_ifft\mat,96,631,valid_folder,valid,11,0.003337634,1,Good
814,D:\LSH\LSH\实验\聚焦信号分类实验\1\ROI_x617_y79_w21_h19_20260626_171804\01_valid_raw_and_ifft\mat\curve_r0096_c0632_idx000373.mat,D:\LSH\LSH\实验\聚焦信号分类实验\1\ROI_x617_y79_w21_h19_20260626_171804\01_valid_raw_and_ifft\mat,96,632,valid_folder,valid,11,0.005787761,1,Good
815,D:\LSH\LSH\实验\聚焦信号分类实验\1\ROI_x617_y79_w21_h19_20260626_171804\01_valid_raw_and_ifft\mat\curve_r0096_c0633_idx000374.mat,D:\LSH\LSH\实验\聚焦信号分类实验\1\ROI_x617_y79_w21_h19_20260626_171804\01_valid_raw_and_ifft\mat,96,633,valid_folder,valid,11,0.005679517,1,Good
816,D:\LSH\LSH\实验\聚焦信号分类实验\1\ROI_x617_y79_w21_h19_20260626_171804\01_valid_raw_and_ifft\mat\curve_r0096_c0634_idx000375.mat,D:\LSH\LSH\实验\聚焦信号分类实验\1\ROI_x617_y79_w21_h19_20260626_171804\01_valid_raw_and_ifft\mat,96,634,valid_folder,valid,10,0.004079102,1,Good
817,D:\LSH\LSH\实验\聚焦信号分类实验\1\ROI_x617_y79_w21_h19_20260626_171804\01_valid_raw_and_ifft\mat\curve_r0097_c0617_idx000379.mat,D:\LSH\LSH\实验\聚焦信号分类实验\1\ROI_x617_y79_w21_h19_20260626_171804\01_valid_raw_and_ifft\mat,97,617,valid_folder,valid,12,0.001604112,1,Good
818,D:\LSH\LSH\实验\聚焦信号分类实验\1\ROI_x617_y79_w21_h19_20260626_171804\01_valid_raw_and_ifft\mat\curve_r0097_c0621_idx000383.mat,D:\LSH\LSH\实验\聚焦信号分类实验\1\ROI_x617_y79_w21_h19_20260626_171804\01_valid_raw_and_ifft\mat,97,621,valid_folder,valid,12,0.001165407,1,Good
819,D:\LSH\LSH\实验\聚焦信号分类实验\1\ROI_x617_y79_w21_h19_20260626_171804\01_valid_raw_and_ifft\mat\curve_r0097_c0622_idx000384.mat,D:\LSH\LSH\实验\聚焦信号分类实验\1\ROI_x617_y79_w21_h19_20260626_171804\01_valid_raw_and_ifft\mat,97,622,valid_folder,valid,9,0.001228006,1,Good
820,D:\LSH\LSH\实验\聚焦信号分类实验\1\ROI_x617_y79_w21_h19_20260626_171804\01_valid_raw_and_ifft\mat\curve_r0097_c0623_idx000385.mat,D:\LSH\LSH\实验\聚焦信号分类实验\1\ROI_x617_y79_w21_h19_20260626_171804\01_valid_raw_and_ifft\mat,97,623,valid_folder,valid,9,0.001753407,1,Good
821,D:\LSH\LSH\实验\聚焦信号分类实验\1\ROI_x617_y79_w21_h19_20260626_171804\01_valid_raw_and_ifft\mat\curve_r0097_c0624_idx000386.mat,D:\LSH\LSH\实验\聚焦信号分类实验\1\ROI_x617_y79_w21_h19_20260626_171804\01_valid_raw_and_ifft\mat,97,624,valid_folder,valid,9,0.001729319,1,Good
822,D:\LSH\LSH\实验\聚焦信号分类实验\1\ROI_x617_y79_w21_h19_20260626_171804\01_valid_raw_and_ifft\mat\curve_r0097_c0625_idx000387.mat,D:\LSH\LSH\实验\聚焦信号分类实验\1\ROI_x617_y79_w21_h19_20260626_171804\01_valid_raw_and_ifft\mat,97,625,valid_folder,valid,11,0.003579309,1,Good
823,D:\LSH\LSH\实验\聚焦信号分类实验\1\ROI_x617_y79_w21_h19_20260626_171804\01_valid_raw_and_ifft\mat\curve_r0097_c0626_idx000388.mat,D:\LSH\LSH\实验\聚焦信号分类实验\1\ROI_x617_y79_w21_h19_20260626_171804\01_valid_raw_and_ifft\mat,97,626,valid_folder,valid,11,0.003290478,1,Good
824,D:\LSH\LSH\实验\聚焦信号分类实验\1\ROI_x617_y79_w21_h19_20260626_171804\01_valid_raw_and_ifft\mat\curve_r0097_c0627_idx000389.mat,D:\LSH\LSH\实验\聚焦信号分类实验\1\ROI_x617_y79_w21_h19_20260626_171804\01_valid_raw_and_ifft\mat,97,627,valid_folder,valid,12,0.001841021,1,Good
825,D:\LSH\LSH\实验\聚焦信号分类实验\1\ROI_x617_y79_w21_h19_20260626_171804\01_valid_raw_and_ifft\mat\curve_r0097_c0629_idx000391.mat,D:\LSH\LSH\实验\聚焦信号分类实验\1\ROI_x617_y79_w21_h19_20260626_171804\01_valid_raw_and_ifft\mat,97,629,valid_folder,valid,11,0.001033355,1,Good
826,D:\LSH\LSH\实验\聚焦信号分类实验\1\ROI_x617_y79_w21_h19_20260626_171804\01_valid_raw_and_ifft\mat\curve_r0097_c0630_idx000392.mat,D:\LSH\LSH\实验\聚焦信号分类实验\1\ROI_x617_y79_w21_h19_20260626_171804\01_valid_raw_and_ifft\mat,97,630,valid_folder,valid,11,0.002616243,1,Good
827,D:\LSH\LSH\实验\聚焦信号分类实验\1\ROI_x617_y79_w21_h19_20260626_171804\01_valid_raw_and_ifft\mat\curve_r0097_c0631_idx000393.mat,D:\LSH\LSH\实验\聚焦信号分类实验\1\ROI_x617_y79_w21_h19_20260626_171804\01_valid_raw_and_ifft\mat,97,631,valid_folder,valid,11,0.008099009,1,Good
828,D:\LSH\LSH\实验\聚焦信号分类实验\1\ROI_x617_y79_w21_h19_20260626_171804\01_valid_raw_and_ifft\mat\curve_r0097_c0632_idx000394.mat,D:\LSH\LSH\实验\聚焦信号分类实验\1\ROI_x617_y79_w21_h19_20260626_171804\01_valid_raw_and_ifft\mat,97,632,valid_folder,valid,11,0.013181464,1,Good
829,D:\LSH\LSH\实验\聚焦信号分类实验\1\ROI_x617_y79_w21_h19_20260626_171804\01_valid_raw_and_ifft\mat\curve_r0097_c0633_idx000395.mat,D:\LSH\LSH\实验\聚焦信号分类实验\1\ROI_x617_y79_w21_h19_20260626_171804\01_valid_raw_and_ifft\mat,97,633,valid_folder,valid,11,0.012014213,1,Good
830,D:\LSH\LSH\实验\聚焦信号分类实验\1\ROI_x617_y79_w21_h19_20260626_171804\01_valid_raw_and_ifft\mat\curve_r0097_c0634_idx000396.mat,D:\LSH\LSH\实验\聚焦信号分类实验\1\ROI_x617_y79_w21_h19_20260626_171804\01_valid_raw_and_ifft\mat,97,634,valid_folder,valid,11,0.00705107,1,Good
831,D:\LSH\LSH\实验\聚焦信号分类实验\1\ROI_x617_y79_w21_h19_20260626_171804\02_invalid_raw_only\mat\curve_r0079_c0620_idx000004.mat,D:\LSH\LSH\实验\聚焦信号分类实验\1\ROI_x617_y79_w21_h19_20260626_171804\02_invalid_raw_only\mat,79,620,valid_folder,invalid,9,0.000882677,0,Bad
832,D:\LSH\LSH\实验\聚焦信号分类实验\1\ROI_x617_y79_w21_h19_20260626_171804\02_invalid_raw_only\mat\curve_r0079_c0621_idx000005.mat,D:\LSH\LSH\实验\聚焦信号分类实验\1\ROI_x617_y79_w21_h19_20260626_171804\02_invalid_raw_only\mat,79,621,valid_folder,invalid,25,0.000476303,0,Bad
833,D:\LSH\LSH\实验\聚焦信号分类实验\1\ROI_x617_y79_w21_h19_20260626_171804\02_invalid_raw_only\mat\curve_r0079_c0622_idx000006.mat,D:\LSH\LSH\实验\聚焦信号分类实验\1\ROI_x617_y79_w21_h19_20260626_171804\02_invalid_raw_only\mat,79,622,valid_folder,invalid,8,0.000738011,0,Bad
834,D:\LSH\LSH\实验\聚焦信号分类实验\1\ROI_x617_y79_w21_h19_20260626_171804\02_invalid_raw_only\mat\curve_r0079_c0623_idx000007.mat,D:\LSH\LSH\实验\聚焦信号分类实验\1\ROI_x617_y79_w21_h19_20260626_171804\02_invalid_raw_only\mat,79,623,valid_folder,invalid,8,0.000917543,0,Bad
835,D:\LSH\LSH\实验\聚焦信号分类实验\1\ROI_x617_y79_w21_h19_20260626_171804\02_invalid_raw_only\mat\curve_r0079_c0624_idx000008.mat,D:\LSH\LSH\实验\聚焦信号分类实验\1\ROI_x617_y79_w21_h19_20260626_171804\02_invalid_raw_only\mat,79,624,valid_folder,invalid,8,0.001052485,0,Bad
836,D:\LSH\LSH\实验\聚焦信号分类实验\1\ROI_x617_y79_w21_h19_20260626_171804\02_invalid_raw_only\mat\curve_r0079_c0625_idx000009.mat,D:\LSH\LSH\实验\聚焦信号分类实验\1\ROI_x617_y79_w21_h19_20260626_171804\02_invalid_raw_only\mat,79,625,valid_folder,invalid,9,0.001399883,0,Bad
837,D:\LSH\LSH\实验\聚焦信号分类实验\1\ROI_x617_y79_w21_h19_20260626_171804\02_invalid_raw_only\mat\curve_r0079_c0626_idx000010.mat,D:\LSH\LSH\实验\聚焦信号分类实验\1\ROI_x617_y79_w21_h19_20260626_171804\02_invalid_raw_only\mat,79,626,valid_folder,invalid,9,0.001733228,1,Good
838,D:\LSH\LSH\实验\聚焦信号分类实验\1\ROI_x617_y79_w21_h19_20260626_171804\02_invalid_raw_only\mat\curve_r0079_c0629_idx000013.mat,D:\LSH\LSH\实验\聚焦信号分类实验\1\ROI_x617_y79_w21_h19_20260626_171804\02_invalid_raw_only\mat,79,629,valid_folder,invalid,10,0.001056962,0,Bad
839,D:\LSH\LSH\实验\聚焦信号分类实验\1\ROI_x617_y79_w21_h19_20260626_171804\02_invalid_raw_only\mat\curve_r0079_c0630_idx000014.mat,D:\LSH\LSH\实验\聚焦信号分类实验\1\ROI_x617_y79_w21_h19_20260626_171804\02_invalid_raw_only\mat,79,630,valid_folder,invalid,10,0.000995962,0,Bad
840,D:\LSH\LSH\实验\聚焦信号分类实验\1\ROI_x617_y79_w21_h19_20260626_171804\02_invalid_raw_only\mat\curve_r0079_c0631_idx000015.mat,D:\LSH\LSH\实验\聚焦信号分类实验\1\ROI_x617_y79_w21_h19_20260626_171804\02_invalid_raw_only\mat,79,631,valid_folder,invalid,10,0.001032585,0,Bad
841,D:\LSH\LSH\实验\聚焦信号分类实验\1\ROI_x617_y79_w21_h19_20260626_171804\02_invalid_raw_only\mat\curve_r0079_c0632_idx000016.mat,D:\LSH\LSH\实验\聚焦信号分类实验\1\ROI_x617_y79_w21_h19_20260626_171804\02_invalid_raw_only\mat,79,632,valid_folder,invalid,9,0.000832411,0,Bad
842,D:\LSH\LSH\实验\聚焦信号分类实验\1\ROI_x617_y79_w21_h19_20260626_171804\02_invalid_raw_only\mat\curve_r0079_c0633_idx000017.mat,D:\LSH\LSH\实验\聚焦信号分类实验\1\ROI_x617_y79_w21_h19_20260626_171804\02_invalid_raw_only\mat,79,633,valid_folder,invalid,9,0.000910452,0,Bad
843,D:\LSH\LSH\实验\聚焦信号分类实验\1\ROI_x617_y79_w21_h19_20260626_171804\02_invalid_raw_only\mat\curve_r0079_c0634_idx000018.mat,D:\LSH\LSH\实验\聚焦信号分类实验\1\ROI_x617_y79_w21_h19_20260626_171804\02_invalid_raw_only\mat,79,634,valid_folder,invalid,9,0.001082261,0,Bad
844,D:\LSH\LSH\实验\聚焦信号分类实验\1\ROI_x617_y79_w21_h19_20260626_171804\02_invalid_raw_only\mat\curve_r0080_c0620_idx000025.mat,D:\LSH\LSH\实验\聚焦信号分类实验\1\ROI_x617_y79_w21_h19_20260626_171804\02_invalid_raw_only\mat,80,620,valid_folder,invalid,9,0.00090753,1,Good
845,D:\LSH\LSH\实验\聚焦信号分类实验\1\ROI_x617_y79_w21_h19_20260626_171804\02_invalid_raw_only\mat\curve_r0080_c0621_idx000026.mat,D:\LSH\LSH\实验\聚焦信号分类实验\1\ROI_x617_y79_w21_h19_20260626_171804\02_invalid_raw_only\mat,80,621,valid_folder,invalid,9,0.000648524,0,Bad
846,D:\LSH\LSH\实验\聚焦信号分类实验\1\ROI_x617_y79_w21_h19_20260626_171804\02_invalid_raw_only\mat\curve_r0080_c0624_idx000029.mat,D:\LSH\LSH\实验\聚焦信号分类实验\1\ROI_x617_y79_w21_h19_20260626_171804\02_invalid_raw_only\mat,80,624,valid_folder,invalid,9,0.001456627,1,Good
847,D:\LSH\LSH\实验\聚焦信号分类实验\1\ROI_x617_y79_w21_h19_20260626_171804\02_invalid_raw_only\mat\curve_r0080_c0630_idx000035.mat,D:\LSH\LSH\实验\聚焦信号分类实验\1\ROI_x617_y79_w21_h19_20260626_171804\02_invalid_raw_only\mat,80,630,valid_folder,invalid,9,0.001280615,1,Good
848,D:\LSH\LSH\实验\聚焦信号分类实验\1\ROI_x617_y79_w21_h19_20260626_171804\02_invalid_raw_only\mat\curve_r0080_c0631_idx000036.mat,D:\LSH\LSH\实验\聚焦信号分类实验\1\ROI_x617_y79_w21_h19_20260626_171804\02_invalid_raw_only\mat,80,631,valid_folder,invalid,10,0.000878749,0,Bad
849,D:\LSH\LSH\实验\聚焦信号分类实验\1\ROI_x617_y79_w21_h19_20260626_171804\02_invalid_raw_only\mat\curve_r0080_c0632_idx000037.mat,D:\LSH\LSH\实验\聚焦信号分类实验\1\ROI_x617_y79_w21_h19_20260626_171804\02_invalid_raw_only\mat,80,632,valid_folder,invalid,10,0.000716576,0,Bad
850,D:\LSH\LSH\实验\聚焦信号分类实验\1\ROI_x617_y79_w21_h19_20260626_171804\02_invalid_raw_only\mat\curve_r0080_c0633_idx000038.mat,D:\LSH\LSH\实验\聚焦信号分类实验\1\ROI_x617_y79_w21_h19_20260626_171804\02_invalid_raw_only\mat,80,633,valid_folder,invalid,9,0.000725942,0,Bad
851,D:\LSH\LSH\实验\聚焦信号分类实验\1\ROI_x617_y79_w21_h19_20260626_171804\02_invalid_raw_only\mat\curve_r0080_c0634_idx000039.mat,D:\LSH\LSH\实验\聚焦信号分类实验\1\ROI_x617_y79_w21_h19_20260626_171804\02_invalid_raw_only\mat,80,634,valid_folder,invalid,8,0.000890783,0,Bad
852,D:\LSH\LSH\实验\聚焦信号分类实验\1\ROI_x617_y79_w21_h19_20260626_171804\02_invalid_raw_only\mat\curve_r0081_c0618_idx000044.mat,D:\LSH\LSH\实验\聚焦信号分类实验\1\ROI_x617_y79_w21_h19_20260626_171804\02_invalid_raw_only\mat,81,618,valid_folder,invalid,9,0.001861764,1,Good
853,D:\LSH\LSH\实验\聚焦信号分类实验\1\ROI_x617_y79_w21_h19_20260626_171804\02_invalid_raw_only\mat\curve_r0081_c0619_idx000045.mat,D:\LSH\LSH\实验\聚焦信号分类实验\1\ROI_x617_y79_w21_h19_20260626_171804\02_invalid_raw_only\mat,81,619,valid_folder,invalid,9,0.001278683,1,Good
854,D:\LSH\LSH\实验\聚焦信号分类实验\1\ROI_x617_y79_w21_h19_20260626_171804\02_invalid_raw_only\mat\curve_r0081_c0620_idx000046.mat,D:\LSH\LSH\实验\聚焦信号分类实验\1\ROI_x617_y79_w21_h19_20260626_171804\02_invalid_raw_only\mat,81,620,valid_folder,invalid,9,0.000716846,0,Bad
855,D:\LSH\LSH\实验\聚焦信号分类实验\1\ROI_x617_y79_w21_h19_20260626_171804\02_invalid_raw_only\mat\curve_r0081_c0621_idx000047.mat,D:\LSH\LSH\实验\聚焦信号分类实验\1\ROI_x617_y79_w21_h19_20260626_171804\02_invalid_raw_only\mat,81,621,valid_folder,invalid,9,0.000839041,0,Bad
856,D:\LSH\LSH\实验\聚焦信号分类实验\1\ROI_x617_y79_w21_h19_20260626_171804\02_invalid_raw_only\mat\curve_r0081_c0634_idx000060.mat,D:\LSH\LSH\实验\聚焦信号分类实验\1\ROI_x617_y79_w21_h19_20260626_171804\02_invalid_raw_only\mat,81,634,valid_folder,invalid,8,0.000853229,0,Bad
857,D:\LSH\LSH\实验\聚焦信号分类实验\1\ROI_x617_y79_w21_h19_20260626_171804\02_invalid_raw_only\mat\curve_r0082_c0618_idx000065.mat,D:\LSH\LSH\实验\聚焦信号分类实验\1\ROI_x617_y79_w21_h19_20260626_171804\02_invalid_raw_only\mat,82,618,valid_folder,invalid,9,0.00120406,0,Bad
858,D:\LSH\LSH\实验\聚焦信号分类实验\1\ROI_x617_y79_w21_h19_20260626_171804\02_invalid_raw_only\mat\curve_r0082_c0619_idx000066.mat,D:\LSH\LSH\实验\聚焦信号分类实验\1\ROI_x617_y79_w21_h19_20260626_171804\02_invalid_raw_only\mat,82,619,valid_folder,invalid,9,0.001004882,0,Bad
859,D:\LSH\LSH\实验\聚焦信号分类实验\1\ROI_x617_y79_w21_h19_20260626_171804\02_invalid_raw_only\mat\curve_r0082_c0620_idx000067.mat,D:\LSH\LSH\实验\聚焦信号分类实验\1\ROI_x617_y79_w21_h19_20260626_171804\02_invalid_raw_only\mat,82,620,valid_folder,invalid,9,0.000708376,0,Bad
860,D:\LSH\LSH\实验\聚焦信号分类实验\1\ROI_x617_y79_w21_h19_20260626_171804\02_invalid_raw_only\mat\curve_r0082_c0621_idx000068.mat,D:\LSH\LSH\实验\聚焦信号分类实验\1\ROI_x617_y79_w21_h19_20260626_171804\02_invalid_raw_only\mat,82,621,valid_folder,invalid,9,0.000991191,0,Bad
861,D:\LSH\LSH\实验\聚焦信号分类实验\1\ROI_x617_y79_w21_h19_20260626_171804\02_invalid_raw_only\mat\curve_r0082_c0634_idx000081.mat,D:\LSH\LSH\实验\聚焦信号分类实验\1\ROI_x617_y79_w21_h19_20260626_171804\02_invalid_raw_only\mat,82,634,valid_folder,invalid,7,0.000635828,0,Bad
862,D:\LSH\LSH\实验\聚焦信号分类实验\1\ROI_x617_y79_w21_h19_20260626_171804\02_invalid_raw_only\mat\curve_r0083_c0619_idx000087.mat,D:\LSH\LSH\实验\聚焦信号分类实验\1\ROI_x617_y79_w21_h19_20260626_171804\02_invalid_raw_only\mat,83,619,valid_folder,invalid,9,0.001078618,0,Bad
863,D:\LSH\LSH\实验\聚焦信号分类实验\1\ROI_x617_y79_w21_h19_20260626_171804\02_invalid_raw_only\mat\curve_r0083_c0620_idx000088.mat,D:\LSH\LSH\实验\聚焦信号分类实验\1\ROI_x617_y79_w21_h19_20260626_171804\02_invalid_raw_only\mat,83,620,valid_folder,invalid,9,0.000957555,1,Good
864,D:\LSH\LSH\实验\聚焦信号分类实验\1\ROI_x617_y79_w21_h19_20260626_171804\02_invalid_raw_only\mat\curve_r0083_c0621_idx000089.mat,D:\LSH\LSH\实验\聚焦信号分类实验\1\ROI_x617_y79_w21_h19_20260626_171804\02_invalid_raw_only\mat,83,621,valid_folder,invalid,9,0.001151073,0,Bad
865,D:\LSH\LSH\实验\聚焦信号分类实验\1\ROI_x617_y79_w21_h19_20260626_171804\02_invalid_raw_only\mat\curve_r0083_c0630_idx000098.mat,D:\LSH\LSH\实验\聚焦信号分类实验\1\ROI_x617_y79_w21_h19_20260626_171804\02_invalid_raw_only\mat,83,630,valid_folder,invalid,9,0.00098026,1,Good
866,D:\LSH\LSH\实验\聚焦信号分类实验\1\ROI_x617_y79_w21_h19_20260626_171804\02_invalid_raw_only\mat\curve_r0083_c0634_idx000102.mat,D:\LSH\LSH\实验\聚焦信号分类实验\1\ROI_x617_y79_w21_h19_20260626_171804\02_invalid_raw_only\mat,83,634,valid_folder,invalid,9,0.000984717,0,Bad
867,D:\LSH\LSH\实验\聚焦信号分类实验\1\ROI_x617_y79_w21_h19_20260626_171804\02_invalid_raw_only\mat\curve_r0084_c0620_idx000109.mat,D:\LSH\LSH\实验\聚焦信号分类实验\1\ROI_x617_y79_w21_h19_20260626_171804\02_invalid_raw_only\mat,84,620,valid_folder,invalid,9,0.000983251,0,Bad
868,D:\LSH\LSH\实验\聚焦信号分类实验\1\ROI_x617_y79_w21_h19_20260626_171804\02_invalid_raw_only\mat\curve_r0084_c0621_idx000110.mat,D:\LSH\LSH\实验\聚焦信号分类实验\1\ROI_x617_y79_w21_h19_20260626_171804\02_invalid_raw_only\mat,84,621,valid_folder,invalid,9,0.001074052,0,Bad
869,D:\LSH\LSH\实验\聚焦信号分类实验\1\ROI_x617_y79_w21_h19_20260626_171804\02_invalid_raw_only\mat\curve_r0084_c0623_idx000112.mat,D:\LSH\LSH\实验\聚焦信号分类实验\1\ROI_x617_y79_w21_h19_20260626_171804\02_invalid_raw_only\mat,84,623,valid_folder,invalid,9,0.001545197,1,Good
870,D:\LSH\LSH\实验\聚焦信号分类实验\1\ROI_x617_y79_w21_h19_20260626_171804\02_invalid_raw_only\mat\curve_r0084_c0629_idx000118.mat,D:\LSH\LSH\实验\聚焦信号分类实验\1\ROI_x617_y79_w21_h19_20260626_171804\02_invalid_raw_only\mat,84,629,valid_folder,invalid,8,0.00118494,0,Bad
871,D:\LSH\LSH\实验\聚焦信号分类实验\1\ROI_x617_y79_w21_h19_20260626_171804\02_invalid_raw_only\mat\curve_r0084_c0630_idx000119.mat,D:\LSH\LSH\实验\聚焦信号分类实验\1\ROI_x617_y79_w21_h19_20260626_171804\02_invalid_raw_only\mat,84,630,valid_folder,invalid,8,0.000839223,0,Bad
872,D:\LSH\LSH\实验\聚焦信号分类实验\1\ROI_x617_y79_w21_h19_20260626_171804\02_invalid_raw_only\mat\curve_r0084_c0631_idx000120.mat,D:\LSH\LSH\实验\聚焦信号分类实验\1\ROI_x617_y79_w21_h19_20260626_171804\02_invalid_raw_only\mat,84,631,valid_folder,invalid,9,0.001152657,1,Good
873,D:\LSH\LSH\实验\聚焦信号分类实验\1\ROI_x617_y79_w21_h19_20260626_171804\02_invalid_raw_only\mat\curve_r0084_c0634_idx000123.mat,D:\LSH\LSH\实验\聚焦信号分类实验\1\ROI_x617_y79_w21_h19_20260626_171804\02_invalid_raw_only\mat,84,634,valid_folder,invalid,9,0.001046875,0,Bad
874,D:\LSH\LSH\实验\聚焦信号分类实验\1\ROI_x617_y79_w21_h19_20260626_171804\02_invalid_raw_only\mat\curve_r0084_c0635_idx000124.mat,D:\LSH\LSH\实验\聚焦信号分类实验\1\ROI_x617_y79_w21_h19_20260626_171804\02_invalid_raw_only\mat,84,635,valid_folder,invalid,8,0.002071794,1,Good
875,D:\LSH\LSH\实验\聚焦信号分类实验\1\ROI_x617_y79_w21_h19_20260626_171804\02_invalid_raw_only\mat\curve_r0085_c0620_idx000130.mat,D:\LSH\LSH\实验\聚焦信号分类实验\1\ROI_x617_y79_w21_h19_20260626_171804\02_invalid_raw_only\mat,85,620,valid_folder,invalid,10,0.001406646,0,Bad
876,D:\LSH\LSH\实验\聚焦信号分类实验\1\ROI_x617_y79_w21_h19_20260626_171804\02_invalid_raw_only\mat\curve_r0085_c0621_idx000131.mat,D:\LSH\LSH\实验\聚焦信号分类实验\1\ROI_x617_y79_w21_h19_20260626_171804\02_invalid_raw_only\mat,85,621,valid_folder,invalid,12,0.001044898,0,Bad
877,D:\LSH\LSH\实验\聚焦信号分类实验\1\ROI_x617_y79_w21_h19_20260626_171804\02_invalid_raw_only\mat\curve_r0085_c0622_idx000132.mat,D:\LSH\LSH\实验\聚焦信号分类实验\1\ROI_x617_y79_w21_h19_20260626_171804\02_invalid_raw_only\mat,85,622,valid_folder,invalid,9,0.001313476,0,Bad
878,D:\LSH\LSH\实验\聚焦信号分类实验\1\ROI_x617_y79_w21_h19_20260626_171804\02_invalid_raw_only\mat\curve_r0085_c0623_idx000133.mat,D:\LSH\LSH\实验\聚焦信号分类实验\1\ROI_x617_y79_w21_h19_20260626_171804\02_invalid_raw_only\mat,85,623,valid_folder,invalid,9,0.001214241,0,Bad
879,D:\LSH\LSH\实验\聚焦信号分类实验\1\ROI_x617_y79_w21_h19_20260626_171804\02_invalid_raw_only\mat\curve_r0085_c0624_idx000134.mat,D:\LSH\LSH\实验\聚焦信号分类实验\1\ROI_x617_y79_w21_h19_20260626_171804\02_invalid_raw_only\mat,85,624,valid_folder,invalid,9,0.001011311,0,Bad
880,D:\LSH\LSH\实验\聚焦信号分类实验\1\ROI_x617_y79_w21_h19_20260626_171804\02_invalid_raw_only\mat\curve_r0085_c0626_idx000136.mat,D:\LSH\LSH\实验\聚焦信号分类实验\1\ROI_x617_y79_w21_h19_20260626_171804\02_invalid_raw_only\mat,85,626,valid_folder,invalid,9,0.000884074,0,Bad
881,D:\LSH\LSH\实验\聚焦信号分类实验\1\ROI_x617_y79_w21_h19_20260626_171804\02_invalid_raw_only\mat\curve_r0085_c0627_idx000137.mat,D:\LSH\LSH\实验\聚焦信号分类实验\1\ROI_x617_y79_w21_h19_20260626_171804\02_invalid_raw_only\mat,85,627,valid_folder,invalid,8,0.000651996,0,Bad
882,D:\LSH\LSH\实验\聚焦信号分类实验\1\ROI_x617_y79_w21_h19_20260626_171804\02_invalid_raw_only\mat\curve_r0085_c0628_idx000138.mat,D:\LSH\LSH\实验\聚焦信号分类实验\1\ROI_x617_y79_w21_h19_20260626_171804\02_invalid_raw_only\mat,85,628,valid_folder,invalid,8,0.000569816,0,Bad
883,D:\LSH\LSH\实验\聚焦信号分类实验\1\ROI_x617_y79_w21_h19_20260626_171804\02_invalid_raw_only\mat\curve_r0085_c0629_idx000139.mat,D:\LSH\LSH\实验\聚焦信号分类实验\1\ROI_x617_y79_w21_h19_20260626_171804\02_invalid_raw_only\mat,85,629,valid_folder,invalid,10,0.000575412,0,Bad
884,D:\LSH\LSH\实验\聚焦信号分类实验\1\ROI_x617_y79_w21_h19_20260626_171804\02_invalid_raw_only\mat\curve_r0085_c0630_idx000140.mat,D:\LSH\LSH\实验\聚焦信号分类实验\1\ROI_x617_y79_w21_h19_20260626_171804\02_invalid_raw_only\mat,85,630,valid_folder,invalid,9,0.000726192,0,Bad
885,D:\LSH\LSH\实验\聚焦信号分类实验\1\ROI_x617_y79_w21_h19_20260626_171804\02_invalid_raw_only\mat\curve_r0085_c0631_idx000141.mat,D:\LSH\LSH\实验\聚焦信号分类实验\1\ROI_x617_y79_w21_h19_20260626_171804\02_invalid_raw_only\mat,85,631,valid_folder,invalid,9,0.001448457,0,Bad
886,D:\LSH\LSH\实验\聚焦信号分类实验\1\ROI_x617_y79_w21_h19_20260626_171804\02_invalid_raw_only\mat\curve_r0085_c0634_idx000144.mat,D:\LSH\LSH\实验\聚焦信号分类实验\1\ROI_x617_y79_w21_h19_20260626_171804\02_invalid_raw_only\mat,85,634,valid_folder,invalid,9,0.001008423,1,Good
887,D:\LSH\LSH\实验\聚焦信号分类实验\1\ROI_x617_y79_w21_h19_20260626_171804\02_invalid_raw_only\mat\curve_r0085_c0635_idx000145.mat,D:\LSH\LSH\实验\聚焦信号分类实验\1\ROI_x617_y79_w21_h19_20260626_171804\02_invalid_raw_only\mat,85,635,valid_folder,invalid,8,0.001036258,1,Good
888,D:\LSH\LSH\实验\聚焦信号分类实验\1\ROI_x617_y79_w21_h19_20260626_171804\02_invalid_raw_only\mat\curve_r0085_c0636_idx000146.mat,D:\LSH\LSH\实验\聚焦信号分类实验\1\ROI_x617_y79_w21_h19_20260626_171804\02_invalid_raw_only\mat,85,636,valid_folder,invalid,8,0.001864309,1,Good
889,D:\LSH\LSH\实验\聚焦信号分类实验\1\ROI_x617_y79_w21_h19_20260626_171804\02_invalid_raw_only\mat\curve_r0085_c0637_idx000147.mat,D:\LSH\LSH\实验\聚焦信号分类实验\1\ROI_x617_y79_w21_h19_20260626_171804\02_invalid_raw_only\mat,85,637,valid_folder,invalid,8,0.0023974,0,Bad
890,D:\LSH\LSH\实验\聚焦信号分类实验\1\ROI_x617_y79_w21_h19_20260626_171804\02_invalid_raw_only\mat\curve_r0086_c0619_idx000150.mat,D:\LSH\LSH\实验\聚焦信号分类实验\1\ROI_x617_y79_w21_h19_20260626_171804\02_invalid_raw_only\mat,86,619,valid_folder,invalid,10,0.00346289,0,Bad
891,D:\LSH\LSH\实验\聚焦信号分类实验\1\ROI_x617_y79_w21_h19_20260626_171804\02_invalid_raw_only\mat\curve_r0086_c0624_idx000155.mat,D:\LSH\LSH\实验\聚焦信号分类实验\1\ROI_x617_y79_w21_h19_20260626_171804\02_invalid_raw_only\mat,86,624,valid_folder,invalid,10,0.002226886,0,Bad
892,D:\LSH\LSH\实验\聚焦信号分类实验\1\ROI_x617_y79_w21_h19_20260626_171804\02_invalid_raw_only\mat\curve_r0086_c0625_idx000156.mat,D:\LSH\LSH\实验\聚焦信号分类实验\1\ROI_x617_y79_w21_h19_20260626_171804\02_invalid_raw_only\mat,86,625,valid_folder,invalid,9,0.001272926,0,Bad
893,D:\LSH\LSH\实验\聚焦信号分类实验\1\ROI_x617_y79_w21_h19_20260626_171804\02_invalid_raw_only\mat\curve_r0086_c0626_idx000157.mat,D:\LSH\LSH\实验\聚焦信号分类实验\1\ROI_x617_y79_w21_h19_20260626_171804\02_invalid_raw_only\mat,86,626,valid_folder,invalid,9,0.000916009,0,Bad
894,D:\LSH\LSH\实验\聚焦信号分类实验\1\ROI_x617_y79_w21_h19_20260626_171804\02_invalid_raw_only\mat\curve_r0086_c0627_idx000158.mat,D:\LSH\LSH\实验\聚焦信号分类实验\1\ROI_x617_y79_w21_h19_20260626_171804\02_invalid_raw_only\mat,86,627,valid_folder,invalid,9,0.001452846,0,Bad
895,D:\LSH\LSH\实验\聚焦信号分类实验\1\ROI_x617_y79_w21_h19_20260626_171804\02_invalid_raw_only\mat\curve_r0086_c0631_idx000162.mat,D:\LSH\LSH\实验\聚焦信号分类实验\1\ROI_x617_y79_w21_h19_20260626_171804\02_invalid_raw_only\mat,86,631,valid_folder,invalid,9,0.0010798,0,Bad
896,D:\LSH\LSH\实验\聚焦信号分类实验\1\ROI_x617_y79_w21_h19_20260626_171804\02_invalid_raw_only\mat\curve_r0086_c0632_idx000163.mat,D:\LSH\LSH\实验\聚焦信号分类实验\1\ROI_x617_y79_w21_h19_20260626_171804\02_invalid_raw_only\mat,86,632,valid_folder,invalid,9,0.001369832,1,Good
897,D:\LSH\LSH\实验\聚焦信号分类实验\1\ROI_x617_y79_w21_h19_20260626_171804\02_invalid_raw_only\mat\curve_r0086_c0633_idx000164.mat,D:\LSH\LSH\实验\聚焦信号分类实验\1\ROI_x617_y79_w21_h19_20260626_171804\02_invalid_raw_only\mat,86,633,valid_folder,invalid,9,0.001460775,1,Good
898,D:\LSH\LSH\实验\聚焦信号分类实验\1\ROI_x617_y79_w21_h19_20260626_171804\02_invalid_raw_only\mat\curve_r0086_c0634_idx000165.mat,D:\LSH\LSH\实验\聚焦信号分类实验\1\ROI_x617_y79_w21_h19_20260626_171804\02_invalid_raw_only\mat,86,634,valid_folder,invalid,9,0.001109694,0,Bad
899,D:\LSH\LSH\实验\聚焦信号分类实验\1\ROI_x617_y79_w21_h19_20260626_171804\02_invalid_raw_only\mat\curve_r0086_c0635_idx000166.mat,D:\LSH\LSH\实验\聚焦信号分类实验\1\ROI_x617_y79_w21_h19_20260626_171804\02_invalid_raw_only\mat,86,635,valid_folder,invalid,9,0.000579021,0,Bad
900,D:\LSH\LSH\实验\聚焦信号分类实验\1\ROI_x617_y79_w21_h19_20260626_171804\02_invalid_raw_only\mat\curve_r0086_c0636_idx000167.mat,D:\LSH\LSH\实验\聚焦信号分类实验\1\ROI_x617_y79_w21_h19_20260626_171804\02_invalid_raw_only\mat,86,636,valid_folder,invalid,15,0.000637064,0,Bad
901,D:\LSH\LSH\实验\聚焦信号分类实验\1\ROI_x617_y79_w21_h19_20260626_171804\02_invalid_raw_only\mat\curve_r0086_c0637_idx000168.mat,D:\LSH\LSH\实验\聚焦信号分类实验\1\ROI_x617_y79_w21_h19_20260626_171804\02_invalid_raw_only\mat,86,637,valid_folder,invalid,8,0.000808181,0,Bad
902,D:\LSH\LSH\实验\聚焦信号分类实验\1\ROI_x617_y79_w21_h19_20260626_171804\02_invalid_raw_only\mat\curve_r0087_c0617_idx000169.mat,D:\LSH\LSH\实验\聚焦信号分类实验\1\ROI_x617_y79_w21_h19_20260626_171804\02_invalid_raw_only\mat,87,617,valid_folder,invalid,11,0.002996522,1,Good
903,D:\LSH\LSH\实验\聚焦信号分类实验\1\ROI_x617_y79_w21_h19_20260626_171804\02_invalid_raw_only\mat\curve_r0087_c0625_idx000177.mat,D:\LSH\LSH\实验\聚焦信号分类实验\1\ROI_x617_y79_w21_h19_20260626_171804\02_invalid_raw_only\mat,87,625,valid_folder,invalid,9,0.000956883,0,Bad
904,D:\LSH\LSH\实验\聚焦信号分类实验\1\ROI_x617_y79_w21_h19_20260626_171804\02_invalid_raw_only\mat\curve_r0087_c0626_idx000178.mat,D:\LSH\LSH\实验\聚焦信号分类实验\1\ROI_x617_y79_w21_h19_20260626_171804\02_invalid_raw_only\mat,87,626,valid_folder,invalid,9,0.000758941,0,Bad
905,D:\LSH\LSH\实验\聚焦信号分类实验\1\ROI_x617_y79_w21_h19_20260626_171804\02_invalid_raw_only\mat\curve_r0087_c0627_idx000179.mat,D:\LSH\LSH\实验\聚焦信号分类实验\1\ROI_x617_y79_w21_h19_20260626_171804\02_invalid_raw_only\mat,87,627,valid_folder,invalid,9,0.001811685,1,Good
906,D:\LSH\LSH\实验\聚焦信号分类实验\1\ROI_x617_y79_w21_h19_20260626_171804\02_invalid_raw_only\mat\curve_r0087_c0631_idx000183.mat,D:\LSH\LSH\实验\聚焦信号分类实验\1\ROI_x617_y79_w21_h19_20260626_171804\02_invalid_raw_only\mat,87,631,valid_folder,invalid,9,0.000646857,0,Bad
907,D:\LSH\LSH\实验\聚焦信号分类实验\1\ROI_x617_y79_w21_h19_20260626_171804\02_invalid_raw_only\mat\curve_r0087_c0632_idx000184.mat,D:\LSH\LSH\实验\聚焦信号分类实验\1\ROI_x617_y79_w21_h19_20260626_171804\02_invalid_raw_only\mat,87,632,valid_folder,invalid,9,0.001095237,0,Bad
908,D:\LSH\LSH\实验\聚焦信号分类实验\1\ROI_x617_y79_w21_h19_20260626_171804\02_invalid_raw_only\mat\curve_r0087_c0633_idx000185.mat,D:\LSH\LSH\实验\聚焦信号分类实验\1\ROI_x617_y79_w21_h19_20260626_171804\02_invalid_raw_only\mat,87,633,valid_folder,invalid,9,0.001460574,0,Bad
909,D:\LSH\LSH\实验\聚焦信号分类实验\1\ROI_x617_y79_w21_h19_20260626_171804\02_invalid_raw_only\mat\curve_r0087_c0634_idx000186.mat,D:\LSH\LSH\实验\聚焦信号分类实验\1\ROI_x617_y79_w21_h19_20260626_171804\02_invalid_raw_only\mat,87,634,valid_folder,invalid,9,0.001413222,1,Good
910,D:\LSH\LSH\实验\聚焦信号分类实验\1\ROI_x617_y79_w21_h19_20260626_171804\02_invalid_raw_only\mat\curve_r0087_c0636_idx000188.mat,D:\LSH\LSH\实验\聚焦信号分类实验\1\ROI_x617_y79_w21_h19_20260626_171804\02_invalid_raw_only\mat,87,636,valid_folder,invalid,9,0.000643821,0,Bad
911,D:\LSH\LSH\实验\聚焦信号分类实验\1\ROI_x617_y79_w21_h19_20260626_171804\02_invalid_raw_only\mat\curve_r0087_c0637_idx000189.mat,D:\LSH\LSH\实验\聚焦信号分类实验\1\ROI_x617_y79_w21_h19_20260626_171804\02_invalid_raw_only\mat,87,637,valid_folder,invalid,47,0.000940376,0,Bad
912,D:\LSH\LSH\实验\聚焦信号分类实验\1\ROI_x617_y79_w21_h19_20260626_171804\02_invalid_raw_only\mat\curve_r0088_c0624_idx000197.mat,D:\LSH\LSH\实验\聚焦信号分类实验\1\ROI_x617_y79_w21_h19_20260626_171804\02_invalid_raw_only\mat,88,624,valid_folder,invalid,10,0.001697552,0,Bad
913,D:\LSH\LSH\实验\聚焦信号分类实验\1\ROI_x617_y79_w21_h19_20260626_171804\02_invalid_raw_only\mat\curve_r0088_c0625_idx000198.mat,D:\LSH\LSH\实验\聚焦信号分类实验\1\ROI_x617_y79_w21_h19_20260626_171804\02_invalid_raw_only\mat,88,625,valid_folder,invalid,10,0.001033163,0,Bad
914,D:\LSH\LSH\实验\聚焦信号分类实验\1\ROI_x617_y79_w21_h19_20260626_171804\02_invalid_raw_only\mat\curve_r0088_c0626_idx000199.mat,D:\LSH\LSH\实验\聚焦信号分类实验\1\ROI_x617_y79_w21_h19_20260626_171804\02_invalid_raw_only\mat,88,626,valid_folder,invalid,27,0.000491275,0,Bad
915,D:\LSH\LSH\实验\聚焦信号分类实验\1\ROI_x617_y79_w21_h19_20260626_171804\02_invalid_raw_only\mat\curve_r0088_c0627_idx000200.mat,D:\LSH\LSH\实验\聚焦信号分类实验\1\ROI_x617_y79_w21_h19_20260626_171804\02_invalid_raw_only\mat,88,627,valid_folder,invalid,9,0.001188475,0,Bad
916,D:\LSH\LSH\实验\聚焦信号分类实验\1\ROI_x617_y79_w21_h19_20260626_171804\02_invalid_raw_only\mat\curve_r0088_c0631_idx000204.mat,D:\LSH\LSH\实验\聚焦信号分类实验\1\ROI_x617_y79_w21_h19_20260626_171804\02_invalid_raw_only\mat,88,631,valid_folder,invalid,31,0.000535812,0,Bad
917,D:\LSH\LSH\实验\聚焦信号分类实验\1\ROI_x617_y79_w21_h19_20260626_171804\02_invalid_raw_only\mat\curve_r0088_c0632_idx000205.mat,D:\LSH\LSH\实验\聚焦信号分类实验\1\ROI_x617_y79_w21_h19_20260626_171804\02_invalid_raw_only\mat,88,632,valid_folder,invalid,12,0.000620415,0,Bad
918,D:\LSH\LSH\实验\聚焦信号分类实验\1\ROI_x617_y79_w21_h19_20260626_171804\02_invalid_raw_only\mat\curve_r0088_c0633_idx000206.mat,D:\LSH\LSH\实验\聚焦信号分类实验\1\ROI_x617_y79_w21_h19_20260626_171804\02_invalid_raw_only\mat,88,633,valid_folder,invalid,9,0.000916053,0,Bad
919,D:\LSH\LSH\实验\聚焦信号分类实验\1\ROI_x617_y79_w21_h19_20260626_171804\02_invalid_raw_only\mat\curve_r0088_c0634_idx000207.mat,D:\LSH\LSH\实验\聚焦信号分类实验\1\ROI_x617_y79_w21_h19_20260626_171804\02_invalid_raw_only\mat,88,634,valid_folder,invalid,9,0.001070654,0,Bad
920,D:\LSH\LSH\实验\聚焦信号分类实验\1\ROI_x617_y79_w21_h19_20260626_171804\02_invalid_raw_only\mat\curve_r0088_c0635_idx000208.mat,D:\LSH\LSH\实验\聚焦信号分类实验\1\ROI_x617_y79_w21_h19_20260626_171804\02_invalid_raw_only\mat,88,635,valid_folder,invalid,9,0.000700153,0,Bad
921,D:\LSH\LSH\实验\聚焦信号分类实验\1\ROI_x617_y79_w21_h19_20260626_171804\02_invalid_raw_only\mat\curve_r0088_c0636_idx000209.mat,D:\LSH\LSH\实验\聚焦信号分类实验\1\ROI_x617_y79_w21_h19_20260626_171804\02_invalid_raw_only\mat,88,636,valid_folder,invalid,9,0.000548646,0,Bad
922,D:\LSH\LSH\实验\聚焦信号分类实验\1\ROI_x617_y79_w21_h19_20260626_171804\02_invalid_raw_only\mat\curve_r0088_c0637_idx000210.mat,D:\LSH\LSH\实验\聚焦信号分类实验\1\ROI_x617_y79_w21_h19_20260626_171804\02_invalid_raw_only\mat,88,637,valid_folder,invalid,47,0.000892053,0,Bad
923,D:\LSH\LSH\实验\聚焦信号分类实验\1\ROI_x617_y79_w21_h19_20260626_171804\02_invalid_raw_only\mat\curve_r0089_c0621_idx000215.mat,D:\LSH\LSH\实验\聚焦信号分类实验\1\ROI_x617_y79_w21_h19_20260626_171804\02_invalid_raw_only\mat,89,621,valid_folder,invalid,10,0.001670972,0,Bad
924,D:\LSH\LSH\实验\聚焦信号分类实验\1\ROI_x617_y79_w21_h19_20260626_171804\02_invalid_raw_only\mat\curve_r0089_c0622_idx000216.mat,D:\LSH\LSH\实验\聚焦信号分类实验\1\ROI_x617_y79_w21_h19_20260626_171804\02_invalid_raw_only\mat,89,622,valid_folder,invalid,11,0.001372108,0,Bad
925,D:\LSH\LSH\实验\聚焦信号分类实验\1\ROI_x617_y79_w21_h19_20260626_171804\02_invalid_raw_only\mat\curve_r0089_c0623_idx000217.mat,D:\LSH\LSH\实验\聚焦信号分类实验\1\ROI_x617_y79_w21_h19_20260626_171804\02_invalid_raw_only\mat,89,623,valid_folder,invalid,26,0.000964293,0,Bad
926,D:\LSH\LSH\实验\聚焦信号分类实验\1\ROI_x617_y79_w21_h19_20260626_171804\02_invalid_raw_only\mat\curve_r0089_c0624_idx000218.mat,D:\LSH\LSH\实验\聚焦信号分类实验\1\ROI_x617_y79_w21_h19_20260626_171804\02_invalid_raw_only\mat,89,624,valid_folder,invalid,28,0.001146189,1,Good
927,D:\LSH\LSH\实验\聚焦信号分类实验\1\ROI_x617_y79_w21_h19_20260626_171804\02_invalid_raw_only\mat\curve_r0089_c0625_idx000219.mat,D:\LSH\LSH\实验\聚焦信号分类实验\1\ROI_x617_y79_w21_h19_20260626_171804\02_invalid_raw_only\mat,89,625,valid_folder,invalid,27,0.001006491,0,Bad
928,D:\LSH\LSH\实验\聚焦信号分类实验\1\ROI_x617_y79_w21_h19_20260626_171804\02_invalid_raw_only\mat\curve_r0089_c0626_idx000220.mat,D:\LSH\LSH\实验\聚焦信号分类实验\1\ROI_x617_y79_w21_h19_20260626_171804\02_invalid_raw_only\mat,89,626,valid_folder,invalid,35,0.000816253,0,Bad
929,D:\LSH\LSH\实验\聚焦信号分类实验\1\ROI_x617_y79_w21_h19_20260626_171804\02_invalid_raw_only\mat\curve_r0089_c0627_idx000221.mat,D:\LSH\LSH\实验\聚焦信号分类实验\1\ROI_x617_y79_w21_h19_20260626_171804\02_invalid_raw_only\mat,89,627,valid_folder,invalid,35,0.000923678,0,Bad
930,D:\LSH\LSH\实验\聚焦信号分类实验\1\ROI_x617_y79_w21_h19_20260626_171804\02_invalid_raw_only\mat\curve_r0089_c0628_idx000222.mat,D:\LSH\LSH\实验\聚焦信号分类实验\1\ROI_x617_y79_w21_h19_20260626_171804\02_invalid_raw_only\mat,89,628,valid_folder,invalid,10,0.000895319,0,Bad
931,D:\LSH\LSH\实验\聚焦信号分类实验\1\ROI_x617_y79_w21_h19_20260626_171804\02_invalid_raw_only\mat\curve_r0089_c0629_idx000223.mat,D:\LSH\LSH\实验\聚焦信号分类实验\1\ROI_x617_y79_w21_h19_20260626_171804\02_invalid_raw_only\mat,89,629,valid_folder,invalid,10,0.000699088,0,Bad
932,D:\LSH\LSH\实验\聚焦信号分类实验\1\ROI_x617_y79_w21_h19_20260626_171804\02_invalid_raw_only\mat\curve_r0089_c0630_idx000224.mat,D:\LSH\LSH\实验\聚焦信号分类实验\1\ROI_x617_y79_w21_h19_20260626_171804\02_invalid_raw_only\mat,89,630,valid_folder,invalid,9,0.000576971,0,Bad
933,D:\LSH\LSH\实验\聚焦信号分类实验\1\ROI_x617_y79_w21_h19_20260626_171804\02_invalid_raw_only\mat\curve_r0089_c0631_idx000225.mat,D:\LSH\LSH\实验\聚焦信号分类实验\1\ROI_x617_y79_w21_h19_20260626_171804\02_invalid_raw_only\mat,89,631,valid_folder,invalid,19,0.000419786,0,Bad
934,D:\LSH\LSH\实验\聚焦信号分类实验\1\ROI_x617_y79_w21_h19_20260626_171804\02_invalid_raw_only\mat\curve_r0089_c0632_idx000226.mat,D:\LSH\LSH\实验\聚焦信号分类实验\1\ROI_x617_y79_w21_h19_20260626_171804\02_invalid_raw_only\mat,89,632,valid_folder,invalid,9,0.000647941,0,Bad
935,D:\LSH\LSH\实验\聚焦信号分类实验\1\ROI_x617_y79_w21_h19_20260626_171804\02_invalid_raw_only\mat\curve_r0089_c0633_idx000227.mat,D:\LSH\LSH\实验\聚焦信号分类实验\1\ROI_x617_y79_w21_h19_20260626_171804\02_invalid_raw_only\mat,89,633,valid_folder,invalid,9,0.000849198,0,Bad
936,D:\LSH\LSH\实验\聚焦信号分类实验\1\ROI_x617_y79_w21_h19_20260626_171804\02_invalid_raw_only\mat\curve_r0089_c0634_idx000228.mat,D:\LSH\LSH\实验\聚焦信号分类实验\1\ROI_x617_y79_w21_h19_20260626_171804\02_invalid_raw_only\mat,89,634,valid_folder,invalid,9,0.000618036,0,Bad
937,D:\LSH\LSH\实验\聚焦信号分类实验\1\ROI_x617_y79_w21_h19_20260626_171804\02_invalid_raw_only\mat\curve_r0089_c0635_idx000229.mat,D:\LSH\LSH\实验\聚焦信号分类实验\1\ROI_x617_y79_w21_h19_20260626_171804\02_invalid_raw_only\mat,89,635,valid_folder,invalid,9,0.000581649,0,Bad
938,D:\LSH\LSH\实验\聚焦信号分类实验\1\ROI_x617_y79_w21_h19_20260626_171804\02_invalid_raw_only\mat\curve_r0089_c0636_idx000230.mat,D:\LSH\LSH\实验\聚焦信号分类实验\1\ROI_x617_y79_w21_h19_20260626_171804\02_invalid_raw_only\mat,89,636,valid_folder,invalid,9,0.000757303,0,Bad
939,D:\LSH\LSH\实验\聚焦信号分类实验\1\ROI_x617_y79_w21_h19_20260626_171804\02_invalid_raw_only\mat\curve_r0089_c0637_idx000231.mat,D:\LSH\LSH\实验\聚焦信号分类实验\1\ROI_x617_y79_w21_h19_20260626_171804\02_invalid_raw_only\mat,89,637,valid_folder,invalid,9,0.001206831,0,Bad
940,D:\LSH\LSH\实验\聚焦信号分类实验\1\ROI_x617_y79_w21_h19_20260626_171804\02_invalid_raw_only\mat\curve_r0090_c0618_idx000233.mat,D:\LSH\LSH\实验\聚焦信号分类实验\1\ROI_x617_y79_w21_h19_20260626_171804\02_invalid_raw_only\mat,90,618,valid_folder,invalid,11,0.001284529,0,Bad
941,D:\LSH\LSH\实验\聚焦信号分类实验\1\ROI_x617_y79_w21_h19_20260626_171804\02_invalid_raw_only\mat\curve_r0090_c0619_idx000234.mat,D:\LSH\LSH\实验\聚焦信号分类实验\1\ROI_x617_y79_w21_h19_20260626_171804\02_invalid_raw_only\mat,90,619,valid_folder,invalid,9,0.001253153,0,Bad
942,D:\LSH\LSH\实验\聚焦信号分类实验\1\ROI_x617_y79_w21_h19_20260626_171804\02_invalid_raw_only\mat\curve_r0090_c0620_idx000235.mat,D:\LSH\LSH\实验\聚焦信号分类实验\1\ROI_x617_y79_w21_h19_20260626_171804\02_invalid_raw_only\mat,90,620,valid_folder,invalid,10,0.001190491,0,Bad
943,D:\LSH\LSH\实验\聚焦信号分类实验\1\ROI_x617_y79_w21_h19_20260626_171804\02_invalid_raw_only\mat\curve_r0090_c0621_idx000236.mat,D:\LSH\LSH\实验\聚焦信号分类实验\1\ROI_x617_y79_w21_h19_20260626_171804\02_invalid_raw_only\mat,90,621,valid_folder,invalid,10,0.001338187,0,Bad
944,D:\LSH\LSH\实验\聚焦信号分类实验\1\ROI_x617_y79_w21_h19_20260626_171804\02_invalid_raw_only\mat\curve_r0090_c0622_idx000237.mat,D:\LSH\LSH\实验\聚焦信号分类实验\1\ROI_x617_y79_w21_h19_20260626_171804\02_invalid_raw_only\mat,90,622,valid_folder,invalid,10,0.000942936,0,Bad
945,D:\LSH\LSH\实验\聚焦信号分类实验\1\ROI_x617_y79_w21_h19_20260626_171804\02_invalid_raw_only\mat\curve_r0090_c0623_idx000238.mat,D:\LSH\LSH\实验\聚焦信号分类实验\1\ROI_x617_y79_w21_h19_20260626_171804\02_invalid_raw_only\mat,90,623,valid_folder,invalid,26,0.00099401,0,Bad
946,D:\LSH\LSH\实验\聚焦信号分类实验\1\ROI_x617_y79_w21_h19_20260626_171804\02_invalid_raw_only\mat\curve_r0090_c0624_idx000239.mat,D:\LSH\LSH\实验\聚焦信号分类实验\1\ROI_x617_y79_w21_h19_20260626_171804\02_invalid_raw_only\mat,90,624,valid_folder,invalid,27,0.000879965,0,Bad
947,D:\LSH\LSH\实验\聚焦信号分类实验\1\ROI_x617_y79_w21_h19_20260626_171804\02_invalid_raw_only\mat\curve_r0090_c0625_idx000240.mat,D:\LSH\LSH\实验\聚焦信号分类实验\1\ROI_x617_y79_w21_h19_20260626_171804\02_invalid_raw_only\mat,90,625,valid_folder,invalid,27,0.001130776,0,Bad
948,D:\LSH\LSH\实验\聚焦信号分类实验\1\ROI_x617_y79_w21_h19_20260626_171804\02_invalid_raw_only\mat\curve_r0090_c0626_idx000241.mat,D:\LSH\LSH\实验\聚焦信号分类实验\1\ROI_x617_y79_w21_h19_20260626_171804\02_invalid_raw_only\mat,90,626,valid_folder,invalid,31,0.001078196,0,Bad
949,D:\LSH\LSH\实验\聚焦信号分类实验\1\ROI_x617_y79_w21_h19_20260626_171804\02_invalid_raw_only\mat\curve_r0090_c0627_idx000242.mat,D:\LSH\LSH\实验\聚焦信号分类实验\1\ROI_x617_y79_w21_h19_20260626_171804\02_invalid_raw_only\mat,90,627,valid_folder,invalid,35,0.000962566,0,Bad
950,D:\LSH\LSH\实验\聚焦信号分类实验\1\ROI_x617_y79_w21_h19_20260626_171804\02_invalid_raw_only\mat\curve_r0090_c0628_idx000243.mat,D:\LSH\LSH\实验\聚焦信号分类实验\1\ROI_x617_y79_w21_h19_20260626_171804\02_invalid_raw_only\mat,90,628,valid_folder,invalid,10,0.000965778,0,Bad
951,D:\LSH\LSH\实验\聚焦信号分类实验\1\ROI_x617_y79_w21_h19_20260626_171804\02_invalid_raw_only\mat\curve_r0090_c0629_idx000244.mat,D:\LSH\LSH\实验\聚焦信号分类实验\1\ROI_x617_y79_w21_h19_20260626_171804\02_invalid_raw_only\mat,90,629,valid_folder,invalid,10,0.000738379,0,Bad
952,D:\LSH\LSH\实验\聚焦信号分类实验\1\ROI_x617_y79_w21_h19_20260626_171804\02_invalid_raw_only\mat\curve_r0090_c0630_idx000245.mat,D:\LSH\LSH\实验\聚焦信号分类实验\1\ROI_x617_y79_w21_h19_20260626_171804\02_invalid_raw_only\mat,90,630,valid_folder,invalid,13,0.000543771,0,Bad
953,D:\LSH\LSH\实验\聚焦信号分类实验\1\ROI_x617_y79_w21_h19_20260626_171804\02_invalid_raw_only\mat\curve_r0090_c0631_idx000246.mat,D:\LSH\LSH\实验\聚焦信号分类实验\1\ROI_x617_y79_w21_h19_20260626_171804\02_invalid_raw_only\mat,90,631,valid_folder,invalid,13,0.000458154,0,Bad
954,D:\LSH\LSH\实验\聚焦信号分类实验\1\ROI_x617_y79_w21_h19_20260626_171804\02_invalid_raw_only\mat\curve_r0090_c0632_idx000247.mat,D:\LSH\LSH\实验\聚焦信号分类实验\1\ROI_x617_y79_w21_h19_20260626_171804\02_invalid_raw_only\mat,90,632,valid_folder,invalid,26,0.00054412,0,Bad
955,D:\LSH\LSH\实验\聚焦信号分类实验\1\ROI_x617_y79_w21_h19_20260626_171804\02_invalid_raw_only\mat\curve_r0090_c0633_idx000248.mat,D:\LSH\LSH\实验\聚焦信号分类实验\1\ROI_x617_y79_w21_h19_20260626_171804\02_invalid_raw_only\mat,90,633,valid_folder,invalid,24,0.000584552,0,Bad
956,D:\LSH\LSH\实验\聚焦信号分类实验\1\ROI_x617_y79_w21_h19_20260626_171804\02_invalid_raw_only\mat\curve_r0090_c0634_idx000249.mat,D:\LSH\LSH\实验\聚焦信号分类实验\1\ROI_x617_y79_w21_h19_20260626_171804\02_invalid_raw_only\mat,90,634,valid_folder,invalid,24,0.000498307,0,Bad
957,D:\LSH\LSH\实验\聚焦信号分类实验\1\ROI_x617_y79_w21_h19_20260626_171804\02_invalid_raw_only\mat\curve_r0090_c0635_idx000250.mat,D:\LSH\LSH\实验\聚焦信号分类实验\1\ROI_x617_y79_w21_h19_20260626_171804\02_invalid_raw_only\mat,90,635,valid_folder,invalid,9,0.000750908,0,Bad
958,D:\LSH\LSH\实验\聚焦信号分类实验\1\ROI_x617_y79_w21_h19_20260626_171804\02_invalid_raw_only\mat\curve_r0090_c0636_idx000251.mat,D:\LSH\LSH\实验\聚焦信号分类实验\1\ROI_x617_y79_w21_h19_20260626_171804\02_invalid_raw_only\mat,90,636,valid_folder,invalid,9,0.001468445,1,Good
959,D:\LSH\LSH\实验\聚焦信号分类实验\1\ROI_x617_y79_w21_h19_20260626_171804\02_invalid_raw_only\mat\curve_r0091_c0618_idx000254.mat,D:\LSH\LSH\实验\聚焦信号分类实验\1\ROI_x617_y79_w21_h19_20260626_171804\02_invalid_raw_only\mat,91,618,valid_folder,invalid,11,0.000663157,0,Bad
960,D:\LSH\LSH\实验\聚焦信号分类实验\1\ROI_x617_y79_w21_h19_20260626_171804\02_invalid_raw_only\mat\curve_r0091_c0619_idx000255.mat,D:\LSH\LSH\实验\聚焦信号分类实验\1\ROI_x617_y79_w21_h19_20260626_171804\02_invalid_raw_only\mat,91,619,valid_folder,invalid,11,0.000814826,0,Bad
961,D:\LSH\LSH\实验\聚焦信号分类实验\1\ROI_x617_y79_w21_h19_20260626_171804\02_invalid_raw_only\mat\curve_r0091_c0620_idx000256.mat,D:\LSH\LSH\实验\聚焦信号分类实验\1\ROI_x617_y79_w21_h19_20260626_171804\02_invalid_raw_only\mat,91,620,valid_folder,invalid,12,0.001115049,0,Bad
962,D:\LSH\LSH\实验\聚焦信号分类实验\1\ROI_x617_y79_w21_h19_20260626_171804\02_invalid_raw_only\mat\curve_r0091_c0621_idx000257.mat,D:\LSH\LSH\实验\聚焦信号分类实验\1\ROI_x617_y79_w21_h19_20260626_171804\02_invalid_raw_only\mat,91,621,valid_folder,invalid,12,0.001331812,0,Bad
963,D:\LSH\LSH\实验\聚焦信号分类实验\1\ROI_x617_y79_w21_h19_20260626_171804\02_invalid_raw_only\mat\curve_r0091_c0622_idx000258.mat,D:\LSH\LSH\实验\聚焦信号分类实验\1\ROI_x617_y79_w21_h19_20260626_171804\02_invalid_raw_only\mat,91,622,valid_folder,invalid,11,0.001358102,0,Bad
964,D:\LSH\LSH\实验\聚焦信号分类实验\1\ROI_x617_y79_w21_h19_20260626_171804\02_invalid_raw_only\mat\curve_r0091_c0623_idx000259.mat,D:\LSH\LSH\实验\聚焦信号分类实验\1\ROI_x617_y79_w21_h19_20260626_171804\02_invalid_raw_only\mat,91,623,valid_folder,invalid,11,0.000818342,0,Bad
965,D:\LSH\LSH\实验\聚焦信号分类实验\1\ROI_x617_y79_w21_h19_20260626_171804\02_invalid_raw_only\mat\curve_r0091_c0624_idx000260.mat,D:\LSH\LSH\实验\聚焦信号分类实验\1\ROI_x617_y79_w21_h19_20260626_171804\02_invalid_raw_only\mat,91,624,valid_folder,invalid,14,0.000908094,0,Bad
966,D:\LSH\LSH\实验\聚焦信号分类实验\1\ROI_x617_y79_w21_h19_20260626_171804\02_invalid_raw_only\mat\curve_r0091_c0625_idx000261.mat,D:\LSH\LSH\实验\聚焦信号分类实验\1\ROI_x617_y79_w21_h19_20260626_171804\02_invalid_raw_only\mat,91,625,valid_folder,invalid,14,0.000806475,0,Bad
967,D:\LSH\LSH\实验\聚焦信号分类实验\1\ROI_x617_y79_w21_h19_20260626_171804\02_invalid_raw_only\mat\curve_r0091_c0626_idx000262.mat,D:\LSH\LSH\实验\聚焦信号分类实验\1\ROI_x617_y79_w21_h19_20260626_171804\02_invalid_raw_only\mat,91,626,valid_folder,invalid,16,0.000872962,0,Bad
968,D:\LSH\LSH\实验\聚焦信号分类实验\1\ROI_x617_y79_w21_h19_20260626_171804\02_invalid_raw_only\mat\curve_r0091_c0628_idx000264.mat,D:\LSH\LSH\实验\聚焦信号分类实验\1\ROI_x617_y79_w21_h19_20260626_171804\02_invalid_raw_only\mat,91,628,valid_folder,invalid,10,0.000766591,0,Bad
969,D:\LSH\LSH\实验\聚焦信号分类实验\1\ROI_x617_y79_w21_h19_20260626_171804\02_invalid_raw_only\mat\curve_r0091_c0629_idx000265.mat,D:\LSH\LSH\实验\聚焦信号分类实验\1\ROI_x617_y79_w21_h19_20260626_171804\02_invalid_raw_only\mat,91,629,valid_folder,invalid,29,0.000602059,0,Bad
970,D:\LSH\LSH\实验\聚焦信号分类实验\1\ROI_x617_y79_w21_h19_20260626_171804\02_invalid_raw_only\mat\curve_r0091_c0630_idx000266.mat,D:\LSH\LSH\实验\聚焦信号分类实验\1\ROI_x617_y79_w21_h19_20260626_171804\02_invalid_raw_only\mat,91,630,valid_folder,invalid,32,0.000697558,0,Bad
971,D:\LSH\LSH\实验\聚焦信号分类实验\1\ROI_x617_y79_w21_h19_20260626_171804\02_invalid_raw_only\mat\curve_r0091_c0631_idx000267.mat,D:\LSH\LSH\实验\聚焦信号分类实验\1\ROI_x617_y79_w21_h19_20260626_171804\02_invalid_raw_only\mat,91,631,valid_folder,invalid,32,0.000578506,0,Bad
972,D:\LSH\LSH\实验\聚焦信号分类实验\1\ROI_x617_y79_w21_h19_20260626_171804\02_invalid_raw_only\mat\curve_r0091_c0632_idx000268.mat,D:\LSH\LSH\实验\聚焦信号分类实验\1\ROI_x617_y79_w21_h19_20260626_171804\02_invalid_raw_only\mat,91,632,valid_folder,invalid,35,0.000616712,0,Bad
973,D:\LSH\LSH\实验\聚焦信号分类实验\1\ROI_x617_y79_w21_h19_20260626_171804\02_invalid_raw_only\mat\curve_r0091_c0633_idx000269.mat,D:\LSH\LSH\实验\聚焦信号分类实验\1\ROI_x617_y79_w21_h19_20260626_171804\02_invalid_raw_only\mat,91,633,valid_folder,invalid,9,0.000482708,0,Bad
974,D:\LSH\LSH\实验\聚焦信号分类实验\1\ROI_x617_y79_w21_h19_20260626_171804\02_invalid_raw_only\mat\curve_r0091_c0634_idx000270.mat,D:\LSH\LSH\实验\聚焦信号分类实验\1\ROI_x617_y79_w21_h19_20260626_171804\02_invalid_raw_only\mat,91,634,valid_folder,invalid,30,0.000437886,0,Bad
975,D:\LSH\LSH\实验\聚焦信号分类实验\1\ROI_x617_y79_w21_h19_20260626_171804\02_invalid_raw_only\mat\curve_r0091_c0635_idx000271.mat,D:\LSH\LSH\实验\聚焦信号分类实验\1\ROI_x617_y79_w21_h19_20260626_171804\02_invalid_raw_only\mat,91,635,valid_folder,invalid,9,0.002215577,1,Good
976,D:\LSH\LSH\实验\聚焦信号分类实验\1\ROI_x617_y79_w21_h19_20260626_171804\02_invalid_raw_only\mat\curve_r0092_c0618_idx000275.mat,D:\LSH\LSH\实验\聚焦信号分类实验\1\ROI_x617_y79_w21_h19_20260626_171804\02_invalid_raw_only\mat,92,618,valid_folder,invalid,11,0.00050836,0,Bad
977,D:\LSH\LSH\实验\聚焦信号分类实验\1\ROI_x617_y79_w21_h19_20260626_171804\02_invalid_raw_only\mat\curve_r0092_c0619_idx000276.mat,D:\LSH\LSH\实验\聚焦信号分类实验\1\ROI_x617_y79_w21_h19_20260626_171804\02_invalid_raw_only\mat,92,619,valid_folder,invalid,11,0.000810957,0,Bad
978,D:\LSH\LSH\实验\聚焦信号分类实验\1\ROI_x617_y79_w21_h19_20260626_171804\02_invalid_raw_only\mat\curve_r0092_c0620_idx000277.mat,D:\LSH\LSH\实验\聚焦信号分类实验\1\ROI_x617_y79_w21_h19_20260626_171804\02_invalid_raw_only\mat,92,620,valid_folder,invalid,12,0.001301089,1,Good
979,D:\LSH\LSH\实验\聚焦信号分类实验\1\ROI_x617_y79_w21_h19_20260626_171804\02_invalid_raw_only\mat\curve_r0092_c0628_idx000285.mat,D:\LSH\LSH\实验\聚焦信号分类实验\1\ROI_x617_y79_w21_h19_20260626_171804\02_invalid_raw_only\mat,92,628,valid_folder,invalid,10,0.000986184,0,Bad
980,D:\LSH\LSH\实验\聚焦信号分类实验\1\ROI_x617_y79_w21_h19_20260626_171804\02_invalid_raw_only\mat\curve_r0092_c0629_idx000286.mat,D:\LSH\LSH\实验\聚焦信号分类实验\1\ROI_x617_y79_w21_h19_20260626_171804\02_invalid_raw_only\mat,92,629,valid_folder,invalid,26,0.000531977,0,Bad
981,D:\LSH\LSH\实验\聚焦信号分类实验\1\ROI_x617_y79_w21_h19_20260626_171804\02_invalid_raw_only\mat\curve_r0092_c0630_idx000287.mat,D:\LSH\LSH\实验\聚焦信号分类实验\1\ROI_x617_y79_w21_h19_20260626_171804\02_invalid_raw_only\mat,92,630,valid_folder,invalid,32,0.000712285,0,Bad
982,D:\LSH\LSH\实验\聚焦信号分类实验\1\ROI_x617_y79_w21_h19_20260626_171804\02_invalid_raw_only\mat\curve_r0092_c0631_idx000288.mat,D:\LSH\LSH\实验\聚焦信号分类实验\1\ROI_x617_y79_w21_h19_20260626_171804\02_invalid_raw_only\mat,92,631,valid_folder,invalid,28,0.000594973,0,Bad
983,D:\LSH\LSH\实验\聚焦信号分类实验\1\ROI_x617_y79_w21_h19_20260626_171804\02_invalid_raw_only\mat\curve_r0092_c0632_idx000289.mat,D:\LSH\LSH\实验\聚焦信号分类实验\1\ROI_x617_y79_w21_h19_20260626_171804\02_invalid_raw_only\mat,92,632,valid_folder,invalid,35,0.000761918,0,Bad
984,D:\LSH\LSH\实验\聚焦信号分类实验\1\ROI_x617_y79_w21_h19_20260626_171804\02_invalid_raw_only\mat\curve_r0092_c0633_idx000290.mat,D:\LSH\LSH\实验\聚焦信号分类实验\1\ROI_x617_y79_w21_h19_20260626_171804\02_invalid_raw_only\mat,92,633,valid_folder,invalid,30,0.001005912,0,Bad
985,D:\LSH\LSH\实验\聚焦信号分类实验\1\ROI_x617_y79_w21_h19_20260626_171804\02_invalid_raw_only\mat\curve_r0092_c0634_idx000291.mat,D:\LSH\LSH\实验\聚焦信号分类实验\1\ROI_x617_y79_w21_h19_20260626_171804\02_invalid_raw_only\mat,92,634,valid_folder,invalid,30,0.000911879,0,Bad
986,D:\LSH\LSH\实验\聚焦信号分类实验\1\ROI_x617_y79_w21_h19_20260626_171804\02_invalid_raw_only\mat\curve_r0092_c0635_idx000292.mat,D:\LSH\LSH\实验\聚焦信号分类实验\1\ROI_x617_y79_w21_h19_20260626_171804\02_invalid_raw_only\mat,92,635,valid_folder,invalid,9,0.002248944,1,Good
987,D:\LSH\LSH\实验\聚焦信号分类实验\1\ROI_x617_y79_w21_h19_20260626_171804\02_invalid_raw_only\mat\curve_r0093_c0617_idx000295.mat,D:\LSH\LSH\实验\聚焦信号分类实验\1\ROI_x617_y79_w21_h19_20260626_171804\02_invalid_raw_only\mat,93,617,valid_folder,invalid,17,0.000566565,0,Bad
988,D:\LSH\LSH\实验\聚焦信号分类实验\1\ROI_x617_y79_w21_h19_20260626_171804\02_invalid_raw_only\mat\curve_r0093_c0618_idx000296.mat,D:\LSH\LSH\实验\聚焦信号分类实验\1\ROI_x617_y79_w21_h19_20260626_171804\02_invalid_raw_only\mat,93,618,valid_folder,invalid,11,0.000572195,1,Good
989,D:\LSH\LSH\实验\聚焦信号分类实验\1\ROI_x617_y79_w21_h19_20260626_171804\02_invalid_raw_only\mat\curve_r0093_c0619_idx000297.mat,D:\LSH\LSH\实验\聚焦信号分类实验\1\ROI_x617_y79_w21_h19_20260626_171804\02_invalid_raw_only\mat,93,619,valid_folder,invalid,11,0.000778895,0,Bad
990,D:\LSH\LSH\实验\聚焦信号分类实验\1\ROI_x617_y79_w21_h19_20260626_171804\02_invalid_raw_only\mat\curve_r0093_c0620_idx000298.mat,D:\LSH\LSH\实验\聚焦信号分类实验\1\ROI_x617_y79_w21_h19_20260626_171804\02_invalid_raw_only\mat,93,620,valid_folder,invalid,12,0.00157079,1,Good
991,D:\LSH\LSH\实验\聚焦信号分类实验\1\ROI_x617_y79_w21_h19_20260626_171804\02_invalid_raw_only\mat\curve_r0093_c0628_idx000306.mat,D:\LSH\LSH\实验\聚焦信号分类实验\1\ROI_x617_y79_w21_h19_20260626_171804\02_invalid_raw_only\mat,93,628,valid_folder,invalid,12,0.000988395,0,Bad
992,D:\LSH\LSH\实验\聚焦信号分类实验\1\ROI_x617_y79_w21_h19_20260626_171804\02_invalid_raw_only\mat\curve_r0093_c0629_idx000307.mat,D:\LSH\LSH\实验\聚焦信号分类实验\1\ROI_x617_y79_w21_h19_20260626_171804\02_invalid_raw_only\mat,93,629,valid_folder,invalid,23,0.001052058,0,Bad
993,D:\LSH\LSH\实验\聚焦信号分类实验\1\ROI_x617_y79_w21_h19_20260626_171804\02_invalid_raw_only\mat\curve_r0093_c0630_idx000308.mat,D:\LSH\LSH\实验\聚焦信号分类实验\1\ROI_x617_y79_w21_h19_20260626_171804\02_invalid_raw_only\mat,93,630,valid_folder,invalid,23,0.000895162,0,Bad
994,D:\LSH\LSH\实验\聚焦信号分类实验\1\ROI_x617_y79_w21_h19_20260626_171804\02_invalid_raw_only\mat\curve_r0093_c0631_idx000309.mat,D:\LSH\LSH\实验\聚焦信号分类实验\1\ROI_x617_y79_w21_h19_20260626_171804\02_invalid_raw_only\mat,93,631,valid_folder,invalid,28,0.00070465,0,Bad
995,D:\LSH\LSH\实验\聚焦信号分类实验\1\ROI_x617_y79_w21_h19_20260626_171804\02_invalid_raw_only\mat\curve_r0093_c0632_idx000310.mat,D:\LSH\LSH\实验\聚焦信号分类实验\1\ROI_x617_y79_w21_h19_20260626_171804\02_invalid_raw_only\mat,93,632,valid_folder,invalid,28,0.00084804,0,Bad
996,D:\LSH\LSH\实验\聚焦信号分类实验\1\ROI_x617_y79_w21_h19_20260626_171804\02_invalid_raw_only\mat\curve_r0093_c0633_idx000311.mat,D:\LSH\LSH\实验\聚焦信号分类实验\1\ROI_x617_y79_w21_h19_20260626_171804\02_invalid_raw_only\mat,93,633,valid_folder,invalid,30,0.000667208,0,Bad
997,D:\LSH\LSH\实验\聚焦信号分类实验\1\ROI_x617_y79_w21_h19_20260626_171804\02_invalid_raw_only\mat\curve_r0093_c0634_idx000312.mat,D:\LSH\LSH\实验\聚焦信号分类实验\1\ROI_x617_y79_w21_h19_20260626_171804\02_invalid_raw_only\mat,93,634,valid_folder,invalid,30,0.001031398,0,Bad
998,D:\LSH\LSH\实验\聚焦信号分类实验\1\ROI_x617_y79_w21_h19_20260626_171804\02_invalid_raw_only\mat\curve_r0093_c0635_idx000313.mat,D:\LSH\LSH\实验\聚焦信号分类实验\1\ROI_x617_y79_w21_h19_20260626_171804\02_invalid_raw_only\mat,93,635,valid_folder,invalid,9,0.001127299,0,Bad
999,D:\LSH\LSH\实验\聚焦信号分类实验\1\ROI_x617_y79_w21_h19_20260626_171804\02_invalid_raw_only\mat\curve_r0094_c0618_idx000317.mat,D:\LSH\LSH\实验\聚焦信号分类实验\1\ROI_x617_y79_w21_h19_20260626_171804\02_invalid_raw_only\mat,94,618,valid_folder,invalid,6,0.000529933,0,Bad
1000,D:\LSH\LSH\实验\聚焦信号分类实验\1\ROI_x617_y79_w21_h19_20260626_171804\02_invalid_raw_only\mat\curve_r0094_c0619_idx000318.mat,D:\LSH\LSH\实验\聚焦信号分类实验\1\ROI_x617_y79_w21_h19_20260626_171804\02_invalid_raw_only\mat,94,619,valid_folder,invalid,13,0.00080492,0,Bad
1001,D:\LSH\LSH\实验\聚焦信号分类实验\1\ROI_x617_y79_w21_h19_20260626_171804\02_invalid_raw_only\mat\curve_r0094_c0628_idx000327.mat,D:\LSH\LSH\实验\聚焦信号分类实验\1\ROI_x617_y79_w21_h19_20260626_171804\02_invalid_raw_only\mat,94,628,valid_folder,invalid,11,0.000718209,0,Bad
1002,D:\LSH\LSH\实验\聚焦信号分类实验\1\ROI_x617_y79_w21_h19_20260626_171804\02_invalid_raw_only\mat\curve_r0094_c0629_idx000328.mat,D:\LSH\LSH\实验\聚焦信号分类实验\1\ROI_x617_y79_w21_h19_20260626_171804\02_invalid_raw_only\mat,94,629,valid_folder,invalid,23,0.000961664,0,Bad
1003,D:\LSH\LSH\实验\聚焦信号分类实验\1\ROI_x617_y79_w21_h19_20260626_171804\02_invalid_raw_only\mat\curve_r0094_c0630_idx000329.mat,D:\LSH\LSH\实验\聚焦信号分类实验\1\ROI_x617_y79_w21_h19_20260626_171804\02_invalid_raw_only\mat,94,630,valid_folder,invalid,23,0.000844279,0,Bad
1004,D:\LSH\LSH\实验\聚焦信号分类实验\1\ROI_x617_y79_w21_h19_20260626_171804\02_invalid_raw_only\mat\curve_r0094_c0631_idx000330.mat,D:\LSH\LSH\实验\聚焦信号分类实验\1\ROI_x617_y79_w21_h19_20260626_171804\02_invalid_raw_only\mat,94,631,valid_folder,invalid,12,0.000892592,0,Bad
1005,D:\LSH\LSH\实验\聚焦信号分类实验\1\ROI_x617_y79_w21_h19_20260626_171804\02_invalid_raw_only\mat\curve_r0094_c0632_idx000331.mat,D:\LSH\LSH\实验\聚焦信号分类实验\1\ROI_x617_y79_w21_h19_20260626_171804\02_invalid_raw_only\mat,94,632,valid_folder,invalid,12,0.000691899,0,Bad
1006,D:\LSH\LSH\实验\聚焦信号分类实验\1\ROI_x617_y79_w21_h19_20260626_171804\02_invalid_raw_only\mat\curve_r0094_c0633_idx000332.mat,D:\LSH\LSH\实验\聚焦信号分类实验\1\ROI_x617_y79_w21_h19_20260626_171804\02_invalid_raw_only\mat,94,633,valid_folder,invalid,28,0.000692174,0,Bad
1007,D:\LSH\LSH\实验\聚焦信号分类实验\1\ROI_x617_y79_w21_h19_20260626_171804\02_invalid_raw_only\mat\curve_r0094_c0634_idx000333.mat,D:\LSH\LSH\实验\聚焦信号分类实验\1\ROI_x617_y79_w21_h19_20260626_171804\02_invalid_raw_only\mat,94,634,valid_folder,invalid,29,0.000759627,0,Bad
1008,D:\LSH\LSH\实验\聚焦信号分类实验\1\ROI_x617_y79_w21_h19_20260626_171804\02_invalid_raw_only\mat\curve_r0094_c0635_idx000334.mat,D:\LSH\LSH\实验\聚焦信号分类实验\1\ROI_x617_y79_w21_h19_20260626_171804\02_invalid_raw_only\mat,94,635,valid_folder,invalid,29,0.001029328,0,Bad
1009,D:\LSH\LSH\实验\聚焦信号分类实验\1\ROI_x617_y79_w21_h19_20260626_171804\02_invalid_raw_only\mat\curve_r0094_c0636_idx000335.mat,D:\LSH\LSH\实验\聚焦信号分类实验\1\ROI_x617_y79_w21_h19_20260626_171804\02_invalid_raw_only\mat,94,636,valid_folder,invalid,10,0.001286392,0,Bad
1010,D:\LSH\LSH\实验\聚焦信号分类实验\1\ROI_x617_y79_w21_h19_20260626_171804\02_invalid_raw_only\mat\curve_r0094_c0637_idx000336.mat,D:\LSH\LSH\实验\聚焦信号分类实验\1\ROI_x617_y79_w21_h19_20260626_171804\02_invalid_raw_only\mat,94,637,valid_folder,invalid,10,0.001246504,0,Bad
1011,D:\LSH\LSH\实验\聚焦信号分类实验\1\ROI_x617_y79_w21_h19_20260626_171804\02_invalid_raw_only\mat\curve_r0095_c0618_idx000338.mat,D:\LSH\LSH\实验\聚焦信号分类实验\1\ROI_x617_y79_w21_h19_20260626_171804\02_invalid_raw_only\mat,95,618,valid_folder,invalid,12,0.000600878,0,Bad
1012,D:\LSH\LSH\实验\聚焦信号分类实验\1\ROI_x617_y79_w21_h19_20260626_171804\02_invalid_raw_only\mat\curve_r0095_c0629_idx000349.mat,D:\LSH\LSH\实验\聚焦信号分类实验\1\ROI_x617_y79_w21_h19_20260626_171804\02_invalid_raw_only\mat,95,629,valid_folder,invalid,11,0.000834667,0,Bad
1013,D:\LSH\LSH\实验\聚焦信号分类实验\1\ROI_x617_y79_w21_h19_20260626_171804\02_invalid_raw_only\mat\curve_r0095_c0630_idx000350.mat,D:\LSH\LSH\实验\聚焦信号分类实验\1\ROI_x617_y79_w21_h19_20260626_171804\02_invalid_raw_only\mat,95,630,valid_folder,invalid,11,0.001034536,0,Bad
1014,D:\LSH\LSH\实验\聚焦信号分类实验\1\ROI_x617_y79_w21_h19_20260626_171804\02_invalid_raw_only\mat\curve_r0095_c0631_idx000351.mat,D:\LSH\LSH\实验\聚焦信号分类实验\1\ROI_x617_y79_w21_h19_20260626_171804\02_invalid_raw_only\mat,95,631,valid_folder,invalid,12,0.001004152,0,Bad
1015,D:\LSH\LSH\实验\聚焦信号分类实验\1\ROI_x617_y79_w21_h19_20260626_171804\02_invalid_raw_only\mat\curve_r0095_c0632_idx000352.mat,D:\LSH\LSH\实验\聚焦信号分类实验\1\ROI_x617_y79_w21_h19_20260626_171804\02_invalid_raw_only\mat,95,632,valid_folder,invalid,11,0.001308568,1,Good
1016,D:\LSH\LSH\实验\聚焦信号分类实验\1\ROI_x617_y79_w21_h19_20260626_171804\02_invalid_raw_only\mat\curve_r0095_c0633_idx000353.mat,D:\LSH\LSH\实验\聚焦信号分类实验\1\ROI_x617_y79_w21_h19_20260626_171804\02_invalid_raw_only\mat,95,633,valid_folder,invalid,11,0.001434064,0,Bad
1017,D:\LSH\LSH\实验\聚焦信号分类实验\1\ROI_x617_y79_w21_h19_20260626_171804\02_invalid_raw_only\mat\curve_r0095_c0634_idx000354.mat,D:\LSH\LSH\实验\聚焦信号分类实验\1\ROI_x617_y79_w21_h19_20260626_171804\02_invalid_raw_only\mat,95,634,valid_folder,invalid,10,0.001295739,0,Bad
1018,D:\LSH\LSH\实验\聚焦信号分类实验\1\ROI_x617_y79_w21_h19_20260626_171804\02_invalid_raw_only\mat\curve_r0095_c0635_idx000355.mat,D:\LSH\LSH\实验\聚焦信号分类实验\1\ROI_x617_y79_w21_h19_20260626_171804\02_invalid_raw_only\mat,95,635,valid_folder,invalid,29,0.001045114,0,Bad
1019,D:\LSH\LSH\实验\聚焦信号分类实验\1\ROI_x617_y79_w21_h19_20260626_171804\02_invalid_raw_only\mat\curve_r0095_c0636_idx000356.mat,D:\LSH\LSH\实验\聚焦信号分类实验\1\ROI_x617_y79_w21_h19_20260626_171804\02_invalid_raw_only\mat,95,636,valid_folder,invalid,29,0.001040946,0,Bad
1020,D:\LSH\LSH\实验\聚焦信号分类实验\1\ROI_x617_y79_w21_h19_20260626_171804\02_invalid_raw_only\mat\curve_r0095_c0637_idx000357.mat,D:\LSH\LSH\实验\聚焦信号分类实验\1\ROI_x617_y79_w21_h19_20260626_171804\02_invalid_raw_only\mat,95,637,valid_folder,invalid,28,0.001006535,0,Bad
1021,D:\LSH\LSH\实验\聚焦信号分类实验\1\ROI_x617_y79_w21_h19_20260626_171804\02_invalid_raw_only\mat\curve_r0096_c0618_idx000359.mat,D:\LSH\LSH\实验\聚焦信号分类实验\1\ROI_x617_y79_w21_h19_20260626_171804\02_invalid_raw_only\mat,96,618,valid_folder,invalid,12,0.000796269,1,Good
1022,D:\LSH\LSH\实验\聚焦信号分类实验\1\ROI_x617_y79_w21_h19_20260626_171804\02_invalid_raw_only\mat\curve_r0096_c0619_idx000360.mat,D:\LSH\LSH\实验\聚焦信号分类实验\1\ROI_x617_y79_w21_h19_20260626_171804\02_invalid_raw_only\mat,96,619,valid_folder,invalid,13,0.000880058,1,Good
1023,D:\LSH\LSH\实验\聚焦信号分类实验\1\ROI_x617_y79_w21_h19_20260626_171804\02_invalid_raw_only\mat\curve_r0096_c0628_idx000369.mat,D:\LSH\LSH\实验\聚焦信号分类实验\1\ROI_x617_y79_w21_h19_20260626_171804\02_invalid_raw_only\mat,96,628,valid_folder,invalid,12,0.001115064,1,Good
1024,D:\LSH\LSH\实验\聚焦信号分类实验\1\ROI_x617_y79_w21_h19_20260626_171804\02_invalid_raw_only\mat\curve_r0096_c0629_idx000370.mat,D:\LSH\LSH\实验\聚焦信号分类实验\1\ROI_x617_y79_w21_h19_20260626_171804\02_invalid_raw_only\mat,96,629,valid_folder,invalid,11,0.001192031,1,Good
1025,D:\LSH\LSH\实验\聚焦信号分类实验\1\ROI_x617_y79_w21_h19_20260626_171804\02_invalid_raw_only\mat\curve_r0096_c0630_idx000371.mat,D:\LSH\LSH\实验\聚焦信号分类实验\1\ROI_x617_y79_w21_h19_20260626_171804\02_invalid_raw_only\mat,96,630,valid_folder,invalid,11,0.001615033,1,Good
1026,D:\LSH\LSH\实验\聚焦信号分类实验\1\ROI_x617_y79_w21_h19_20260626_171804\02_invalid_raw_only\mat\curve_r0096_c0635_idx000376.mat,D:\LSH\LSH\实验\聚焦信号分类实验\1\ROI_x617_y79_w21_h19_20260626_171804\02_invalid_raw_only\mat,96,635,valid_folder,invalid,27,0.00079827,0,Bad
1027,D:\LSH\LSH\实验\聚焦信号分类实验\1\ROI_x617_y79_w21_h19_20260626_171804\02_invalid_raw_only\mat\curve_r0096_c0636_idx000377.mat,D:\LSH\LSH\实验\聚焦信号分类实验\1\ROI_x617_y79_w21_h19_20260626_171804\02_invalid_raw_only\mat,96,636,valid_folder,invalid,27,0.000900296,0,Bad
1028,D:\LSH\LSH\实验\聚焦信号分类实验\1\ROI_x617_y79_w21_h19_20260626_171804\02_invalid_raw_only\mat\curve_r0096_c0637_idx000378.mat,D:\LSH\LSH\实验\聚焦信号分类实验\1\ROI_x617_y79_w21_h19_20260626_171804\02_invalid_raw_only\mat,96,637,valid_folder,invalid,28,0.00106244,1,Good
1029,D:\LSH\LSH\实验\聚焦信号分类实验\1\ROI_x617_y79_w21_h19_20260626_171804\02_invalid_raw_only\mat\curve_r0097_c0618_idx000380.mat,D:\LSH\LSH\实验\聚焦信号分类实验\1\ROI_x617_y79_w21_h19_20260626_171804\02_invalid_raw_only\mat,97,618,valid_folder,invalid,14,0.00075542,0,Bad
1030,D:\LSH\LSH\实验\聚焦信号分类实验\1\ROI_x617_y79_w21_h19_20260626_171804\02_invalid_raw_only\mat\curve_r0097_c0619_idx000381.mat,D:\LSH\LSH\实验\聚焦信号分类实验\1\ROI_x617_y79_w21_h19_20260626_171804\02_invalid_raw_only\mat,97,619,valid_folder,invalid,12,0.000756763,0,Bad
1031,D:\LSH\LSH\实验\聚焦信号分类实验\1\ROI_x617_y79_w21_h19_20260626_171804\02_invalid_raw_only\mat\curve_r0097_c0620_idx000382.mat,D:\LSH\LSH\实验\聚焦信号分类实验\1\ROI_x617_y79_w21_h19_20260626_171804\02_invalid_raw_only\mat,97,620,valid_folder,invalid,12,0.000936208,0,Bad
1032,D:\LSH\LSH\实验\聚焦信号分类实验\1\ROI_x617_y79_w21_h19_20260626_171804\02_invalid_raw_only\mat\curve_r0097_c0628_idx000390.mat,D:\LSH\LSH\实验\聚焦信号分类实验\1\ROI_x617_y79_w21_h19_20260626_171804\02_invalid_raw_only\mat,97,628,valid_folder,invalid,12,0.000616732,0,Bad
1033,D:\LSH\LSH\实验\聚焦信号分类实验\1\ROI_x617_y79_w21_h19_20260626_171804\02_invalid_raw_only\mat\curve_r0097_c0635_idx000397.mat,D:\LSH\LSH\实验\聚焦信号分类实验\1\ROI_x617_y79_w21_h19_20260626_171804\02_invalid_raw_only\mat,97,635,valid_folder,invalid,11,0.000964631,0,Bad
1034,D:\LSH\LSH\实验\聚焦信号分类实验\1\ROI_x617_y79_w21_h19_20260626_171804\02_invalid_raw_only\mat\curve_r0097_c0636_idx000398.mat,D:\LSH\LSH\实验\聚焦信号分类实验\1\ROI_x617_y79_w21_h19_20260626_171804\02_invalid_raw_only\mat,97,636,valid_folder,invalid,16,0.000677869,0,Bad
1035,D:\LSH\LSH\实验\聚焦信号分类实验\1\ROI_x617_y79_w21_h19_20260626_171804\02_invalid_raw_only\mat\curve_r0097_c0637_idx000399.mat,D:\LSH\LSH\实验\聚焦信号分类实验\1\ROI_x617_y79_w21_h19_20260626_171804\02_invalid_raw_only\mat,97,637,valid_folder,invalid,28,0.000597607,0,Bad
1036,D:\LSH\LSH\实验\聚焦信号分类实验\1\ROI_x729_y538_w32_h39_20260626_212915\01_valid_raw_and_ifft\mat\curve_r0538_c0729_idx000001.mat,D:\LSH\LSH\实验\聚焦信号分类实验\1\ROI_x729_y538_w32_h39_20260626_212915\01_valid_raw_and_ifft\mat,538,729,valid_folder,valid,31,0.022547838,1,Good
1037,D:\LSH\LSH\实验\聚焦信号分类实验\1\ROI_x729_y538_w32_h39_20260626_212915\01_valid_raw_and_ifft\mat\curve_r0538_c0730_idx000002.mat,D:\LSH\LSH\实验\聚焦信号分类实验\1\ROI_x729_y538_w32_h39_20260626_212915\01_valid_raw_and_ifft\mat,538,730,valid_folder,valid,31,0.024749498,1,Good
1038,D:\LSH\LSH\实验\聚焦信号分类实验\1\ROI_x729_y538_w32_h39_20260626_212915\01_valid_raw_and_ifft\mat\curve_r0538_c0731_idx000003.mat,D:\LSH\LSH\实验\聚焦信号分类实验\1\ROI_x729_y538_w32_h39_20260626_212915\01_valid_raw_and_ifft\mat,538,731,valid_folder,valid,31,0.016898818,1,Good
1039,D:\LSH\LSH\实验\聚焦信号分类实验\1\ROI_x729_y538_w32_h39_20260626_212915\01_valid_raw_and_ifft\mat\curve_r0538_c0732_idx000004.mat,D:\LSH\LSH\实验\聚焦信号分类实验\1\ROI_x729_y538_w32_h39_20260626_212915\01_valid_raw_and_ifft\mat,538,732,valid_folder,valid,31,0.018508143,1,Good
1040,D:\LSH\LSH\实验\聚焦信号分类实验\1\ROI_x729_y538_w32_h39_20260626_212915\01_valid_raw_and_ifft\mat\curve_r0538_c0733_idx000005.mat,D:\LSH\LSH\实验\聚焦信号分类实验\1\ROI_x729_y538_w32_h39_20260626_212915\01_valid_raw_and_ifft\mat,538,733,valid_folder,valid,31,0.026893934,1,Good
1041,D:\LSH\LSH\实验\聚焦信号分类实验\1\ROI_x729_y538_w32_h39_20260626_212915\01_valid_raw_and_ifft\mat\curve_r0538_c0734_idx000006.mat,D:\LSH\LSH\实验\聚焦信号分类实验\1\ROI_x729_y538_w32_h39_20260626_212915\01_valid_raw_and_ifft\mat,538,734,valid_folder,valid,31,0.02845371,1,Good
1042,D:\LSH\LSH\实验\聚焦信号分类实验\1\ROI_x729_y538_w32_h39_20260626_212915\01_valid_raw_and_ifft\mat\curve_r0538_c0735_idx000007.mat,D:\LSH\LSH\实验\聚焦信号分类实验\1\ROI_x729_y538_w32_h39_20260626_212915\01_valid_raw_and_ifft\mat,538,735,valid_folder,valid,30,0.029906845,1,Good
1043,D:\LSH\LSH\实验\聚焦信号分类实验\1\ROI_x729_y538_w32_h39_20260626_212915\01_valid_raw_and_ifft\mat\curve_r0538_c0736_idx000008.mat,D:\LSH\LSH\实验\聚焦信号分类实验\1\ROI_x729_y538_w32_h39_20260626_212915\01_valid_raw_and_ifft\mat,538,736,valid_folder,valid,30,0.056921779,1,Good
1044,D:\LSH\LSH\实验\聚焦信号分类实验\1\ROI_x729_y538_w32_h39_20260626_212915\01_valid_raw_and_ifft\mat\curve_r0538_c0737_idx000009.mat,D:\LSH\LSH\实验\聚焦信号分类实验\1\ROI_x729_y538_w32_h39_20260626_212915\01_valid_raw_and_ifft\mat,538,737,valid_folder,valid,30,0.074397666,1,Good
1045,D:\LSH\LSH\实验\聚焦信号分类实验\1\ROI_x729_y538_w32_h39_20260626_212915\01_valid_raw_and_ifft\mat\curve_r0538_c0738_idx000010.mat,D:\LSH\LSH\实验\聚焦信号分类实验\1\ROI_x729_y538_w32_h39_20260626_212915\01_valid_raw_and_ifft\mat,538,738,valid_folder,valid,30,0.05608588,1,Good
1046,D:\LSH\LSH\实验\聚焦信号分类实验\1\ROI_x729_y538_w32_h39_20260626_212915\01_valid_raw_and_ifft\mat\curve_r0538_c0739_idx000011.mat,D:\LSH\LSH\实验\聚焦信号分类实验\1\ROI_x729_y538_w32_h39_20260626_212915\01_valid_raw_and_ifft\mat,538,739,valid_folder,valid,30,0.028192071,1,Good
1047,D:\LSH\LSH\实验\聚焦信号分类实验\1\ROI_x729_y538_w32_h39_20260626_212915\01_valid_raw_and_ifft\mat\curve_r0538_c0740_idx000012.mat,D:\LSH\LSH\实验\聚焦信号分类实验\1\ROI_x729_y538_w32_h39_20260626_212915\01_valid_raw_and_ifft\mat,538,740,valid_folder,valid,30,0.014956899,1,Good
1048,D:\LSH\LSH\实验\聚焦信号分类实验\1\ROI_x729_y538_w32_h39_20260626_212915\01_valid_raw_and_ifft\mat\curve_r0538_c0741_idx000013.mat,D:\LSH\LSH\实验\聚焦信号分类实验\1\ROI_x729_y538_w32_h39_20260626_212915\01_valid_raw_and_ifft\mat,538,741,valid_folder,valid,29,0.007159835,1,Good
1049,D:\LSH\LSH\实验\聚焦信号分类实验\1\ROI_x729_y538_w32_h39_20260626_212915\01_valid_raw_and_ifft\mat\curve_r0538_c0742_idx000014.mat,D:\LSH\LSH\实验\聚焦信号分类实验\1\ROI_x729_y538_w32_h39_20260626_212915\01_valid_raw_and_ifft\mat,538,742,valid_folder,valid,30,0.024131304,1,Good
1050,D:\LSH\LSH\实验\聚焦信号分类实验\1\ROI_x729_y538_w32_h39_20260626_212915\01_valid_raw_and_ifft\mat\curve_r0538_c0743_idx000015.mat,D:\LSH\LSH\实验\聚焦信号分类实验\1\ROI_x729_y538_w32_h39_20260626_212915\01_valid_raw_and_ifft\mat,538,743,valid_folder,valid,30,0.059010482,1,Good
1051,D:\LSH\LSH\实验\聚焦信号分类实验\1\ROI_x729_y538_w32_h39_20260626_212915\01_valid_raw_and_ifft\mat\curve_r0538_c0744_idx000016.mat,D:\LSH\LSH\实验\聚焦信号分类实验\1\ROI_x729_y538_w32_h39_20260626_212915\01_valid_raw_and_ifft\mat,538,744,valid_folder,valid,30,0.069611134,1,Good
1052,D:\LSH\LSH\实验\聚焦信号分类实验\1\ROI_x729_y538_w32_h39_20260626_212915\01_valid_raw_and_ifft\mat\curve_r0538_c0745_idx000017.mat,D:\LSH\LSH\实验\聚焦信号分类实验\1\ROI_x729_y538_w32_h39_20260626_212915\01_valid_raw_and_ifft\mat,538,745,valid_folder,valid,30,0.039968669,1,Good
1053,D:\LSH\LSH\实验\聚焦信号分类实验\1\ROI_x729_y538_w32_h39_20260626_212915\01_valid_raw_and_ifft\mat\curve_r0538_c0746_idx000018.mat,D:\LSH\LSH\实验\聚焦信号分类实验\1\ROI_x729_y538_w32_h39_20260626_212915\01_valid_raw_and_ifft\mat,538,746,valid_folder,valid,28,0.012516144,1,Good
1054,D:\LSH\LSH\实验\聚焦信号分类实验\1\ROI_x729_y538_w32_h39_20260626_212915\01_valid_raw_and_ifft\mat\curve_r0538_c0747_idx000019.mat,D:\LSH\LSH\实验\聚焦信号分类实验\1\ROI_x729_y538_w32_h39_20260626_212915\01_valid_raw_and_ifft\mat,538,747,valid_folder,valid,28,0.010712525,1,Good
1055,D:\LSH\LSH\实验\聚焦信号分类实验\1\ROI_x729_y538_w32_h39_20260626_212915\01_valid_raw_and_ifft\mat\curve_r0538_c0748_idx000020.mat,D:\LSH\LSH\实验\聚焦信号分类实验\1\ROI_x729_y538_w32_h39_20260626_212915\01_valid_raw_and_ifft\mat,538,748,valid_folder,valid,28,0.012975362,1,Good
1056,D:\LSH\LSH\实验\聚焦信号分类实验\1\ROI_x729_y538_w32_h39_20260626_212915\01_valid_raw_and_ifft\mat\curve_r0538_c0749_idx000021.mat,D:\LSH\LSH\实验\聚焦信号分类实验\1\ROI_x729_y538_w32_h39_20260626_212915\01_valid_raw_and_ifft\mat,538,749,valid_folder,valid,29,0.007381668,1,Good
1057,D:\LSH\LSH\实验\聚焦信号分类实验\1\ROI_x729_y538_w32_h39_20260626_212915\01_valid_raw_and_ifft\mat\curve_r0538_c0750_idx000022.mat,D:\LSH\LSH\实验\聚焦信号分类实验\1\ROI_x729_y538_w32_h39_20260626_212915\01_valid_raw_and_ifft\mat,538,750,valid_folder,valid,29,0.004697124,1,Good
1058,D:\LSH\LSH\实验\聚焦信号分类实验\1\ROI_x729_y538_w32_h39_20260626_212915\01_valid_raw_and_ifft\mat\curve_r0538_c0751_idx000023.mat,D:\LSH\LSH\实验\聚焦信号分类实验\1\ROI_x729_y538_w32_h39_20260626_212915\01_valid_raw_and_ifft\mat,538,751,valid_folder,valid,28,0.009059521,1,Good
1059,D:\LSH\LSH\实验\聚焦信号分类实验\1\ROI_x729_y538_w32_h39_20260626_212915\01_valid_raw_and_ifft\mat\curve_r0538_c0752_idx000024.mat,D:\LSH\LSH\实验\聚焦信号分类实验\1\ROI_x729_y538_w32_h39_20260626_212915\01_valid_raw_and_ifft\mat,538,752,valid_folder,valid,28,0.039614027,1,Good
1060,D:\LSH\LSH\实验\聚焦信号分类实验\1\ROI_x729_y538_w32_h39_20260626_212915\01_valid_raw_and_ifft\mat\curve_r0538_c0753_idx000025.mat,D:\LSH\LSH\实验\聚焦信号分类实验\1\ROI_x729_y538_w32_h39_20260626_212915\01_valid_raw_and_ifft\mat,538,753,valid_folder,valid,28,0.048112878,1,Good
1061,D:\LSH\LSH\实验\聚焦信号分类实验\1\ROI_x729_y538_w32_h39_20260626_212915\01_valid_raw_and_ifft\mat\curve_r0538_c0754_idx000026.mat,D:\LSH\LSH\实验\聚焦信号分类实验\1\ROI_x729_y538_w32_h39_20260626_212915\01_valid_raw_and_ifft\mat,538,754,valid_folder,valid,28,0.032687614,1,Good
1062,D:\LSH\LSH\实验\聚焦信号分类实验\1\ROI_x729_y538_w32_h39_20260626_212915\01_valid_raw_and_ifft\mat\curve_r0538_c0755_idx000027.mat,D:\LSH\LSH\实验\聚焦信号分类实验\1\ROI_x729_y538_w32_h39_20260626_212915\01_valid_raw_and_ifft\mat,538,755,valid_folder,valid,27,0.015983673,1,Good
1063,D:\LSH\LSH\实验\聚焦信号分类实验\1\ROI_x729_y538_w32_h39_20260626_212915\01_valid_raw_and_ifft\mat\curve_r0538_c0756_idx000028.mat,D:\LSH\LSH\实验\聚焦信号分类实验\1\ROI_x729_y538_w32_h39_20260626_212915\01_valid_raw_and_ifft\mat,538,756,valid_folder,valid,28,0.007637251,1,Good
1064,D:\LSH\LSH\实验\聚焦信号分类实验\1\ROI_x729_y538_w32_h39_20260626_212915\01_valid_raw_and_ifft\mat\curve_r0538_c0757_idx000029.mat,D:\LSH\LSH\实验\聚焦信号分类实验\1\ROI_x729_y538_w32_h39_20260626_212915\01_valid_raw_and_ifft\mat,538,757,valid_folder,valid,27,0.013165227,1,Good
1065,D:\LSH\LSH\实验\聚焦信号分类实验\1\ROI_x729_y538_w32_h39_20260626_212915\01_valid_raw_and_ifft\mat\curve_r0538_c0758_idx000030.mat,D:\LSH\LSH\实验\聚焦信号分类实验\1\ROI_x729_y538_w32_h39_20260626_212915\01_valid_raw_and_ifft\mat,538,758,valid_folder,valid,27,0.021686949,1,Good
1066,D:\LSH\LSH\实验\聚焦信号分类实验\1\ROI_x729_y538_w32_h39_20260626_212915\01_valid_raw_and_ifft\mat\curve_r0538_c0759_idx000031.mat,D:\LSH\LSH\实验\聚焦信号分类实验\1\ROI_x729_y538_w32_h39_20260626_212915\01_valid_raw_and_ifft\mat,538,759,valid_folder,valid,27,0.023404264,1,Good
1067,D:\LSH\LSH\实验\聚焦信号分类实验\1\ROI_x729_y538_w32_h39_20260626_212915\01_valid_raw_and_ifft\mat\curve_r0538_c0760_idx000032.mat,D:\LSH\LSH\实验\聚焦信号分类实验\1\ROI_x729_y538_w32_h39_20260626_212915\01_valid_raw_and_ifft\mat,538,760,valid_folder,valid,26,0.025193872,1,Good
1068,D:\LSH\LSH\实验\聚焦信号分类实验\1\ROI_x729_y538_w32_h39_20260626_212915\01_valid_raw_and_ifft\mat\curve_r0539_c0729_idx000033.mat,D:\LSH\LSH\实验\聚焦信号分类实验\1\ROI_x729_y538_w32_h39_20260626_212915\01_valid_raw_and_ifft\mat,539,729,valid_folder,valid,31,0.021256875,1,Good
1069,D:\LSH\LSH\实验\聚焦信号分类实验\1\ROI_x729_y538_w32_h39_20260626_212915\01_valid_raw_and_ifft\mat\curve_r0539_c0730_idx000034.mat,D:\LSH\LSH\实验\聚焦信号分类实验\1\ROI_x729_y538_w32_h39_20260626_212915\01_valid_raw_and_ifft\mat,539,730,valid_folder,valid,31,0.025020136,1,Good
1070,D:\LSH\LSH\实验\聚焦信号分类实验\1\ROI_x729_y538_w32_h39_20260626_212915\01_valid_raw_and_ifft\mat\curve_r0539_c0731_idx000035.mat,D:\LSH\LSH\实验\聚焦信号分类实验\1\ROI_x729_y538_w32_h39_20260626_212915\01_valid_raw_and_ifft\mat,539,731,valid_folder,valid,30,0.027971944,1,Good
1071,D:\LSH\LSH\实验\聚焦信号分类实验\1\ROI_x729_y538_w32_h39_20260626_212915\01_valid_raw_and_ifft\mat\curve_r0539_c0732_idx000036.mat,D:\LSH\LSH\实验\聚焦信号分类实验\1\ROI_x729_y538_w32_h39_20260626_212915\01_valid_raw_and_ifft\mat,539,732,valid_folder,valid,30,0.038351007,1,Good
1072,D:\LSH\LSH\实验\聚焦信号分类实验\1\ROI_x729_y538_w32_h39_20260626_212915\01_valid_raw_and_ifft\mat\curve_r0539_c0733_idx000037.mat,D:\LSH\LSH\实验\聚焦信号分类实验\1\ROI_x729_y538_w32_h39_20260626_212915\01_valid_raw_and_ifft\mat,539,733,valid_folder,valid,31,0.057985449,1,Good
1073,D:\LSH\LSH\实验\聚焦信号分类实验\1\ROI_x729_y538_w32_h39_20260626_212915\01_valid_raw_and_ifft\mat\curve_r0539_c0734_idx000038.mat,D:\LSH\LSH\实验\聚焦信号分类实验\1\ROI_x729_y538_w32_h39_20260626_212915\01_valid_raw_and_ifft\mat,539,734,valid_folder,valid,30,0.060422748,1,Good
1074,D:\LSH\LSH\实验\聚焦信号分类实验\1\ROI_x729_y538_w32_h39_20260626_212915\01_valid_raw_and_ifft\mat\curve_r0539_c0735_idx000039.mat,D:\LSH\LSH\实验\聚焦信号分类实验\1\ROI_x729_y538_w32_h39_20260626_212915\01_valid_raw_and_ifft\mat,539,735,valid_folder,valid,30,0.04362393,1,Good
1075,D:\LSH\LSH\实验\聚焦信号分类实验\1\ROI_x729_y538_w32_h39_20260626_212915\01_valid_raw_and_ifft\mat\curve_r0539_c0736_idx000040.mat,D:\LSH\LSH\实验\聚焦信号分类实验\1\ROI_x729_y538_w32_h39_20260626_212915\01_valid_raw_and_ifft\mat,539,736,valid_folder,valid,30,0.041917404,1,Good
1076,D:\LSH\LSH\实验\聚焦信号分类实验\1\ROI_x729_y538_w32_h39_20260626_212915\01_valid_raw_and_ifft\mat\curve_r0539_c0737_idx000041.mat,D:\LSH\LSH\实验\聚焦信号分类实验\1\ROI_x729_y538_w32_h39_20260626_212915\01_valid_raw_and_ifft\mat,539,737,valid_folder,valid,30,0.036729476,1,Good
1077,D:\LSH\LSH\实验\聚焦信号分类实验\1\ROI_x729_y538_w32_h39_20260626_212915\01_valid_raw_and_ifft\mat\curve_r0539_c0738_idx000042.mat,D:\LSH\LSH\实验\聚焦信号分类实验\1\ROI_x729_y538_w32_h39_20260626_212915\01_valid_raw_and_ifft\mat,539,738,valid_folder,valid,30,0.031691608,1,Good
1078,D:\LSH\LSH\实验\聚焦信号分类实验\1\ROI_x729_y538_w32_h39_20260626_212915\01_valid_raw_and_ifft\mat\curve_r0539_c0739_idx000043.mat,D:\LSH\LSH\实验\聚焦信号分类实验\1\ROI_x729_y538_w32_h39_20260626_212915\01_valid_raw_and_ifft\mat,539,739,valid_folder,valid,30,0.017989573,1,Good
1079,D:\LSH\LSH\实验\聚焦信号分类实验\1\ROI_x729_y538_w32_h39_20260626_212915\01_valid_raw_and_ifft\mat\curve_r0539_c0740_idx000044.mat,D:\LSH\LSH\实验\聚焦信号分类实验\1\ROI_x729_y538_w32_h39_20260626_212915\01_valid_raw_and_ifft\mat,539,740,valid_folder,valid,30,0.018225776,1,Good
1080,D:\LSH\LSH\实验\聚焦信号分类实验\1\ROI_x729_y538_w32_h39_20260626_212915\01_valid_raw_and_ifft\mat\curve_r0539_c0741_idx000045.mat,D:\LSH\LSH\实验\聚焦信号分类实验\1\ROI_x729_y538_w32_h39_20260626_212915\01_valid_raw_and_ifft\mat,539,741,valid_folder,valid,29,0.008190173,1,Good
1081,D:\LSH\LSH\实验\聚焦信号分类实验\1\ROI_x729_y538_w32_h39_20260626_212915\01_valid_raw_and_ifft\mat\curve_r0539_c0742_idx000046.mat,D:\LSH\LSH\实验\聚焦信号分类实验\1\ROI_x729_y538_w32_h39_20260626_212915\01_valid_raw_and_ifft\mat,539,742,valid_folder,valid,28,0.008090962,1,Good
1082,D:\LSH\LSH\实验\聚焦信号分类实验\1\ROI_x729_y538_w32_h39_20260626_212915\01_valid_raw_and_ifft\mat\curve_r0539_c0743_idx000047.mat,D:\LSH\LSH\实验\聚焦信号分类实验\1\ROI_x729_y538_w32_h39_20260626_212915\01_valid_raw_and_ifft\mat,539,743,valid_folder,valid,30,0.047082514,1,Good
1083,D:\LSH\LSH\实验\聚焦信号分类实验\1\ROI_x729_y538_w32_h39_20260626_212915\01_valid_raw_and_ifft\mat\curve_r0539_c0744_idx000048.mat,D:\LSH\LSH\实验\聚焦信号分类实验\1\ROI_x729_y538_w32_h39_20260626_212915\01_valid_raw_and_ifft\mat,539,744,valid_folder,valid,30,0.060820161,1,Good
1084,D:\LSH\LSH\实验\聚焦信号分类实验\1\ROI_x729_y538_w32_h39_20260626_212915\01_valid_raw_and_ifft\mat\curve_r0539_c0745_idx000049.mat,D:\LSH\LSH\实验\聚焦信号分类实验\1\ROI_x729_y538_w32_h39_20260626_212915\01_valid_raw_and_ifft\mat,539,745,valid_folder,valid,30,0.033645762,1,Good
1085,D:\LSH\LSH\实验\聚焦信号分类实验\1\ROI_x729_y538_w32_h39_20260626_212915\01_valid_raw_and_ifft\mat\curve_r0539_c0746_idx000050.mat,D:\LSH\LSH\实验\聚焦信号分类实验\1\ROI_x729_y538_w32_h39_20260626_212915\01_valid_raw_and_ifft\mat,539,746,valid_folder,valid,28,0.017376676,1,Good
1086,D:\LSH\LSH\实验\聚焦信号分类实验\1\ROI_x729_y538_w32_h39_20260626_212915\01_valid_raw_and_ifft\mat\curve_r0539_c0747_idx000051.mat,D:\LSH\LSH\实验\聚焦信号分类实验\1\ROI_x729_y538_w32_h39_20260626_212915\01_valid_raw_and_ifft\mat,539,747,valid_folder,valid,29,0.014237018,1,Good
1087,D:\LSH\LSH\实验\聚焦信号分类实验\1\ROI_x729_y538_w32_h39_20260626_212915\01_valid_raw_and_ifft\mat\curve_r0539_c0748_idx000052.mat,D:\LSH\LSH\实验\聚焦信号分类实验\1\ROI_x729_y538_w32_h39_20260626_212915\01_valid_raw_and_ifft\mat,539,748,valid_folder,valid,29,0.013230944,1,Good
1088,D:\LSH\LSH\实验\聚焦信号分类实验\1\ROI_x729_y538_w32_h39_20260626_212915\01_valid_raw_and_ifft\mat\curve_r0539_c0749_idx000053.mat,D:\LSH\LSH\实验\聚焦信号分类实验\1\ROI_x729_y538_w32_h39_20260626_212915\01_valid_raw_and_ifft\mat,539,749,valid_folder,valid,29,0.005493864,1,Good
1089,D:\LSH\LSH\实验\聚焦信号分类实验\1\ROI_x729_y538_w32_h39_20260626_212915\01_valid_raw_and_ifft\mat\curve_r0539_c0750_idx000054.mat,D:\LSH\LSH\实验\聚焦信号分类实验\1\ROI_x729_y538_w32_h39_20260626_212915\01_valid_raw_and_ifft\mat,539,750,valid_folder,valid,29,0.006740397,1,Good
1090,D:\LSH\LSH\实验\聚焦信号分类实验\1\ROI_x729_y538_w32_h39_20260626_212915\01_valid_raw_and_ifft\mat\curve_r0539_c0751_idx000055.mat,D:\LSH\LSH\实验\聚焦信号分类实验\1\ROI_x729_y538_w32_h39_20260626_212915\01_valid_raw_and_ifft\mat,539,751,valid_folder,valid,28,0.019663591,1,Good
1091,D:\LSH\LSH\实验\聚焦信号分类实验\1\ROI_x729_y538_w32_h39_20260626_212915\01_valid_raw_and_ifft\mat\curve_r0539_c0752_idx000056.mat,D:\LSH\LSH\实验\聚焦信号分类实验\1\ROI_x729_y538_w32_h39_20260626_212915\01_valid_raw_and_ifft\mat,539,752,valid_folder,valid,28,0.054912985,1,Good
1092,D:\LSH\LSH\实验\聚焦信号分类实验\1\ROI_x729_y538_w32_h39_20260626_212915\01_valid_raw_and_ifft\mat\curve_r0539_c0753_idx000057.mat,D:\LSH\LSH\实验\聚焦信号分类实验\1\ROI_x729_y538_w32_h39_20260626_212915\01_valid_raw_and_ifft\mat,539,753,valid_folder,valid,28,0.064101371,1,Good
1093,D:\LSH\LSH\实验\聚焦信号分类实验\1\ROI_x729_y538_w32_h39_20260626_212915\01_valid_raw_and_ifft\mat\curve_r0539_c0754_idx000058.mat,D:\LSH\LSH\实验\聚焦信号分类实验\1\ROI_x729_y538_w32_h39_20260626_212915\01_valid_raw_and_ifft\mat,539,754,valid_folder,valid,28,0.04048742,1,Good
1094,D:\LSH\LSH\实验\聚焦信号分类实验\1\ROI_x729_y538_w32_h39_20260626_212915\01_valid_raw_and_ifft\mat\curve_r0539_c0755_idx000059.mat,D:\LSH\LSH\实验\聚焦信号分类实验\1\ROI_x729_y538_w32_h39_20260626_212915\01_valid_raw_and_ifft\mat,539,755,valid_folder,valid,28,0.018477386,1,Good
1095,D:\LSH\LSH\实验\聚焦信号分类实验\1\ROI_x729_y538_w32_h39_20260626_212915\01_valid_raw_and_ifft\mat\curve_r0539_c0756_idx000060.mat,D:\LSH\LSH\实验\聚焦信号分类实验\1\ROI_x729_y538_w32_h39_20260626_212915\01_valid_raw_and_ifft\mat,539,756,valid_folder,valid,28,0.00918515,1,Good
1096,D:\LSH\LSH\实验\聚焦信号分类实验\1\ROI_x729_y538_w32_h39_20260626_212915\01_valid_raw_and_ifft\mat\curve_r0539_c0757_idx000061.mat,D:\LSH\LSH\实验\聚焦信号分类实验\1\ROI_x729_y538_w32_h39_20260626_212915\01_valid_raw_and_ifft\mat,539,757,valid_folder,valid,27,0.012192946,1,Good
1097,D:\LSH\LSH\实验\聚焦信号分类实验\1\ROI_x729_y538_w32_h39_20260626_212915\01_valid_raw_and_ifft\mat\curve_r0539_c0758_idx000062.mat,D:\LSH\LSH\实验\聚焦信号分类实验\1\ROI_x729_y538_w32_h39_20260626_212915\01_valid_raw_and_ifft\mat,539,758,valid_folder,valid,27,0.01870688,1,Good
1098,D:\LSH\LSH\实验\聚焦信号分类实验\1\ROI_x729_y538_w32_h39_20260626_212915\01_valid_raw_and_ifft\mat\curve_r0539_c0759_idx000063.mat,D:\LSH\LSH\实验\聚焦信号分类实验\1\ROI_x729_y538_w32_h39_20260626_212915\01_valid_raw_and_ifft\mat,539,759,valid_folder,valid,27,0.020623102,1,Good
1099,D:\LSH\LSH\实验\聚焦信号分类实验\1\ROI_x729_y538_w32_h39_20260626_212915\01_valid_raw_and_ifft\mat\curve_r0539_c0760_idx000064.mat,D:\LSH\LSH\实验\聚焦信号分类实验\1\ROI_x729_y538_w32_h39_20260626_212915\01_valid_raw_and_ifft\mat,539,760,valid_folder,valid,26,0.027080342,1,Good
1100,D:\LSH\LSH\实验\聚焦信号分类实验\1\ROI_x729_y538_w32_h39_20260626_212915\01_valid_raw_and_ifft\mat\curve_r0540_c0729_idx000065.mat,D:\LSH\LSH\实验\聚焦信号分类实验\1\ROI_x729_y538_w32_h39_20260626_212915\01_valid_raw_and_ifft\mat,540,729,valid_folder,valid,31,0.018332451,1,Good
1101,D:\LSH\LSH\实验\聚焦信号分类实验\1\ROI_x729_y538_w32_h39_20260626_212915\01_valid_raw_and_ifft\mat\curve_r0540_c0730_idx000066.mat,D:\LSH\LSH\实验\聚焦信号分类实验\1\ROI_x729_y538_w32_h39_20260626_212915\01_valid_raw_and_ifft\mat,540,730,valid_folder,valid,30,0.013517691,1,Good
1102,D:\LSH\LSH\实验\聚焦信号分类实验\1\ROI_x729_y538_w32_h39_20260626_212915\01_valid_raw_and_ifft\mat\curve_r0540_c0731_idx000067.mat,D:\LSH\LSH\实验\聚焦信号分类实验\1\ROI_x729_y538_w32_h39_20260626_212915\01_valid_raw_and_ifft\mat,540,731,valid_folder,valid,30,0.024978658,1,Good
1103,D:\LSH\LSH\实验\聚焦信号分类实验\1\ROI_x729_y538_w32_h39_20260626_212915\01_valid_raw_and_ifft\mat\curve_r0540_c0732_idx000068.mat,D:\LSH\LSH\实验\聚焦信号分类实验\1\ROI_x729_y538_w32_h39_20260626_212915\01_valid_raw_and_ifft\mat,540,732,valid_folder,valid,30,0.041645516,1,Good
1104,D:\LSH\LSH\实验\聚焦信号分类实验\1\ROI_x729_y538_w32_h39_20260626_212915\01_valid_raw_and_ifft\mat\curve_r0540_c0733_idx000069.mat,D:\LSH\LSH\实验\聚焦信号分类实验\1\ROI_x729_y538_w32_h39_20260626_212915\01_valid_raw_and_ifft\mat,540,733,valid_folder,valid,30,0.062742161,1,Good
1105,D:\LSH\LSH\实验\聚焦信号分类实验\1\ROI_x729_y538_w32_h39_20260626_212915\01_valid_raw_and_ifft\mat\curve_r0540_c0734_idx000070.mat,D:\LSH\LSH\实验\聚焦信号分类实验\1\ROI_x729_y538_w32_h39_20260626_212915\01_valid_raw_and_ifft\mat,540,734,valid_folder,valid,30,0.072418717,1,Good
1106,D:\LSH\LSH\实验\聚焦信号分类实验\1\ROI_x729_y538_w32_h39_20260626_212915\01_valid_raw_and_ifft\mat\curve_r0540_c0735_idx000071.mat,D:\LSH\LSH\实验\聚焦信号分类实验\1\ROI_x729_y538_w32_h39_20260626_212915\01_valid_raw_and_ifft\mat,540,735,valid_folder,valid,30,0.051668535,1,Good
1107,D:\LSH\LSH\实验\聚焦信号分类实验\1\ROI_x729_y538_w32_h39_20260626_212915\01_valid_raw_and_ifft\mat\curve_r0540_c0736_idx000072.mat,D:\LSH\LSH\实验\聚焦信号分类实验\1\ROI_x729_y538_w32_h39_20260626_212915\01_valid_raw_and_ifft\mat,540,736,valid_folder,valid,30,0.04121044,1,Good
1108,D:\LSH\LSH\实验\聚焦信号分类实验\1\ROI_x729_y538_w32_h39_20260626_212915\01_valid_raw_and_ifft\mat\curve_r0540_c0737_idx000073.mat,D:\LSH\LSH\实验\聚焦信号分类实验\1\ROI_x729_y538_w32_h39_20260626_212915\01_valid_raw_and_ifft\mat,540,737,valid_folder,valid,30,0.029322263,1,Good
1109,D:\LSH\LSH\实验\聚焦信号分类实验\1\ROI_x729_y538_w32_h39_20260626_212915\01_valid_raw_and_ifft\mat\curve_r0540_c0738_idx000074.mat,D:\LSH\LSH\实验\聚焦信号分类实验\1\ROI_x729_y538_w32_h39_20260626_212915\01_valid_raw_and_ifft\mat,540,738,valid_folder,valid,30,0.029205883,1,Good
1110,D:\LSH\LSH\实验\聚焦信号分类实验\1\ROI_x729_y538_w32_h39_20260626_212915\01_valid_raw_and_ifft\mat\curve_r0540_c0739_idx000075.mat,D:\LSH\LSH\实验\聚焦信号分类实验\1\ROI_x729_y538_w32_h39_20260626_212915\01_valid_raw_and_ifft\mat,540,739,valid_folder,valid,30,0.034287597,1,Good
1111,D:\LSH\LSH\实验\聚焦信号分类实验\1\ROI_x729_y538_w32_h39_20260626_212915\01_valid_raw_and_ifft\mat\curve_r0540_c0740_idx000076.mat,D:\LSH\LSH\实验\聚焦信号分类实验\1\ROI_x729_y538_w32_h39_20260626_212915\01_valid_raw_and_ifft\mat,540,740,valid_folder,valid,30,0.035555359,1,Good
1112,D:\LSH\LSH\实验\聚焦信号分类实验\1\ROI_x729_y538_w32_h39_20260626_212915\01_valid_raw_and_ifft\mat\curve_r0540_c0741_idx000077.mat,D:\LSH\LSH\实验\聚焦信号分类实验\1\ROI_x729_y538_w32_h39_20260626_212915\01_valid_raw_and_ifft\mat,540,741,valid_folder,valid,29,0.029634633,1,Good
1113,D:\LSH\LSH\实验\聚焦信号分类实验\1\ROI_x729_y538_w32_h39_20260626_212915\01_valid_raw_and_ifft\mat\curve_r0540_c0742_idx000078.mat,D:\LSH\LSH\实验\聚焦信号分类实验\1\ROI_x729_y538_w32_h39_20260626_212915\01_valid_raw_and_ifft\mat,540,742,valid_folder,valid,29,0.012059569,1,Good
1114,D:\LSH\LSH\实验\聚焦信号分类实验\1\ROI_x729_y538_w32_h39_20260626_212915\01_valid_raw_and_ifft\mat\curve_r0540_c0743_idx000079.mat,D:\LSH\LSH\实验\聚焦信号分类实验\1\ROI_x729_y538_w32_h39_20260626_212915\01_valid_raw_and_ifft\mat,540,743,valid_folder,valid,29,0.013940213,1,Good
1115,D:\LSH\LSH\实验\聚焦信号分类实验\1\ROI_x729_y538_w32_h39_20260626_212915\01_valid_raw_and_ifft\mat\curve_r0540_c0744_idx000080.mat,D:\LSH\LSH\实验\聚焦信号分类实验\1\ROI_x729_y538_w32_h39_20260626_212915\01_valid_raw_and_ifft\mat,540,744,valid_folder,valid,29,0.014395964,1,Good
1116,D:\LSH\LSH\实验\聚焦信号分类实验\1\ROI_x729_y538_w32_h39_20260626_212915\01_valid_raw_and_ifft\mat\curve_r0540_c0745_idx000081.mat,D:\LSH\LSH\实验\聚焦信号分类实验\1\ROI_x729_y538_w32_h39_20260626_212915\01_valid_raw_and_ifft\mat,540,745,valid_folder,valid,29,0.019406552,1,Good
1117,D:\LSH\LSH\实验\聚焦信号分类实验\1\ROI_x729_y538_w32_h39_20260626_212915\01_valid_raw_and_ifft\mat\curve_r0540_c0746_idx000082.mat,D:\LSH\LSH\实验\聚焦信号分类实验\1\ROI_x729_y538_w32_h39_20260626_212915\01_valid_raw_and_ifft\mat,540,746,valid_folder,valid,29,0.017126664,1,Good
1118,D:\LSH\LSH\实验\聚焦信号分类实验\1\ROI_x729_y538_w32_h39_20260626_212915\01_valid_raw_and_ifft\mat\curve_r0540_c0747_idx000083.mat,D:\LSH\LSH\实验\聚焦信号分类实验\1\ROI_x729_y538_w32_h39_20260626_212915\01_valid_raw_and_ifft\mat,540,747,valid_folder,valid,29,0.017589928,1,Good
1119,D:\LSH\LSH\实验\聚焦信号分类实验\1\ROI_x729_y538_w32_h39_20260626_212915\01_valid_raw_and_ifft\mat\curve_r0540_c0748_idx000084.mat,D:\LSH\LSH\实验\聚焦信号分类实验\1\ROI_x729_y538_w32_h39_20260626_212915\01_valid_raw_and_ifft\mat,540,748,valid_folder,valid,29,0.015872599,1,Good
1120,D:\LSH\LSH\实验\聚焦信号分类实验\1\ROI_x729_y538_w32_h39_20260626_212915\01_valid_raw_and_ifft\mat\curve_r0540_c0749_idx000085.mat,D:\LSH\LSH\实验\聚焦信号分类实验\1\ROI_x729_y538_w32_h39_20260626_212915\01_valid_raw_and_ifft\mat,540,749,valid_folder,valid,29,0.006838137,1,Good
1121,D:\LSH\LSH\实验\聚焦信号分类实验\1\ROI_x729_y538_w32_h39_20260626_212915\01_valid_raw_and_ifft\mat\curve_r0540_c0750_idx000086.mat,D:\LSH\LSH\实验\聚焦信号分类实验\1\ROI_x729_y538_w32_h39_20260626_212915\01_valid_raw_and_ifft\mat,540,750,valid_folder,valid,29,0.007960699,1,Good
1122,D:\LSH\LSH\实验\聚焦信号分类实验\1\ROI_x729_y538_w32_h39_20260626_212915\01_valid_raw_and_ifft\mat\curve_r0540_c0751_idx000087.mat,D:\LSH\LSH\实验\聚焦信号分类实验\1\ROI_x729_y538_w32_h39_20260626_212915\01_valid_raw_and_ifft\mat,540,751,valid_folder,valid,28,0.039043514,1,Good
1123,D:\LSH\LSH\实验\聚焦信号分类实验\1\ROI_x729_y538_w32_h39_20260626_212915\01_valid_raw_and_ifft\mat\curve_r0540_c0752_idx000088.mat,D:\LSH\LSH\实验\聚焦信号分类实验\1\ROI_x729_y538_w32_h39_20260626_212915\01_valid_raw_and_ifft\mat,540,752,valid_folder,valid,28,0.092829862,1,Good
1124,D:\LSH\LSH\实验\聚焦信号分类实验\1\ROI_x729_y538_w32_h39_20260626_212915\01_valid_raw_and_ifft\mat\curve_r0540_c0753_idx000089.mat,D:\LSH\LSH\实验\聚焦信号分类实验\1\ROI_x729_y538_w32_h39_20260626_212915\01_valid_raw_and_ifft\mat,540,753,valid_folder,valid,28,0.093948462,1,Good
1125,D:\LSH\LSH\实验\聚焦信号分类实验\1\ROI_x729_y538_w32_h39_20260626_212915\01_valid_raw_and_ifft\mat\curve_r0540_c0754_idx000090.mat,D:\LSH\LSH\实验\聚焦信号分类实验\1\ROI_x729_y538_w32_h39_20260626_212915\01_valid_raw_and_ifft\mat,540,754,valid_folder,valid,28,0.052645298,1,Good
1126,D:\LSH\LSH\实验\聚焦信号分类实验\1\ROI_x729_y538_w32_h39_20260626_212915\01_valid_raw_and_ifft\mat\curve_r0540_c0755_idx000091.mat,D:\LSH\LSH\实验\聚焦信号分类实验\1\ROI_x729_y538_w32_h39_20260626_212915\01_valid_raw_and_ifft\mat,540,755,valid_folder,valid,28,0.018927806,1,Good
1127,D:\LSH\LSH\实验\聚焦信号分类实验\1\ROI_x729_y538_w32_h39_20260626_212915\01_valid_raw_and_ifft\mat\curve_r0540_c0756_idx000092.mat,D:\LSH\LSH\实验\聚焦信号分类实验\1\ROI_x729_y538_w32_h39_20260626_212915\01_valid_raw_and_ifft\mat,540,756,valid_folder,valid,27,0.01502987,1,Good
1128,D:\LSH\LSH\实验\聚焦信号分类实验\1\ROI_x729_y538_w32_h39_20260626_212915\01_valid_raw_and_ifft\mat\curve_r0540_c0757_idx000093.mat,D:\LSH\LSH\实验\聚焦信号分类实验\1\ROI_x729_y538_w32_h39_20260626_212915\01_valid_raw_and_ifft\mat,540,757,valid_folder,valid,27,0.019685781,1,Good
1129,D:\LSH\LSH\实验\聚焦信号分类实验\1\ROI_x729_y538_w32_h39_20260626_212915\01_valid_raw_and_ifft\mat\curve_r0540_c0758_idx000094.mat,D:\LSH\LSH\实验\聚焦信号分类实验\1\ROI_x729_y538_w32_h39_20260626_212915\01_valid_raw_and_ifft\mat,540,758,valid_folder,valid,27,0.015720734,1,Good
1130,D:\LSH\LSH\实验\聚焦信号分类实验\1\ROI_x729_y538_w32_h39_20260626_212915\01_valid_raw_and_ifft\mat\curve_r0540_c0759_idx000095.mat,D:\LSH\LSH\实验\聚焦信号分类实验\1\ROI_x729_y538_w32_h39_20260626_212915\01_valid_raw_and_ifft\mat,540,759,valid_folder,valid,27,0.015396325,1,Good
1131,D:\LSH\LSH\实验\聚焦信号分类实验\1\ROI_x729_y538_w32_h39_20260626_212915\01_valid_raw_and_ifft\mat\curve_r0540_c0760_idx000096.mat,D:\LSH\LSH\实验\聚焦信号分类实验\1\ROI_x729_y538_w32_h39_20260626_212915\01_valid_raw_and_ifft\mat,540,760,valid_folder,valid,26,0.023733621,1,Good
1132,D:\LSH\LSH\实验\聚焦信号分类实验\1\ROI_x729_y538_w32_h39_20260626_212915\01_valid_raw_and_ifft\mat\curve_r0541_c0729_idx000097.mat,D:\LSH\LSH\实验\聚焦信号分类实验\1\ROI_x729_y538_w32_h39_20260626_212915\01_valid_raw_and_ifft\mat,541,729,valid_folder,valid,31,0.016863554,1,Good
1133,D:\LSH\LSH\实验\聚焦信号分类实验\1\ROI_x729_y538_w32_h39_20260626_212915\01_valid_raw_and_ifft\mat\curve_r0541_c0730_idx000098.mat,D:\LSH\LSH\实验\聚焦信号分类实验\1\ROI_x729_y538_w32_h39_20260626_212915\01_valid_raw_and_ifft\mat,541,730,valid_folder,valid,31,0.006461742,1,Good
1134,D:\LSH\LSH\实验\聚焦信号分类实验\1\ROI_x729_y538_w32_h39_20260626_212915\01_valid_raw_and_ifft\mat\curve_r0541_c0731_idx000099.mat,D:\LSH\LSH\实验\聚焦信号分类实验\1\ROI_x729_y538_w32_h39_20260626_212915\01_valid_raw_and_ifft\mat,541,731,valid_folder,valid,30,0.007192328,1,Good
1135,D:\LSH\LSH\实验\聚焦信号分类实验\1\ROI_x729_y538_w32_h39_20260626_212915\01_valid_raw_and_ifft\mat\curve_r0541_c0732_idx000100.mat,D:\LSH\LSH\实验\聚焦信号分类实验\1\ROI_x729_y538_w32_h39_20260626_212915\01_valid_raw_and_ifft\mat,541,732,valid_folder,valid,30,0.025599097,1,Good
1136,D:\LSH\LSH\实验\聚焦信号分类实验\1\ROI_x729_y538_w32_h39_20260626_212915\01_valid_raw_and_ifft\mat\curve_r0541_c0733_idx000101.mat,D:\LSH\LSH\实验\聚焦信号分类实验\1\ROI_x729_y538_w32_h39_20260626_212915\01_valid_raw_and_ifft\mat,541,733,valid_folder,valid,30,0.052088772,1,Good
1137,D:\LSH\LSH\实验\聚焦信号分类实验\1\ROI_x729_y538_w32_h39_20260626_212915\01_valid_raw_and_ifft\mat\curve_r0541_c0734_idx000102.mat,D:\LSH\LSH\实验\聚焦信号分类实验\1\ROI_x729_y538_w32_h39_20260626_212915\01_valid_raw_and_ifft\mat,541,734,valid_folder,valid,30,0.058150397,1,Good
1138,D:\LSH\LSH\实验\聚焦信号分类实验\1\ROI_x729_y538_w32_h39_20260626_212915\01_valid_raw_and_ifft\mat\curve_r0541_c0735_idx000103.mat,D:\LSH\LSH\实验\聚焦信号分类实验\1\ROI_x729_y538_w32_h39_20260626_212915\01_valid_raw_and_ifft\mat,541,735,valid_folder,valid,30,0.046575929,1,Good
1139,D:\LSH\LSH\实验\聚焦信号分类实验\1\ROI_x729_y538_w32_h39_20260626_212915\01_valid_raw_and_ifft\mat\curve_r0541_c0736_idx000104.mat,D:\LSH\LSH\实验\聚焦信号分类实验\1\ROI_x729_y538_w32_h39_20260626_212915\01_valid_raw_and_ifft\mat,541,736,valid_folder,valid,30,0.038594732,1,Good
1140,D:\LSH\LSH\实验\聚焦信号分类实验\1\ROI_x729_y538_w32_h39_20260626_212915\01_valid_raw_and_ifft\mat\curve_r0541_c0737_idx000105.mat,D:\LSH\LSH\实验\聚焦信号分类实验\1\ROI_x729_y538_w32_h39_20260626_212915\01_valid_raw_and_ifft\mat,541,737,valid_folder,valid,30,0.029760934,1,Good
1141,D:\LSH\LSH\实验\聚焦信号分类实验\1\ROI_x729_y538_w32_h39_20260626_212915\01_valid_raw_and_ifft\mat\curve_r0541_c0738_idx000106.mat,D:\LSH\LSH\实验\聚焦信号分类实验\1\ROI_x729_y538_w32_h39_20260626_212915\01_valid_raw_and_ifft\mat,541,738,valid_folder,valid,30,0.045736657,1,Good
1142,D:\LSH\LSH\实验\聚焦信号分类实验\1\ROI_x729_y538_w32_h39_20260626_212915\01_valid_raw_and_ifft\mat\curve_r0541_c0739_idx000107.mat,D:\LSH\LSH\实验\聚焦信号分类实验\1\ROI_x729_y538_w32_h39_20260626_212915\01_valid_raw_and_ifft\mat,541,739,valid_folder,valid,30,0.051305341,1,Good
1143,D:\LSH\LSH\实验\聚焦信号分类实验\1\ROI_x729_y538_w32_h39_20260626_212915\01_valid_raw_and_ifft\mat\curve_r0541_c0740_idx000108.mat,D:\LSH\LSH\实验\聚焦信号分类实验\1\ROI_x729_y538_w32_h39_20260626_212915\01_valid_raw_and_ifft\mat,541,740,valid_folder,valid,30,0.051310617,1,Good
1144,D:\LSH\LSH\实验\聚焦信号分类实验\1\ROI_x729_y538_w32_h39_20260626_212915\01_valid_raw_and_ifft\mat\curve_r0541_c0741_idx000109.mat,D:\LSH\LSH\实验\聚焦信号分类实验\1\ROI_x729_y538_w32_h39_20260626_212915\01_valid_raw_and_ifft\mat,541,741,valid_folder,valid,29,0.035620611,1,Good
1145,D:\LSH\LSH\实验\聚焦信号分类实验\1\ROI_x729_y538_w32_h39_20260626_212915\01_valid_raw_and_ifft\mat\curve_r0541_c0742_idx000110.mat,D:\LSH\LSH\实验\聚焦信号分类实验\1\ROI_x729_y538_w32_h39_20260626_212915\01_valid_raw_and_ifft\mat,541,742,valid_folder,valid,29,0.021582829,1,Good
1146,D:\LSH\LSH\实验\聚焦信号分类实验\1\ROI_x729_y538_w32_h39_20260626_212915\01_valid_raw_and_ifft\mat\curve_r0541_c0743_idx000111.mat,D:\LSH\LSH\实验\聚焦信号分类实验\1\ROI_x729_y538_w32_h39_20260626_212915\01_valid_raw_and_ifft\mat,541,743,valid_folder,valid,29,0.01815639,1,Good
1147,D:\LSH\LSH\实验\聚焦信号分类实验\1\ROI_x729_y538_w32_h39_20260626_212915\01_valid_raw_and_ifft\mat\curve_r0541_c0744_idx000112.mat,D:\LSH\LSH\实验\聚焦信号分类实验\1\ROI_x729_y538_w32_h39_20260626_212915\01_valid_raw_and_ifft\mat,541,744,valid_folder,valid,29,0.011943768,1,Good
1148,D:\LSH\LSH\实验\聚焦信号分类实验\1\ROI_x729_y538_w32_h39_20260626_212915\01_valid_raw_and_ifft\mat\curve_r0541_c0745_idx000113.mat,D:\LSH\LSH\实验\聚焦信号分类实验\1\ROI_x729_y538_w32_h39_20260626_212915\01_valid_raw_and_ifft\mat,541,745,valid_folder,valid,29,0.019845845,1,Good
1149,D:\LSH\LSH\实验\聚焦信号分类实验\1\ROI_x729_y538_w32_h39_20260626_212915\01_valid_raw_and_ifft\mat\curve_r0541_c0746_idx000114.mat,D:\LSH\LSH\实验\聚焦信号分类实验\1\ROI_x729_y538_w32_h39_20260626_212915\01_valid_raw_and_ifft\mat,541,746,valid_folder,valid,29,0.020775957,1,Good
1150,D:\LSH\LSH\实验\聚焦信号分类实验\1\ROI_x729_y538_w32_h39_20260626_212915\01_valid_raw_and_ifft\mat\curve_r0541_c0747_idx000115.mat,D:\LSH\LSH\实验\聚焦信号分类实验\1\ROI_x729_y538_w32_h39_20260626_212915\01_valid_raw_and_ifft\mat,541,747,valid_folder,valid,29,0.015182921,1,Good
1151,D:\LSH\LSH\实验\聚焦信号分类实验\1\ROI_x729_y538_w32_h39_20260626_212915\01_valid_raw_and_ifft\mat\curve_r0541_c0748_idx000116.mat,D:\LSH\LSH\实验\聚焦信号分类实验\1\ROI_x729_y538_w32_h39_20260626_212915\01_valid_raw_and_ifft\mat,541,748,valid_folder,valid,29,0.014064655,1,Good
1152,D:\LSH\LSH\实验\聚焦信号分类实验\1\ROI_x729_y538_w32_h39_20260626_212915\01_valid_raw_and_ifft\mat\curve_r0541_c0749_idx000117.mat,D:\LSH\LSH\实验\聚焦信号分类实验\1\ROI_x729_y538_w32_h39_20260626_212915\01_valid_raw_and_ifft\mat,541,749,valid_folder,valid,29,0.011834979,1,Good
1153,D:\LSH\LSH\实验\聚焦信号分类实验\1\ROI_x729_y538_w32_h39_20260626_212915\01_valid_raw_and_ifft\mat\curve_r0541_c0750_idx000118.mat,D:\LSH\LSH\实验\聚焦信号分类实验\1\ROI_x729_y538_w32_h39_20260626_212915\01_valid_raw_and_ifft\mat,541,750,valid_folder,valid,29,0.007645941,1,Good
1154,D:\LSH\LSH\实验\聚焦信号分类实验\1\ROI_x729_y538_w32_h39_20260626_212915\01_valid_raw_and_ifft\mat\curve_r0541_c0751_idx000119.mat,D:\LSH\LSH\实验\聚焦信号分类实验\1\ROI_x729_y538_w32_h39_20260626_212915\01_valid_raw_and_ifft\mat,541,751,valid_folder,valid,28,0.036894743,1,Good
1155,D:\LSH\LSH\实验\聚焦信号分类实验\1\ROI_x729_y538_w32_h39_20260626_212915\01_valid_raw_and_ifft\mat\curve_r0541_c0752_idx000120.mat,D:\LSH\LSH\实验\聚焦信号分类实验\1\ROI_x729_y538_w32_h39_20260626_212915\01_valid_raw_and_ifft\mat,541,752,valid_folder,valid,28,0.078844817,1,Good
1156,D:\LSH\LSH\实验\聚焦信号分类实验\1\ROI_x729_y538_w32_h39_20260626_212915\01_valid_raw_and_ifft\mat\curve_r0541_c0753_idx000121.mat,D:\LSH\LSH\实验\聚焦信号分类实验\1\ROI_x729_y538_w32_h39_20260626_212915\01_valid_raw_and_ifft\mat,541,753,valid_folder,valid,28,0.083021576,1,Good
1157,D:\LSH\LSH\实验\聚焦信号分类实验\1\ROI_x729_y538_w32_h39_20260626_212915\01_valid_raw_and_ifft\mat\curve_r0541_c0754_idx000122.mat,D:\LSH\LSH\实验\聚焦信号分类实验\1\ROI_x729_y538_w32_h39_20260626_212915\01_valid_raw_and_ifft\mat,541,754,valid_folder,valid,28,0.045576137,1,Good
1158,D:\LSH\LSH\实验\聚焦信号分类实验\1\ROI_x729_y538_w32_h39_20260626_212915\01_valid_raw_and_ifft\mat\curve_r0541_c0755_idx000123.mat,D:\LSH\LSH\实验\聚焦信号分类实验\1\ROI_x729_y538_w32_h39_20260626_212915\01_valid_raw_and_ifft\mat,541,755,valid_folder,valid,27,0.020346688,1,Good
1159,D:\LSH\LSH\实验\聚焦信号分类实验\1\ROI_x729_y538_w32_h39_20260626_212915\01_valid_raw_and_ifft\mat\curve_r0541_c0756_idx000124.mat,D:\LSH\LSH\实验\聚焦信号分类实验\1\ROI_x729_y538_w32_h39_20260626_212915\01_valid_raw_and_ifft\mat,541,756,valid_folder,valid,27,0.027677502,1,Good
1160,D:\LSH\LSH\实验\聚焦信号分类实验\1\ROI_x729_y538_w32_h39_20260626_212915\01_valid_raw_and_ifft\mat\curve_r0541_c0757_idx000125.mat,D:\LSH\LSH\实验\聚焦信号分类实验\1\ROI_x729_y538_w32_h39_20260626_212915\01_valid_raw_and_ifft\mat,541,757,valid_folder,valid,27,0.028818086,1,Good
1161,D:\LSH\LSH\实验\聚焦信号分类实验\1\ROI_x729_y538_w32_h39_20260626_212915\01_valid_raw_and_ifft\mat\curve_r0541_c0758_idx000126.mat,D:\LSH\LSH\实验\聚焦信号分类实验\1\ROI_x729_y538_w32_h39_20260626_212915\01_valid_raw_and_ifft\mat,541,758,valid_folder,valid,27,0.017512711,1,Good
1162,D:\LSH\LSH\实验\聚焦信号分类实验\1\ROI_x729_y538_w32_h39_20260626_212915\01_valid_raw_and_ifft\mat\curve_r0541_c0759_idx000127.mat,D:\LSH\LSH\实验\聚焦信号分类实验\1\ROI_x729_y538_w32_h39_20260626_212915\01_valid_raw_and_ifft\mat,541,759,valid_folder,valid,26,0.026473614,1,Good
1163,D:\LSH\LSH\实验\聚焦信号分类实验\1\ROI_x729_y538_w32_h39_20260626_212915\01_valid_raw_and_ifft\mat\curve_r0541_c0760_idx000128.mat,D:\LSH\LSH\实验\聚焦信号分类实验\1\ROI_x729_y538_w32_h39_20260626_212915\01_valid_raw_and_ifft\mat,541,760,valid_folder,valid,26,0.023774216,1,Good
1164,D:\LSH\LSH\实验\聚焦信号分类实验\1\ROI_x729_y538_w32_h39_20260626_212915\01_valid_raw_and_ifft\mat\curve_r0542_c0729_idx000129.mat,D:\LSH\LSH\实验\聚焦信号分类实验\1\ROI_x729_y538_w32_h39_20260626_212915\01_valid_raw_and_ifft\mat,542,729,valid_folder,valid,31,0.022872546,1,Good
1165,D:\LSH\LSH\实验\聚焦信号分类实验\1\ROI_x729_y538_w32_h39_20260626_212915\01_valid_raw_and_ifft\mat\curve_r0542_c0730_idx000130.mat,D:\LSH\LSH\实验\聚焦信号分类实验\1\ROI_x729_y538_w32_h39_20260626_212915\01_valid_raw_and_ifft\mat,542,730,valid_folder,valid,31,0.017917878,1,Good
1166,D:\LSH\LSH\实验\聚焦信号分类实验\1\ROI_x729_y538_w32_h39_20260626_212915\01_valid_raw_and_ifft\mat\curve_r0542_c0731_idx000131.mat,D:\LSH\LSH\实验\聚焦信号分类实验\1\ROI_x729_y538_w32_h39_20260626_212915\01_valid_raw_and_ifft\mat,542,731,valid_folder,valid,31,0.007231275,1,Good
1167,D:\LSH\LSH\实验\聚焦信号分类实验\1\ROI_x729_y538_w32_h39_20260626_212915\01_valid_raw_and_ifft\mat\curve_r0542_c0732_idx000132.mat,D:\LSH\LSH\实验\聚焦信号分类实验\1\ROI_x729_y538_w32_h39_20260626_212915\01_valid_raw_and_ifft\mat,542,732,valid_folder,valid,30,0.012796712,1,Good
1168,D:\LSH\LSH\实验\聚焦信号分类实验\1\ROI_x729_y538_w32_h39_20260626_212915\01_valid_raw_and_ifft\mat\curve_r0542_c0733_idx000133.mat,D:\LSH\LSH\实验\聚焦信号分类实验\1\ROI_x729_y538_w32_h39_20260626_212915\01_valid_raw_and_ifft\mat,542,733,valid_folder,valid,30,0.049921111,1,Good
1169,D:\LSH\LSH\实验\聚焦信号分类实验\1\ROI_x729_y538_w32_h39_20260626_212915\01_valid_raw_and_ifft\mat\curve_r0542_c0734_idx000134.mat,D:\LSH\LSH\实验\聚焦信号分类实验\1\ROI_x729_y538_w32_h39_20260626_212915\01_valid_raw_and_ifft\mat,542,734,valid_folder,valid,30,0.062913965,1,Good
1170,D:\LSH\LSH\实验\聚焦信号分类实验\1\ROI_x729_y538_w32_h39_20260626_212915\01_valid_raw_and_ifft\mat\curve_r0542_c0735_idx000135.mat,D:\LSH\LSH\实验\聚焦信号分类实验\1\ROI_x729_y538_w32_h39_20260626_212915\01_valid_raw_and_ifft\mat,542,735,valid_folder,valid,30,0.051313437,1,Good
1171,D:\LSH\LSH\实验\聚焦信号分类实验\1\ROI_x729_y538_w32_h39_20260626_212915\01_valid_raw_and_ifft\mat\curve_r0542_c0736_idx000136.mat,D:\LSH\LSH\实验\聚焦信号分类实验\1\ROI_x729_y538_w32_h39_20260626_212915\01_valid_raw_and_ifft\mat,542,736,valid_folder,valid,30,0.055701197,1,Good
1172,D:\LSH\LSH\实验\聚焦信号分类实验\1\ROI_x729_y538_w32_h39_20260626_212915\01_valid_raw_and_ifft\mat\curve_r0542_c0737_idx000137.mat,D:\LSH\LSH\实验\聚焦信号分类实验\1\ROI_x729_y538_w32_h39_20260626_212915\01_valid_raw_and_ifft\mat,542,737,valid_folder,valid,30,0.041354243,1,Good
1173,D:\LSH\LSH\实验\聚焦信号分类实验\1\ROI_x729_y538_w32_h39_20260626_212915\01_valid_raw_and_ifft\mat\curve_r0542_c0738_idx000138.mat,D:\LSH\LSH\实验\聚焦信号分类实验\1\ROI_x729_y538_w32_h39_20260626_212915\01_valid_raw_and_ifft\mat,542,738,valid_folder,valid,30,0.035486244,1,Good
1174,D:\LSH\LSH\实验\聚焦信号分类实验\1\ROI_x729_y538_w32_h39_20260626_212915\01_valid_raw_and_ifft\mat\curve_r0542_c0739_idx000139.mat,D:\LSH\LSH\实验\聚焦信号分类实验\1\ROI_x729_y538_w32_h39_20260626_212915\01_valid_raw_and_ifft\mat,542,739,valid_folder,valid,30,0.040060397,1,Good
1175,D:\LSH\LSH\实验\聚焦信号分类实验\1\ROI_x729_y538_w32_h39_20260626_212915\01_valid_raw_and_ifft\mat\curve_r0542_c0740_idx000140.mat,D:\LSH\LSH\实验\聚焦信号分类实验\1\ROI_x729_y538_w32_h39_20260626_212915\01_valid_raw_and_ifft\mat,542,740,valid_folder,valid,30,0.046535752,1,Good
1176,D:\LSH\LSH\实验\聚焦信号分类实验\1\ROI_x729_y538_w32_h39_20260626_212915\01_valid_raw_and_ifft\mat\curve_r0542_c0741_idx000141.mat,D:\LSH\LSH\实验\聚焦信号分类实验\1\ROI_x729_y538_w32_h39_20260626_212915\01_valid_raw_and_ifft\mat,542,741,valid_folder,valid,29,0.046772449,1,Good
1177,D:\LSH\LSH\实验\聚焦信号分类实验\1\ROI_x729_y538_w32_h39_20260626_212915\01_valid_raw_and_ifft\mat\curve_r0542_c0742_idx000142.mat,D:\LSH\LSH\实验\聚焦信号分类实验\1\ROI_x729_y538_w32_h39_20260626_212915\01_valid_raw_and_ifft\mat,542,742,valid_folder,valid,29,0.032902475,1,Good
1178,D:\LSH\LSH\实验\聚焦信号分类实验\1\ROI_x729_y538_w32_h39_20260626_212915\01_valid_raw_and_ifft\mat\curve_r0542_c0743_idx000143.mat,D:\LSH\LSH\实验\聚焦信号分类实验\1\ROI_x729_y538_w32_h39_20260626_212915\01_valid_raw_and_ifft\mat,542,743,valid_folder,valid,29,0.034088081,1,Good
1179,D:\LSH\LSH\实验\聚焦信号分类实验\1\ROI_x729_y538_w32_h39_20260626_212915\01_valid_raw_and_ifft\mat\curve_r0542_c0744_idx000144.mat,D:\LSH\LSH\实验\聚焦信号分类实验\1\ROI_x729_y538_w32_h39_20260626_212915\01_valid_raw_and_ifft\mat,542,744,valid_folder,valid,29,0.025030041,1,Good
1180,D:\LSH\LSH\实验\聚焦信号分类实验\1\ROI_x729_y538_w32_h39_20260626_212915\01_valid_raw_and_ifft\mat\curve_r0542_c0745_idx000145.mat,D:\LSH\LSH\实验\聚焦信号分类实验\1\ROI_x729_y538_w32_h39_20260626_212915\01_valid_raw_and_ifft\mat,542,745,valid_folder,valid,29,0.023389591,1,Good
1181,D:\LSH\LSH\实验\聚焦信号分类实验\1\ROI_x729_y538_w32_h39_20260626_212915\01_valid_raw_and_ifft\mat\curve_r0542_c0746_idx000146.mat,D:\LSH\LSH\实验\聚焦信号分类实验\1\ROI_x729_y538_w32_h39_20260626_212915\01_valid_raw_and_ifft\mat,542,746,valid_folder,valid,29,0.026410829,1,Good
1182,D:\LSH\LSH\实验\聚焦信号分类实验\1\ROI_x729_y538_w32_h39_20260626_212915\01_valid_raw_and_ifft\mat\curve_r0542_c0747_idx000147.mat,D:\LSH\LSH\实验\聚焦信号分类实验\1\ROI_x729_y538_w32_h39_20260626_212915\01_valid_raw_and_ifft\mat,542,747,valid_folder,valid,29,0.022552276,1,Good
1183,D:\LSH\LSH\实验\聚焦信号分类实验\1\ROI_x729_y538_w32_h39_20260626_212915\01_valid_raw_and_ifft\mat\curve_r0542_c0748_idx000148.mat,D:\LSH\LSH\实验\聚焦信号分类实验\1\ROI_x729_y538_w32_h39_20260626_212915\01_valid_raw_and_ifft\mat,542,748,valid_folder,valid,29,0.02144547,1,Good
1184,D:\LSH\LSH\实验\聚焦信号分类实验\1\ROI_x729_y538_w32_h39_20260626_212915\01_valid_raw_and_ifft\mat\curve_r0542_c0749_idx000149.mat,D:\LSH\LSH\实验\聚焦信号分类实验\1\ROI_x729_y538_w32_h39_20260626_212915\01_valid_raw_and_ifft\mat,542,749,valid_folder,valid,28,0.022816887,1,Good
1185,D:\LSH\LSH\实验\聚焦信号分类实验\1\ROI_x729_y538_w32_h39_20260626_212915\01_valid_raw_and_ifft\mat\curve_r0542_c0750_idx000150.mat,D:\LSH\LSH\实验\聚焦信号分类实验\1\ROI_x729_y538_w32_h39_20260626_212915\01_valid_raw_and_ifft\mat,542,750,valid_folder,valid,29,0.01169991,1,Good
1186,D:\LSH\LSH\实验\聚焦信号分类实验\1\ROI_x729_y538_w32_h39_20260626_212915\01_valid_raw_and_ifft\mat\curve_r0542_c0751_idx000151.mat,D:\LSH\LSH\实验\聚焦信号分类实验\1\ROI_x729_y538_w32_h39_20260626_212915\01_valid_raw_and_ifft\mat,542,751,valid_folder,valid,28,0.011979375,1,Good
1187,D:\LSH\LSH\实验\聚焦信号分类实验\1\ROI_x729_y538_w32_h39_20260626_212915\01_valid_raw_and_ifft\mat\curve_r0542_c0752_idx000152.mat,D:\LSH\LSH\实验\聚焦信号分类实验\1\ROI_x729_y538_w32_h39_20260626_212915\01_valid_raw_and_ifft\mat,542,752,valid_folder,valid,28,0.020333153,1,Good
1188,D:\LSH\LSH\实验\聚焦信号分类实验\1\ROI_x729_y538_w32_h39_20260626_212915\01_valid_raw_and_ifft\mat\curve_r0542_c0753_idx000153.mat,D:\LSH\LSH\实验\聚焦信号分类实验\1\ROI_x729_y538_w32_h39_20260626_212915\01_valid_raw_and_ifft\mat,542,753,valid_folder,valid,28,0.020165365,1,Good
1189,D:\LSH\LSH\实验\聚焦信号分类实验\1\ROI_x729_y538_w32_h39_20260626_212915\01_valid_raw_and_ifft\mat\curve_r0542_c0754_idx000154.mat,D:\LSH\LSH\实验\聚焦信号分类实验\1\ROI_x729_y538_w32_h39_20260626_212915\01_valid_raw_and_ifft\mat,542,754,valid_folder,valid,27,0.015072387,1,Good
1190,D:\LSH\LSH\实验\聚焦信号分类实验\1\ROI_x729_y538_w32_h39_20260626_212915\01_valid_raw_and_ifft\mat\curve_r0542_c0755_idx000155.mat,D:\LSH\LSH\实验\聚焦信号分类实验\1\ROI_x729_y538_w32_h39_20260626_212915\01_valid_raw_and_ifft\mat,542,755,valid_folder,valid,27,0.01563113,1,Good
1191,D:\LSH\LSH\实验\聚焦信号分类实验\1\ROI_x729_y538_w32_h39_20260626_212915\01_valid_raw_and_ifft\mat\curve_r0542_c0756_idx000156.mat,D:\LSH\LSH\实验\聚焦信号分类实验\1\ROI_x729_y538_w32_h39_20260626_212915\01_valid_raw_and_ifft\mat,542,756,valid_folder,valid,27,0.036470495,1,Good
1192,D:\LSH\LSH\实验\聚焦信号分类实验\1\ROI_x729_y538_w32_h39_20260626_212915\01_valid_raw_and_ifft\mat\curve_r0542_c0757_idx000157.mat,D:\LSH\LSH\实验\聚焦信号分类实验\1\ROI_x729_y538_w32_h39_20260626_212915\01_valid_raw_and_ifft\mat,542,757,valid_folder,valid,27,0.037406958,1,Good
1193,D:\LSH\LSH\实验\聚焦信号分类实验\1\ROI_x729_y538_w32_h39_20260626_212915\01_valid_raw_and_ifft\mat\curve_r0542_c0758_idx000158.mat,D:\LSH\LSH\实验\聚焦信号分类实验\1\ROI_x729_y538_w32_h39_20260626_212915\01_valid_raw_and_ifft\mat,542,758,valid_folder,valid,27,0.024348818,1,Good
1194,D:\LSH\LSH\实验\聚焦信号分类实验\1\ROI_x729_y538_w32_h39_20260626_212915\01_valid_raw_and_ifft\mat\curve_r0542_c0759_idx000159.mat,D:\LSH\LSH\实验\聚焦信号分类实验\1\ROI_x729_y538_w32_h39_20260626_212915\01_valid_raw_and_ifft\mat,542,759,valid_folder,valid,26,0.030742586,1,Good
1195,D:\LSH\LSH\实验\聚焦信号分类实验\1\ROI_x729_y538_w32_h39_20260626_212915\01_valid_raw_and_ifft\mat\curve_r0542_c0760_idx000160.mat,D:\LSH\LSH\实验\聚焦信号分类实验\1\ROI_x729_y538_w32_h39_20260626_212915\01_valid_raw_and_ifft\mat,542,760,valid_folder,valid,26,0.019213735,1,Good
1196,D:\LSH\LSH\实验\聚焦信号分类实验\1\ROI_x729_y538_w32_h39_20260626_212915\01_valid_raw_and_ifft\mat\curve_r0543_c0729_idx000161.mat,D:\LSH\LSH\实验\聚焦信号分类实验\1\ROI_x729_y538_w32_h39_20260626_212915\01_valid_raw_and_ifft\mat,543,729,valid_folder,valid,31,0.053122401,1,Good
1197,D:\LSH\LSH\实验\聚焦信号分类实验\1\ROI_x729_y538_w32_h39_20260626_212915\01_valid_raw_and_ifft\mat\curve_r0543_c0730_idx000162.mat,D:\LSH\LSH\实验\聚焦信号分类实验\1\ROI_x729_y538_w32_h39_20260626_212915\01_valid_raw_and_ifft\mat,543,730,valid_folder,valid,31,0.046874642,1,Good
1198,D:\LSH\LSH\实验\聚焦信号分类实验\1\ROI_x729_y538_w32_h39_20260626_212915\01_valid_raw_and_ifft\mat\curve_r0543_c0731_idx000163.mat,D:\LSH\LSH\实验\聚焦信号分类实验\1\ROI_x729_y538_w32_h39_20260626_212915\01_valid_raw_and_ifft\mat,543,731,valid_folder,valid,30,0.018169827,1,Good
1199,D:\LSH\LSH\实验\聚焦信号分类实验\1\ROI_x729_y538_w32_h39_20260626_212915\01_valid_raw_and_ifft\mat\curve_r0543_c0732_idx000164.mat,D:\LSH\LSH\实验\聚焦信号分类实验\1\ROI_x729_y538_w32_h39_20260626_212915\01_valid_raw_and_ifft\mat,543,732,valid_folder,valid,30,0.040819347,1,Good
1200,D:\LSH\LSH\实验\聚焦信号分类实验\1\ROI_x729_y538_w32_h39_20260626_212915\01_valid_raw_and_ifft\mat\curve_r0543_c0733_idx000165.mat,D:\LSH\LSH\实验\聚焦信号分类实验\1\ROI_x729_y538_w32_h39_20260626_212915\01_valid_raw_and_ifft\mat,543,733,valid_folder,valid,30,0.067779332,1,Good
1201,D:\LSH\LSH\实验\聚焦信号分类实验\1\ROI_x729_y538_w32_h39_20260626_212915\01_valid_raw_and_ifft\mat\curve_r0543_c0734_idx000166.mat,D:\LSH\LSH\实验\聚焦信号分类实验\1\ROI_x729_y538_w32_h39_20260626_212915\01_valid_raw_and_ifft\mat,543,734,valid_folder,valid,30,0.05901183,1,Good
1202,D:\LSH\LSH\实验\聚焦信号分类实验\1\ROI_x729_y538_w32_h39_20260626_212915\01_valid_raw_and_ifft\mat\curve_r0543_c0735_idx000167.mat,D:\LSH\LSH\实验\聚焦信号分类实验\1\ROI_x729_y538_w32_h39_20260626_212915\01_valid_raw_and_ifft\mat,543,735,valid_folder,valid,30,0.046828069,1,Good
1203,D:\LSH\LSH\实验\聚焦信号分类实验\1\ROI_x729_y538_w32_h39_20260626_212915\01_valid_raw_and_ifft\mat\curve_r0543_c0736_idx000168.mat,D:\LSH\LSH\实验\聚焦信号分类实验\1\ROI_x729_y538_w32_h39_20260626_212915\01_valid_raw_and_ifft\mat,543,736,valid_folder,valid,30,0.054816343,1,Good
1204,D:\LSH\LSH\实验\聚焦信号分类实验\1\ROI_x729_y538_w32_h39_20260626_212915\01_valid_raw_and_ifft\mat\curve_r0543_c0737_idx000169.mat,D:\LSH\LSH\实验\聚焦信号分类实验\1\ROI_x729_y538_w32_h39_20260626_212915\01_valid_raw_and_ifft\mat,543,737,valid_folder,valid,30,0.045673299,1,Good
1205,D:\LSH\LSH\实验\聚焦信号分类实验\1\ROI_x729_y538_w32_h39_20260626_212915\01_valid_raw_and_ifft\mat\curve_r0543_c0738_idx000170.mat,D:\LSH\LSH\实验\聚焦信号分类实验\1\ROI_x729_y538_w32_h39_20260626_212915\01_valid_raw_and_ifft\mat,543,738,valid_folder,valid,30,0.032406816,1,Good
1206,D:\LSH\LSH\实验\聚焦信号分类实验\1\ROI_x729_y538_w32_h39_20260626_212915\01_valid_raw_and_ifft\mat\curve_r0543_c0739_idx000171.mat,D:\LSH\LSH\实验\聚焦信号分类实验\1\ROI_x729_y538_w32_h39_20260626_212915\01_valid_raw_and_ifft\mat,543,739,valid_folder,valid,30,0.022230794,1,Good
1207,D:\LSH\LSH\实验\聚焦信号分类实验\1\ROI_x729_y538_w32_h39_20260626_212915\01_valid_raw_and_ifft\mat\curve_r0543_c0740_idx000172.mat,D:\LSH\LSH\实验\聚焦信号分类实验\1\ROI_x729_y538_w32_h39_20260626_212915\01_valid_raw_and_ifft\mat,543,740,valid_folder,valid,29,0.020455923,1,Good
1208,D:\LSH\LSH\实验\聚焦信号分类实验\1\ROI_x729_y538_w32_h39_20260626_212915\01_valid_raw_and_ifft\mat\curve_r0543_c0741_idx000173.mat,D:\LSH\LSH\实验\聚焦信号分类实验\1\ROI_x729_y538_w32_h39_20260626_212915\01_valid_raw_and_ifft\mat,543,741,valid_folder,valid,29,0.03031288,1,Good
1209,D:\LSH\LSH\实验\聚焦信号分类实验\1\ROI_x729_y538_w32_h39_20260626_212915\01_valid_raw_and_ifft\mat\curve_r0543_c0742_idx000174.mat,D:\LSH\LSH\实验\聚焦信号分类实验\1\ROI_x729_y538_w32_h39_20260626_212915\01_valid_raw_and_ifft\mat,543,742,valid_folder,valid,29,0.028040721,1,Good
1210,D:\LSH\LSH\实验\聚焦信号分类实验\1\ROI_x729_y538_w32_h39_20260626_212915\01_valid_raw_and_ifft\mat\curve_r0543_c0743_idx000175.mat,D:\LSH\LSH\实验\聚焦信号分类实验\1\ROI_x729_y538_w32_h39_20260626_212915\01_valid_raw_and_ifft\mat,543,743,valid_folder,valid,29,0.038438145,1,Good
1211,D:\LSH\LSH\实验\聚焦信号分类实验\1\ROI_x729_y538_w32_h39_20260626_212915\01_valid_raw_and_ifft\mat\curve_r0543_c0744_idx000176.mat,D:\LSH\LSH\实验\聚焦信号分类实验\1\ROI_x729_y538_w32_h39_20260626_212915\01_valid_raw_and_ifft\mat,543,744,valid_folder,valid,28,0.028255278,1,Good
1212,D:\LSH\LSH\实验\聚焦信号分类实验\1\ROI_x729_y538_w32_h39_20260626_212915\01_valid_raw_and_ifft\mat\curve_r0543_c0745_idx000177.mat,D:\LSH\LSH\实验\聚焦信号分类实验\1\ROI_x729_y538_w32_h39_20260626_212915\01_valid_raw_and_ifft\mat,543,745,valid_folder,valid,29,0.045658925,1,Good
1213,D:\LSH\LSH\实验\聚焦信号分类实验\1\ROI_x729_y538_w32_h39_20260626_212915\01_valid_raw_and_ifft\mat\curve_r0543_c0746_idx000178.mat,D:\LSH\LSH\实验\聚焦信号分类实验\1\ROI_x729_y538_w32_h39_20260626_212915\01_valid_raw_and_ifft\mat,543,746,valid_folder,valid,29,0.05918489,1,Good
1214,D:\LSH\LSH\实验\聚焦信号分类实验\1\ROI_x729_y538_w32_h39_20260626_212915\01_valid_raw_and_ifft\mat\curve_r0543_c0747_idx000179.mat,D:\LSH\LSH\实验\聚焦信号分类实验\1\ROI_x729_y538_w32_h39_20260626_212915\01_valid_raw_and_ifft\mat,543,747,valid_folder,valid,29,0.036053593,1,Good
1215,D:\LSH\LSH\实验\聚焦信号分类实验\1\ROI_x729_y538_w32_h39_20260626_212915\01_valid_raw_and_ifft\mat\curve_r0543_c0748_idx000180.mat,D:\LSH\LSH\实验\聚焦信号分类实验\1\ROI_x729_y538_w32_h39_20260626_212915\01_valid_raw_and_ifft\mat,543,748,valid_folder,valid,29,0.02299409,1,Good
1216,D:\LSH\LSH\实验\聚焦信号分类实验\1\ROI_x729_y538_w32_h39_20260626_212915\01_valid_raw_and_ifft\mat\curve_r0543_c0749_idx000181.mat,D:\LSH\LSH\实验\聚焦信号分类实验\1\ROI_x729_y538_w32_h39_20260626_212915\01_valid_raw_and_ifft\mat,543,749,valid_folder,valid,28,0.028698803,1,Good
1217,D:\LSH\LSH\实验\聚焦信号分类实验\1\ROI_x729_y538_w32_h39_20260626_212915\01_valid_raw_and_ifft\mat\curve_r0543_c0750_idx000182.mat,D:\LSH\LSH\实验\聚焦信号分类实验\1\ROI_x729_y538_w32_h39_20260626_212915\01_valid_raw_and_ifft\mat,543,750,valid_folder,valid,27,0.018762932,1,Good
1218,D:\LSH\LSH\实验\聚焦信号分类实验\1\ROI_x729_y538_w32_h39_20260626_212915\01_valid_raw_and_ifft\mat\curve_r0543_c0751_idx000183.mat,D:\LSH\LSH\实验\聚焦信号分类实验\1\ROI_x729_y538_w32_h39_20260626_212915\01_valid_raw_and_ifft\mat,543,751,valid_folder,valid,27,0.01900213,1,Good
1219,D:\LSH\LSH\实验\聚焦信号分类实验\1\ROI_x729_y538_w32_h39_20260626_212915\01_valid_raw_and_ifft\mat\curve_r0543_c0752_idx000184.mat,D:\LSH\LSH\实验\聚焦信号分类实验\1\ROI_x729_y538_w32_h39_20260626_212915\01_valid_raw_and_ifft\mat,543,752,valid_folder,valid,27,0.006749607,1,Good
1220,D:\LSH\LSH\实验\聚焦信号分类实验\1\ROI_x729_y538_w32_h39_20260626_212915\01_valid_raw_and_ifft\mat\curve_r0543_c0753_idx000185.mat,D:\LSH\LSH\实验\聚焦信号分类实验\1\ROI_x729_y538_w32_h39_20260626_212915\01_valid_raw_and_ifft\mat,543,753,valid_folder,valid,27,0.006299633,1,Good
1221,D:\LSH\LSH\实验\聚焦信号分类实验\1\ROI_x729_y538_w32_h39_20260626_212915\01_valid_raw_and_ifft\mat\curve_r0543_c0754_idx000186.mat,D:\LSH\LSH\实验\聚焦信号分类实验\1\ROI_x729_y538_w32_h39_20260626_212915\01_valid_raw_and_ifft\mat,543,754,valid_folder,valid,27,0.006043398,1,Good
1222,D:\LSH\LSH\实验\聚焦信号分类实验\1\ROI_x729_y538_w32_h39_20260626_212915\01_valid_raw_and_ifft\mat\curve_r0543_c0755_idx000187.mat,D:\LSH\LSH\实验\聚焦信号分类实验\1\ROI_x729_y538_w32_h39_20260626_212915\01_valid_raw_and_ifft\mat,543,755,valid_folder,valid,27,0.032990172,1,Good
1223,D:\LSH\LSH\实验\聚焦信号分类实验\1\ROI_x729_y538_w32_h39_20260626_212915\01_valid_raw_and_ifft\mat\curve_r0543_c0756_idx000188.mat,D:\LSH\LSH\实验\聚焦信号分类实验\1\ROI_x729_y538_w32_h39_20260626_212915\01_valid_raw_and_ifft\mat,543,756,valid_folder,valid,27,0.052495979,1,Good
1224,D:\LSH\LSH\实验\聚焦信号分类实验\1\ROI_x729_y538_w32_h39_20260626_212915\01_valid_raw_and_ifft\mat\curve_r0543_c0757_idx000189.mat,D:\LSH\LSH\实验\聚焦信号分类实验\1\ROI_x729_y538_w32_h39_20260626_212915\01_valid_raw_and_ifft\mat,543,757,valid_folder,valid,27,0.049421896,1,Good
1225,D:\LSH\LSH\实验\聚焦信号分类实验\1\ROI_x729_y538_w32_h39_20260626_212915\01_valid_raw_and_ifft\mat\curve_r0543_c0758_idx000190.mat,D:\LSH\LSH\实验\聚焦信号分类实验\1\ROI_x729_y538_w32_h39_20260626_212915\01_valid_raw_and_ifft\mat,543,758,valid_folder,valid,27,0.038706076,1,Good
1226,D:\LSH\LSH\实验\聚焦信号分类实验\1\ROI_x729_y538_w32_h39_20260626_212915\01_valid_raw_and_ifft\mat\curve_r0543_c0759_idx000191.mat,D:\LSH\LSH\实验\聚焦信号分类实验\1\ROI_x729_y538_w32_h39_20260626_212915\01_valid_raw_and_ifft\mat,543,759,valid_folder,valid,26,0.019023335,1,Good
1227,D:\LSH\LSH\实验\聚焦信号分类实验\1\ROI_x729_y538_w32_h39_20260626_212915\01_valid_raw_and_ifft\mat\curve_r0543_c0760_idx000192.mat,D:\LSH\LSH\实验\聚焦信号分类实验\1\ROI_x729_y538_w32_h39_20260626_212915\01_valid_raw_and_ifft\mat,543,760,valid_folder,valid,27,0.012463343,1,Good
1228,D:\LSH\LSH\实验\聚焦信号分类实验\1\ROI_x729_y538_w32_h39_20260626_212915\01_valid_raw_and_ifft\mat\curve_r0544_c0729_idx000193.mat,D:\LSH\LSH\实验\聚焦信号分类实验\1\ROI_x729_y538_w32_h39_20260626_212915\01_valid_raw_and_ifft\mat,544,729,valid_folder,valid,31,0.081756472,1,Good
1229,D:\LSH\LSH\实验\聚焦信号分类实验\1\ROI_x729_y538_w32_h39_20260626_212915\01_valid_raw_and_ifft\mat\curve_r0544_c0730_idx000194.mat,D:\LSH\LSH\实验\聚焦信号分类实验\1\ROI_x729_y538_w32_h39_20260626_212915\01_valid_raw_and_ifft\mat,544,730,valid_folder,valid,31,0.0749589,1,Good
1230,D:\LSH\LSH\实验\聚焦信号分类实验\1\ROI_x729_y538_w32_h39_20260626_212915\01_valid_raw_and_ifft\mat\curve_r0544_c0731_idx000195.mat,D:\LSH\LSH\实验\聚焦信号分类实验\1\ROI_x729_y538_w32_h39_20260626_212915\01_valid_raw_and_ifft\mat,544,731,valid_folder,valid,30,0.029000458,1,Good
1231,D:\LSH\LSH\实验\聚焦信号分类实验\1\ROI_x729_y538_w32_h39_20260626_212915\01_valid_raw_and_ifft\mat\curve_r0544_c0732_idx000196.mat,D:\LSH\LSH\实验\聚焦信号分类实验\1\ROI_x729_y538_w32_h39_20260626_212915\01_valid_raw_and_ifft\mat,544,732,valid_folder,valid,30,0.045090526,1,Good
1232,D:\LSH\LSH\实验\聚焦信号分类实验\1\ROI_x729_y538_w32_h39_20260626_212915\01_valid_raw_and_ifft\mat\curve_r0544_c0733_idx000197.mat,D:\LSH\LSH\实验\聚焦信号分类实验\1\ROI_x729_y538_w32_h39_20260626_212915\01_valid_raw_and_ifft\mat,544,733,valid_folder,valid,30,0.054352314,1,Good
1233,D:\LSH\LSH\实验\聚焦信号分类实验\1\ROI_x729_y538_w32_h39_20260626_212915\01_valid_raw_and_ifft\mat\curve_r0544_c0734_idx000198.mat,D:\LSH\LSH\实验\聚焦信号分类实验\1\ROI_x729_y538_w32_h39_20260626_212915\01_valid_raw_and_ifft\mat,544,734,valid_folder,valid,30,0.030096656,1,Good
1234,D:\LSH\LSH\实验\聚焦信号分类实验\1\ROI_x729_y538_w32_h39_20260626_212915\01_valid_raw_and_ifft\mat\curve_r0544_c0735_idx000199.mat,D:\LSH\LSH\实验\聚焦信号分类实验\1\ROI_x729_y538_w32_h39_20260626_212915\01_valid_raw_and_ifft\mat,544,735,valid_folder,valid,30,0.0350523,1,Good
1235,D:\LSH\LSH\实验\聚焦信号分类实验\1\ROI_x729_y538_w32_h39_20260626_212915\01_valid_raw_and_ifft\mat\curve_r0544_c0736_idx000200.mat,D:\LSH\LSH\实验\聚焦信号分类实验\1\ROI_x729_y538_w32_h39_20260626_212915\01_valid_raw_and_ifft\mat,544,736,valid_folder,valid,30,0.031998486,1,Good
1236,D:\LSH\LSH\实验\聚焦信号分类实验\1\ROI_x729_y538_w32_h39_20260626_212915\01_valid_raw_and_ifft\mat\curve_r0544_c0737_idx000201.mat,D:\LSH\LSH\实验\聚焦信号分类实验\1\ROI_x729_y538_w32_h39_20260626_212915\01_valid_raw_and_ifft\mat,544,737,valid_folder,valid,30,0.024793501,1,Good
1237,D:\LSH\LSH\实验\聚焦信号分类实验\1\ROI_x729_y538_w32_h39_20260626_212915\01_valid_raw_and_ifft\mat\curve_r0544_c0738_idx000202.mat,D:\LSH\LSH\实验\聚焦信号分类实验\1\ROI_x729_y538_w32_h39_20260626_212915\01_valid_raw_and_ifft\mat,544,738,valid_folder,valid,30,0.015827968,1,Good
1238,D:\LSH\LSH\实验\聚焦信号分类实验\1\ROI_x729_y538_w32_h39_20260626_212915\01_valid_raw_and_ifft\mat\curve_r0544_c0739_idx000203.mat,D:\LSH\LSH\实验\聚焦信号分类实验\1\ROI_x729_y538_w32_h39_20260626_212915\01_valid_raw_and_ifft\mat,544,739,valid_folder,valid,30,0.011559997,1,Good
1239,D:\LSH\LSH\实验\聚焦信号分类实验\1\ROI_x729_y538_w32_h39_20260626_212915\01_valid_raw_and_ifft\mat\curve_r0544_c0740_idx000204.mat,D:\LSH\LSH\实验\聚焦信号分类实验\1\ROI_x729_y538_w32_h39_20260626_212915\01_valid_raw_and_ifft\mat,544,740,valid_folder,valid,29,0.01617727,1,Good
1240,D:\LSH\LSH\实验\聚焦信号分类实验\1\ROI_x729_y538_w32_h39_20260626_212915\01_valid_raw_and_ifft\mat\curve_r0544_c0741_idx000205.mat,D:\LSH\LSH\实验\聚焦信号分类实验\1\ROI_x729_y538_w32_h39_20260626_212915\01_valid_raw_and_ifft\mat,544,741,valid_folder,valid,29,0.017469409,1,Good
1241,D:\LSH\LSH\实验\聚焦信号分类实验\1\ROI_x729_y538_w32_h39_20260626_212915\01_valid_raw_and_ifft\mat\curve_r0544_c0742_idx000206.mat,D:\LSH\LSH\实验\聚焦信号分类实验\1\ROI_x729_y538_w32_h39_20260626_212915\01_valid_raw_and_ifft\mat,544,742,valid_folder,valid,28,0.010575647,1,Good
1242,D:\LSH\LSH\实验\聚焦信号分类实验\1\ROI_x729_y538_w32_h39_20260626_212915\01_valid_raw_and_ifft\mat\curve_r0544_c0743_idx000207.mat,D:\LSH\LSH\实验\聚焦信号分类实验\1\ROI_x729_y538_w32_h39_20260626_212915\01_valid_raw_and_ifft\mat,544,743,valid_folder,valid,29,0.019560113,1,Good
1243,D:\LSH\LSH\实验\聚焦信号分类实验\1\ROI_x729_y538_w32_h39_20260626_212915\01_valid_raw_and_ifft\mat\curve_r0544_c0744_idx000208.mat,D:\LSH\LSH\实验\聚焦信号分类实验\1\ROI_x729_y538_w32_h39_20260626_212915\01_valid_raw_and_ifft\mat,544,744,valid_folder,valid,28,0.039410715,1,Good
1244,D:\LSH\LSH\实验\聚焦信号分类实验\1\ROI_x729_y538_w32_h39_20260626_212915\01_valid_raw_and_ifft\mat\curve_r0544_c0745_idx000209.mat,D:\LSH\LSH\实验\聚焦信号分类实验\1\ROI_x729_y538_w32_h39_20260626_212915\01_valid_raw_and_ifft\mat,544,745,valid_folder,valid,29,0.067240136,1,Good
1245,D:\LSH\LSH\实验\聚焦信号分类实验\1\ROI_x729_y538_w32_h39_20260626_212915\01_valid_raw_and_ifft\mat\curve_r0544_c0746_idx000210.mat,D:\LSH\LSH\实验\聚焦信号分类实验\1\ROI_x729_y538_w32_h39_20260626_212915\01_valid_raw_and_ifft\mat,544,746,valid_folder,valid,29,0.080067424,1,Good
1246,D:\LSH\LSH\实验\聚焦信号分类实验\1\ROI_x729_y538_w32_h39_20260626_212915\01_valid_raw_and_ifft\mat\curve_r0544_c0747_idx000211.mat,D:\LSH\LSH\实验\聚焦信号分类实验\1\ROI_x729_y538_w32_h39_20260626_212915\01_valid_raw_and_ifft\mat,544,747,valid_folder,valid,29,0.042342515,1,Good
1247,D:\LSH\LSH\实验\聚焦信号分类实验\1\ROI_x729_y538_w32_h39_20260626_212915\01_valid_raw_and_ifft\mat\curve_r0544_c0748_idx000212.mat,D:\LSH\LSH\实验\聚焦信号分类实验\1\ROI_x729_y538_w32_h39_20260626_212915\01_valid_raw_and_ifft\mat,544,748,valid_folder,valid,28,0.018588264,1,Good
1248,D:\LSH\LSH\实验\聚焦信号分类实验\1\ROI_x729_y538_w32_h39_20260626_212915\01_valid_raw_and_ifft\mat\curve_r0544_c0749_idx000213.mat,D:\LSH\LSH\实验\聚焦信号分类实验\1\ROI_x729_y538_w32_h39_20260626_212915\01_valid_raw_and_ifft\mat,544,749,valid_folder,valid,28,0.02715598,1,Good
1249,D:\LSH\LSH\实验\聚焦信号分类实验\1\ROI_x729_y538_w32_h39_20260626_212915\01_valid_raw_and_ifft\mat\curve_r0544_c0750_idx000214.mat,D:\LSH\LSH\实验\聚焦信号分类实验\1\ROI_x729_y538_w32_h39_20260626_212915\01_valid_raw_and_ifft\mat,544,750,valid_folder,valid,28,0.031144384,1,Good
1250,D:\LSH\LSH\实验\聚焦信号分类实验\1\ROI_x729_y538_w32_h39_20260626_212915\01_valid_raw_and_ifft\mat\curve_r0544_c0751_idx000215.mat,D:\LSH\LSH\实验\聚焦信号分类实验\1\ROI_x729_y538_w32_h39_20260626_212915\01_valid_raw_and_ifft\mat,544,751,valid_folder,valid,28,0.023594649,1,Good
1251,D:\LSH\LSH\实验\聚焦信号分类实验\1\ROI_x729_y538_w32_h39_20260626_212915\01_valid_raw_and_ifft\mat\curve_r0544_c0752_idx000216.mat,D:\LSH\LSH\实验\聚焦信号分类实验\1\ROI_x729_y538_w32_h39_20260626_212915\01_valid_raw_and_ifft\mat,544,752,valid_folder,valid,27,0.006237441,1,Good
1252,D:\LSH\LSH\实验\聚焦信号分类实验\1\ROI_x729_y538_w32_h39_20260626_212915\01_valid_raw_and_ifft\mat\curve_r0544_c0753_idx000217.mat,D:\LSH\LSH\实验\聚焦信号分类实验\1\ROI_x729_y538_w32_h39_20260626_212915\01_valid_raw_and_ifft\mat,544,753,valid_folder,valid,28,0.00398124,1,Good
1253,D:\LSH\LSH\实验\聚焦信号分类实验\1\ROI_x729_y538_w32_h39_20260626_212915\01_valid_raw_and_ifft\mat\curve_r0544_c0754_idx000218.mat,D:\LSH\LSH\实验\聚焦信号分类实验\1\ROI_x729_y538_w32_h39_20260626_212915\01_valid_raw_and_ifft\mat,544,754,valid_folder,valid,26,0.005235119,1,Good
1254,D:\LSH\LSH\实验\聚焦信号分类实验\1\ROI_x729_y538_w32_h39_20260626_212915\01_valid_raw_and_ifft\mat\curve_r0544_c0755_idx000219.mat,D:\LSH\LSH\实验\聚焦信号分类实验\1\ROI_x729_y538_w32_h39_20260626_212915\01_valid_raw_and_ifft\mat,544,755,valid_folder,valid,27,0.0280913,1,Good
1255,D:\LSH\LSH\实验\聚焦信号分类实验\1\ROI_x729_y538_w32_h39_20260626_212915\01_valid_raw_and_ifft\mat\curve_r0544_c0756_idx000220.mat,D:\LSH\LSH\实验\聚焦信号分类实验\1\ROI_x729_y538_w32_h39_20260626_212915\01_valid_raw_and_ifft\mat,544,756,valid_folder,valid,27,0.044775538,1,Good
1256,D:\LSH\LSH\实验\聚焦信号分类实验\1\ROI_x729_y538_w32_h39_20260626_212915\01_valid_raw_and_ifft\mat\curve_r0544_c0757_idx000221.mat,D:\LSH\LSH\实验\聚焦信号分类实验\1\ROI_x729_y538_w32_h39_20260626_212915\01_valid_raw_and_ifft\mat,544,757,valid_folder,valid,27,0.044279256,1,Good
1257,D:\LSH\LSH\实验\聚焦信号分类实验\1\ROI_x729_y538_w32_h39_20260626_212915\01_valid_raw_and_ifft\mat\curve_r0544_c0758_idx000222.mat,D:\LSH\LSH\实验\聚焦信号分类实验\1\ROI_x729_y538_w32_h39_20260626_212915\01_valid_raw_and_ifft\mat,544,758,valid_folder,valid,27,0.038539602,1,Good
1258,D:\LSH\LSH\实验\聚焦信号分类实验\1\ROI_x729_y538_w32_h39_20260626_212915\01_valid_raw_and_ifft\mat\curve_r0544_c0759_idx000223.mat,D:\LSH\LSH\实验\聚焦信号分类实验\1\ROI_x729_y538_w32_h39_20260626_212915\01_valid_raw_and_ifft\mat,544,759,valid_folder,valid,26,0.013610258,1,Good
1259,D:\LSH\LSH\实验\聚焦信号分类实验\1\ROI_x729_y538_w32_h39_20260626_212915\01_valid_raw_and_ifft\mat\curve_r0544_c0760_idx000224.mat,D:\LSH\LSH\实验\聚焦信号分类实验\1\ROI_x729_y538_w32_h39_20260626_212915\01_valid_raw_and_ifft\mat,544,760,valid_folder,valid,27,0.005184535,1,Good
1260,D:\LSH\LSH\实验\聚焦信号分类实验\1\ROI_x729_y538_w32_h39_20260626_212915\01_valid_raw_and_ifft\mat\curve_r0545_c0729_idx000225.mat,D:\LSH\LSH\实验\聚焦信号分类实验\1\ROI_x729_y538_w32_h39_20260626_212915\01_valid_raw_and_ifft\mat,545,729,valid_folder,valid,31,0.07460928,1,Good
1261,D:\LSH\LSH\实验\聚焦信号分类实验\1\ROI_x729_y538_w32_h39_20260626_212915\01_valid_raw_and_ifft\mat\curve_r0545_c0730_idx000226.mat,D:\LSH\LSH\实验\聚焦信号分类实验\1\ROI_x729_y538_w32_h39_20260626_212915\01_valid_raw_and_ifft\mat,545,730,valid_folder,valid,31,0.072604944,1,Good
1262,D:\LSH\LSH\实验\聚焦信号分类实验\1\ROI_x729_y538_w32_h39_20260626_212915\01_valid_raw_and_ifft\mat\curve_r0545_c0731_idx000227.mat,D:\LSH\LSH\实验\聚焦信号分类实验\1\ROI_x729_y538_w32_h39_20260626_212915\01_valid_raw_and_ifft\mat,545,731,valid_folder,valid,30,0.063240075,1,Good
1263,D:\LSH\LSH\实验\聚焦信号分类实验\1\ROI_x729_y538_w32_h39_20260626_212915\01_valid_raw_and_ifft\mat\curve_r0545_c0732_idx000228.mat,D:\LSH\LSH\实验\聚焦信号分类实验\1\ROI_x729_y538_w32_h39_20260626_212915\01_valid_raw_and_ifft\mat,545,732,valid_folder,valid,30,0.057722275,1,Good
1264,D:\LSH\LSH\实验\聚焦信号分类实验\1\ROI_x729_y538_w32_h39_20260626_212915\01_valid_raw_and_ifft\mat\curve_r0545_c0733_idx000229.mat,D:\LSH\LSH\实验\聚焦信号分类实验\1\ROI_x729_y538_w32_h39_20260626_212915\01_valid_raw_and_ifft\mat,545,733,valid_folder,valid,30,0.036343768,1,Good
1265,D:\LSH\LSH\实验\聚焦信号分类实验\1\ROI_x729_y538_w32_h39_20260626_212915\01_valid_raw_and_ifft\mat\curve_r0545_c0734_idx000230.mat,D:\LSH\LSH\实验\聚焦信号分类实验\1\ROI_x729_y538_w32_h39_20260626_212915\01_valid_raw_and_ifft\mat,545,734,valid_folder,valid,30,0.013308598,1,Good
1266,D:\LSH\LSH\实验\聚焦信号分类实验\1\ROI_x729_y538_w32_h39_20260626_212915\01_valid_raw_and_ifft\mat\curve_r0545_c0735_idx000231.mat,D:\LSH\LSH\实验\聚焦信号分类实验\1\ROI_x729_y538_w32_h39_20260626_212915\01_valid_raw_and_ifft\mat,545,735,valid_folder,valid,30,0.035352465,1,Good
1267,D:\LSH\LSH\实验\聚焦信号分类实验\1\ROI_x729_y538_w32_h39_20260626_212915\01_valid_raw_and_ifft\mat\curve_r0545_c0736_idx000232.mat,D:\LSH\LSH\实验\聚焦信号分类实验\1\ROI_x729_y538_w32_h39_20260626_212915\01_valid_raw_and_ifft\mat,545,736,valid_folder,valid,30,0.034069952,1,Good
1268,D:\LSH\LSH\实验\聚焦信号分类实验\1\ROI_x729_y538_w32_h39_20260626_212915\01_valid_raw_and_ifft\mat\curve_r0545_c0737_idx000233.mat,D:\LSH\LSH\实验\聚焦信号分类实验\1\ROI_x729_y538_w32_h39_20260626_212915\01_valid_raw_and_ifft\mat,545,737,valid_folder,valid,30,0.025434635,1,Good
1269,D:\LSH\LSH\实验\聚焦信号分类实验\1\ROI_x729_y538_w32_h39_20260626_212915\01_valid_raw_and_ifft\mat\curve_r0545_c0738_idx000234.mat,D:\LSH\LSH\实验\聚焦信号分类实验\1\ROI_x729_y538_w32_h39_20260626_212915\01_valid_raw_and_ifft\mat,545,738,valid_folder,valid,30,0.020770529,1,Good
1270,D:\LSH\LSH\实验\聚焦信号分类实验\1\ROI_x729_y538_w32_h39_20260626_212915\01_valid_raw_and_ifft\mat\curve_r0545_c0739_idx000235.mat,D:\LSH\LSH\实验\聚焦信号分类实验\1\ROI_x729_y538_w32_h39_20260626_212915\01_valid_raw_and_ifft\mat,545,739,valid_folder,valid,29,0.029434651,1,Good
1271,D:\LSH\LSH\实验\聚焦信号分类实验\1\ROI_x729_y538_w32_h39_20260626_212915\01_valid_raw_and_ifft\mat\curve_r0545_c0740_idx000236.mat,D:\LSH\LSH\实验\聚焦信号分类实验\1\ROI_x729_y538_w32_h39_20260626_212915\01_valid_raw_and_ifft\mat,545,740,valid_folder,valid,29,0.046579951,1,Good
1272,D:\LSH\LSH\实验\聚焦信号分类实验\1\ROI_x729_y538_w32_h39_20260626_212915\01_valid_raw_and_ifft\mat\curve_r0545_c0741_idx000237.mat,D:\LSH\LSH\实验\聚焦信号分类实验\1\ROI_x729_y538_w32_h39_20260626_212915\01_valid_raw_and_ifft\mat,545,741,valid_folder,valid,29,0.04403812,1,Good
1273,D:\LSH\LSH\实验\聚焦信号分类实验\1\ROI_x729_y538_w32_h39_20260626_212915\01_valid_raw_and_ifft\mat\curve_r0545_c0742_idx000238.mat,D:\LSH\LSH\实验\聚焦信号分类实验\1\ROI_x729_y538_w32_h39_20260626_212915\01_valid_raw_and_ifft\mat,545,742,valid_folder,valid,29,0.006969415,1,Good
1274,D:\LSH\LSH\实验\聚焦信号分类实验\1\ROI_x729_y538_w32_h39_20260626_212915\01_valid_raw_and_ifft\mat\curve_r0545_c0743_idx000239.mat,D:\LSH\LSH\实验\聚焦信号分类实验\1\ROI_x729_y538_w32_h39_20260626_212915\01_valid_raw_and_ifft\mat,545,743,valid_folder,valid,28,0.005288468,1,Good
1275,D:\LSH\LSH\实验\聚焦信号分类实验\1\ROI_x729_y538_w32_h39_20260626_212915\01_valid_raw_and_ifft\mat\curve_r0545_c0744_idx000240.mat,D:\LSH\LSH\实验\聚焦信号分类实验\1\ROI_x729_y538_w32_h39_20260626_212915\01_valid_raw_and_ifft\mat,545,744,valid_folder,valid,28,0.032332909,1,Good
1276,D:\LSH\LSH\实验\聚焦信号分类实验\1\ROI_x729_y538_w32_h39_20260626_212915\01_valid_raw_and_ifft\mat\curve_r0545_c0745_idx000241.mat,D:\LSH\LSH\实验\聚焦信号分类实验\1\ROI_x729_y538_w32_h39_20260626_212915\01_valid_raw_and_ifft\mat,545,745,valid_folder,valid,29,0.059656858,1,Good
1277,D:\LSH\LSH\实验\聚焦信号分类实验\1\ROI_x729_y538_w32_h39_20260626_212915\01_valid_raw_and_ifft\mat\curve_r0545_c0746_idx000242.mat,D:\LSH\LSH\实验\聚焦信号分类实验\1\ROI_x729_y538_w32_h39_20260626_212915\01_valid_raw_and_ifft\mat,545,746,valid_folder,valid,29,0.064542337,1,Good
1278,D:\LSH\LSH\实验\聚焦信号分类实验\1\ROI_x729_y538_w32_h39_20260626_212915\01_valid_raw_and_ifft\mat\curve_r0545_c0747_idx000243.mat,D:\LSH\LSH\实验\聚焦信号分类实验\1\ROI_x729_y538_w32_h39_20260626_212915\01_valid_raw_and_ifft\mat,545,747,valid_folder,valid,29,0.022828935,1,Good
1279,D:\LSH\LSH\实验\聚焦信号分类实验\1\ROI_x729_y538_w32_h39_20260626_212915\01_valid_raw_and_ifft\mat\curve_r0545_c0748_idx000244.mat,D:\LSH\LSH\实验\聚焦信号分类实验\1\ROI_x729_y538_w32_h39_20260626_212915\01_valid_raw_and_ifft\mat,545,748,valid_folder,valid,28,0.009092706,1,Good
1280,D:\LSH\LSH\实验\聚焦信号分类实验\1\ROI_x729_y538_w32_h39_20260626_212915\01_valid_raw_and_ifft\mat\curve_r0545_c0749_idx000245.mat,D:\LSH\LSH\实验\聚焦信号分类实验\1\ROI_x729_y538_w32_h39_20260626_212915\01_valid_raw_and_ifft\mat,545,749,valid_folder,valid,28,0.01436735,1,Good
1281,D:\LSH\LSH\实验\聚焦信号分类实验\1\ROI_x729_y538_w32_h39_20260626_212915\01_valid_raw_and_ifft\mat\curve_r0545_c0750_idx000246.mat,D:\LSH\LSH\实验\聚焦信号分类实验\1\ROI_x729_y538_w32_h39_20260626_212915\01_valid_raw_and_ifft\mat,545,750,valid_folder,valid,28,0.024186557,1,Good
1282,D:\LSH\LSH\实验\聚焦信号分类实验\1\ROI_x729_y538_w32_h39_20260626_212915\01_valid_raw_and_ifft\mat\curve_r0545_c0751_idx000247.mat,D:\LSH\LSH\实验\聚焦信号分类实验\1\ROI_x729_y538_w32_h39_20260626_212915\01_valid_raw_and_ifft\mat,545,751,valid_folder,valid,28,0.024484583,1,Good
1283,D:\LSH\LSH\实验\聚焦信号分类实验\1\ROI_x729_y538_w32_h39_20260626_212915\01_valid_raw_and_ifft\mat\curve_r0545_c0752_idx000248.mat,D:\LSH\LSH\实验\聚焦信号分类实验\1\ROI_x729_y538_w32_h39_20260626_212915\01_valid_raw_and_ifft\mat,545,752,valid_folder,valid,27,0.00754975,1,Good
1284,D:\LSH\LSH\实验\聚焦信号分类实验\1\ROI_x729_y538_w32_h39_20260626_212915\01_valid_raw_and_ifft\mat\curve_r0545_c0753_idx000249.mat,D:\LSH\LSH\实验\聚焦信号分类实验\1\ROI_x729_y538_w32_h39_20260626_212915\01_valid_raw_and_ifft\mat,545,753,valid_folder,valid,27,0.008504019,1,Good
1285,D:\LSH\LSH\实验\聚焦信号分类实验\1\ROI_x729_y538_w32_h39_20260626_212915\01_valid_raw_and_ifft\mat\curve_r0545_c0754_idx000250.mat,D:\LSH\LSH\实验\聚焦信号分类实验\1\ROI_x729_y538_w32_h39_20260626_212915\01_valid_raw_and_ifft\mat,545,754,valid_folder,valid,27,0.008774564,1,Good
1286,D:\LSH\LSH\实验\聚焦信号分类实验\1\ROI_x729_y538_w32_h39_20260626_212915\01_valid_raw_and_ifft\mat\curve_r0545_c0755_idx000251.mat,D:\LSH\LSH\实验\聚焦信号分类实验\1\ROI_x729_y538_w32_h39_20260626_212915\01_valid_raw_and_ifft\mat,545,755,valid_folder,valid,27,0.014855256,1,Good
1287,D:\LSH\LSH\实验\聚焦信号分类实验\1\ROI_x729_y538_w32_h39_20260626_212915\01_valid_raw_and_ifft\mat\curve_r0545_c0756_idx000252.mat,D:\LSH\LSH\实验\聚焦信号分类实验\1\ROI_x729_y538_w32_h39_20260626_212915\01_valid_raw_and_ifft\mat,545,756,valid_folder,valid,27,0.01467894,1,Good
1288,D:\LSH\LSH\实验\聚焦信号分类实验\1\ROI_x729_y538_w32_h39_20260626_212915\01_valid_raw_and_ifft\mat\curve_r0545_c0757_idx000253.mat,D:\LSH\LSH\实验\聚焦信号分类实验\1\ROI_x729_y538_w32_h39_20260626_212915\01_valid_raw_and_ifft\mat,545,757,valid_folder,valid,27,0.011299078,1,Good
1289,D:\LSH\LSH\实验\聚焦信号分类实验\1\ROI_x729_y538_w32_h39_20260626_212915\01_valid_raw_and_ifft\mat\curve_r0545_c0758_idx000254.mat,D:\LSH\LSH\实验\聚焦信号分类实验\1\ROI_x729_y538_w32_h39_20260626_212915\01_valid_raw_and_ifft\mat,545,758,valid_folder,valid,27,0.016891541,1,Good
1290,D:\LSH\LSH\实验\聚焦信号分类实验\1\ROI_x729_y538_w32_h39_20260626_212915\01_valid_raw_and_ifft\mat\curve_r0545_c0759_idx000255.mat,D:\LSH\LSH\实验\聚焦信号分类实验\1\ROI_x729_y538_w32_h39_20260626_212915\01_valid_raw_and_ifft\mat,545,759,valid_folder,valid,26,0.011495422,1,Good
1291,D:\LSH\LSH\实验\聚焦信号分类实验\1\ROI_x729_y538_w32_h39_20260626_212915\01_valid_raw_and_ifft\mat\curve_r0545_c0760_idx000256.mat,D:\LSH\LSH\实验\聚焦信号分类实验\1\ROI_x729_y538_w32_h39_20260626_212915\01_valid_raw_and_ifft\mat,545,760,valid_folder,valid,26,0.005329328,1,Good
1292,D:\LSH\LSH\实验\聚焦信号分类实验\1\ROI_x729_y538_w32_h39_20260626_212915\01_valid_raw_and_ifft\mat\curve_r0546_c0729_idx000257.mat,D:\LSH\LSH\实验\聚焦信号分类实验\1\ROI_x729_y538_w32_h39_20260626_212915\01_valid_raw_and_ifft\mat,546,729,valid_folder,valid,31,0.075318794,1,Good
1293,D:\LSH\LSH\实验\聚焦信号分类实验\1\ROI_x729_y538_w32_h39_20260626_212915\01_valid_raw_and_ifft\mat\curve_r0546_c0730_idx000258.mat,D:\LSH\LSH\实验\聚焦信号分类实验\1\ROI_x729_y538_w32_h39_20260626_212915\01_valid_raw_and_ifft\mat,546,730,valid_folder,valid,30,0.078942538,1,Good
1294,D:\LSH\LSH\实验\聚焦信号分类实验\1\ROI_x729_y538_w32_h39_20260626_212915\01_valid_raw_and_ifft\mat\curve_r0546_c0731_idx000259.mat,D:\LSH\LSH\实验\聚焦信号分类实验\1\ROI_x729_y538_w32_h39_20260626_212915\01_valid_raw_and_ifft\mat,546,731,valid_folder,valid,30,0.056633889,1,Good
1295,D:\LSH\LSH\实验\聚焦信号分类实验\1\ROI_x729_y538_w32_h39_20260626_212915\01_valid_raw_and_ifft\mat\curve_r0546_c0732_idx000260.mat,D:\LSH\LSH\实验\聚焦信号分类实验\1\ROI_x729_y538_w32_h39_20260626_212915\01_valid_raw_and_ifft\mat,546,732,valid_folder,valid,30,0.044599237,1,Good
1296,D:\LSH\LSH\实验\聚焦信号分类实验\1\ROI_x729_y538_w32_h39_20260626_212915\01_valid_raw_and_ifft\mat\curve_r0546_c0733_idx000261.mat,D:\LSH\LSH\实验\聚焦信号分类实验\1\ROI_x729_y538_w32_h39_20260626_212915\01_valid_raw_and_ifft\mat,546,733,valid_folder,valid,30,0.017953623,1,Good
1297,D:\LSH\LSH\实验\聚焦信号分类实验\1\ROI_x729_y538_w32_h39_20260626_212915\01_valid_raw_and_ifft\mat\curve_r0546_c0734_idx000262.mat,D:\LSH\LSH\实验\聚焦信号分类实验\1\ROI_x729_y538_w32_h39_20260626_212915\01_valid_raw_and_ifft\mat,546,734,valid_folder,valid,30,0.008340557,1,Good
1298,D:\LSH\LSH\实验\聚焦信号分类实验\1\ROI_x729_y538_w32_h39_20260626_212915\01_valid_raw_and_ifft\mat\curve_r0546_c0735_idx000263.mat,D:\LSH\LSH\实验\聚焦信号分类实验\1\ROI_x729_y538_w32_h39_20260626_212915\01_valid_raw_and_ifft\mat,546,735,valid_folder,valid,30,0.025094994,1,Good
1299,D:\LSH\LSH\实验\聚焦信号分类实验\1\ROI_x729_y538_w32_h39_20260626_212915\01_valid_raw_and_ifft\mat\curve_r0546_c0736_idx000264.mat,D:\LSH\LSH\实验\聚焦信号分类实验\1\ROI_x729_y538_w32_h39_20260626_212915\01_valid_raw_and_ifft\mat,546,736,valid_folder,valid,30,0.031848323,1,Good
1300,D:\LSH\LSH\实验\聚焦信号分类实验\1\ROI_x729_y538_w32_h39_20260626_212915\01_valid_raw_and_ifft\mat\curve_r0546_c0737_idx000265.mat,D:\LSH\LSH\实验\聚焦信号分类实验\1\ROI_x729_y538_w32_h39_20260626_212915\01_valid_raw_and_ifft\mat,546,737,valid_folder,valid,30,0.040814792,1,Good
1301,D:\LSH\LSH\实验\聚焦信号分类实验\1\ROI_x729_y538_w32_h39_20260626_212915\01_valid_raw_and_ifft\mat\curve_r0546_c0738_idx000266.mat,D:\LSH\LSH\实验\聚焦信号分类实验\1\ROI_x729_y538_w32_h39_20260626_212915\01_valid_raw_and_ifft\mat,546,738,valid_folder,valid,30,0.050422762,1,Good
1302,D:\LSH\LSH\实验\聚焦信号分类实验\1\ROI_x729_y538_w32_h39_20260626_212915\01_valid_raw_and_ifft\mat\curve_r0546_c0739_idx000267.mat,D:\LSH\LSH\实验\聚焦信号分类实验\1\ROI_x729_y538_w32_h39_20260626_212915\01_valid_raw_and_ifft\mat,546,739,valid_folder,valid,29,0.055091885,1,Good
1303,D:\LSH\LSH\实验\聚焦信号分类实验\1\ROI_x729_y538_w32_h39_20260626_212915\01_valid_raw_and_ifft\mat\curve_r0546_c0740_idx000268.mat,D:\LSH\LSH\实验\聚焦信号分类实验\1\ROI_x729_y538_w32_h39_20260626_212915\01_valid_raw_and_ifft\mat,546,740,valid_folder,valid,29,0.068315056,1,Good
1304,D:\LSH\LSH\实验\聚焦信号分类实验\1\ROI_x729_y538_w32_h39_20260626_212915\01_valid_raw_and_ifft\mat\curve_r0546_c0741_idx000269.mat,D:\LSH\LSH\实验\聚焦信号分类实验\1\ROI_x729_y538_w32_h39_20260626_212915\01_valid_raw_and_ifft\mat,546,741,valid_folder,valid,29,0.050541604,1,Good
1305,D:\LSH\LSH\实验\聚焦信号分类实验\1\ROI_x729_y538_w32_h39_20260626_212915\01_valid_raw_and_ifft\mat\curve_r0546_c0742_idx000270.mat,D:\LSH\LSH\实验\聚焦信号分类实验\1\ROI_x729_y538_w32_h39_20260626_212915\01_valid_raw_and_ifft\mat,546,742,valid_folder,valid,29,0.013487665,1,Good
1306,D:\LSH\LSH\实验\聚焦信号分类实验\1\ROI_x729_y538_w32_h39_20260626_212915\01_valid_raw_and_ifft\mat\curve_r0546_c0743_idx000271.mat,D:\LSH\LSH\实验\聚焦信号分类实验\1\ROI_x729_y538_w32_h39_20260626_212915\01_valid_raw_and_ifft\mat,546,743,valid_folder,valid,29,0.006013739,1,Good
1307,D:\LSH\LSH\实验\聚焦信号分类实验\1\ROI_x729_y538_w32_h39_20260626_212915\01_valid_raw_and_ifft\mat\curve_r0546_c0744_idx000272.mat,D:\LSH\LSH\实验\聚焦信号分类实验\1\ROI_x729_y538_w32_h39_20260626_212915\01_valid_raw_and_ifft\mat,546,744,valid_folder,valid,28,0.009294806,1,Good
1308,D:\LSH\LSH\实验\聚焦信号分类实验\1\ROI_x729_y538_w32_h39_20260626_212915\01_valid_raw_and_ifft\mat\curve_r0546_c0745_idx000273.mat,D:\LSH\LSH\实验\聚焦信号分类实验\1\ROI_x729_y538_w32_h39_20260626_212915\01_valid_raw_and_ifft\mat,546,745,valid_folder,valid,29,0.022218736,1,Good
1309,D:\LSH\LSH\实验\聚焦信号分类实验\1\ROI_x729_y538_w32_h39_20260626_212915\01_valid_raw_and_ifft\mat\curve_r0546_c0746_idx000274.mat,D:\LSH\LSH\实验\聚焦信号分类实验\1\ROI_x729_y538_w32_h39_20260626_212915\01_valid_raw_and_ifft\mat,546,746,valid_folder,valid,29,0.022855583,1,Good
1310,D:\LSH\LSH\实验\聚焦信号分类实验\1\ROI_x729_y538_w32_h39_20260626_212915\01_valid_raw_and_ifft\mat\curve_r0546_c0747_idx000275.mat,D:\LSH\LSH\实验\聚焦信号分类实验\1\ROI_x729_y538_w32_h39_20260626_212915\01_valid_raw_and_ifft\mat,546,747,valid_folder,valid,29,0.008688127,1,Good
1311,D:\LSH\LSH\实验\聚焦信号分类实验\1\ROI_x729_y538_w32_h39_20260626_212915\01_valid_raw_and_ifft\mat\curve_r0546_c0748_idx000276.mat,D:\LSH\LSH\实验\聚焦信号分类实验\1\ROI_x729_y538_w32_h39_20260626_212915\01_valid_raw_and_ifft\mat,546,748,valid_folder,valid,28,0.003851683,1,Good
1312,D:\LSH\LSH\实验\聚焦信号分类实验\1\ROI_x729_y538_w32_h39_20260626_212915\01_valid_raw_and_ifft\mat\curve_r0546_c0749_idx000277.mat,D:\LSH\LSH\实验\聚焦信号分类实验\1\ROI_x729_y538_w32_h39_20260626_212915\01_valid_raw_and_ifft\mat,546,749,valid_folder,valid,28,0.004592543,1,Good
1313,D:\LSH\LSH\实验\聚焦信号分类实验\1\ROI_x729_y538_w32_h39_20260626_212915\01_valid_raw_and_ifft\mat\curve_r0546_c0750_idx000278.mat,D:\LSH\LSH\实验\聚焦信号分类实验\1\ROI_x729_y538_w32_h39_20260626_212915\01_valid_raw_and_ifft\mat,546,750,valid_folder,valid,28,0.011009634,1,Good
1314,D:\LSH\LSH\实验\聚焦信号分类实验\1\ROI_x729_y538_w32_h39_20260626_212915\01_valid_raw_and_ifft\mat\curve_r0546_c0751_idx000279.mat,D:\LSH\LSH\实验\聚焦信号分类实验\1\ROI_x729_y538_w32_h39_20260626_212915\01_valid_raw_and_ifft\mat,546,751,valid_folder,valid,28,0.013498914,1,Good
1315,D:\LSH\LSH\实验\聚焦信号分类实验\1\ROI_x729_y538_w32_h39_20260626_212915\01_valid_raw_and_ifft\mat\curve_r0546_c0752_idx000280.mat,D:\LSH\LSH\实验\聚焦信号分类实验\1\ROI_x729_y538_w32_h39_20260626_212915\01_valid_raw_and_ifft\mat,546,752,valid_folder,valid,27,0.026867365,1,Good
1316,D:\LSH\LSH\实验\聚焦信号分类实验\1\ROI_x729_y538_w32_h39_20260626_212915\01_valid_raw_and_ifft\mat\curve_r0546_c0753_idx000281.mat,D:\LSH\LSH\实验\聚焦信号分类实验\1\ROI_x729_y538_w32_h39_20260626_212915\01_valid_raw_and_ifft\mat,546,753,valid_folder,valid,27,0.029853883,1,Good
1317,D:\LSH\LSH\实验\聚焦信号分类实验\1\ROI_x729_y538_w32_h39_20260626_212915\01_valid_raw_and_ifft\mat\curve_r0546_c0754_idx000282.mat,D:\LSH\LSH\实验\聚焦信号分类实验\1\ROI_x729_y538_w32_h39_20260626_212915\01_valid_raw_and_ifft\mat,546,754,valid_folder,valid,27,0.023522865,1,Good
1318,D:\LSH\LSH\实验\聚焦信号分类实验\1\ROI_x729_y538_w32_h39_20260626_212915\01_valid_raw_and_ifft\mat\curve_r0546_c0755_idx000283.mat,D:\LSH\LSH\实验\聚焦信号分类实验\1\ROI_x729_y538_w32_h39_20260626_212915\01_valid_raw_and_ifft\mat,546,755,valid_folder,valid,27,0.017124413,1,Good
1319,D:\LSH\LSH\实验\聚焦信号分类实验\1\ROI_x729_y538_w32_h39_20260626_212915\01_valid_raw_and_ifft\mat\curve_r0546_c0756_idx000284.mat,D:\LSH\LSH\实验\聚焦信号分类实验\1\ROI_x729_y538_w32_h39_20260626_212915\01_valid_raw_and_ifft\mat,546,756,valid_folder,valid,27,0.023774696,1,Good
1320,D:\LSH\LSH\实验\聚焦信号分类实验\1\ROI_x729_y538_w32_h39_20260626_212915\01_valid_raw_and_ifft\mat\curve_r0546_c0757_idx000285.mat,D:\LSH\LSH\实验\聚焦信号分类实验\1\ROI_x729_y538_w32_h39_20260626_212915\01_valid_raw_and_ifft\mat,546,757,valid_folder,valid,27,0.022385645,1,Good
1321,D:\LSH\LSH\实验\聚焦信号分类实验\1\ROI_x729_y538_w32_h39_20260626_212915\01_valid_raw_and_ifft\mat\curve_r0546_c0758_idx000286.mat,D:\LSH\LSH\实验\聚焦信号分类实验\1\ROI_x729_y538_w32_h39_20260626_212915\01_valid_raw_and_ifft\mat,546,758,valid_folder,valid,26,0.00591133,1,Good
1322,D:\LSH\LSH\实验\聚焦信号分类实验\1\ROI_x729_y538_w32_h39_20260626_212915\01_valid_raw_and_ifft\mat\curve_r0546_c0759_idx000287.mat,D:\LSH\LSH\实验\聚焦信号分类实验\1\ROI_x729_y538_w32_h39_20260626_212915\01_valid_raw_and_ifft\mat,546,759,valid_folder,valid,26,0.005777664,1,Good
1323,D:\LSH\LSH\实验\聚焦信号分类实验\1\ROI_x729_y538_w32_h39_20260626_212915\01_valid_raw_and_ifft\mat\curve_r0546_c0760_idx000288.mat,D:\LSH\LSH\实验\聚焦信号分类实验\1\ROI_x729_y538_w32_h39_20260626_212915\01_valid_raw_and_ifft\mat,546,760,valid_folder,valid,26,0.004092014,1,Good
1324,D:\LSH\LSH\实验\聚焦信号分类实验\1\ROI_x729_y538_w32_h39_20260626_212915\01_valid_raw_and_ifft\mat\curve_r0547_c0729_idx000289.mat,D:\LSH\LSH\实验\聚焦信号分类实验\1\ROI_x729_y538_w32_h39_20260626_212915\01_valid_raw_and_ifft\mat,547,729,valid_folder,valid,31,0.060952812,1,Good
1325,D:\LSH\LSH\实验\聚焦信号分类实验\1\ROI_x729_y538_w32_h39_20260626_212915\01_valid_raw_and_ifft\mat\curve_r0547_c0730_idx000290.mat,D:\LSH\LSH\实验\聚焦信号分类实验\1\ROI_x729_y538_w32_h39_20260626_212915\01_valid_raw_and_ifft\mat,547,730,valid_folder,valid,30,0.06302266,1,Good
1326,D:\LSH\LSH\实验\聚焦信号分类实验\1\ROI_x729_y538_w32_h39_20260626_212915\01_valid_raw_and_ifft\mat\curve_r0547_c0731_idx000291.mat,D:\LSH\LSH\实验\聚焦信号分类实验\1\ROI_x729_y538_w32_h39_20260626_212915\01_valid_raw_and_ifft\mat,547,731,valid_folder,valid,30,0.01654581,1,Good
1327,D:\LSH\LSH\实验\聚焦信号分类实验\1\ROI_x729_y538_w32_h39_20260626_212915\01_valid_raw_and_ifft\mat\curve_r0547_c0732_idx000292.mat,D:\LSH\LSH\实验\聚焦信号分类实验\1\ROI_x729_y538_w32_h39_20260626_212915\01_valid_raw_and_ifft\mat,547,732,valid_folder,valid,30,0.011696517,1,Good
1328,D:\LSH\LSH\实验\聚焦信号分类实验\1\ROI_x729_y538_w32_h39_20260626_212915\01_valid_raw_and_ifft\mat\curve_r0547_c0733_idx000293.mat,D:\LSH\LSH\实验\聚焦信号分类实验\1\ROI_x729_y538_w32_h39_20260626_212915\01_valid_raw_and_ifft\mat,547,733,valid_folder,valid,30,0.008092315,1,Good
1329,D:\LSH\LSH\实验\聚焦信号分类实验\1\ROI_x729_y538_w32_h39_20260626_212915\01_valid_raw_and_ifft\mat\curve_r0547_c0734_idx000294.mat,D:\LSH\LSH\实验\聚焦信号分类实验\1\ROI_x729_y538_w32_h39_20260626_212915\01_valid_raw_and_ifft\mat,547,734,valid_folder,valid,30,0.026245189,1,Good
1330,D:\LSH\LSH\实验\聚焦信号分类实验\1\ROI_x729_y538_w32_h39_20260626_212915\01_valid_raw_and_ifft\mat\curve_r0547_c0735_idx000295.mat,D:\LSH\LSH\实验\聚焦信号分类实验\1\ROI_x729_y538_w32_h39_20260626_212915\01_valid_raw_and_ifft\mat,547,735,valid_folder,valid,30,0.040319137,1,Good
1331,D:\LSH\LSH\实验\聚焦信号分类实验\1\ROI_x729_y538_w32_h39_20260626_212915\01_valid_raw_and_ifft\mat\curve_r0547_c0736_idx000296.mat,D:\LSH\LSH\实验\聚焦信号分类实验\1\ROI_x729_y538_w32_h39_20260626_212915\01_valid_raw_and_ifft\mat,547,736,valid_folder,valid,30,0.031260259,1,Good
1332,D:\LSH\LSH\实验\聚焦信号分类实验\1\ROI_x729_y538_w32_h39_20260626_212915\01_valid_raw_and_ifft\mat\curve_r0547_c0737_idx000297.mat,D:\LSH\LSH\实验\聚焦信号分类实验\1\ROI_x729_y538_w32_h39_20260626_212915\01_valid_raw_and_ifft\mat,547,737,valid_folder,valid,30,0.039477624,1,Good
1333,D:\LSH\LSH\实验\聚焦信号分类实验\1\ROI_x729_y538_w32_h39_20260626_212915\01_valid_raw_and_ifft\mat\curve_r0547_c0738_idx000298.mat,D:\LSH\LSH\实验\聚焦信号分类实验\1\ROI_x729_y538_w32_h39_20260626_212915\01_valid_raw_and_ifft\mat,547,738,valid_folder,valid,30,0.04657154,1,Good
1334,D:\LSH\LSH\实验\聚焦信号分类实验\1\ROI_x729_y538_w32_h39_20260626_212915\01_valid_raw_and_ifft\mat\curve_r0547_c0739_idx000299.mat,D:\LSH\LSH\实验\聚焦信号分类实验\1\ROI_x729_y538_w32_h39_20260626_212915\01_valid_raw_and_ifft\mat,547,739,valid_folder,valid,29,0.049688071,1,Good
1335,D:\LSH\LSH\实验\聚焦信号分类实验\1\ROI_x729_y538_w32_h39_20260626_212915\01_valid_raw_and_ifft\mat\curve_r0547_c0740_idx000300.mat,D:\LSH\LSH\实验\聚焦信号分类实验\1\ROI_x729_y538_w32_h39_20260626_212915\01_valid_raw_and_ifft\mat,547,740,valid_folder,valid,29,0.055307407,1,Good
1336,D:\LSH\LSH\实验\聚焦信号分类实验\1\ROI_x729_y538_w32_h39_20260626_212915\01_valid_raw_and_ifft\mat\curve_r0547_c0741_idx000301.mat,D:\LSH\LSH\实验\聚焦信号分类实验\1\ROI_x729_y538_w32_h39_20260626_212915\01_valid_raw_and_ifft\mat,547,741,valid_folder,valid,29,0.052700428,1,Good
1337,D:\LSH\LSH\实验\聚焦信号分类实验\1\ROI_x729_y538_w32_h39_20260626_212915\01_valid_raw_and_ifft\mat\curve_r0547_c0742_idx000302.mat,D:\LSH\LSH\实验\聚焦信号分类实验\1\ROI_x729_y538_w32_h39_20260626_212915\01_valid_raw_and_ifft\mat,547,742,valid_folder,valid,29,0.028703295,1,Good
1338,D:\LSH\LSH\实验\聚焦信号分类实验\1\ROI_x729_y538_w32_h39_20260626_212915\01_valid_raw_and_ifft\mat\curve_r0547_c0743_idx000303.mat,D:\LSH\LSH\实验\聚焦信号分类实验\1\ROI_x729_y538_w32_h39_20260626_212915\01_valid_raw_and_ifft\mat,547,743,valid_folder,valid,29,0.013329405,1,Good
1339,D:\LSH\LSH\实验\聚焦信号分类实验\1\ROI_x729_y538_w32_h39_20260626_212915\01_valid_raw_and_ifft\mat\curve_r0547_c0744_idx000304.mat,D:\LSH\LSH\实验\聚焦信号分类实验\1\ROI_x729_y538_w32_h39_20260626_212915\01_valid_raw_and_ifft\mat,547,744,valid_folder,valid,29,0.00736014,1,Good
1340,D:\LSH\LSH\实验\聚焦信号分类实验\1\ROI_x729_y538_w32_h39_20260626_212915\01_valid_raw_and_ifft\mat\curve_r0547_c0745_idx000305.mat,D:\LSH\LSH\实验\聚焦信号分类实验\1\ROI_x729_y538_w32_h39_20260626_212915\01_valid_raw_and_ifft\mat,547,745,valid_folder,valid,29,0.007998832,1,Good
1341,D:\LSH\LSH\实验\聚焦信号分类实验\1\ROI_x729_y538_w32_h39_20260626_212915\01_valid_raw_and_ifft\mat\curve_r0547_c0746_idx000306.mat,D:\LSH\LSH\实验\聚焦信号分类实验\1\ROI_x729_y538_w32_h39_20260626_212915\01_valid_raw_and_ifft\mat,547,746,valid_folder,valid,29,0.00706694,1,Good
1342,D:\LSH\LSH\实验\聚焦信号分类实验\1\ROI_x729_y538_w32_h39_20260626_212915\01_valid_raw_and_ifft\mat\curve_r0547_c0747_idx000307.mat,D:\LSH\LSH\实验\聚焦信号分类实验\1\ROI_x729_y538_w32_h39_20260626_212915\01_valid_raw_and_ifft\mat,547,747,valid_folder,valid,29,0.005463573,1,Good
1343,D:\LSH\LSH\实验\聚焦信号分类实验\1\ROI_x729_y538_w32_h39_20260626_212915\01_valid_raw_and_ifft\mat\curve_r0547_c0748_idx000308.mat,D:\LSH\LSH\实验\聚焦信号分类实验\1\ROI_x729_y538_w32_h39_20260626_212915\01_valid_raw_and_ifft\mat,547,748,valid_folder,valid,29,0.003824917,1,Good
1344,D:\LSH\LSH\实验\聚焦信号分类实验\1\ROI_x729_y538_w32_h39_20260626_212915\01_valid_raw_and_ifft\mat\curve_r0547_c0749_idx000309.mat,D:\LSH\LSH\实验\聚焦信号分类实验\1\ROI_x729_y538_w32_h39_20260626_212915\01_valid_raw_and_ifft\mat,547,749,valid_folder,valid,28,0.005506874,1,Good
1345,D:\LSH\LSH\实验\聚焦信号分类实验\1\ROI_x729_y538_w32_h39_20260626_212915\01_valid_raw_and_ifft\mat\curve_r0547_c0750_idx000310.mat,D:\LSH\LSH\实验\聚焦信号分类实验\1\ROI_x729_y538_w32_h39_20260626_212915\01_valid_raw_and_ifft\mat,547,750,valid_folder,valid,28,0.025903067,1,Good
1346,D:\LSH\LSH\实验\聚焦信号分类实验\1\ROI_x729_y538_w32_h39_20260626_212915\01_valid_raw_and_ifft\mat\curve_r0547_c0751_idx000311.mat,D:\LSH\LSH\实验\聚焦信号分类实验\1\ROI_x729_y538_w32_h39_20260626_212915\01_valid_raw_and_ifft\mat,547,751,valid_folder,valid,27,0.048822348,1,Good
1347,D:\LSH\LSH\实验\聚焦信号分类实验\1\ROI_x729_y538_w32_h39_20260626_212915\01_valid_raw_and_ifft\mat\curve_r0547_c0752_idx000312.mat,D:\LSH\LSH\实验\聚焦信号分类实验\1\ROI_x729_y538_w32_h39_20260626_212915\01_valid_raw_and_ifft\mat,547,752,valid_folder,valid,27,0.065769676,1,Good
1348,D:\LSH\LSH\实验\聚焦信号分类实验\1\ROI_x729_y538_w32_h39_20260626_212915\01_valid_raw_and_ifft\mat\curve_r0547_c0753_idx000313.mat,D:\LSH\LSH\实验\聚焦信号分类实验\1\ROI_x729_y538_w32_h39_20260626_212915\01_valid_raw_and_ifft\mat,547,753,valid_folder,valid,27,0.041115,1,Good
1349,D:\LSH\LSH\实验\聚焦信号分类实验\1\ROI_x729_y538_w32_h39_20260626_212915\01_valid_raw_and_ifft\mat\curve_r0547_c0754_idx000314.mat,D:\LSH\LSH\实验\聚焦信号分类实验\1\ROI_x729_y538_w32_h39_20260626_212915\01_valid_raw_and_ifft\mat,547,754,valid_folder,valid,27,0.029540399,1,Good
1350,D:\LSH\LSH\实验\聚焦信号分类实验\1\ROI_x729_y538_w32_h39_20260626_212915\01_valid_raw_and_ifft\mat\curve_r0547_c0755_idx000315.mat,D:\LSH\LSH\实验\聚焦信号分类实验\1\ROI_x729_y538_w32_h39_20260626_212915\01_valid_raw_and_ifft\mat,547,755,valid_folder,valid,27,0.023287555,1,Good
1351,D:\LSH\LSH\实验\聚焦信号分类实验\1\ROI_x729_y538_w32_h39_20260626_212915\01_valid_raw_and_ifft\mat\curve_r0547_c0756_idx000316.mat,D:\LSH\LSH\实验\聚焦信号分类实验\1\ROI_x729_y538_w32_h39_20260626_212915\01_valid_raw_and_ifft\mat,547,756,valid_folder,valid,27,0.031790643,1,Good
1352,D:\LSH\LSH\实验\聚焦信号分类实验\1\ROI_x729_y538_w32_h39_20260626_212915\01_valid_raw_and_ifft\mat\curve_r0547_c0757_idx000317.mat,D:\LSH\LSH\实验\聚焦信号分类实验\1\ROI_x729_y538_w32_h39_20260626_212915\01_valid_raw_and_ifft\mat,547,757,valid_folder,valid,27,0.026173317,1,Good
1353,D:\LSH\LSH\实验\聚焦信号分类实验\1\ROI_x729_y538_w32_h39_20260626_212915\01_valid_raw_and_ifft\mat\curve_r0547_c0758_idx000318.mat,D:\LSH\LSH\实验\聚焦信号分类实验\1\ROI_x729_y538_w32_h39_20260626_212915\01_valid_raw_and_ifft\mat,547,758,valid_folder,valid,27,0.005767175,1,Good
1354,D:\LSH\LSH\实验\聚焦信号分类实验\1\ROI_x729_y538_w32_h39_20260626_212915\01_valid_raw_and_ifft\mat\curve_r0547_c0759_idx000319.mat,D:\LSH\LSH\实验\聚焦信号分类实验\1\ROI_x729_y538_w32_h39_20260626_212915\01_valid_raw_and_ifft\mat,547,759,valid_folder,valid,26,0.004786052,1,Good
1355,D:\LSH\LSH\实验\聚焦信号分类实验\1\ROI_x729_y538_w32_h39_20260626_212915\01_valid_raw_and_ifft\mat\curve_r0547_c0760_idx000320.mat,D:\LSH\LSH\实验\聚焦信号分类实验\1\ROI_x729_y538_w32_h39_20260626_212915\01_valid_raw_and_ifft\mat,547,760,valid_folder,valid,26,0.010193322,1,Good
1356,D:\LSH\LSH\实验\聚焦信号分类实验\1\ROI_x729_y538_w32_h39_20260626_212915\01_valid_raw_and_ifft\mat\curve_r0548_c0729_idx000321.mat,D:\LSH\LSH\实验\聚焦信号分类实验\1\ROI_x729_y538_w32_h39_20260626_212915\01_valid_raw_and_ifft\mat,548,729,valid_folder,valid,30,0.024963456,1,Good
1357,D:\LSH\LSH\实验\聚焦信号分类实验\1\ROI_x729_y538_w32_h39_20260626_212915\01_valid_raw_and_ifft\mat\curve_r0548_c0730_idx000322.mat,D:\LSH\LSH\实验\聚焦信号分类实验\1\ROI_x729_y538_w32_h39_20260626_212915\01_valid_raw_and_ifft\mat,548,730,valid_folder,valid,30,0.025651805,1,Good
1358,D:\LSH\LSH\实验\聚焦信号分类实验\1\ROI_x729_y538_w32_h39_20260626_212915\01_valid_raw_and_ifft\mat\curve_r0548_c0731_idx000323.mat,D:\LSH\LSH\实验\聚焦信号分类实验\1\ROI_x729_y538_w32_h39_20260626_212915\01_valid_raw_and_ifft\mat,548,731,valid_folder,valid,30,0.006552454,1,Good
1359,D:\LSH\LSH\实验\聚焦信号分类实验\1\ROI_x729_y538_w32_h39_20260626_212915\01_valid_raw_and_ifft\mat\curve_r0548_c0732_idx000324.mat,D:\LSH\LSH\实验\聚焦信号分类实验\1\ROI_x729_y538_w32_h39_20260626_212915\01_valid_raw_and_ifft\mat,548,732,valid_folder,valid,30,0.005637961,1,Good
1360,D:\LSH\LSH\实验\聚焦信号分类实验\1\ROI_x729_y538_w32_h39_20260626_212915\01_valid_raw_and_ifft\mat\curve_r0548_c0733_idx000325.mat,D:\LSH\LSH\实验\聚焦信号分类实验\1\ROI_x729_y538_w32_h39_20260626_212915\01_valid_raw_and_ifft\mat,548,733,valid_folder,valid,30,0.010105238,1,Good
1361,D:\LSH\LSH\实验\聚焦信号分类实验\1\ROI_x729_y538_w32_h39_20260626_212915\01_valid_raw_and_ifft\mat\curve_r0548_c0734_idx000326.mat,D:\LSH\LSH\实验\聚焦信号分类实验\1\ROI_x729_y538_w32_h39_20260626_212915\01_valid_raw_and_ifft\mat,548,734,valid_folder,valid,30,0.0553884,1,Good
1362,D:\LSH\LSH\实验\聚焦信号分类实验\1\ROI_x729_y538_w32_h39_20260626_212915\01_valid_raw_and_ifft\mat\curve_r0548_c0735_idx000327.mat,D:\LSH\LSH\实验\聚焦信号分类实验\1\ROI_x729_y538_w32_h39_20260626_212915\01_valid_raw_and_ifft\mat,548,735,valid_folder,valid,30,0.079432719,1,Good
1363,D:\LSH\LSH\实验\聚焦信号分类实验\1\ROI_x729_y538_w32_h39_20260626_212915\01_valid_raw_and_ifft\mat\curve_r0548_c0736_idx000328.mat,D:\LSH\LSH\实验\聚焦信号分类实验\1\ROI_x729_y538_w32_h39_20260626_212915\01_valid_raw_and_ifft\mat,548,736,valid_folder,valid,30,0.054547446,1,Good
1364,D:\LSH\LSH\实验\聚焦信号分类实验\1\ROI_x729_y538_w32_h39_20260626_212915\01_valid_raw_and_ifft\mat\curve_r0548_c0737_idx000329.mat,D:\LSH\LSH\实验\聚焦信号分类实验\1\ROI_x729_y538_w32_h39_20260626_212915\01_valid_raw_and_ifft\mat,548,737,valid_folder,valid,30,0.031136366,1,Good
1365,D:\LSH\LSH\实验\聚焦信号分类实验\1\ROI_x729_y538_w32_h39_20260626_212915\01_valid_raw_and_ifft\mat\curve_r0548_c0738_idx000330.mat,D:\LSH\LSH\实验\聚焦信号分类实验\1\ROI_x729_y538_w32_h39_20260626_212915\01_valid_raw_and_ifft\mat,548,738,valid_folder,valid,29,0.025962503,1,Good
1366,D:\LSH\LSH\实验\聚焦信号分类实验\1\ROI_x729_y538_w32_h39_20260626_212915\01_valid_raw_and_ifft\mat\curve_r0548_c0739_idx000331.mat,D:\LSH\LSH\实验\聚焦信号分类实验\1\ROI_x729_y538_w32_h39_20260626_212915\01_valid_raw_and_ifft\mat,548,739,valid_folder,valid,29,0.016555941,1,Good
1367,D:\LSH\LSH\实验\聚焦信号分类实验\1\ROI_x729_y538_w32_h39_20260626_212915\01_valid_raw_and_ifft\mat\curve_r0548_c0740_idx000332.mat,D:\LSH\LSH\实验\聚焦信号分类实验\1\ROI_x729_y538_w32_h39_20260626_212915\01_valid_raw_and_ifft\mat,548,740,valid_folder,valid,29,0.015539093,1,Good
1368,D:\LSH\LSH\实验\聚焦信号分类实验\1\ROI_x729_y538_w32_h39_20260626_212915\01_valid_raw_and_ifft\mat\curve_r0548_c0741_idx000333.mat,D:\LSH\LSH\实验\聚焦信号分类实验\1\ROI_x729_y538_w32_h39_20260626_212915\01_valid_raw_and_ifft\mat,548,741,valid_folder,valid,29,0.034169521,1,Good
1369,D:\LSH\LSH\实验\聚焦信号分类实验\1\ROI_x729_y538_w32_h39_20260626_212915\01_valid_raw_and_ifft\mat\curve_r0548_c0742_idx000334.mat,D:\LSH\LSH\实验\聚焦信号分类实验\1\ROI_x729_y538_w32_h39_20260626_212915\01_valid_raw_and_ifft\mat,548,742,valid_folder,valid,29,0.033413674,1,Good
1370,D:\LSH\LSH\实验\聚焦信号分类实验\1\ROI_x729_y538_w32_h39_20260626_212915\01_valid_raw_and_ifft\mat\curve_r0548_c0743_idx000335.mat,D:\LSH\LSH\实验\聚焦信号分类实验\1\ROI_x729_y538_w32_h39_20260626_212915\01_valid_raw_and_ifft\mat,548,743,valid_folder,valid,29,0.020154032,1,Good
1371,D:\LSH\LSH\实验\聚焦信号分类实验\1\ROI_x729_y538_w32_h39_20260626_212915\01_valid_raw_and_ifft\mat\curve_r0548_c0744_idx000336.mat,D:\LSH\LSH\实验\聚焦信号分类实验\1\ROI_x729_y538_w32_h39_20260626_212915\01_valid_raw_and_ifft\mat,548,744,valid_folder,valid,29,0.009354202,1,Good
1372,D:\LSH\LSH\实验\聚焦信号分类实验\1\ROI_x729_y538_w32_h39_20260626_212915\01_valid_raw_and_ifft\mat\curve_r0548_c0745_idx000337.mat,D:\LSH\LSH\实验\聚焦信号分类实验\1\ROI_x729_y538_w32_h39_20260626_212915\01_valid_raw_and_ifft\mat,548,745,valid_folder,valid,29,0.009628905,1,Good
1373,D:\LSH\LSH\实验\聚焦信号分类实验\1\ROI_x729_y538_w32_h39_20260626_212915\01_valid_raw_and_ifft\mat\curve_r0548_c0746_idx000338.mat,D:\LSH\LSH\实验\聚焦信号分类实验\1\ROI_x729_y538_w32_h39_20260626_212915\01_valid_raw_and_ifft\mat,548,746,valid_folder,valid,29,0.007967682,1,Good
1374,D:\LSH\LSH\实验\聚焦信号分类实验\1\ROI_x729_y538_w32_h39_20260626_212915\01_valid_raw_and_ifft\mat\curve_r0548_c0747_idx000339.mat,D:\LSH\LSH\实验\聚焦信号分类实验\1\ROI_x729_y538_w32_h39_20260626_212915\01_valid_raw_and_ifft\mat,548,747,valid_folder,valid,28,0.008055845,1,Good
1375,D:\LSH\LSH\实验\聚焦信号分类实验\1\ROI_x729_y538_w32_h39_20260626_212915\01_valid_raw_and_ifft\mat\curve_r0548_c0748_idx000340.mat,D:\LSH\LSH\实验\聚焦信号分类实验\1\ROI_x729_y538_w32_h39_20260626_212915\01_valid_raw_and_ifft\mat,548,748,valid_folder,valid,28,0.007516301,1,Good
1376,D:\LSH\LSH\实验\聚焦信号分类实验\1\ROI_x729_y538_w32_h39_20260626_212915\01_valid_raw_and_ifft\mat\curve_r0548_c0749_idx000341.mat,D:\LSH\LSH\实验\聚焦信号分类实验\1\ROI_x729_y538_w32_h39_20260626_212915\01_valid_raw_and_ifft\mat,548,749,valid_folder,valid,28,0.013596193,1,Good
1377,D:\LSH\LSH\实验\聚焦信号分类实验\1\ROI_x729_y538_w32_h39_20260626_212915\01_valid_raw_and_ifft\mat\curve_r0548_c0750_idx000342.mat,D:\LSH\LSH\实验\聚焦信号分类实验\1\ROI_x729_y538_w32_h39_20260626_212915\01_valid_raw_and_ifft\mat,548,750,valid_folder,valid,28,0.034386892,1,Good
1378,D:\LSH\LSH\实验\聚焦信号分类实验\1\ROI_x729_y538_w32_h39_20260626_212915\01_valid_raw_and_ifft\mat\curve_r0548_c0751_idx000343.mat,D:\LSH\LSH\实验\聚焦信号分类实验\1\ROI_x729_y538_w32_h39_20260626_212915\01_valid_raw_and_ifft\mat,548,751,valid_folder,valid,27,0.050022504,1,Good
1379,D:\LSH\LSH\实验\聚焦信号分类实验\1\ROI_x729_y538_w32_h39_20260626_212915\01_valid_raw_and_ifft\mat\curve_r0548_c0752_idx000344.mat,D:\LSH\LSH\实验\聚焦信号分类实验\1\ROI_x729_y538_w32_h39_20260626_212915\01_valid_raw_and_ifft\mat,548,752,valid_folder,valid,27,0.058448404,1,Good
1380,D:\LSH\LSH\实验\聚焦信号分类实验\1\ROI_x729_y538_w32_h39_20260626_212915\01_valid_raw_and_ifft\mat\curve_r0548_c0753_idx000345.mat,D:\LSH\LSH\实验\聚焦信号分类实验\1\ROI_x729_y538_w32_h39_20260626_212915\01_valid_raw_and_ifft\mat,548,753,valid_folder,valid,27,0.052855902,1,Good
1381,D:\LSH\LSH\实验\聚焦信号分类实验\1\ROI_x729_y538_w32_h39_20260626_212915\01_valid_raw_and_ifft\mat\curve_r0548_c0754_idx000346.mat,D:\LSH\LSH\实验\聚焦信号分类实验\1\ROI_x729_y538_w32_h39_20260626_212915\01_valid_raw_and_ifft\mat,548,754,valid_folder,valid,27,0.055053968,1,Good
1382,D:\LSH\LSH\实验\聚焦信号分类实验\1\ROI_x729_y538_w32_h39_20260626_212915\01_valid_raw_and_ifft\mat\curve_r0548_c0755_idx000347.mat,D:\LSH\LSH\实验\聚焦信号分类实验\1\ROI_x729_y538_w32_h39_20260626_212915\01_valid_raw_and_ifft\mat,548,755,valid_folder,valid,27,0.04428974,1,Good
1383,D:\LSH\LSH\实验\聚焦信号分类实验\1\ROI_x729_y538_w32_h39_20260626_212915\01_valid_raw_and_ifft\mat\curve_r0548_c0756_idx000348.mat,D:\LSH\LSH\实验\聚焦信号分类实验\1\ROI_x729_y538_w32_h39_20260626_212915\01_valid_raw_and_ifft\mat,548,756,valid_folder,valid,27,0.039171688,1,Good
1384,D:\LSH\LSH\实验\聚焦信号分类实验\1\ROI_x729_y538_w32_h39_20260626_212915\01_valid_raw_and_ifft\mat\curve_r0548_c0757_idx000349.mat,D:\LSH\LSH\实验\聚焦信号分类实验\1\ROI_x729_y538_w32_h39_20260626_212915\01_valid_raw_and_ifft\mat,548,757,valid_folder,valid,27,0.017899527,1,Good
1385,D:\LSH\LSH\实验\聚焦信号分类实验\1\ROI_x729_y538_w32_h39_20260626_212915\01_valid_raw_and_ifft\mat\curve_r0548_c0758_idx000350.mat,D:\LSH\LSH\实验\聚焦信号分类实验\1\ROI_x729_y538_w32_h39_20260626_212915\01_valid_raw_and_ifft\mat,548,758,valid_folder,valid,26,0.016525904,1,Good
1386,D:\LSH\LSH\实验\聚焦信号分类实验\1\ROI_x729_y538_w32_h39_20260626_212915\01_valid_raw_and_ifft\mat\curve_r0548_c0759_idx000351.mat,D:\LSH\LSH\实验\聚焦信号分类实验\1\ROI_x729_y538_w32_h39_20260626_212915\01_valid_raw_and_ifft\mat,548,759,valid_folder,valid,26,0.013847519,1,Good
1387,D:\LSH\LSH\实验\聚焦信号分类实验\1\ROI_x729_y538_w32_h39_20260626_212915\01_valid_raw_and_ifft\mat\curve_r0548_c0760_idx000352.mat,D:\LSH\LSH\实验\聚焦信号分类实验\1\ROI_x729_y538_w32_h39_20260626_212915\01_valid_raw_and_ifft\mat,548,760,valid_folder,valid,26,0.01256277,1,Good
1388,D:\LSH\LSH\实验\聚焦信号分类实验\1\ROI_x729_y538_w32_h39_20260626_212915\01_valid_raw_and_ifft\mat\curve_r0549_c0729_idx000353.mat,D:\LSH\LSH\实验\聚焦信号分类实验\1\ROI_x729_y538_w32_h39_20260626_212915\01_valid_raw_and_ifft\mat,549,729,valid_folder,valid,31,0.008077059,1,Good
1389,D:\LSH\LSH\实验\聚焦信号分类实验\1\ROI_x729_y538_w32_h39_20260626_212915\01_valid_raw_and_ifft\mat\curve_r0549_c0730_idx000354.mat,D:\LSH\LSH\实验\聚焦信号分类实验\1\ROI_x729_y538_w32_h39_20260626_212915\01_valid_raw_and_ifft\mat,549,730,valid_folder,valid,30,0.004607264,1,Good
1390,D:\LSH\LSH\实验\聚焦信号分类实验\1\ROI_x729_y538_w32_h39_20260626_212915\01_valid_raw_and_ifft\mat\curve_r0549_c0731_idx000355.mat,D:\LSH\LSH\实验\聚焦信号分类实验\1\ROI_x729_y538_w32_h39_20260626_212915\01_valid_raw_and_ifft\mat,549,731,valid_folder,valid,30,0.004930443,1,Good
1391,D:\LSH\LSH\实验\聚焦信号分类实验\1\ROI_x729_y538_w32_h39_20260626_212915\01_valid_raw_and_ifft\mat\curve_r0549_c0732_idx000356.mat,D:\LSH\LSH\实验\聚焦信号分类实验\1\ROI_x729_y538_w32_h39_20260626_212915\01_valid_raw_and_ifft\mat,549,732,valid_folder,valid,30,0.006693795,1,Good
1392,D:\LSH\LSH\实验\聚焦信号分类实验\1\ROI_x729_y538_w32_h39_20260626_212915\01_valid_raw_and_ifft\mat\curve_r0549_c0733_idx000357.mat,D:\LSH\LSH\实验\聚焦信号分类实验\1\ROI_x729_y538_w32_h39_20260626_212915\01_valid_raw_and_ifft\mat,549,733,valid_folder,valid,30,0.012692464,1,Good
1393,D:\LSH\LSH\实验\聚焦信号分类实验\1\ROI_x729_y538_w32_h39_20260626_212915\01_valid_raw_and_ifft\mat\curve_r0549_c0734_idx000358.mat,D:\LSH\LSH\实验\聚焦信号分类实验\1\ROI_x729_y538_w32_h39_20260626_212915\01_valid_raw_and_ifft\mat,549,734,valid_folder,valid,30,0.059940834,1,Good
1394,D:\LSH\LSH\实验\聚焦信号分类实验\1\ROI_x729_y538_w32_h39_20260626_212915\01_valid_raw_and_ifft\mat\curve_r0549_c0735_idx000359.mat,D:\LSH\LSH\实验\聚焦信号分类实验\1\ROI_x729_y538_w32_h39_20260626_212915\01_valid_raw_and_ifft\mat,549,735,valid_folder,valid,30,0.083844822,1,Good
1395,D:\LSH\LSH\实验\聚焦信号分类实验\1\ROI_x729_y538_w32_h39_20260626_212915\01_valid_raw_and_ifft\mat\curve_r0549_c0736_idx000360.mat,D:\LSH\LSH\实验\聚焦信号分类实验\1\ROI_x729_y538_w32_h39_20260626_212915\01_valid_raw_and_ifft\mat,549,736,valid_folder,valid,30,0.057044529,1,Good
1396,D:\LSH\LSH\实验\聚焦信号分类实验\1\ROI_x729_y538_w32_h39_20260626_212915\01_valid_raw_and_ifft\mat\curve_r0549_c0737_idx000361.mat,D:\LSH\LSH\实验\聚焦信号分类实验\1\ROI_x729_y538_w32_h39_20260626_212915\01_valid_raw_and_ifft\mat,549,737,valid_folder,valid,30,0.027503732,1,Good
1397,D:\LSH\LSH\实验\聚焦信号分类实验\1\ROI_x729_y538_w32_h39_20260626_212915\01_valid_raw_and_ifft\mat\curve_r0549_c0738_idx000362.mat,D:\LSH\LSH\实验\聚焦信号分类实验\1\ROI_x729_y538_w32_h39_20260626_212915\01_valid_raw_and_ifft\mat,549,738,valid_folder,valid,29,0.025621729,1,Good
1398,D:\LSH\LSH\实验\聚焦信号分类实验\1\ROI_x729_y538_w32_h39_20260626_212915\01_valid_raw_and_ifft\mat\curve_r0549_c0739_idx000363.mat,D:\LSH\LSH\实验\聚焦信号分类实验\1\ROI_x729_y538_w32_h39_20260626_212915\01_valid_raw_and_ifft\mat,549,739,valid_folder,valid,29,0.016976384,1,Good
1399,D:\LSH\LSH\实验\聚焦信号分类实验\1\ROI_x729_y538_w32_h39_20260626_212915\01_valid_raw_and_ifft\mat\curve_r0549_c0740_idx000364.mat,D:\LSH\LSH\实验\聚焦信号分类实验\1\ROI_x729_y538_w32_h39_20260626_212915\01_valid_raw_and_ifft\mat,549,740,valid_folder,valid,29,0.010339195,1,Good
1400,D:\LSH\LSH\实验\聚焦信号分类实验\1\ROI_x729_y538_w32_h39_20260626_212915\01_valid_raw_and_ifft\mat\curve_r0549_c0741_idx000365.mat,D:\LSH\LSH\实验\聚焦信号分类实验\1\ROI_x729_y538_w32_h39_20260626_212915\01_valid_raw_and_ifft\mat,549,741,valid_folder,valid,29,0.014052243,1,Good
1401,D:\LSH\LSH\实验\聚焦信号分类实验\1\ROI_x729_y538_w32_h39_20260626_212915\01_valid_raw_and_ifft\mat\curve_r0549_c0742_idx000366.mat,D:\LSH\LSH\实验\聚焦信号分类实验\1\ROI_x729_y538_w32_h39_20260626_212915\01_valid_raw_and_ifft\mat,549,742,valid_folder,valid,29,0.022018366,1,Good
1402,D:\LSH\LSH\实验\聚焦信号分类实验\1\ROI_x729_y538_w32_h39_20260626_212915\01_valid_raw_and_ifft\mat\curve_r0549_c0743_idx000367.mat,D:\LSH\LSH\实验\聚焦信号分类实验\1\ROI_x729_y538_w32_h39_20260626_212915\01_valid_raw_and_ifft\mat,549,743,valid_folder,valid,29,0.018788815,1,Good
1403,D:\LSH\LSH\实验\聚焦信号分类实验\1\ROI_x729_y538_w32_h39_20260626_212915\01_valid_raw_and_ifft\mat\curve_r0549_c0744_idx000368.mat,D:\LSH\LSH\实验\聚焦信号分类实验\1\ROI_x729_y538_w32_h39_20260626_212915\01_valid_raw_and_ifft\mat,549,744,valid_folder,valid,29,0.027804583,1,Good
1404,D:\LSH\LSH\实验\聚焦信号分类实验\1\ROI_x729_y538_w32_h39_20260626_212915\01_valid_raw_and_ifft\mat\curve_r0549_c0745_idx000369.mat,D:\LSH\LSH\实验\聚焦信号分类实验\1\ROI_x729_y538_w32_h39_20260626_212915\01_valid_raw_and_ifft\mat,549,745,valid_folder,valid,29,0.02854686,1,Good
1405,D:\LSH\LSH\实验\聚焦信号分类实验\1\ROI_x729_y538_w32_h39_20260626_212915\01_valid_raw_and_ifft\mat\curve_r0549_c0746_idx000370.mat,D:\LSH\LSH\实验\聚焦信号分类实验\1\ROI_x729_y538_w32_h39_20260626_212915\01_valid_raw_and_ifft\mat,549,746,valid_folder,valid,29,0.009777534,1,Good
1406,D:\LSH\LSH\实验\聚焦信号分类实验\1\ROI_x729_y538_w32_h39_20260626_212915\01_valid_raw_and_ifft\mat\curve_r0549_c0747_idx000371.mat,D:\LSH\LSH\实验\聚焦信号分类实验\1\ROI_x729_y538_w32_h39_20260626_212915\01_valid_raw_and_ifft\mat,549,747,valid_folder,valid,28,0.009847905,1,Good
1407,D:\LSH\LSH\实验\聚焦信号分类实验\1\ROI_x729_y538_w32_h39_20260626_212915\01_valid_raw_and_ifft\mat\curve_r0549_c0748_idx000372.mat,D:\LSH\LSH\实验\聚焦信号分类实验\1\ROI_x729_y538_w32_h39_20260626_212915\01_valid_raw_and_ifft\mat,549,748,valid_folder,valid,28,0.011129535,1,Good
1408,D:\LSH\LSH\实验\聚焦信号分类实验\1\ROI_x729_y538_w32_h39_20260626_212915\01_valid_raw_and_ifft\mat\curve_r0549_c0749_idx000373.mat,D:\LSH\LSH\实验\聚焦信号分类实验\1\ROI_x729_y538_w32_h39_20260626_212915\01_valid_raw_and_ifft\mat,549,749,valid_folder,valid,28,0.033064196,1,Good
1409,D:\LSH\LSH\实验\聚焦信号分类实验\1\ROI_x729_y538_w32_h39_20260626_212915\01_valid_raw_and_ifft\mat\curve_r0549_c0750_idx000374.mat,D:\LSH\LSH\实验\聚焦信号分类实验\1\ROI_x729_y538_w32_h39_20260626_212915\01_valid_raw_and_ifft\mat,549,750,valid_folder,valid,28,0.044105299,1,Good
1410,D:\LSH\LSH\实验\聚焦信号分类实验\1\ROI_x729_y538_w32_h39_20260626_212915\01_valid_raw_and_ifft\mat\curve_r0549_c0751_idx000375.mat,D:\LSH\LSH\实验\聚焦信号分类实验\1\ROI_x729_y538_w32_h39_20260626_212915\01_valid_raw_and_ifft\mat,549,751,valid_folder,valid,28,0.034405958,1,Good
1411,D:\LSH\LSH\实验\聚焦信号分类实验\1\ROI_x729_y538_w32_h39_20260626_212915\01_valid_raw_and_ifft\mat\curve_r0549_c0752_idx000376.mat,D:\LSH\LSH\实验\聚焦信号分类实验\1\ROI_x729_y538_w32_h39_20260626_212915\01_valid_raw_and_ifft\mat,549,752,valid_folder,valid,28,0.035306662,1,Good
1412,D:\LSH\LSH\实验\聚焦信号分类实验\1\ROI_x729_y538_w32_h39_20260626_212915\01_valid_raw_and_ifft\mat\curve_r0549_c0753_idx000377.mat,D:\LSH\LSH\实验\聚焦信号分类实验\1\ROI_x729_y538_w32_h39_20260626_212915\01_valid_raw_and_ifft\mat,549,753,valid_folder,valid,27,0.047738257,1,Good
1413,D:\LSH\LSH\实验\聚焦信号分类实验\1\ROI_x729_y538_w32_h39_20260626_212915\01_valid_raw_and_ifft\mat\curve_r0549_c0754_idx000378.mat,D:\LSH\LSH\实验\聚焦信号分类实验\1\ROI_x729_y538_w32_h39_20260626_212915\01_valid_raw_and_ifft\mat,549,754,valid_folder,valid,27,0.060863012,1,Good
1414,D:\LSH\LSH\实验\聚焦信号分类实验\1\ROI_x729_y538_w32_h39_20260626_212915\01_valid_raw_and_ifft\mat\curve_r0549_c0755_idx000379.mat,D:\LSH\LSH\实验\聚焦信号分类实验\1\ROI_x729_y538_w32_h39_20260626_212915\01_valid_raw_and_ifft\mat,549,755,valid_folder,valid,27,0.04402794,1,Good
1415,D:\LSH\LSH\实验\聚焦信号分类实验\1\ROI_x729_y538_w32_h39_20260626_212915\01_valid_raw_and_ifft\mat\curve_r0549_c0756_idx000380.mat,D:\LSH\LSH\实验\聚焦信号分类实验\1\ROI_x729_y538_w32_h39_20260626_212915\01_valid_raw_and_ifft\mat,549,756,valid_folder,valid,27,0.032119353,1,Good
1416,D:\LSH\LSH\实验\聚焦信号分类实验\1\ROI_x729_y538_w32_h39_20260626_212915\01_valid_raw_and_ifft\mat\curve_r0549_c0757_idx000381.mat,D:\LSH\LSH\实验\聚焦信号分类实验\1\ROI_x729_y538_w32_h39_20260626_212915\01_valid_raw_and_ifft\mat,549,757,valid_folder,valid,26,0.015949439,1,Good
1417,D:\LSH\LSH\实验\聚焦信号分类实验\1\ROI_x729_y538_w32_h39_20260626_212915\01_valid_raw_and_ifft\mat\curve_r0549_c0758_idx000382.mat,D:\LSH\LSH\实验\聚焦信号分类实验\1\ROI_x729_y538_w32_h39_20260626_212915\01_valid_raw_and_ifft\mat,549,758,valid_folder,valid,26,0.022583764,1,Good
1418,D:\LSH\LSH\实验\聚焦信号分类实验\1\ROI_x729_y538_w32_h39_20260626_212915\01_valid_raw_and_ifft\mat\curve_r0549_c0759_idx000383.mat,D:\LSH\LSH\实验\聚焦信号分类实验\1\ROI_x729_y538_w32_h39_20260626_212915\01_valid_raw_and_ifft\mat,549,759,valid_folder,valid,26,0.019465786,1,Good
1419,D:\LSH\LSH\实验\聚焦信号分类实验\1\ROI_x729_y538_w32_h39_20260626_212915\01_valid_raw_and_ifft\mat\curve_r0549_c0760_idx000384.mat,D:\LSH\LSH\实验\聚焦信号分类实验\1\ROI_x729_y538_w32_h39_20260626_212915\01_valid_raw_and_ifft\mat,549,760,valid_folder,valid,25,0.00712665,1,Good
1420,D:\LSH\LSH\实验\聚焦信号分类实验\1\ROI_x729_y538_w32_h39_20260626_212915\01_valid_raw_and_ifft\mat\curve_r0550_c0729_idx000385.mat,D:\LSH\LSH\实验\聚焦信号分类实验\1\ROI_x729_y538_w32_h39_20260626_212915\01_valid_raw_and_ifft\mat,550,729,valid_folder,valid,31,0.010410689,1,Good
1421,D:\LSH\LSH\实验\聚焦信号分类实验\1\ROI_x729_y538_w32_h39_20260626_212915\01_valid_raw_and_ifft\mat\curve_r0550_c0730_idx000386.mat,D:\LSH\LSH\实验\聚焦信号分类实验\1\ROI_x729_y538_w32_h39_20260626_212915\01_valid_raw_and_ifft\mat,550,730,valid_folder,valid,30,0.004505807,1,Good
1422,D:\LSH\LSH\实验\聚焦信号分类实验\1\ROI_x729_y538_w32_h39_20260626_212915\01_valid_raw_and_ifft\mat\curve_r0550_c0731_idx000387.mat,D:\LSH\LSH\实验\聚焦信号分类实验\1\ROI_x729_y538_w32_h39_20260626_212915\01_valid_raw_and_ifft\mat,550,731,valid_folder,valid,30,0.004310729,1,Good
1423,D:\LSH\LSH\实验\聚焦信号分类实验\1\ROI_x729_y538_w32_h39_20260626_212915\01_valid_raw_and_ifft\mat\curve_r0550_c0732_idx000388.mat,D:\LSH\LSH\实验\聚焦信号分类实验\1\ROI_x729_y538_w32_h39_20260626_212915\01_valid_raw_and_ifft\mat,550,732,valid_folder,valid,30,0.006078382,1,Good
1424,D:\LSH\LSH\实验\聚焦信号分类实验\1\ROI_x729_y538_w32_h39_20260626_212915\01_valid_raw_and_ifft\mat\curve_r0550_c0733_idx000389.mat,D:\LSH\LSH\实验\聚焦信号分类实验\1\ROI_x729_y538_w32_h39_20260626_212915\01_valid_raw_and_ifft\mat,550,733,valid_folder,valid,30,0.016486727,1,Good
1425,D:\LSH\LSH\实验\聚焦信号分类实验\1\ROI_x729_y538_w32_h39_20260626_212915\01_valid_raw_and_ifft\mat\curve_r0550_c0734_idx000390.mat,D:\LSH\LSH\实验\聚焦信号分类实验\1\ROI_x729_y538_w32_h39_20260626_212915\01_valid_raw_and_ifft\mat,550,734,valid_folder,valid,30,0.059045908,1,Good
1426,D:\LSH\LSH\实验\聚焦信号分类实验\1\ROI_x729_y538_w32_h39_20260626_212915\01_valid_raw_and_ifft\mat\curve_r0550_c0735_idx000391.mat,D:\LSH\LSH\实验\聚焦信号分类实验\1\ROI_x729_y538_w32_h39_20260626_212915\01_valid_raw_and_ifft\mat,550,735,valid_folder,valid,30,0.098181165,1,Good
1427,D:\LSH\LSH\实验\聚焦信号分类实验\1\ROI_x729_y538_w32_h39_20260626_212915\01_valid_raw_and_ifft\mat\curve_r0550_c0736_idx000392.mat,D:\LSH\LSH\实验\聚焦信号分类实验\1\ROI_x729_y538_w32_h39_20260626_212915\01_valid_raw_and_ifft\mat,550,736,valid_folder,valid,30,0.080618664,1,Good
1428,D:\LSH\LSH\实验\聚焦信号分类实验\1\ROI_x729_y538_w32_h39_20260626_212915\01_valid_raw_and_ifft\mat\curve_r0550_c0737_idx000393.mat,D:\LSH\LSH\实验\聚焦信号分类实验\1\ROI_x729_y538_w32_h39_20260626_212915\01_valid_raw_and_ifft\mat,550,737,valid_folder,valid,30,0.039461441,1,Good
1429,D:\LSH\LSH\实验\聚焦信号分类实验\1\ROI_x729_y538_w32_h39_20260626_212915\01_valid_raw_and_ifft\mat\curve_r0550_c0738_idx000394.mat,D:\LSH\LSH\实验\聚焦信号分类实验\1\ROI_x729_y538_w32_h39_20260626_212915\01_valid_raw_and_ifft\mat,550,738,valid_folder,valid,29,0.028333667,1,Good
1430,D:\LSH\LSH\实验\聚焦信号分类实验\1\ROI_x729_y538_w32_h39_20260626_212915\01_valid_raw_and_ifft\mat\curve_r0550_c0739_idx000395.mat,D:\LSH\LSH\实验\聚焦信号分类实验\1\ROI_x729_y538_w32_h39_20260626_212915\01_valid_raw_and_ifft\mat,550,739,valid_folder,valid,29,0.016788068,1,Good
1431,D:\LSH\LSH\实验\聚焦信号分类实验\1\ROI_x729_y538_w32_h39_20260626_212915\01_valid_raw_and_ifft\mat\curve_r0550_c0740_idx000396.mat,D:\LSH\LSH\实验\聚焦信号分类实验\1\ROI_x729_y538_w32_h39_20260626_212915\01_valid_raw_and_ifft\mat,550,740,valid_folder,valid,29,0.009242261,1,Good
1432,D:\LSH\LSH\实验\聚焦信号分类实验\1\ROI_x729_y538_w32_h39_20260626_212915\01_valid_raw_and_ifft\mat\curve_r0550_c0741_idx000397.mat,D:\LSH\LSH\实验\聚焦信号分类实验\1\ROI_x729_y538_w32_h39_20260626_212915\01_valid_raw_and_ifft\mat,550,741,valid_folder,valid,29,0.007925199,1,Good
1433,D:\LSH\LSH\实验\聚焦信号分类实验\1\ROI_x729_y538_w32_h39_20260626_212915\01_valid_raw_and_ifft\mat\curve_r0550_c0742_idx000398.mat,D:\LSH\LSH\实验\聚焦信号分类实验\1\ROI_x729_y538_w32_h39_20260626_212915\01_valid_raw_and_ifft\mat,550,742,valid_folder,valid,29,0.012369786,1,Good
1434,D:\LSH\LSH\实验\聚焦信号分类实验\1\ROI_x729_y538_w32_h39_20260626_212915\01_valid_raw_and_ifft\mat\curve_r0550_c0743_idx000399.mat,D:\LSH\LSH\实验\聚焦信号分类实验\1\ROI_x729_y538_w32_h39_20260626_212915\01_valid_raw_and_ifft\mat,550,743,valid_folder,valid,28,0.031621899,1,Good
1435,D:\LSH\LSH\实验\聚焦信号分类实验\1\ROI_x729_y538_w32_h39_20260626_212915\01_valid_raw_and_ifft\mat\curve_r0550_c0744_idx000400.mat,D:\LSH\LSH\实验\聚焦信号分类实验\1\ROI_x729_y538_w32_h39_20260626_212915\01_valid_raw_and_ifft\mat,550,744,valid_folder,valid,28,0.042898914,1,Good
1436,D:\LSH\LSH\实验\聚焦信号分类实验\1\ROI_x729_y538_w32_h39_20260626_212915\01_valid_raw_and_ifft\mat\curve_r0550_c0745_idx000401.mat,D:\LSH\LSH\实验\聚焦信号分类实验\1\ROI_x729_y538_w32_h39_20260626_212915\01_valid_raw_and_ifft\mat,550,745,valid_folder,valid,28,0.047789072,1,Good
1437,D:\LSH\LSH\实验\聚焦信号分类实验\1\ROI_x729_y538_w32_h39_20260626_212915\01_valid_raw_and_ifft\mat\curve_r0550_c0746_idx000402.mat,D:\LSH\LSH\实验\聚焦信号分类实验\1\ROI_x729_y538_w32_h39_20260626_212915\01_valid_raw_and_ifft\mat,550,746,valid_folder,valid,28,0.028778487,1,Good
1438,D:\LSH\LSH\实验\聚焦信号分类实验\1\ROI_x729_y538_w32_h39_20260626_212915\01_valid_raw_and_ifft\mat\curve_r0550_c0747_idx000403.mat,D:\LSH\LSH\实验\聚焦信号分类实验\1\ROI_x729_y538_w32_h39_20260626_212915\01_valid_raw_and_ifft\mat,550,747,valid_folder,valid,28,0.037102336,1,Good
1439,D:\LSH\LSH\实验\聚焦信号分类实验\1\ROI_x729_y538_w32_h39_20260626_212915\01_valid_raw_and_ifft\mat\curve_r0550_c0748_idx000404.mat,D:\LSH\LSH\实验\聚焦信号分类实验\1\ROI_x729_y538_w32_h39_20260626_212915\01_valid_raw_and_ifft\mat,550,748,valid_folder,valid,28,0.03971724,1,Good
1440,D:\LSH\LSH\实验\聚焦信号分类实验\1\ROI_x729_y538_w32_h39_20260626_212915\01_valid_raw_and_ifft\mat\curve_r0550_c0749_idx000405.mat,D:\LSH\LSH\实验\聚焦信号分类实验\1\ROI_x729_y538_w32_h39_20260626_212915\01_valid_raw_and_ifft\mat,550,749,valid_folder,valid,28,0.043614505,1,Good
1441,D:\LSH\LSH\实验\聚焦信号分类实验\1\ROI_x729_y538_w32_h39_20260626_212915\01_valid_raw_and_ifft\mat\curve_r0550_c0750_idx000406.mat,D:\LSH\LSH\实验\聚焦信号分类实验\1\ROI_x729_y538_w32_h39_20260626_212915\01_valid_raw_and_ifft\mat,550,750,valid_folder,valid,28,0.042368442,1,Good
1442,D:\LSH\LSH\实验\聚焦信号分类实验\1\ROI_x729_y538_w32_h39_20260626_212915\01_valid_raw_and_ifft\mat\curve_r0550_c0751_idx000407.mat,D:\LSH\LSH\实验\聚焦信号分类实验\1\ROI_x729_y538_w32_h39_20260626_212915\01_valid_raw_and_ifft\mat,550,751,valid_folder,valid,28,0.023272098,1,Good
1443,D:\LSH\LSH\实验\聚焦信号分类实验\1\ROI_x729_y538_w32_h39_20260626_212915\01_valid_raw_and_ifft\mat\curve_r0550_c0752_idx000408.mat,D:\LSH\LSH\实验\聚焦信号分类实验\1\ROI_x729_y538_w32_h39_20260626_212915\01_valid_raw_and_ifft\mat,550,752,valid_folder,valid,28,0.017743377,1,Good
1444,D:\LSH\LSH\实验\聚焦信号分类实验\1\ROI_x729_y538_w32_h39_20260626_212915\01_valid_raw_and_ifft\mat\curve_r0550_c0753_idx000409.mat,D:\LSH\LSH\实验\聚焦信号分类实验\1\ROI_x729_y538_w32_h39_20260626_212915\01_valid_raw_and_ifft\mat,550,753,valid_folder,valid,27,0.016416253,1,Good
1445,D:\LSH\LSH\实验\聚焦信号分类实验\1\ROI_x729_y538_w32_h39_20260626_212915\01_valid_raw_and_ifft\mat\curve_r0550_c0754_idx000410.mat,D:\LSH\LSH\实验\聚焦信号分类实验\1\ROI_x729_y538_w32_h39_20260626_212915\01_valid_raw_and_ifft\mat,550,754,valid_folder,valid,27,0.025885634,1,Good
1446,D:\LSH\LSH\实验\聚焦信号分类实验\1\ROI_x729_y538_w32_h39_20260626_212915\01_valid_raw_and_ifft\mat\curve_r0550_c0755_idx000411.mat,D:\LSH\LSH\实验\聚焦信号分类实验\1\ROI_x729_y538_w32_h39_20260626_212915\01_valid_raw_and_ifft\mat,550,755,valid_folder,valid,27,0.018860848,1,Good
1447,D:\LSH\LSH\实验\聚焦信号分类实验\1\ROI_x729_y538_w32_h39_20260626_212915\01_valid_raw_and_ifft\mat\curve_r0550_c0756_idx000412.mat,D:\LSH\LSH\实验\聚焦信号分类实验\1\ROI_x729_y538_w32_h39_20260626_212915\01_valid_raw_and_ifft\mat,550,756,valid_folder,valid,27,0.01568447,1,Good
1448,D:\LSH\LSH\实验\聚焦信号分类实验\1\ROI_x729_y538_w32_h39_20260626_212915\01_valid_raw_and_ifft\mat\curve_r0550_c0757_idx000413.mat,D:\LSH\LSH\实验\聚焦信号分类实验\1\ROI_x729_y538_w32_h39_20260626_212915\01_valid_raw_and_ifft\mat,550,757,valid_folder,valid,26,0.01643936,1,Good
1449,D:\LSH\LSH\实验\聚焦信号分类实验\1\ROI_x729_y538_w32_h39_20260626_212915\01_valid_raw_and_ifft\mat\curve_r0550_c0758_idx000414.mat,D:\LSH\LSH\实验\聚焦信号分类实验\1\ROI_x729_y538_w32_h39_20260626_212915\01_valid_raw_and_ifft\mat,550,758,valid_folder,valid,26,0.019991791,1,Good
1450,D:\LSH\LSH\实验\聚焦信号分类实验\1\ROI_x729_y538_w32_h39_20260626_212915\01_valid_raw_and_ifft\mat\curve_r0550_c0759_idx000415.mat,D:\LSH\LSH\实验\聚焦信号分类实验\1\ROI_x729_y538_w32_h39_20260626_212915\01_valid_raw_and_ifft\mat,550,759,valid_folder,valid,26,0.017791146,1,Good
1451,D:\LSH\LSH\实验\聚焦信号分类实验\1\ROI_x729_y538_w32_h39_20260626_212915\01_valid_raw_and_ifft\mat\curve_r0550_c0760_idx000416.mat,D:\LSH\LSH\实验\聚焦信号分类实验\1\ROI_x729_y538_w32_h39_20260626_212915\01_valid_raw_and_ifft\mat,550,760,valid_folder,valid,26,0.005281044,1,Good
1452,D:\LSH\LSH\实验\聚焦信号分类实验\1\ROI_x729_y538_w32_h39_20260626_212915\01_valid_raw_and_ifft\mat\curve_r0551_c0729_idx000417.mat,D:\LSH\LSH\实验\聚焦信号分类实验\1\ROI_x729_y538_w32_h39_20260626_212915\01_valid_raw_and_ifft\mat,551,729,valid_folder,valid,31,0.010596788,1,Good
1453,D:\LSH\LSH\实验\聚焦信号分类实验\1\ROI_x729_y538_w32_h39_20260626_212915\01_valid_raw_and_ifft\mat\curve_r0551_c0730_idx000418.mat,D:\LSH\LSH\实验\聚焦信号分类实验\1\ROI_x729_y538_w32_h39_20260626_212915\01_valid_raw_and_ifft\mat,551,730,valid_folder,valid,30,0.005271354,1,Good
1454,D:\LSH\LSH\实验\聚焦信号分类实验\1\ROI_x729_y538_w32_h39_20260626_212915\01_valid_raw_and_ifft\mat\curve_r0551_c0731_idx000419.mat,D:\LSH\LSH\实验\聚焦信号分类实验\1\ROI_x729_y538_w32_h39_20260626_212915\01_valid_raw_and_ifft\mat,551,731,valid_folder,valid,30,0.004378212,1,Good
1455,D:\LSH\LSH\实验\聚焦信号分类实验\1\ROI_x729_y538_w32_h39_20260626_212915\01_valid_raw_and_ifft\mat\curve_r0551_c0732_idx000420.mat,D:\LSH\LSH\实验\聚焦信号分类实验\1\ROI_x729_y538_w32_h39_20260626_212915\01_valid_raw_and_ifft\mat,551,732,valid_folder,valid,30,0.005404328,1,Good
1456,D:\LSH\LSH\实验\聚焦信号分类实验\1\ROI_x729_y538_w32_h39_20260626_212915\01_valid_raw_and_ifft\mat\curve_r0551_c0733_idx000421.mat,D:\LSH\LSH\实验\聚焦信号分类实验\1\ROI_x729_y538_w32_h39_20260626_212915\01_valid_raw_and_ifft\mat,551,733,valid_folder,valid,30,0.01630409,1,Good
1457,D:\LSH\LSH\实验\聚焦信号分类实验\1\ROI_x729_y538_w32_h39_20260626_212915\01_valid_raw_and_ifft\mat\curve_r0551_c0734_idx000422.mat,D:\LSH\LSH\实验\聚焦信号分类实验\1\ROI_x729_y538_w32_h39_20260626_212915\01_valid_raw_and_ifft\mat,551,734,valid_folder,valid,30,0.061820483,1,Good
1458,D:\LSH\LSH\实验\聚焦信号分类实验\1\ROI_x729_y538_w32_h39_20260626_212915\01_valid_raw_and_ifft\mat\curve_r0551_c0735_idx000423.mat,D:\LSH\LSH\实验\聚焦信号分类实验\1\ROI_x729_y538_w32_h39_20260626_212915\01_valid_raw_and_ifft\mat,551,735,valid_folder,valid,30,0.107360684,1,Good
1459,D:\LSH\LSH\实验\聚焦信号分类实验\1\ROI_x729_y538_w32_h39_20260626_212915\01_valid_raw_and_ifft\mat\curve_r0551_c0736_idx000424.mat,D:\LSH\LSH\实验\聚焦信号分类实验\1\ROI_x729_y538_w32_h39_20260626_212915\01_valid_raw_and_ifft\mat,551,736,valid_folder,valid,30,0.096749406,1,Good
1460,D:\LSH\LSH\实验\聚焦信号分类实验\1\ROI_x729_y538_w32_h39_20260626_212915\01_valid_raw_and_ifft\mat\curve_r0551_c0737_idx000425.mat,D:\LSH\LSH\实验\聚焦信号分类实验\1\ROI_x729_y538_w32_h39_20260626_212915\01_valid_raw_and_ifft\mat,551,737,valid_folder,valid,29,0.036993449,1,Good
1461,D:\LSH\LSH\实验\聚焦信号分类实验\1\ROI_x729_y538_w32_h39_20260626_212915\01_valid_raw_and_ifft\mat\curve_r0551_c0738_idx000426.mat,D:\LSH\LSH\实验\聚焦信号分类实验\1\ROI_x729_y538_w32_h39_20260626_212915\01_valid_raw_and_ifft\mat,551,738,valid_folder,valid,29,0.029532774,1,Good
1462,D:\LSH\LSH\实验\聚焦信号分类实验\1\ROI_x729_y538_w32_h39_20260626_212915\01_valid_raw_and_ifft\mat\curve_r0551_c0739_idx000427.mat,D:\LSH\LSH\实验\聚焦信号分类实验\1\ROI_x729_y538_w32_h39_20260626_212915\01_valid_raw_and_ifft\mat,551,739,valid_folder,valid,29,0.017130813,1,Good
1463,D:\LSH\LSH\实验\聚焦信号分类实验\1\ROI_x729_y538_w32_h39_20260626_212915\01_valid_raw_and_ifft\mat\curve_r0551_c0740_idx000428.mat,D:\LSH\LSH\实验\聚焦信号分类实验\1\ROI_x729_y538_w32_h39_20260626_212915\01_valid_raw_and_ifft\mat,551,740,valid_folder,valid,29,0.00798819,1,Good
1464,D:\LSH\LSH\实验\聚焦信号分类实验\1\ROI_x729_y538_w32_h39_20260626_212915\01_valid_raw_and_ifft\mat\curve_r0551_c0741_idx000429.mat,D:\LSH\LSH\实验\聚焦信号分类实验\1\ROI_x729_y538_w32_h39_20260626_212915\01_valid_raw_and_ifft\mat,551,741,valid_folder,valid,29,0.006494054,1,Good
1465,D:\LSH\LSH\实验\聚焦信号分类实验\1\ROI_x729_y538_w32_h39_20260626_212915\01_valid_raw_and_ifft\mat\curve_r0551_c0742_idx000430.mat,D:\LSH\LSH\实验\聚焦信号分类实验\1\ROI_x729_y538_w32_h39_20260626_212915\01_valid_raw_and_ifft\mat,551,742,valid_folder,valid,28,0.007834217,1,Good
1466,D:\LSH\LSH\实验\聚焦信号分类实验\1\ROI_x729_y538_w32_h39_20260626_212915\01_valid_raw_and_ifft\mat\curve_r0551_c0743_idx000431.mat,D:\LSH\LSH\实验\聚焦信号分类实验\1\ROI_x729_y538_w32_h39_20260626_212915\01_valid_raw_and_ifft\mat,551,743,valid_folder,valid,28,0.031793556,1,Good
1467,D:\LSH\LSH\实验\聚焦信号分类实验\1\ROI_x729_y538_w32_h39_20260626_212915\01_valid_raw_and_ifft\mat\curve_r0551_c0744_idx000432.mat,D:\LSH\LSH\实验\聚焦信号分类实验\1\ROI_x729_y538_w32_h39_20260626_212915\01_valid_raw_and_ifft\mat,551,744,valid_folder,valid,28,0.052169412,1,Good
1468,D:\LSH\LSH\实验\聚焦信号分类实验\1\ROI_x729_y538_w32_h39_20260626_212915\01_valid_raw_and_ifft\mat\curve_r0551_c0745_idx000433.mat,D:\LSH\LSH\实验\聚焦信号分类实验\1\ROI_x729_y538_w32_h39_20260626_212915\01_valid_raw_and_ifft\mat,551,745,valid_folder,valid,28,0.057324302,1,Good
1469,D:\LSH\LSH\实验\聚焦信号分类实验\1\ROI_x729_y538_w32_h39_20260626_212915\01_valid_raw_and_ifft\mat\curve_r0551_c0746_idx000434.mat,D:\LSH\LSH\实验\聚焦信号分类实验\1\ROI_x729_y538_w32_h39_20260626_212915\01_valid_raw_and_ifft\mat,551,746,valid_folder,valid,28,0.037268765,1,Good
1470,D:\LSH\LSH\实验\聚焦信号分类实验\1\ROI_x729_y538_w32_h39_20260626_212915\01_valid_raw_and_ifft\mat\curve_r0551_c0747_idx000435.mat,D:\LSH\LSH\实验\聚焦信号分类实验\1\ROI_x729_y538_w32_h39_20260626_212915\01_valid_raw_and_ifft\mat,551,747,valid_folder,valid,28,0.06676423,1,Good
1471,D:\LSH\LSH\实验\聚焦信号分类实验\1\ROI_x729_y538_w32_h39_20260626_212915\01_valid_raw_and_ifft\mat\curve_r0551_c0748_idx000436.mat,D:\LSH\LSH\实验\聚焦信号分类实验\1\ROI_x729_y538_w32_h39_20260626_212915\01_valid_raw_and_ifft\mat,551,748,valid_folder,valid,28,0.095716831,1,Good
1472,D:\LSH\LSH\实验\聚焦信号分类实验\1\ROI_x729_y538_w32_h39_20260626_212915\01_valid_raw_and_ifft\mat\curve_r0551_c0749_idx000437.mat,D:\LSH\LSH\实验\聚焦信号分类实验\1\ROI_x729_y538_w32_h39_20260626_212915\01_valid_raw_and_ifft\mat,551,749,valid_folder,valid,28,0.084326775,1,Good
1473,D:\LSH\LSH\实验\聚焦信号分类实验\1\ROI_x729_y538_w32_h39_20260626_212915\01_valid_raw_and_ifft\mat\curve_r0551_c0750_idx000438.mat,D:\LSH\LSH\实验\聚焦信号分类实验\1\ROI_x729_y538_w32_h39_20260626_212915\01_valid_raw_and_ifft\mat,551,750,valid_folder,valid,28,0.054783379,1,Good
1474,D:\LSH\LSH\实验\聚焦信号分类实验\1\ROI_x729_y538_w32_h39_20260626_212915\01_valid_raw_and_ifft\mat\curve_r0551_c0751_idx000439.mat,D:\LSH\LSH\实验\聚焦信号分类实验\1\ROI_x729_y538_w32_h39_20260626_212915\01_valid_raw_and_ifft\mat,551,751,valid_folder,valid,28,0.033955273,1,Good
1475,D:\LSH\LSH\实验\聚焦信号分类实验\1\ROI_x729_y538_w32_h39_20260626_212915\01_valid_raw_and_ifft\mat\curve_r0551_c0752_idx000440.mat,D:\LSH\LSH\实验\聚焦信号分类实验\1\ROI_x729_y538_w32_h39_20260626_212915\01_valid_raw_and_ifft\mat,551,752,valid_folder,valid,28,0.013778467,1,Good
1476,D:\LSH\LSH\实验\聚焦信号分类实验\1\ROI_x729_y538_w32_h39_20260626_212915\01_valid_raw_and_ifft\mat\curve_r0551_c0753_idx000441.mat,D:\LSH\LSH\实验\聚焦信号分类实验\1\ROI_x729_y538_w32_h39_20260626_212915\01_valid_raw_and_ifft\mat,551,753,valid_folder,valid,26,0.017906158,1,Good
1477,D:\LSH\LSH\实验\聚焦信号分类实验\1\ROI_x729_y538_w32_h39_20260626_212915\01_valid_raw_and_ifft\mat\curve_r0551_c0754_idx000442.mat,D:\LSH\LSH\实验\聚焦信号分类实验\1\ROI_x729_y538_w32_h39_20260626_212915\01_valid_raw_and_ifft\mat,551,754,valid_folder,valid,27,0.036436727,1,Good
1478,D:\LSH\LSH\实验\聚焦信号分类实验\1\ROI_x729_y538_w32_h39_20260626_212915\01_valid_raw_and_ifft\mat\curve_r0551_c0755_idx000443.mat,D:\LSH\LSH\实验\聚焦信号分类实验\1\ROI_x729_y538_w32_h39_20260626_212915\01_valid_raw_and_ifft\mat,551,755,valid_folder,valid,27,0.037963803,1,Good
1479,D:\LSH\LSH\实验\聚焦信号分类实验\1\ROI_x729_y538_w32_h39_20260626_212915\01_valid_raw_and_ifft\mat\curve_r0551_c0756_idx000444.mat,D:\LSH\LSH\实验\聚焦信号分类实验\1\ROI_x729_y538_w32_h39_20260626_212915\01_valid_raw_and_ifft\mat,551,756,valid_folder,valid,27,0.015802497,1,Good
1480,D:\LSH\LSH\实验\聚焦信号分类实验\1\ROI_x729_y538_w32_h39_20260626_212915\01_valid_raw_and_ifft\mat\curve_r0551_c0757_idx000445.mat,D:\LSH\LSH\实验\聚焦信号分类实验\1\ROI_x729_y538_w32_h39_20260626_212915\01_valid_raw_and_ifft\mat,551,757,valid_folder,valid,27,0.013730222,1,Good
1481,D:\LSH\LSH\实验\聚焦信号分类实验\1\ROI_x729_y538_w32_h39_20260626_212915\01_valid_raw_and_ifft\mat\curve_r0551_c0758_idx000446.mat,D:\LSH\LSH\实验\聚焦信号分类实验\1\ROI_x729_y538_w32_h39_20260626_212915\01_valid_raw_and_ifft\mat,551,758,valid_folder,valid,26,0.013026,1,Good
1482,D:\LSH\LSH\实验\聚焦信号分类实验\1\ROI_x729_y538_w32_h39_20260626_212915\01_valid_raw_and_ifft\mat\curve_r0551_c0759_idx000447.mat,D:\LSH\LSH\实验\聚焦信号分类实验\1\ROI_x729_y538_w32_h39_20260626_212915\01_valid_raw_and_ifft\mat,551,759,valid_folder,valid,25,0.021075734,1,Good
1483,D:\LSH\LSH\实验\聚焦信号分类实验\1\ROI_x729_y538_w32_h39_20260626_212915\01_valid_raw_and_ifft\mat\curve_r0551_c0760_idx000448.mat,D:\LSH\LSH\实验\聚焦信号分类实验\1\ROI_x729_y538_w32_h39_20260626_212915\01_valid_raw_and_ifft\mat,551,760,valid_folder,valid,26,0.030380785,1,Good
1484,D:\LSH\LSH\实验\聚焦信号分类实验\1\ROI_x729_y538_w32_h39_20260626_212915\01_valid_raw_and_ifft\mat\curve_r0552_c0729_idx000449.mat,D:\LSH\LSH\实验\聚焦信号分类实验\1\ROI_x729_y538_w32_h39_20260626_212915\01_valid_raw_and_ifft\mat,552,729,valid_folder,valid,31,0.006786842,1,Good
1485,D:\LSH\LSH\实验\聚焦信号分类实验\1\ROI_x729_y538_w32_h39_20260626_212915\01_valid_raw_and_ifft\mat\curve_r0552_c0730_idx000450.mat,D:\LSH\LSH\实验\聚焦信号分类实验\1\ROI_x729_y538_w32_h39_20260626_212915\01_valid_raw_and_ifft\mat,552,730,valid_folder,valid,30,0.004218756,1,Good
1486,D:\LSH\LSH\实验\聚焦信号分类实验\1\ROI_x729_y538_w32_h39_20260626_212915\01_valid_raw_and_ifft\mat\curve_r0552_c0731_idx000451.mat,D:\LSH\LSH\实验\聚焦信号分类实验\1\ROI_x729_y538_w32_h39_20260626_212915\01_valid_raw_and_ifft\mat,552,731,valid_folder,valid,30,0.004930835,1,Good
1487,D:\LSH\LSH\实验\聚焦信号分类实验\1\ROI_x729_y538_w32_h39_20260626_212915\01_valid_raw_and_ifft\mat\curve_r0552_c0732_idx000452.mat,D:\LSH\LSH\实验\聚焦信号分类实验\1\ROI_x729_y538_w32_h39_20260626_212915\01_valid_raw_and_ifft\mat,552,732,valid_folder,valid,30,0.006892247,1,Good
1488,D:\LSH\LSH\实验\聚焦信号分类实验\1\ROI_x729_y538_w32_h39_20260626_212915\01_valid_raw_and_ifft\mat\curve_r0552_c0733_idx000453.mat,D:\LSH\LSH\实验\聚焦信号分类实验\1\ROI_x729_y538_w32_h39_20260626_212915\01_valid_raw_and_ifft\mat,552,733,valid_folder,valid,30,0.010376244,1,Good
1489,D:\LSH\LSH\实验\聚焦信号分类实验\1\ROI_x729_y538_w32_h39_20260626_212915\01_valid_raw_and_ifft\mat\curve_r0552_c0734_idx000454.mat,D:\LSH\LSH\实验\聚焦信号分类实验\1\ROI_x729_y538_w32_h39_20260626_212915\01_valid_raw_and_ifft\mat,552,734,valid_folder,valid,30,0.046614469,1,Good
1490,D:\LSH\LSH\实验\聚焦信号分类实验\1\ROI_x729_y538_w32_h39_20260626_212915\01_valid_raw_and_ifft\mat\curve_r0552_c0735_idx000455.mat,D:\LSH\LSH\实验\聚焦信号分类实验\1\ROI_x729_y538_w32_h39_20260626_212915\01_valid_raw_and_ifft\mat,552,735,valid_folder,valid,30,0.088174927,1,Good
1491,D:\LSH\LSH\实验\聚焦信号分类实验\1\ROI_x729_y538_w32_h39_20260626_212915\01_valid_raw_and_ifft\mat\curve_r0552_c0736_idx000456.mat,D:\LSH\LSH\实验\聚焦信号分类实验\1\ROI_x729_y538_w32_h39_20260626_212915\01_valid_raw_and_ifft\mat,552,736,valid_folder,valid,30,0.078376434,1,Good
1492,D:\LSH\LSH\实验\聚焦信号分类实验\1\ROI_x729_y538_w32_h39_20260626_212915\01_valid_raw_and_ifft\mat\curve_r0552_c0737_idx000457.mat,D:\LSH\LSH\实验\聚焦信号分类实验\1\ROI_x729_y538_w32_h39_20260626_212915\01_valid_raw_and_ifft\mat,552,737,valid_folder,valid,30,0.028664059,1,Good
1493,D:\LSH\LSH\实验\聚焦信号分类实验\1\ROI_x729_y538_w32_h39_20260626_212915\01_valid_raw_and_ifft\mat\curve_r0552_c0738_idx000458.mat,D:\LSH\LSH\实验\聚焦信号分类实验\1\ROI_x729_y538_w32_h39_20260626_212915\01_valid_raw_and_ifft\mat,552,738,valid_folder,valid,29,0.019528424,1,Good
1494,D:\LSH\LSH\实验\聚焦信号分类实验\1\ROI_x729_y538_w32_h39_20260626_212915\01_valid_raw_and_ifft\mat\curve_r0552_c0739_idx000459.mat,D:\LSH\LSH\实验\聚焦信号分类实验\1\ROI_x729_y538_w32_h39_20260626_212915\01_valid_raw_and_ifft\mat,552,739,valid_folder,valid,29,0.011514949,1,Good
1495,D:\LSH\LSH\实验\聚焦信号分类实验\1\ROI_x729_y538_w32_h39_20260626_212915\01_valid_raw_and_ifft\mat\curve_r0552_c0740_idx000460.mat,D:\LSH\LSH\实验\聚焦信号分类实验\1\ROI_x729_y538_w32_h39_20260626_212915\01_valid_raw_and_ifft\mat,552,740,valid_folder,valid,28,0.005706042,1,Good
1496,D:\LSH\LSH\实验\聚焦信号分类实验\1\ROI_x729_y538_w32_h39_20260626_212915\01_valid_raw_and_ifft\mat\curve_r0552_c0741_idx000461.mat,D:\LSH\LSH\实验\聚焦信号分类实验\1\ROI_x729_y538_w32_h39_20260626_212915\01_valid_raw_and_ifft\mat,552,741,valid_folder,valid,29,0.007338465,1,Good
1497,D:\LSH\LSH\实验\聚焦信号分类实验\1\ROI_x729_y538_w32_h39_20260626_212915\01_valid_raw_and_ifft\mat\curve_r0552_c0742_idx000462.mat,D:\LSH\LSH\实验\聚焦信号分类实验\1\ROI_x729_y538_w32_h39_20260626_212915\01_valid_raw_and_ifft\mat,552,742,valid_folder,valid,28,0.008930244,1,Good
1498,D:\LSH\LSH\实验\聚焦信号分类实验\1\ROI_x729_y538_w32_h39_20260626_212915\01_valid_raw_and_ifft\mat\curve_r0552_c0743_idx000463.mat,D:\LSH\LSH\实验\聚焦信号分类实验\1\ROI_x729_y538_w32_h39_20260626_212915\01_valid_raw_and_ifft\mat,552,743,valid_folder,valid,28,0.012001786,1,Good
1499,D:\LSH\LSH\实验\聚焦信号分类实验\1\ROI_x729_y538_w32_h39_20260626_212915\01_valid_raw_and_ifft\mat\curve_r0552_c0744_idx000464.mat,D:\LSH\LSH\实验\聚焦信号分类实验\1\ROI_x729_y538_w32_h39_20260626_212915\01_valid_raw_and_ifft\mat,552,744,valid_folder,valid,28,0.020765855,1,Good
1500,D:\LSH\LSH\实验\聚焦信号分类实验\1\ROI_x729_y538_w32_h39_20260626_212915\01_valid_raw_and_ifft\mat\curve_r0552_c0745_idx000465.mat,D:\LSH\LSH\实验\聚焦信号分类实验\1\ROI_x729_y538_w32_h39_20260626_212915\01_valid_raw_and_ifft\mat,552,745,valid_folder,valid,28,0.026002401,1,Good
1501,D:\LSH\LSH\实验\聚焦信号分类实验\1\ROI_x729_y538_w32_h39_20260626_212915\01_valid_raw_and_ifft\mat\curve_r0552_c0746_idx000466.mat,D:\LSH\LSH\实验\聚焦信号分类实验\1\ROI_x729_y538_w32_h39_20260626_212915\01_valid_raw_and_ifft\mat,552,746,valid_folder,valid,28,0.02582408,1,Good
1502,D:\LSH\LSH\实验\聚焦信号分类实验\1\ROI_x729_y538_w32_h39_20260626_212915\01_valid_raw_and_ifft\mat\curve_r0552_c0747_idx000467.mat,D:\LSH\LSH\实验\聚焦信号分类实验\1\ROI_x729_y538_w32_h39_20260626_212915\01_valid_raw_and_ifft\mat,552,747,valid_folder,valid,28,0.060754988,1,Good
1503,D:\LSH\LSH\实验\聚焦信号分类实验\1\ROI_x729_y538_w32_h39_20260626_212915\01_valid_raw_and_ifft\mat\curve_r0552_c0748_idx000468.mat,D:\LSH\LSH\实验\聚焦信号分类实验\1\ROI_x729_y538_w32_h39_20260626_212915\01_valid_raw_and_ifft\mat,552,748,valid_folder,valid,28,0.098036818,1,Good
1504,D:\LSH\LSH\实验\聚焦信号分类实验\1\ROI_x729_y538_w32_h39_20260626_212915\01_valid_raw_and_ifft\mat\curve_r0552_c0749_idx000469.mat,D:\LSH\LSH\实验\聚焦信号分类实验\1\ROI_x729_y538_w32_h39_20260626_212915\01_valid_raw_and_ifft\mat,552,749,valid_folder,valid,28,0.07939669,1,Good
1505,D:\LSH\LSH\实验\聚焦信号分类实验\1\ROI_x729_y538_w32_h39_20260626_212915\01_valid_raw_and_ifft\mat\curve_r0552_c0750_idx000470.mat,D:\LSH\LSH\实验\聚焦信号分类实验\1\ROI_x729_y538_w32_h39_20260626_212915\01_valid_raw_and_ifft\mat,552,750,valid_folder,valid,28,0.053820205,1,Good
1506,D:\LSH\LSH\实验\聚焦信号分类实验\1\ROI_x729_y538_w32_h39_20260626_212915\01_valid_raw_and_ifft\mat\curve_r0552_c0751_idx000471.mat,D:\LSH\LSH\实验\聚焦信号分类实验\1\ROI_x729_y538_w32_h39_20260626_212915\01_valid_raw_and_ifft\mat,552,751,valid_folder,valid,28,0.043079555,1,Good
1507,D:\LSH\LSH\实验\聚焦信号分类实验\1\ROI_x729_y538_w32_h39_20260626_212915\01_valid_raw_and_ifft\mat\curve_r0552_c0752_idx000472.mat,D:\LSH\LSH\实验\聚焦信号分类实验\1\ROI_x729_y538_w32_h39_20260626_212915\01_valid_raw_and_ifft\mat,552,752,valid_folder,valid,28,0.017174169,1,Good
1508,D:\LSH\LSH\实验\聚焦信号分类实验\1\ROI_x729_y538_w32_h39_20260626_212915\01_valid_raw_and_ifft\mat\curve_r0552_c0753_idx000473.mat,D:\LSH\LSH\实验\聚焦信号分类实验\1\ROI_x729_y538_w32_h39_20260626_212915\01_valid_raw_and_ifft\mat,552,753,valid_folder,valid,27,0.020532826,1,Good
1509,D:\LSH\LSH\实验\聚焦信号分类实验\1\ROI_x729_y538_w32_h39_20260626_212915\01_valid_raw_and_ifft\mat\curve_r0552_c0754_idx000474.mat,D:\LSH\LSH\实验\聚焦信号分类实验\1\ROI_x729_y538_w32_h39_20260626_212915\01_valid_raw_and_ifft\mat,552,754,valid_folder,valid,27,0.034621152,1,Good
1510,D:\LSH\LSH\实验\聚焦信号分类实验\1\ROI_x729_y538_w32_h39_20260626_212915\01_valid_raw_and_ifft\mat\curve_r0552_c0755_idx000475.mat,D:\LSH\LSH\实验\聚焦信号分类实验\1\ROI_x729_y538_w32_h39_20260626_212915\01_valid_raw_and_ifft\mat,552,755,valid_folder,valid,27,0.035629811,1,Good
1511,D:\LSH\LSH\实验\聚焦信号分类实验\1\ROI_x729_y538_w32_h39_20260626_212915\01_valid_raw_and_ifft\mat\curve_r0552_c0756_idx000476.mat,D:\LSH\LSH\实验\聚焦信号分类实验\1\ROI_x729_y538_w32_h39_20260626_212915\01_valid_raw_and_ifft\mat,552,756,valid_folder,valid,27,0.012045382,1,Good
1512,D:\LSH\LSH\实验\聚焦信号分类实验\1\ROI_x729_y538_w32_h39_20260626_212915\01_valid_raw_and_ifft\mat\curve_r0552_c0757_idx000477.mat,D:\LSH\LSH\实验\聚焦信号分类实验\1\ROI_x729_y538_w32_h39_20260626_212915\01_valid_raw_and_ifft\mat,552,757,valid_folder,valid,26,0.008800903,1,Good
1513,D:\LSH\LSH\实验\聚焦信号分类实验\1\ROI_x729_y538_w32_h39_20260626_212915\01_valid_raw_and_ifft\mat\curve_r0552_c0758_idx000478.mat,D:\LSH\LSH\实验\聚焦信号分类实验\1\ROI_x729_y538_w32_h39_20260626_212915\01_valid_raw_and_ifft\mat,552,758,valid_folder,valid,26,0.01193929,1,Good
1514,D:\LSH\LSH\实验\聚焦信号分类实验\1\ROI_x729_y538_w32_h39_20260626_212915\01_valid_raw_and_ifft\mat\curve_r0552_c0759_idx000479.mat,D:\LSH\LSH\实验\聚焦信号分类实验\1\ROI_x729_y538_w32_h39_20260626_212915\01_valid_raw_and_ifft\mat,552,759,valid_folder,valid,25,0.023646052,1,Good
1515,D:\LSH\LSH\实验\聚焦信号分类实验\1\ROI_x729_y538_w32_h39_20260626_212915\01_valid_raw_and_ifft\mat\curve_r0552_c0760_idx000480.mat,D:\LSH\LSH\实验\聚焦信号分类实验\1\ROI_x729_y538_w32_h39_20260626_212915\01_valid_raw_and_ifft\mat,552,760,valid_folder,valid,26,0.039069721,1,Good
1516,D:\LSH\LSH\实验\聚焦信号分类实验\1\ROI_x729_y538_w32_h39_20260626_212915\01_valid_raw_and_ifft\mat\curve_r0553_c0729_idx000481.mat,D:\LSH\LSH\实验\聚焦信号分类实验\1\ROI_x729_y538_w32_h39_20260626_212915\01_valid_raw_and_ifft\mat,553,729,valid_folder,valid,30,0.006382234,1,Good
1517,D:\LSH\LSH\实验\聚焦信号分类实验\1\ROI_x729_y538_w32_h39_20260626_212915\01_valid_raw_and_ifft\mat\curve_r0553_c0730_idx000482.mat,D:\LSH\LSH\实验\聚焦信号分类实验\1\ROI_x729_y538_w32_h39_20260626_212915\01_valid_raw_and_ifft\mat,553,730,valid_folder,valid,30,0.003245396,1,Good
1518,D:\LSH\LSH\实验\聚焦信号分类实验\1\ROI_x729_y538_w32_h39_20260626_212915\01_valid_raw_and_ifft\mat\curve_r0553_c0731_idx000483.mat,D:\LSH\LSH\实验\聚焦信号分类实验\1\ROI_x729_y538_w32_h39_20260626_212915\01_valid_raw_and_ifft\mat,553,731,valid_folder,valid,30,0.005144332,1,Good
1519,D:\LSH\LSH\实验\聚焦信号分类实验\1\ROI_x729_y538_w32_h39_20260626_212915\01_valid_raw_and_ifft\mat\curve_r0553_c0732_idx000484.mat,D:\LSH\LSH\实验\聚焦信号分类实验\1\ROI_x729_y538_w32_h39_20260626_212915\01_valid_raw_and_ifft\mat,553,732,valid_folder,valid,30,0.012415947,1,Good
1520,D:\LSH\LSH\实验\聚焦信号分类实验\1\ROI_x729_y538_w32_h39_20260626_212915\01_valid_raw_and_ifft\mat\curve_r0553_c0733_idx000485.mat,D:\LSH\LSH\实验\聚焦信号分类实验\1\ROI_x729_y538_w32_h39_20260626_212915\01_valid_raw_and_ifft\mat,553,733,valid_folder,valid,29,0.02201332,1,Good
1521,D:\LSH\LSH\实验\聚焦信号分类实验\1\ROI_x729_y538_w32_h39_20260626_212915\01_valid_raw_and_ifft\mat\curve_r0553_c0734_idx000486.mat,D:\LSH\LSH\实验\聚焦信号分类实验\1\ROI_x729_y538_w32_h39_20260626_212915\01_valid_raw_and_ifft\mat,553,734,valid_folder,valid,29,0.024249445,1,Good
1522,D:\LSH\LSH\实验\聚焦信号分类实验\1\ROI_x729_y538_w32_h39_20260626_212915\01_valid_raw_and_ifft\mat\curve_r0553_c0735_idx000487.mat,D:\LSH\LSH\实验\聚焦信号分类实验\1\ROI_x729_y538_w32_h39_20260626_212915\01_valid_raw_and_ifft\mat,553,735,valid_folder,valid,30,0.0442525,1,Good
1523,D:\LSH\LSH\实验\聚焦信号分类实验\1\ROI_x729_y538_w32_h39_20260626_212915\01_valid_raw_and_ifft\mat\curve_r0553_c0736_idx000488.mat,D:\LSH\LSH\实验\聚焦信号分类实验\1\ROI_x729_y538_w32_h39_20260626_212915\01_valid_raw_and_ifft\mat,553,736,valid_folder,valid,30,0.030436317,1,Good
1524,D:\LSH\LSH\实验\聚焦信号分类实验\1\ROI_x729_y538_w32_h39_20260626_212915\01_valid_raw_and_ifft\mat\curve_r0553_c0737_idx000489.mat,D:\LSH\LSH\实验\聚焦信号分类实验\1\ROI_x729_y538_w32_h39_20260626_212915\01_valid_raw_and_ifft\mat,553,737,valid_folder,valid,29,0.018611758,1,Good
1525,D:\LSH\LSH\实验\聚焦信号分类实验\1\ROI_x729_y538_w32_h39_20260626_212915\01_valid_raw_and_ifft\mat\curve_r0553_c0738_idx000490.mat,D:\LSH\LSH\实验\聚焦信号分类实验\1\ROI_x729_y538_w32_h39_20260626_212915\01_valid_raw_and_ifft\mat,553,738,valid_folder,valid,29,0.010512916,1,Good
1526,D:\LSH\LSH\实验\聚焦信号分类实验\1\ROI_x729_y538_w32_h39_20260626_212915\01_valid_raw_and_ifft\mat\curve_r0553_c0739_idx000491.mat,D:\LSH\LSH\实验\聚焦信号分类实验\1\ROI_x729_y538_w32_h39_20260626_212915\01_valid_raw_and_ifft\mat,553,739,valid_folder,valid,29,0.00558823,1,Good
1527,D:\LSH\LSH\实验\聚焦信号分类实验\1\ROI_x729_y538_w32_h39_20260626_212915\01_valid_raw_and_ifft\mat\curve_r0553_c0740_idx000492.mat,D:\LSH\LSH\实验\聚焦信号分类实验\1\ROI_x729_y538_w32_h39_20260626_212915\01_valid_raw_and_ifft\mat,553,740,valid_folder,valid,28,0.006280748,1,Good
1528,D:\LSH\LSH\实验\聚焦信号分类实验\1\ROI_x729_y538_w32_h39_20260626_212915\01_valid_raw_and_ifft\mat\curve_r0553_c0741_idx000493.mat,D:\LSH\LSH\实验\聚焦信号分类实验\1\ROI_x729_y538_w32_h39_20260626_212915\01_valid_raw_and_ifft\mat,553,741,valid_folder,valid,29,0.007476196,1,Good
1529,D:\LSH\LSH\实验\聚焦信号分类实验\1\ROI_x729_y538_w32_h39_20260626_212915\01_valid_raw_and_ifft\mat\curve_r0553_c0742_idx000494.mat,D:\LSH\LSH\实验\聚焦信号分类实验\1\ROI_x729_y538_w32_h39_20260626_212915\01_valid_raw_and_ifft\mat,553,742,valid_folder,valid,29,0.006980356,1,Good
1530,D:\LSH\LSH\实验\聚焦信号分类实验\1\ROI_x729_y538_w32_h39_20260626_212915\01_valid_raw_and_ifft\mat\curve_r0553_c0743_idx000495.mat,D:\LSH\LSH\实验\聚焦信号分类实验\1\ROI_x729_y538_w32_h39_20260626_212915\01_valid_raw_and_ifft\mat,553,743,valid_folder,valid,28,0.005877817,1,Good
1531,D:\LSH\LSH\实验\聚焦信号分类实验\1\ROI_x729_y538_w32_h39_20260626_212915\01_valid_raw_and_ifft\mat\curve_r0553_c0744_idx000496.mat,D:\LSH\LSH\实验\聚焦信号分类实验\1\ROI_x729_y538_w32_h39_20260626_212915\01_valid_raw_and_ifft\mat,553,744,valid_folder,valid,28,0.005691983,1,Good
1532,D:\LSH\LSH\实验\聚焦信号分类实验\1\ROI_x729_y538_w32_h39_20260626_212915\01_valid_raw_and_ifft\mat\curve_r0553_c0745_idx000497.mat,D:\LSH\LSH\实验\聚焦信号分类实验\1\ROI_x729_y538_w32_h39_20260626_212915\01_valid_raw_and_ifft\mat,553,745,valid_folder,valid,28,0.005373468,1,Good
1533,D:\LSH\LSH\实验\聚焦信号分类实验\1\ROI_x729_y538_w32_h39_20260626_212915\01_valid_raw_and_ifft\mat\curve_r0553_c0746_idx000498.mat,D:\LSH\LSH\实验\聚焦信号分类实验\1\ROI_x729_y538_w32_h39_20260626_212915\01_valid_raw_and_ifft\mat,553,746,valid_folder,valid,28,0.008041143,1,Good
1534,D:\LSH\LSH\实验\聚焦信号分类实验\1\ROI_x729_y538_w32_h39_20260626_212915\01_valid_raw_and_ifft\mat\curve_r0553_c0747_idx000499.mat,D:\LSH\LSH\实验\聚焦信号分类实验\1\ROI_x729_y538_w32_h39_20260626_212915\01_valid_raw_and_ifft\mat,553,747,valid_folder,valid,28,0.034524055,1,Good
1535,D:\LSH\LSH\实验\聚焦信号分类实验\1\ROI_x729_y538_w32_h39_20260626_212915\01_valid_raw_and_ifft\mat\curve_r0553_c0748_idx000500.mat,D:\LSH\LSH\实验\聚焦信号分类实验\1\ROI_x729_y538_w32_h39_20260626_212915\01_valid_raw_and_ifft\mat,553,748,valid_folder,valid,28,0.057421003,1,Good
1536,D:\LSH\LSH\实验\聚焦信号分类实验\1\ROI_x729_y538_w32_h39_20260626_212915\01_valid_raw_and_ifft\mat\curve_r0553_c0749_idx000501.mat,D:\LSH\LSH\实验\聚焦信号分类实验\1\ROI_x729_y538_w32_h39_20260626_212915\01_valid_raw_and_ifft\mat,553,749,valid_folder,valid,28,0.052954633,1,Good
1537,D:\LSH\LSH\实验\聚焦信号分类实验\1\ROI_x729_y538_w32_h39_20260626_212915\01_valid_raw_and_ifft\mat\curve_r0553_c0750_idx000502.mat,D:\LSH\LSH\实验\聚焦信号分类实验\1\ROI_x729_y538_w32_h39_20260626_212915\01_valid_raw_and_ifft\mat,553,750,valid_folder,valid,28,0.039304575,1,Good
1538,D:\LSH\LSH\实验\聚焦信号分类实验\1\ROI_x729_y538_w32_h39_20260626_212915\01_valid_raw_and_ifft\mat\curve_r0553_c0751_idx000503.mat,D:\LSH\LSH\实验\聚焦信号分类实验\1\ROI_x729_y538_w32_h39_20260626_212915\01_valid_raw_and_ifft\mat,553,751,valid_folder,valid,28,0.03291779,1,Good
1539,D:\LSH\LSH\实验\聚焦信号分类实验\1\ROI_x729_y538_w32_h39_20260626_212915\01_valid_raw_and_ifft\mat\curve_r0553_c0752_idx000504.mat,D:\LSH\LSH\实验\聚焦信号分类实验\1\ROI_x729_y538_w32_h39_20260626_212915\01_valid_raw_and_ifft\mat,553,752,valid_folder,valid,27,0.031981405,1,Good
1540,D:\LSH\LSH\实验\聚焦信号分类实验\1\ROI_x729_y538_w32_h39_20260626_212915\01_valid_raw_and_ifft\mat\curve_r0553_c0753_idx000505.mat,D:\LSH\LSH\实验\聚焦信号分类实验\1\ROI_x729_y538_w32_h39_20260626_212915\01_valid_raw_and_ifft\mat,553,753,valid_folder,valid,27,0.028336295,1,Good
1541,D:\LSH\LSH\实验\聚焦信号分类实验\1\ROI_x729_y538_w32_h39_20260626_212915\01_valid_raw_and_ifft\mat\curve_r0553_c0754_idx000506.mat,D:\LSH\LSH\实验\聚焦信号分类实验\1\ROI_x729_y538_w32_h39_20260626_212915\01_valid_raw_and_ifft\mat,553,754,valid_folder,valid,27,0.024167231,1,Good
1542,D:\LSH\LSH\实验\聚焦信号分类实验\1\ROI_x729_y538_w32_h39_20260626_212915\01_valid_raw_and_ifft\mat\curve_r0553_c0755_idx000507.mat,D:\LSH\LSH\实验\聚焦信号分类实验\1\ROI_x729_y538_w32_h39_20260626_212915\01_valid_raw_and_ifft\mat,553,755,valid_folder,valid,27,0.013596125,1,Good
1543,D:\LSH\LSH\实验\聚焦信号分类实验\1\ROI_x729_y538_w32_h39_20260626_212915\01_valid_raw_and_ifft\mat\curve_r0553_c0756_idx000508.mat,D:\LSH\LSH\实验\聚焦信号分类实验\1\ROI_x729_y538_w32_h39_20260626_212915\01_valid_raw_and_ifft\mat,553,756,valid_folder,valid,26,0.011243468,1,Good
1544,D:\LSH\LSH\实验\聚焦信号分类实验\1\ROI_x729_y538_w32_h39_20260626_212915\01_valid_raw_and_ifft\mat\curve_r0553_c0757_idx000509.mat,D:\LSH\LSH\实验\聚焦信号分类实验\1\ROI_x729_y538_w32_h39_20260626_212915\01_valid_raw_and_ifft\mat,553,757,valid_folder,valid,26,0.018983,1,Good
1545,D:\LSH\LSH\实验\聚焦信号分类实验\1\ROI_x729_y538_w32_h39_20260626_212915\01_valid_raw_and_ifft\mat\curve_r0553_c0758_idx000510.mat,D:\LSH\LSH\实验\聚焦信号分类实验\1\ROI_x729_y538_w32_h39_20260626_212915\01_valid_raw_and_ifft\mat,553,758,valid_folder,valid,26,0.018593996,1,Good
1546,D:\LSH\LSH\实验\聚焦信号分类实验\1\ROI_x729_y538_w32_h39_20260626_212915\01_valid_raw_and_ifft\mat\curve_r0553_c0759_idx000511.mat,D:\LSH\LSH\实验\聚焦信号分类实验\1\ROI_x729_y538_w32_h39_20260626_212915\01_valid_raw_and_ifft\mat,553,759,valid_folder,valid,25,0.019787949,1,Good
1547,D:\LSH\LSH\实验\聚焦信号分类实验\1\ROI_x729_y538_w32_h39_20260626_212915\01_valid_raw_and_ifft\mat\curve_r0553_c0760_idx000512.mat,D:\LSH\LSH\实验\聚焦信号分类实验\1\ROI_x729_y538_w32_h39_20260626_212915\01_valid_raw_and_ifft\mat,553,760,valid_folder,valid,25,0.028915076,1,Good
1548,D:\LSH\LSH\实验\聚焦信号分类实验\1\ROI_x729_y538_w32_h39_20260626_212915\01_valid_raw_and_ifft\mat\curve_r0554_c0729_idx000513.mat,D:\LSH\LSH\实验\聚焦信号分类实验\1\ROI_x729_y538_w32_h39_20260626_212915\01_valid_raw_and_ifft\mat,554,729,valid_folder,valid,30,0.007202165,1,Good
1549,D:\LSH\LSH\实验\聚焦信号分类实验\1\ROI_x729_y538_w32_h39_20260626_212915\01_valid_raw_and_ifft\mat\curve_r0554_c0730_idx000514.mat,D:\LSH\LSH\实验\聚焦信号分类实验\1\ROI_x729_y538_w32_h39_20260626_212915\01_valid_raw_and_ifft\mat,554,730,valid_folder,valid,30,0.002301087,1,Good
1550,D:\LSH\LSH\实验\聚焦信号分类实验\1\ROI_x729_y538_w32_h39_20260626_212915\01_valid_raw_and_ifft\mat\curve_r0554_c0731_idx000515.mat,D:\LSH\LSH\实验\聚焦信号分类实验\1\ROI_x729_y538_w32_h39_20260626_212915\01_valid_raw_and_ifft\mat,554,731,valid_folder,valid,30,0.009147012,1,Good
1551,D:\LSH\LSH\实验\聚焦信号分类实验\1\ROI_x729_y538_w32_h39_20260626_212915\01_valid_raw_and_ifft\mat\curve_r0554_c0732_idx000516.mat,D:\LSH\LSH\实验\聚焦信号分类实验\1\ROI_x729_y538_w32_h39_20260626_212915\01_valid_raw_and_ifft\mat,554,732,valid_folder,valid,30,0.041299662,1,Good
1552,D:\LSH\LSH\实验\聚焦信号分类实验\1\ROI_x729_y538_w32_h39_20260626_212915\01_valid_raw_and_ifft\mat\curve_r0554_c0733_idx000517.mat,D:\LSH\LSH\实验\聚焦信号分类实验\1\ROI_x729_y538_w32_h39_20260626_212915\01_valid_raw_and_ifft\mat,554,733,valid_folder,valid,30,0.069067622,1,Good
1553,D:\LSH\LSH\实验\聚焦信号分类实验\1\ROI_x729_y538_w32_h39_20260626_212915\01_valid_raw_and_ifft\mat\curve_r0554_c0734_idx000518.mat,D:\LSH\LSH\实验\聚焦信号分类实验\1\ROI_x729_y538_w32_h39_20260626_212915\01_valid_raw_and_ifft\mat,554,734,valid_folder,valid,30,0.051163858,1,Good
1554,D:\LSH\LSH\实验\聚焦信号分类实验\1\ROI_x729_y538_w32_h39_20260626_212915\01_valid_raw_and_ifft\mat\curve_r0554_c0735_idx000519.mat,D:\LSH\LSH\实验\聚焦信号分类实验\1\ROI_x729_y538_w32_h39_20260626_212915\01_valid_raw_and_ifft\mat,554,735,valid_folder,valid,29,0.028820832,1,Good
1555,D:\LSH\LSH\实验\聚焦信号分类实验\1\ROI_x729_y538_w32_h39_20260626_212915\01_valid_raw_and_ifft\mat\curve_r0554_c0736_idx000520.mat,D:\LSH\LSH\实验\聚焦信号分类实验\1\ROI_x729_y538_w32_h39_20260626_212915\01_valid_raw_and_ifft\mat,554,736,valid_folder,valid,29,0.025586455,1,Good
1556,D:\LSH\LSH\实验\聚焦信号分类实验\1\ROI_x729_y538_w32_h39_20260626_212915\01_valid_raw_and_ifft\mat\curve_r0554_c0737_idx000521.mat,D:\LSH\LSH\实验\聚焦信号分类实验\1\ROI_x729_y538_w32_h39_20260626_212915\01_valid_raw_and_ifft\mat,554,737,valid_folder,valid,29,0.018942121,1,Good
1557,D:\LSH\LSH\实验\聚焦信号分类实验\1\ROI_x729_y538_w32_h39_20260626_212915\01_valid_raw_and_ifft\mat\curve_r0554_c0738_idx000522.mat,D:\LSH\LSH\实验\聚焦信号分类实验\1\ROI_x729_y538_w32_h39_20260626_212915\01_valid_raw_and_ifft\mat,554,738,valid_folder,valid,29,0.009040312,1,Good
1558,D:\LSH\LSH\实验\聚焦信号分类实验\1\ROI_x729_y538_w32_h39_20260626_212915\01_valid_raw_and_ifft\mat\curve_r0554_c0739_idx000523.mat,D:\LSH\LSH\实验\聚焦信号分类实验\1\ROI_x729_y538_w32_h39_20260626_212915\01_valid_raw_and_ifft\mat,554,739,valid_folder,valid,29,0.00437728,1,Good
1559,D:\LSH\LSH\实验\聚焦信号分类实验\1\ROI_x729_y538_w32_h39_20260626_212915\01_valid_raw_and_ifft\mat\curve_r0554_c0740_idx000524.mat,D:\LSH\LSH\实验\聚焦信号分类实验\1\ROI_x729_y538_w32_h39_20260626_212915\01_valid_raw_and_ifft\mat,554,740,valid_folder,valid,28,0.003968808,1,Good
1560,D:\LSH\LSH\实验\聚焦信号分类实验\1\ROI_x729_y538_w32_h39_20260626_212915\01_valid_raw_and_ifft\mat\curve_r0554_c0741_idx000525.mat,D:\LSH\LSH\实验\聚焦信号分类实验\1\ROI_x729_y538_w32_h39_20260626_212915\01_valid_raw_and_ifft\mat,554,741,valid_folder,valid,29,0.004074723,1,Good
1561,D:\LSH\LSH\实验\聚焦信号分类实验\1\ROI_x729_y538_w32_h39_20260626_212915\01_valid_raw_and_ifft\mat\curve_r0554_c0742_idx000526.mat,D:\LSH\LSH\实验\聚焦信号分类实验\1\ROI_x729_y538_w32_h39_20260626_212915\01_valid_raw_and_ifft\mat,554,742,valid_folder,valid,29,0.003590735,1,Good
1562,D:\LSH\LSH\实验\聚焦信号分类实验\1\ROI_x729_y538_w32_h39_20260626_212915\01_valid_raw_and_ifft\mat\curve_r0554_c0743_idx000527.mat,D:\LSH\LSH\实验\聚焦信号分类实验\1\ROI_x729_y538_w32_h39_20260626_212915\01_valid_raw_and_ifft\mat,554,743,valid_folder,valid,28,0.00217923,1,Good
1563,D:\LSH\LSH\实验\聚焦信号分类实验\1\ROI_x729_y538_w32_h39_20260626_212915\01_valid_raw_and_ifft\mat\curve_r0554_c0744_idx000528.mat,D:\LSH\LSH\实验\聚焦信号分类实验\1\ROI_x729_y538_w32_h39_20260626_212915\01_valid_raw_and_ifft\mat,554,744,valid_folder,valid,28,0.002169113,1,Good
1564,D:\LSH\LSH\实验\聚焦信号分类实验\1\ROI_x729_y538_w32_h39_20260626_212915\01_valid_raw_and_ifft\mat\curve_r0554_c0745_idx000529.mat,D:\LSH\LSH\实验\聚焦信号分类实验\1\ROI_x729_y538_w32_h39_20260626_212915\01_valid_raw_and_ifft\mat,554,745,valid_folder,valid,28,0.001235224,1,Good
1565,D:\LSH\LSH\实验\聚焦信号分类实验\1\ROI_x729_y538_w32_h39_20260626_212915\01_valid_raw_and_ifft\mat\curve_r0554_c0746_idx000530.mat,D:\LSH\LSH\实验\聚焦信号分类实验\1\ROI_x729_y538_w32_h39_20260626_212915\01_valid_raw_and_ifft\mat,554,746,valid_folder,valid,28,0.002414456,1,Good
1566,D:\LSH\LSH\实验\聚焦信号分类实验\1\ROI_x729_y538_w32_h39_20260626_212915\01_valid_raw_and_ifft\mat\curve_r0554_c0747_idx000531.mat,D:\LSH\LSH\实验\聚焦信号分类实验\1\ROI_x729_y538_w32_h39_20260626_212915\01_valid_raw_and_ifft\mat,554,747,valid_folder,valid,28,0.007628429,1,Good
1567,D:\LSH\LSH\实验\聚焦信号分类实验\1\ROI_x729_y538_w32_h39_20260626_212915\01_valid_raw_and_ifft\mat\curve_r0554_c0748_idx000532.mat,D:\LSH\LSH\实验\聚焦信号分类实验\1\ROI_x729_y538_w32_h39_20260626_212915\01_valid_raw_and_ifft\mat,554,748,valid_folder,valid,28,0.016008948,1,Good
1568,D:\LSH\LSH\实验\聚焦信号分类实验\1\ROI_x729_y538_w32_h39_20260626_212915\01_valid_raw_and_ifft\mat\curve_r0554_c0749_idx000533.mat,D:\LSH\LSH\实验\聚焦信号分类实验\1\ROI_x729_y538_w32_h39_20260626_212915\01_valid_raw_and_ifft\mat,554,749,valid_folder,valid,28,0.020388322,1,Good
1569,D:\LSH\LSH\实验\聚焦信号分类实验\1\ROI_x729_y538_w32_h39_20260626_212915\01_valid_raw_and_ifft\mat\curve_r0554_c0750_idx000534.mat,D:\LSH\LSH\实验\聚焦信号分类实验\1\ROI_x729_y538_w32_h39_20260626_212915\01_valid_raw_and_ifft\mat,554,750,valid_folder,valid,28,0.020440142,1,Good
1570,D:\LSH\LSH\实验\聚焦信号分类实验\1\ROI_x729_y538_w32_h39_20260626_212915\01_valid_raw_and_ifft\mat\curve_r0554_c0751_idx000535.mat,D:\LSH\LSH\实验\聚焦信号分类实验\1\ROI_x729_y538_w32_h39_20260626_212915\01_valid_raw_and_ifft\mat,554,751,valid_folder,valid,27,0.03212793,1,Good
1571,D:\LSH\LSH\实验\聚焦信号分类实验\1\ROI_x729_y538_w32_h39_20260626_212915\01_valid_raw_and_ifft\mat\curve_r0554_c0752_idx000536.mat,D:\LSH\LSH\实验\聚焦信号分类实验\1\ROI_x729_y538_w32_h39_20260626_212915\01_valid_raw_and_ifft\mat,554,752,valid_folder,valid,27,0.047126125,1,Good
1572,D:\LSH\LSH\实验\聚焦信号分类实验\1\ROI_x729_y538_w32_h39_20260626_212915\01_valid_raw_and_ifft\mat\curve_r0554_c0753_idx000537.mat,D:\LSH\LSH\实验\聚焦信号分类实验\1\ROI_x729_y538_w32_h39_20260626_212915\01_valid_raw_and_ifft\mat,554,753,valid_folder,valid,27,0.046413183,1,Good
1573,D:\LSH\LSH\实验\聚焦信号分类实验\1\ROI_x729_y538_w32_h39_20260626_212915\01_valid_raw_and_ifft\mat\curve_r0554_c0754_idx000538.mat,D:\LSH\LSH\实验\聚焦信号分类实验\1\ROI_x729_y538_w32_h39_20260626_212915\01_valid_raw_and_ifft\mat,554,754,valid_folder,valid,27,0.037189253,1,Good
1574,D:\LSH\LSH\实验\聚焦信号分类实验\1\ROI_x729_y538_w32_h39_20260626_212915\01_valid_raw_and_ifft\mat\curve_r0554_c0755_idx000539.mat,D:\LSH\LSH\实验\聚焦信号分类实验\1\ROI_x729_y538_w32_h39_20260626_212915\01_valid_raw_and_ifft\mat,554,755,valid_folder,valid,27,0.008017079,1,Good
1575,D:\LSH\LSH\实验\聚焦信号分类实验\1\ROI_x729_y538_w32_h39_20260626_212915\01_valid_raw_and_ifft\mat\curve_r0554_c0756_idx000540.mat,D:\LSH\LSH\实验\聚焦信号分类实验\1\ROI_x729_y538_w32_h39_20260626_212915\01_valid_raw_and_ifft\mat,554,756,valid_folder,valid,26,0.018648763,1,Good
1576,D:\LSH\LSH\实验\聚焦信号分类实验\1\ROI_x729_y538_w32_h39_20260626_212915\01_valid_raw_and_ifft\mat\curve_r0554_c0757_idx000541.mat,D:\LSH\LSH\实验\聚焦信号分类实验\1\ROI_x729_y538_w32_h39_20260626_212915\01_valid_raw_and_ifft\mat,554,757,valid_folder,valid,26,0.025237698,1,Good
1577,D:\LSH\LSH\实验\聚焦信号分类实验\1\ROI_x729_y538_w32_h39_20260626_212915\01_valid_raw_and_ifft\mat\curve_r0554_c0758_idx000542.mat,D:\LSH\LSH\实验\聚焦信号分类实验\1\ROI_x729_y538_w32_h39_20260626_212915\01_valid_raw_and_ifft\mat,554,758,valid_folder,valid,26,0.029460068,1,Good
1578,D:\LSH\LSH\实验\聚焦信号分类实验\1\ROI_x729_y538_w32_h39_20260626_212915\01_valid_raw_and_ifft\mat\curve_r0554_c0759_idx000543.mat,D:\LSH\LSH\实验\聚焦信号分类实验\1\ROI_x729_y538_w32_h39_20260626_212915\01_valid_raw_and_ifft\mat,554,759,valid_folder,valid,26,0.009795663,1,Good
1579,D:\LSH\LSH\实验\聚焦信号分类实验\1\ROI_x729_y538_w32_h39_20260626_212915\01_valid_raw_and_ifft\mat\curve_r0554_c0760_idx000544.mat,D:\LSH\LSH\实验\聚焦信号分类实验\1\ROI_x729_y538_w32_h39_20260626_212915\01_valid_raw_and_ifft\mat,554,760,valid_folder,valid,25,0.00876989,1,Good
1580,D:\LSH\LSH\实验\聚焦信号分类实验\1\ROI_x729_y538_w32_h39_20260626_212915\01_valid_raw_and_ifft\mat\curve_r0555_c0729_idx000545.mat,D:\LSH\LSH\实验\聚焦信号分类实验\1\ROI_x729_y538_w32_h39_20260626_212915\01_valid_raw_and_ifft\mat,555,729,valid_folder,valid,30,0.008910554,1,Good
1581,D:\LSH\LSH\实验\聚焦信号分类实验\1\ROI_x729_y538_w32_h39_20260626_212915\01_valid_raw_and_ifft\mat\curve_r0555_c0730_idx000546.mat,D:\LSH\LSH\实验\聚焦信号分类实验\1\ROI_x729_y538_w32_h39_20260626_212915\01_valid_raw_and_ifft\mat,555,730,valid_folder,valid,30,0.004899219,1,Good
1582,D:\LSH\LSH\实验\聚焦信号分类实验\1\ROI_x729_y538_w32_h39_20260626_212915\01_valid_raw_and_ifft\mat\curve_r0555_c0731_idx000547.mat,D:\LSH\LSH\实验\聚焦信号分类实验\1\ROI_x729_y538_w32_h39_20260626_212915\01_valid_raw_and_ifft\mat,555,731,valid_folder,valid,30,0.013887741,1,Good
1583,D:\LSH\LSH\实验\聚焦信号分类实验\1\ROI_x729_y538_w32_h39_20260626_212915\01_valid_raw_and_ifft\mat\curve_r0555_c0732_idx000548.mat,D:\LSH\LSH\实验\聚焦信号分类实验\1\ROI_x729_y538_w32_h39_20260626_212915\01_valid_raw_and_ifft\mat,555,732,valid_folder,valid,30,0.072268765,1,Good
1584,D:\LSH\LSH\实验\聚焦信号分类实验\1\ROI_x729_y538_w32_h39_20260626_212915\01_valid_raw_and_ifft\mat\curve_r0555_c0733_idx000549.mat,D:\LSH\LSH\实验\聚焦信号分类实验\1\ROI_x729_y538_w32_h39_20260626_212915\01_valid_raw_and_ifft\mat,555,733,valid_folder,valid,30,0.114475516,1,Good
1585,D:\LSH\LSH\实验\聚焦信号分类实验\1\ROI_x729_y538_w32_h39_20260626_212915\01_valid_raw_and_ifft\mat\curve_r0555_c0734_idx000550.mat,D:\LSH\LSH\实验\聚焦信号分类实验\1\ROI_x729_y538_w32_h39_20260626_212915\01_valid_raw_and_ifft\mat,555,734,valid_folder,valid,30,0.076339021,1,Good
1586,D:\LSH\LSH\实验\聚焦信号分类实验\1\ROI_x729_y538_w32_h39_20260626_212915\01_valid_raw_and_ifft\mat\curve_r0555_c0735_idx000551.mat,D:\LSH\LSH\实验\聚焦信号分类实验\1\ROI_x729_y538_w32_h39_20260626_212915\01_valid_raw_and_ifft\mat,555,735,valid_folder,valid,29,0.029086458,1,Good
1587,D:\LSH\LSH\实验\聚焦信号分类实验\1\ROI_x729_y538_w32_h39_20260626_212915\01_valid_raw_and_ifft\mat\curve_r0555_c0736_idx000552.mat,D:\LSH\LSH\实验\聚焦信号分类实验\1\ROI_x729_y538_w32_h39_20260626_212915\01_valid_raw_and_ifft\mat,555,736,valid_folder,valid,29,0.02286724,1,Good
1588,D:\LSH\LSH\实验\聚焦信号分类实验\1\ROI_x729_y538_w32_h39_20260626_212915\01_valid_raw_and_ifft\mat\curve_r0555_c0737_idx000553.mat,D:\LSH\LSH\实验\聚焦信号分类实验\1\ROI_x729_y538_w32_h39_20260626_212915\01_valid_raw_and_ifft\mat,555,737,valid_folder,valid,29,0.011816771,1,Good
1589,D:\LSH\LSH\实验\聚焦信号分类实验\1\ROI_x729_y538_w32_h39_20260626_212915\01_valid_raw_and_ifft\mat\curve_r0555_c0738_idx000554.mat,D:\LSH\LSH\实验\聚焦信号分类实验\1\ROI_x729_y538_w32_h39_20260626_212915\01_valid_raw_and_ifft\mat,555,738,valid_folder,valid,29,0.002810791,1,Good
1590,D:\LSH\LSH\实验\聚焦信号分类实验\1\ROI_x729_y538_w32_h39_20260626_212915\01_valid_raw_and_ifft\mat\curve_r0555_c0739_idx000555.mat,D:\LSH\LSH\实验\聚焦信号分类实验\1\ROI_x729_y538_w32_h39_20260626_212915\01_valid_raw_and_ifft\mat,555,739,valid_folder,valid,29,0.002121005,1,Good
1591,D:\LSH\LSH\实验\聚焦信号分类实验\1\ROI_x729_y538_w32_h39_20260626_212915\01_valid_raw_and_ifft\mat\curve_r0555_c0740_idx000556.mat,D:\LSH\LSH\实验\聚焦信号分类实验\1\ROI_x729_y538_w32_h39_20260626_212915\01_valid_raw_and_ifft\mat,555,740,valid_folder,valid,29,0.001933283,1,Good
1592,D:\LSH\LSH\实验\聚焦信号分类实验\1\ROI_x729_y538_w32_h39_20260626_212915\01_valid_raw_and_ifft\mat\curve_r0555_c0741_idx000557.mat,D:\LSH\LSH\实验\聚焦信号分类实验\1\ROI_x729_y538_w32_h39_20260626_212915\01_valid_raw_and_ifft\mat,555,741,valid_folder,valid,29,0.004035815,1,Good
1593,D:\LSH\LSH\实验\聚焦信号分类实验\1\ROI_x729_y538_w32_h39_20260626_212915\01_valid_raw_and_ifft\mat\curve_r0555_c0742_idx000558.mat,D:\LSH\LSH\实验\聚焦信号分类实验\1\ROI_x729_y538_w32_h39_20260626_212915\01_valid_raw_and_ifft\mat,555,742,valid_folder,valid,29,0.003886707,1,Good
1594,D:\LSH\LSH\实验\聚焦信号分类实验\1\ROI_x729_y538_w32_h39_20260626_212915\01_valid_raw_and_ifft\mat\curve_r0555_c0743_idx000559.mat,D:\LSH\LSH\实验\聚焦信号分类实验\1\ROI_x729_y538_w32_h39_20260626_212915\01_valid_raw_and_ifft\mat,555,743,valid_folder,valid,29,0.00274119,1,Good
1595,D:\LSH\LSH\实验\聚焦信号分类实验\1\ROI_x729_y538_w32_h39_20260626_212915\01_valid_raw_and_ifft\mat\curve_r0555_c0746_idx000562.mat,D:\LSH\LSH\实验\聚焦信号分类实验\1\ROI_x729_y538_w32_h39_20260626_212915\01_valid_raw_and_ifft\mat,555,746,valid_folder,valid,28,0.002037178,1,Good
1596,D:\LSH\LSH\实验\聚焦信号分类实验\1\ROI_x729_y538_w32_h39_20260626_212915\01_valid_raw_and_ifft\mat\curve_r0555_c0747_idx000563.mat,D:\LSH\LSH\实验\聚焦信号分类实验\1\ROI_x729_y538_w32_h39_20260626_212915\01_valid_raw_and_ifft\mat,555,747,valid_folder,valid,28,0.004429904,1,Good
1597,D:\LSH\LSH\实验\聚焦信号分类实验\1\ROI_x729_y538_w32_h39_20260626_212915\01_valid_raw_and_ifft\mat\curve_r0555_c0748_idx000564.mat,D:\LSH\LSH\实验\聚焦信号分类实验\1\ROI_x729_y538_w32_h39_20260626_212915\01_valid_raw_and_ifft\mat,555,748,valid_folder,valid,27,0.011088087,1,Good
1598,D:\LSH\LSH\实验\聚焦信号分类实验\1\ROI_x729_y538_w32_h39_20260626_212915\01_valid_raw_and_ifft\mat\curve_r0555_c0749_idx000565.mat,D:\LSH\LSH\实验\聚焦信号分类实验\1\ROI_x729_y538_w32_h39_20260626_212915\01_valid_raw_and_ifft\mat,555,749,valid_folder,valid,27,0.017448249,1,Good
1599,D:\LSH\LSH\实验\聚焦信号分类实验\1\ROI_x729_y538_w32_h39_20260626_212915\01_valid_raw_and_ifft\mat\curve_r0555_c0750_idx000566.mat,D:\LSH\LSH\实验\聚焦信号分类实验\1\ROI_x729_y538_w32_h39_20260626_212915\01_valid_raw_and_ifft\mat,555,750,valid_folder,valid,27,0.018439861,1,Good
1600,D:\LSH\LSH\实验\聚焦信号分类实验\1\ROI_x729_y538_w32_h39_20260626_212915\01_valid_raw_and_ifft\mat\curve_r0555_c0751_idx000567.mat,D:\LSH\LSH\实验\聚焦信号分类实验\1\ROI_x729_y538_w32_h39_20260626_212915\01_valid_raw_and_ifft\mat,555,751,valid_folder,valid,28,0.010942779,1,Good
1601,D:\LSH\LSH\实验\聚焦信号分类实验\1\ROI_x729_y538_w32_h39_20260626_212915\01_valid_raw_and_ifft\mat\curve_r0555_c0752_idx000568.mat,D:\LSH\LSH\实验\聚焦信号分类实验\1\ROI_x729_y538_w32_h39_20260626_212915\01_valid_raw_and_ifft\mat,555,752,valid_folder,valid,27,0.042720927,1,Good
1602,D:\LSH\LSH\实验\聚焦信号分类实验\1\ROI_x729_y538_w32_h39_20260626_212915\01_valid_raw_and_ifft\mat\curve_r0555_c0753_idx000569.mat,D:\LSH\LSH\实验\聚焦信号分类实验\1\ROI_x729_y538_w32_h39_20260626_212915\01_valid_raw_and_ifft\mat,555,753,valid_folder,valid,27,0.054801597,1,Good
1603,D:\LSH\LSH\实验\聚焦信号分类实验\1\ROI_x729_y538_w32_h39_20260626_212915\01_valid_raw_and_ifft\mat\curve_r0555_c0754_idx000570.mat,D:\LSH\LSH\实验\聚焦信号分类实验\1\ROI_x729_y538_w32_h39_20260626_212915\01_valid_raw_and_ifft\mat,555,754,valid_folder,valid,27,0.041161921,1,Good
1604,D:\LSH\LSH\实验\聚焦信号分类实验\1\ROI_x729_y538_w32_h39_20260626_212915\01_valid_raw_and_ifft\mat\curve_r0555_c0755_idx000571.mat,D:\LSH\LSH\实验\聚焦信号分类实验\1\ROI_x729_y538_w32_h39_20260626_212915\01_valid_raw_and_ifft\mat,555,755,valid_folder,valid,27,0.012626825,1,Good
1605,D:\LSH\LSH\实验\聚焦信号分类实验\1\ROI_x729_y538_w32_h39_20260626_212915\01_valid_raw_and_ifft\mat\curve_r0555_c0756_idx000572.mat,D:\LSH\LSH\实验\聚焦信号分类实验\1\ROI_x729_y538_w32_h39_20260626_212915\01_valid_raw_and_ifft\mat,555,756,valid_folder,valid,26,0.017906619,1,Good
1606,D:\LSH\LSH\实验\聚焦信号分类实验\1\ROI_x729_y538_w32_h39_20260626_212915\01_valid_raw_and_ifft\mat\curve_r0555_c0757_idx000573.mat,D:\LSH\LSH\实验\聚焦信号分类实验\1\ROI_x729_y538_w32_h39_20260626_212915\01_valid_raw_and_ifft\mat,555,757,valid_folder,valid,26,0.019776773,1,Good
1607,D:\LSH\LSH\实验\聚焦信号分类实验\1\ROI_x729_y538_w32_h39_20260626_212915\01_valid_raw_and_ifft\mat\curve_r0555_c0758_idx000574.mat,D:\LSH\LSH\实验\聚焦信号分类实验\1\ROI_x729_y538_w32_h39_20260626_212915\01_valid_raw_and_ifft\mat,555,758,valid_folder,valid,26,0.027078214,1,Good
1608,D:\LSH\LSH\实验\聚焦信号分类实验\1\ROI_x729_y538_w32_h39_20260626_212915\01_valid_raw_and_ifft\mat\curve_r0555_c0759_idx000575.mat,D:\LSH\LSH\实验\聚焦信号分类实验\1\ROI_x729_y538_w32_h39_20260626_212915\01_valid_raw_and_ifft\mat,555,759,valid_folder,valid,26,0.01552038,1,Good
1609,D:\LSH\LSH\实验\聚焦信号分类实验\1\ROI_x729_y538_w32_h39_20260626_212915\01_valid_raw_and_ifft\mat\curve_r0555_c0760_idx000576.mat,D:\LSH\LSH\实验\聚焦信号分类实验\1\ROI_x729_y538_w32_h39_20260626_212915\01_valid_raw_and_ifft\mat,555,760,valid_folder,valid,26,0.014974936,1,Good
1610,D:\LSH\LSH\实验\聚焦信号分类实验\1\ROI_x729_y538_w32_h39_20260626_212915\01_valid_raw_and_ifft\mat\curve_r0556_c0729_idx000577.mat,D:\LSH\LSH\实验\聚焦信号分类实验\1\ROI_x729_y538_w32_h39_20260626_212915\01_valid_raw_and_ifft\mat,556,729,valid_folder,valid,30,0.007755681,1,Good
1611,D:\LSH\LSH\实验\聚焦信号分类实验\1\ROI_x729_y538_w32_h39_20260626_212915\01_valid_raw_and_ifft\mat\curve_r0556_c0730_idx000578.mat,D:\LSH\LSH\实验\聚焦信号分类实验\1\ROI_x729_y538_w32_h39_20260626_212915\01_valid_raw_and_ifft\mat,556,730,valid_folder,valid,30,0.005196382,1,Good
1612,D:\LSH\LSH\实验\聚焦信号分类实验\1\ROI_x729_y538_w32_h39_20260626_212915\01_valid_raw_and_ifft\mat\curve_r0556_c0731_idx000579.mat,D:\LSH\LSH\实验\聚焦信号分类实验\1\ROI_x729_y538_w32_h39_20260626_212915\01_valid_raw_and_ifft\mat,556,731,valid_folder,valid,30,0.015541883,1,Good
1613,D:\LSH\LSH\实验\聚焦信号分类实验\1\ROI_x729_y538_w32_h39_20260626_212915\01_valid_raw_and_ifft\mat\curve_r0556_c0732_idx000580.mat,D:\LSH\LSH\实验\聚焦信号分类实验\1\ROI_x729_y538_w32_h39_20260626_212915\01_valid_raw_and_ifft\mat,556,732,valid_folder,valid,30,0.077082245,1,Good
1614,D:\LSH\LSH\实验\聚焦信号分类实验\1\ROI_x729_y538_w32_h39_20260626_212915\01_valid_raw_and_ifft\mat\curve_r0556_c0733_idx000581.mat,D:\LSH\LSH\实验\聚焦信号分类实验\1\ROI_x729_y538_w32_h39_20260626_212915\01_valid_raw_and_ifft\mat,556,733,valid_folder,valid,30,0.093854915,1,Good
1615,D:\LSH\LSH\实验\聚焦信号分类实验\1\ROI_x729_y538_w32_h39_20260626_212915\01_valid_raw_and_ifft\mat\curve_r0556_c0734_idx000582.mat,D:\LSH\LSH\实验\聚焦信号分类实验\1\ROI_x729_y538_w32_h39_20260626_212915\01_valid_raw_and_ifft\mat,556,734,valid_folder,valid,30,0.053752614,1,Good
1616,D:\LSH\LSH\实验\聚焦信号分类实验\1\ROI_x729_y538_w32_h39_20260626_212915\01_valid_raw_and_ifft\mat\curve_r0556_c0735_idx000583.mat,D:\LSH\LSH\实验\聚焦信号分类实验\1\ROI_x729_y538_w32_h39_20260626_212915\01_valid_raw_and_ifft\mat,556,735,valid_folder,valid,30,0.021928987,1,Good
1617,D:\LSH\LSH\实验\聚焦信号分类实验\1\ROI_x729_y538_w32_h39_20260626_212915\01_valid_raw_and_ifft\mat\curve_r0556_c0736_idx000584.mat,D:\LSH\LSH\实验\聚焦信号分类实验\1\ROI_x729_y538_w32_h39_20260626_212915\01_valid_raw_and_ifft\mat,556,736,valid_folder,valid,29,0.013640981,1,Good
1618,D:\LSH\LSH\实验\聚焦信号分类实验\1\ROI_x729_y538_w32_h39_20260626_212915\01_valid_raw_and_ifft\mat\curve_r0556_c0737_idx000585.mat,D:\LSH\LSH\实验\聚焦信号分类实验\1\ROI_x729_y538_w32_h39_20260626_212915\01_valid_raw_and_ifft\mat,556,737,valid_folder,valid,29,0.004811479,1,Good
1619,D:\LSH\LSH\实验\聚焦信号分类实验\1\ROI_x729_y538_w32_h39_20260626_212915\01_valid_raw_and_ifft\mat\curve_r0556_c0739_idx000587.mat,D:\LSH\LSH\实验\聚焦信号分类实验\1\ROI_x729_y538_w32_h39_20260626_212915\01_valid_raw_and_ifft\mat,556,739,valid_folder,valid,29,0.001881037,1,Good
1620,D:\LSH\LSH\实验\聚焦信号分类实验\1\ROI_x729_y538_w32_h39_20260626_212915\01_valid_raw_and_ifft\mat\curve_r0556_c0740_idx000588.mat,D:\LSH\LSH\实验\聚焦信号分类实验\1\ROI_x729_y538_w32_h39_20260626_212915\01_valid_raw_and_ifft\mat,556,740,valid_folder,valid,29,0.006623032,1,Good
1621,D:\LSH\LSH\实验\聚焦信号分类实验\1\ROI_x729_y538_w32_h39_20260626_212915\01_valid_raw_and_ifft\mat\curve_r0556_c0741_idx000589.mat,D:\LSH\LSH\实验\聚焦信号分类实验\1\ROI_x729_y538_w32_h39_20260626_212915\01_valid_raw_and_ifft\mat,556,741,valid_folder,valid,29,0.009926593,1,Good
1622,D:\LSH\LSH\实验\聚焦信号分类实验\1\ROI_x729_y538_w32_h39_20260626_212915\01_valid_raw_and_ifft\mat\curve_r0556_c0742_idx000590.mat,D:\LSH\LSH\实验\聚焦信号分类实验\1\ROI_x729_y538_w32_h39_20260626_212915\01_valid_raw_and_ifft\mat,556,742,valid_folder,valid,29,0.007216892,1,Good
1623,D:\LSH\LSH\实验\聚焦信号分类实验\1\ROI_x729_y538_w32_h39_20260626_212915\01_valid_raw_and_ifft\mat\curve_r0556_c0743_idx000591.mat,D:\LSH\LSH\实验\聚焦信号分类实验\1\ROI_x729_y538_w32_h39_20260626_212915\01_valid_raw_and_ifft\mat,556,743,valid_folder,valid,29,0.002357997,1,Good
1624,D:\LSH\LSH\实验\聚焦信号分类实验\1\ROI_x729_y538_w32_h39_20260626_212915\01_valid_raw_and_ifft\mat\curve_r0556_c0746_idx000594.mat,D:\LSH\LSH\实验\聚焦信号分类实验\1\ROI_x729_y538_w32_h39_20260626_212915\01_valid_raw_and_ifft\mat,556,746,valid_folder,valid,28,0.001476659,1,Good
1625,D:\LSH\LSH\实验\聚焦信号分类实验\1\ROI_x729_y538_w32_h39_20260626_212915\01_valid_raw_and_ifft\mat\curve_r0556_c0747_idx000595.mat,D:\LSH\LSH\实验\聚焦信号分类实验\1\ROI_x729_y538_w32_h39_20260626_212915\01_valid_raw_and_ifft\mat,556,747,valid_folder,valid,27,0.00260973,1,Good
1626,D:\LSH\LSH\实验\聚焦信号分类实验\1\ROI_x729_y538_w32_h39_20260626_212915\01_valid_raw_and_ifft\mat\curve_r0556_c0748_idx000596.mat,D:\LSH\LSH\实验\聚焦信号分类实验\1\ROI_x729_y538_w32_h39_20260626_212915\01_valid_raw_and_ifft\mat,556,748,valid_folder,valid,27,0.010260663,1,Good
1627,D:\LSH\LSH\实验\聚焦信号分类实验\1\ROI_x729_y538_w32_h39_20260626_212915\01_valid_raw_and_ifft\mat\curve_r0556_c0749_idx000597.mat,D:\LSH\LSH\实验\聚焦信号分类实验\1\ROI_x729_y538_w32_h39_20260626_212915\01_valid_raw_and_ifft\mat,556,749,valid_folder,valid,27,0.015342814,1,Good
1628,D:\LSH\LSH\实验\聚焦信号分类实验\1\ROI_x729_y538_w32_h39_20260626_212915\01_valid_raw_and_ifft\mat\curve_r0556_c0750_idx000598.mat,D:\LSH\LSH\实验\聚焦信号分类实验\1\ROI_x729_y538_w32_h39_20260626_212915\01_valid_raw_and_ifft\mat,556,750,valid_folder,valid,27,0.016266453,1,Good
1629,D:\LSH\LSH\实验\聚焦信号分类实验\1\ROI_x729_y538_w32_h39_20260626_212915\01_valid_raw_and_ifft\mat\curve_r0556_c0751_idx000599.mat,D:\LSH\LSH\实验\聚焦信号分类实验\1\ROI_x729_y538_w32_h39_20260626_212915\01_valid_raw_and_ifft\mat,556,751,valid_folder,valid,27,0.018327816,1,Good
1630,D:\LSH\LSH\实验\聚焦信号分类实验\1\ROI_x729_y538_w32_h39_20260626_212915\01_valid_raw_and_ifft\mat\curve_r0556_c0752_idx000600.mat,D:\LSH\LSH\实验\聚焦信号分类实验\1\ROI_x729_y538_w32_h39_20260626_212915\01_valid_raw_and_ifft\mat,556,752,valid_folder,valid,27,0.038678275,1,Good
1631,D:\LSH\LSH\实验\聚焦信号分类实验\1\ROI_x729_y538_w32_h39_20260626_212915\01_valid_raw_and_ifft\mat\curve_r0556_c0753_idx000601.mat,D:\LSH\LSH\实验\聚焦信号分类实验\1\ROI_x729_y538_w32_h39_20260626_212915\01_valid_raw_and_ifft\mat,556,753,valid_folder,valid,27,0.038548145,1,Good
1632,D:\LSH\LSH\实验\聚焦信号分类实验\1\ROI_x729_y538_w32_h39_20260626_212915\01_valid_raw_and_ifft\mat\curve_r0556_c0754_idx000602.mat,D:\LSH\LSH\实验\聚焦信号分类实验\1\ROI_x729_y538_w32_h39_20260626_212915\01_valid_raw_and_ifft\mat,556,754,valid_folder,valid,27,0.029662188,1,Good
1633,D:\LSH\LSH\实验\聚焦信号分类实验\1\ROI_x729_y538_w32_h39_20260626_212915\01_valid_raw_and_ifft\mat\curve_r0556_c0755_idx000603.mat,D:\LSH\LSH\实验\聚焦信号分类实验\1\ROI_x729_y538_w32_h39_20260626_212915\01_valid_raw_and_ifft\mat,556,755,valid_folder,valid,27,0.012952902,1,Good
1634,D:\LSH\LSH\实验\聚焦信号分类实验\1\ROI_x729_y538_w32_h39_20260626_212915\01_valid_raw_and_ifft\mat\curve_r0556_c0756_idx000604.mat,D:\LSH\LSH\实验\聚焦信号分类实验\1\ROI_x729_y538_w32_h39_20260626_212915\01_valid_raw_and_ifft\mat,556,756,valid_folder,valid,26,0.012308021,1,Good
1635,D:\LSH\LSH\实验\聚焦信号分类实验\1\ROI_x729_y538_w32_h39_20260626_212915\01_valid_raw_and_ifft\mat\curve_r0556_c0757_idx000605.mat,D:\LSH\LSH\实验\聚焦信号分类实验\1\ROI_x729_y538_w32_h39_20260626_212915\01_valid_raw_and_ifft\mat,556,757,valid_folder,valid,26,0.02225373,1,Good
1636,D:\LSH\LSH\实验\聚焦信号分类实验\1\ROI_x729_y538_w32_h39_20260626_212915\01_valid_raw_and_ifft\mat\curve_r0556_c0758_idx000606.mat,D:\LSH\LSH\实验\聚焦信号分类实验\1\ROI_x729_y538_w32_h39_20260626_212915\01_valid_raw_and_ifft\mat,556,758,valid_folder,valid,26,0.03249669,1,Good
1637,D:\LSH\LSH\实验\聚焦信号分类实验\1\ROI_x729_y538_w32_h39_20260626_212915\01_valid_raw_and_ifft\mat\curve_r0556_c0759_idx000607.mat,D:\LSH\LSH\实验\聚焦信号分类实验\1\ROI_x729_y538_w32_h39_20260626_212915\01_valid_raw_and_ifft\mat,556,759,valid_folder,valid,26,0.029546304,1,Good
1638,D:\LSH\LSH\实验\聚焦信号分类实验\1\ROI_x729_y538_w32_h39_20260626_212915\01_valid_raw_and_ifft\mat\curve_r0556_c0760_idx000608.mat,D:\LSH\LSH\实验\聚焦信号分类实验\1\ROI_x729_y538_w32_h39_20260626_212915\01_valid_raw_and_ifft\mat,556,760,valid_folder,valid,26,0.014531342,1,Good
1639,D:\LSH\LSH\实验\聚焦信号分类实验\1\ROI_x729_y538_w32_h39_20260626_212915\01_valid_raw_and_ifft\mat\curve_r0557_c0729_idx000609.mat,D:\LSH\LSH\实验\聚焦信号分类实验\1\ROI_x729_y538_w32_h39_20260626_212915\01_valid_raw_and_ifft\mat,557,729,valid_folder,valid,30,0.00761818,1,Good
1640,D:\LSH\LSH\实验\聚焦信号分类实验\1\ROI_x729_y538_w32_h39_20260626_212915\01_valid_raw_and_ifft\mat\curve_r0557_c0730_idx000610.mat,D:\LSH\LSH\实验\聚焦信号分类实验\1\ROI_x729_y538_w32_h39_20260626_212915\01_valid_raw_and_ifft\mat,557,730,valid_folder,valid,30,0.005890552,1,Good
1641,D:\LSH\LSH\实验\聚焦信号分类实验\1\ROI_x729_y538_w32_h39_20260626_212915\01_valid_raw_and_ifft\mat\curve_r0557_c0731_idx000611.mat,D:\LSH\LSH\实验\聚焦信号分类实验\1\ROI_x729_y538_w32_h39_20260626_212915\01_valid_raw_and_ifft\mat,557,731,valid_folder,valid,30,0.027762306,1,Good
1642,D:\LSH\LSH\实验\聚焦信号分类实验\1\ROI_x729_y538_w32_h39_20260626_212915\01_valid_raw_and_ifft\mat\curve_r0557_c0732_idx000612.mat,D:\LSH\LSH\实验\聚焦信号分类实验\1\ROI_x729_y538_w32_h39_20260626_212915\01_valid_raw_and_ifft\mat,557,732,valid_folder,valid,30,0.058414057,1,Good
1643,D:\LSH\LSH\实验\聚焦信号分类实验\1\ROI_x729_y538_w32_h39_20260626_212915\01_valid_raw_and_ifft\mat\curve_r0557_c0733_idx000613.mat,D:\LSH\LSH\实验\聚焦信号分类实验\1\ROI_x729_y538_w32_h39_20260626_212915\01_valid_raw_and_ifft\mat,557,733,valid_folder,valid,30,0.049573246,1,Good
1644,D:\LSH\LSH\实验\聚焦信号分类实验\1\ROI_x729_y538_w32_h39_20260626_212915\01_valid_raw_and_ifft\mat\curve_r0557_c0734_idx000614.mat,D:\LSH\LSH\实验\聚焦信号分类实验\1\ROI_x729_y538_w32_h39_20260626_212915\01_valid_raw_and_ifft\mat,557,734,valid_folder,valid,30,0.020792886,1,Good
1645,D:\LSH\LSH\实验\聚焦信号分类实验\1\ROI_x729_y538_w32_h39_20260626_212915\01_valid_raw_and_ifft\mat\curve_r0557_c0735_idx000615.mat,D:\LSH\LSH\实验\聚焦信号分类实验\1\ROI_x729_y538_w32_h39_20260626_212915\01_valid_raw_and_ifft\mat,557,735,valid_folder,valid,29,0.010079316,1,Good
1646,D:\LSH\LSH\实验\聚焦信号分类实验\1\ROI_x729_y538_w32_h39_20260626_212915\01_valid_raw_and_ifft\mat\curve_r0557_c0736_idx000616.mat,D:\LSH\LSH\实验\聚焦信号分类实验\1\ROI_x729_y538_w32_h39_20260626_212915\01_valid_raw_and_ifft\mat,557,736,valid_folder,valid,30,0.005920775,1,Good
1647,D:\LSH\LSH\实验\聚焦信号分类实验\1\ROI_x729_y538_w32_h39_20260626_212915\01_valid_raw_and_ifft\mat\curve_r0557_c0737_idx000617.mat,D:\LSH\LSH\实验\聚焦信号分类实验\1\ROI_x729_y538_w32_h39_20260626_212915\01_valid_raw_and_ifft\mat,557,737,valid_folder,valid,29,0.001868468,1,Good
1648,D:\LSH\LSH\实验\聚焦信号分类实验\1\ROI_x729_y538_w32_h39_20260626_212915\01_valid_raw_and_ifft\mat\curve_r0557_c0739_idx000619.mat,D:\LSH\LSH\实验\聚焦信号分类实验\1\ROI_x729_y538_w32_h39_20260626_212915\01_valid_raw_and_ifft\mat,557,739,valid_folder,valid,28,0.009251303,1,Good
1649,D:\LSH\LSH\实验\聚焦信号分类实验\1\ROI_x729_y538_w32_h39_20260626_212915\01_valid_raw_and_ifft\mat\curve_r0557_c0740_idx000620.mat,D:\LSH\LSH\实验\聚焦信号分类实验\1\ROI_x729_y538_w32_h39_20260626_212915\01_valid_raw_and_ifft\mat,557,740,valid_folder,valid,29,0.055711481,1,Good
1650,D:\LSH\LSH\实验\聚焦信号分类实验\1\ROI_x729_y538_w32_h39_20260626_212915\01_valid_raw_and_ifft\mat\curve_r0557_c0741_idx000621.mat,D:\LSH\LSH\实验\聚焦信号分类实验\1\ROI_x729_y538_w32_h39_20260626_212915\01_valid_raw_and_ifft\mat,557,741,valid_folder,valid,29,0.062250675,1,Good
1651,D:\LSH\LSH\实验\聚焦信号分类实验\1\ROI_x729_y538_w32_h39_20260626_212915\01_valid_raw_and_ifft\mat\curve_r0557_c0742_idx000622.mat,D:\LSH\LSH\实验\聚焦信号分类实验\1\ROI_x729_y538_w32_h39_20260626_212915\01_valid_raw_and_ifft\mat,557,742,valid_folder,valid,29,0.027113051,1,Good
1652,D:\LSH\LSH\实验\聚焦信号分类实验\1\ROI_x729_y538_w32_h39_20260626_212915\01_valid_raw_and_ifft\mat\curve_r0557_c0743_idx000623.mat,D:\LSH\LSH\实验\聚焦信号分类实验\1\ROI_x729_y538_w32_h39_20260626_212915\01_valid_raw_and_ifft\mat,557,743,valid_folder,valid,31,0.001461864,1,Good
1653,D:\LSH\LSH\实验\聚焦信号分类实验\1\ROI_x729_y538_w32_h39_20260626_212915\01_valid_raw_and_ifft\mat\curve_r0557_c0747_idx000627.mat,D:\LSH\LSH\实验\聚焦信号分类实验\1\ROI_x729_y538_w32_h39_20260626_212915\01_valid_raw_and_ifft\mat,557,747,valid_folder,valid,27,0.003460776,1,Good
1654,D:\LSH\LSH\实验\聚焦信号分类实验\1\ROI_x729_y538_w32_h39_20260626_212915\01_valid_raw_and_ifft\mat\curve_r0557_c0748_idx000628.mat,D:\LSH\LSH\实验\聚焦信号分类实验\1\ROI_x729_y538_w32_h39_20260626_212915\01_valid_raw_and_ifft\mat,557,748,valid_folder,valid,27,0.005104243,1,Good
1655,D:\LSH\LSH\实验\聚焦信号分类实验\1\ROI_x729_y538_w32_h39_20260626_212915\01_valid_raw_and_ifft\mat\curve_r0557_c0749_idx000629.mat,D:\LSH\LSH\实验\聚焦信号分类实验\1\ROI_x729_y538_w32_h39_20260626_212915\01_valid_raw_and_ifft\mat,557,749,valid_folder,valid,27,0.005269181,1,Good
1656,D:\LSH\LSH\实验\聚焦信号分类实验\1\ROI_x729_y538_w32_h39_20260626_212915\01_valid_raw_and_ifft\mat\curve_r0557_c0750_idx000630.mat,D:\LSH\LSH\实验\聚焦信号分类实验\1\ROI_x729_y538_w32_h39_20260626_212915\01_valid_raw_and_ifft\mat,557,750,valid_folder,valid,27,0.007145858,1,Good
1657,D:\LSH\LSH\实验\聚焦信号分类实验\1\ROI_x729_y538_w32_h39_20260626_212915\01_valid_raw_and_ifft\mat\curve_r0557_c0751_idx000631.mat,D:\LSH\LSH\实验\聚焦信号分类实验\1\ROI_x729_y538_w32_h39_20260626_212915\01_valid_raw_and_ifft\mat,557,751,valid_folder,valid,27,0.022583077,1,Good
1658,D:\LSH\LSH\实验\聚焦信号分类实验\1\ROI_x729_y538_w32_h39_20260626_212915\01_valid_raw_and_ifft\mat\curve_r0557_c0752_idx000632.mat,D:\LSH\LSH\实验\聚焦信号分类实验\1\ROI_x729_y538_w32_h39_20260626_212915\01_valid_raw_and_ifft\mat,557,752,valid_folder,valid,27,0.029811106,1,Good
1659,D:\LSH\LSH\实验\聚焦信号分类实验\1\ROI_x729_y538_w32_h39_20260626_212915\01_valid_raw_and_ifft\mat\curve_r0557_c0753_idx000633.mat,D:\LSH\LSH\实验\聚焦信号分类实验\1\ROI_x729_y538_w32_h39_20260626_212915\01_valid_raw_and_ifft\mat,557,753,valid_folder,valid,27,0.020241935,1,Good
1660,D:\LSH\LSH\实验\聚焦信号分类实验\1\ROI_x729_y538_w32_h39_20260626_212915\01_valid_raw_and_ifft\mat\curve_r0557_c0754_idx000634.mat,D:\LSH\LSH\实验\聚焦信号分类实验\1\ROI_x729_y538_w32_h39_20260626_212915\01_valid_raw_and_ifft\mat,557,754,valid_folder,valid,26,0.009572844,1,Good
1661,D:\LSH\LSH\实验\聚焦信号分类实验\1\ROI_x729_y538_w32_h39_20260626_212915\01_valid_raw_and_ifft\mat\curve_r0557_c0755_idx000635.mat,D:\LSH\LSH\实验\聚焦信号分类实验\1\ROI_x729_y538_w32_h39_20260626_212915\01_valid_raw_and_ifft\mat,557,755,valid_folder,valid,26,0.006934303,1,Good
1662,D:\LSH\LSH\实验\聚焦信号分类实验\1\ROI_x729_y538_w32_h39_20260626_212915\01_valid_raw_and_ifft\mat\curve_r0557_c0756_idx000636.mat,D:\LSH\LSH\实验\聚焦信号分类实验\1\ROI_x729_y538_w32_h39_20260626_212915\01_valid_raw_and_ifft\mat,557,756,valid_folder,valid,26,0.006187338,1,Good
1663,D:\LSH\LSH\实验\聚焦信号分类实验\1\ROI_x729_y538_w32_h39_20260626_212915\01_valid_raw_and_ifft\mat\curve_r0557_c0757_idx000637.mat,D:\LSH\LSH\实验\聚焦信号分类实验\1\ROI_x729_y538_w32_h39_20260626_212915\01_valid_raw_and_ifft\mat,557,757,valid_folder,valid,26,0.022668361,1,Good
1664,D:\LSH\LSH\实验\聚焦信号分类实验\1\ROI_x729_y538_w32_h39_20260626_212915\01_valid_raw_and_ifft\mat\curve_r0557_c0758_idx000638.mat,D:\LSH\LSH\实验\聚焦信号分类实验\1\ROI_x729_y538_w32_h39_20260626_212915\01_valid_raw_and_ifft\mat,557,758,valid_folder,valid,26,0.039062326,1,Good
1665,D:\LSH\LSH\实验\聚焦信号分类实验\1\ROI_x729_y538_w32_h39_20260626_212915\01_valid_raw_and_ifft\mat\curve_r0557_c0759_idx000639.mat,D:\LSH\LSH\实验\聚焦信号分类实验\1\ROI_x729_y538_w32_h39_20260626_212915\01_valid_raw_and_ifft\mat,557,759,valid_folder,valid,26,0.031141481,1,Good
1666,D:\LSH\LSH\实验\聚焦信号分类实验\1\ROI_x729_y538_w32_h39_20260626_212915\01_valid_raw_and_ifft\mat\curve_r0557_c0760_idx000640.mat,D:\LSH\LSH\实验\聚焦信号分类实验\1\ROI_x729_y538_w32_h39_20260626_212915\01_valid_raw_and_ifft\mat,557,760,valid_folder,valid,26,0.008960717,1,Good
1667,D:\LSH\LSH\实验\聚焦信号分类实验\1\ROI_x729_y538_w32_h39_20260626_212915\01_valid_raw_and_ifft\mat\curve_r0558_c0729_idx000641.mat,D:\LSH\LSH\实验\聚焦信号分类实验\1\ROI_x729_y538_w32_h39_20260626_212915\01_valid_raw_and_ifft\mat,558,729,valid_folder,valid,30,0.005404167,1,Good
1668,D:\LSH\LSH\实验\聚焦信号分类实验\1\ROI_x729_y538_w32_h39_20260626_212915\01_valid_raw_and_ifft\mat\curve_r0558_c0730_idx000642.mat,D:\LSH\LSH\实验\聚焦信号分类实验\1\ROI_x729_y538_w32_h39_20260626_212915\01_valid_raw_and_ifft\mat,558,730,valid_folder,valid,30,0.006077078,1,Good
1669,D:\LSH\LSH\实验\聚焦信号分类实验\1\ROI_x729_y538_w32_h39_20260626_212915\01_valid_raw_and_ifft\mat\curve_r0558_c0731_idx000643.mat,D:\LSH\LSH\实验\聚焦信号分类实验\1\ROI_x729_y538_w32_h39_20260626_212915\01_valid_raw_and_ifft\mat,558,731,valid_folder,valid,30,0.019968012,1,Good
1670,D:\LSH\LSH\实验\聚焦信号分类实验\1\ROI_x729_y538_w32_h39_20260626_212915\01_valid_raw_and_ifft\mat\curve_r0558_c0732_idx000644.mat,D:\LSH\LSH\实验\聚焦信号分类实验\1\ROI_x729_y538_w32_h39_20260626_212915\01_valid_raw_and_ifft\mat,558,732,valid_folder,valid,30,0.025314459,1,Good
1671,D:\LSH\LSH\实验\聚焦信号分类实验\1\ROI_x729_y538_w32_h39_20260626_212915\01_valid_raw_and_ifft\mat\curve_r0558_c0733_idx000645.mat,D:\LSH\LSH\实验\聚焦信号分类实验\1\ROI_x729_y538_w32_h39_20260626_212915\01_valid_raw_and_ifft\mat,558,733,valid_folder,valid,29,0.018600749,1,Good
1672,D:\LSH\LSH\实验\聚焦信号分类实验\1\ROI_x729_y538_w32_h39_20260626_212915\01_valid_raw_and_ifft\mat\curve_r0558_c0734_idx000646.mat,D:\LSH\LSH\实验\聚焦信号分类实验\1\ROI_x729_y538_w32_h39_20260626_212915\01_valid_raw_and_ifft\mat,558,734,valid_folder,valid,29,0.019001272,1,Good
1673,D:\LSH\LSH\实验\聚焦信号分类实验\1\ROI_x729_y538_w32_h39_20260626_212915\01_valid_raw_and_ifft\mat\curve_r0558_c0735_idx000647.mat,D:\LSH\LSH\实验\聚焦信号分类实验\1\ROI_x729_y538_w32_h39_20260626_212915\01_valid_raw_and_ifft\mat,558,735,valid_folder,valid,29,0.014349004,1,Good
1674,D:\LSH\LSH\实验\聚焦信号分类实验\1\ROI_x729_y538_w32_h39_20260626_212915\01_valid_raw_and_ifft\mat\curve_r0558_c0736_idx000648.mat,D:\LSH\LSH\实验\聚焦信号分类实验\1\ROI_x729_y538_w32_h39_20260626_212915\01_valid_raw_and_ifft\mat,558,736,valid_folder,valid,29,0.002410209,1,Good
1675,D:\LSH\LSH\实验\聚焦信号分类实验\1\ROI_x729_y538_w32_h39_20260626_212915\01_valid_raw_and_ifft\mat\curve_r0558_c0737_idx000649.mat,D:\LSH\LSH\实验\聚焦信号分类实验\1\ROI_x729_y538_w32_h39_20260626_212915\01_valid_raw_and_ifft\mat,558,737,valid_folder,valid,28,0.002247477,1,Good
1676,D:\LSH\LSH\实验\聚焦信号分类实验\1\ROI_x729_y538_w32_h39_20260626_212915\01_valid_raw_and_ifft\mat\curve_r0558_c0738_idx000650.mat,D:\LSH\LSH\实验\聚焦信号分类实验\1\ROI_x729_y538_w32_h39_20260626_212915\01_valid_raw_and_ifft\mat,558,738,valid_folder,valid,28,0.002501653,1,Good
1677,D:\LSH\LSH\实验\聚焦信号分类实验\1\ROI_x729_y538_w32_h39_20260626_212915\01_valid_raw_and_ifft\mat\curve_r0558_c0739_idx000651.mat,D:\LSH\LSH\实验\聚焦信号分类实验\1\ROI_x729_y538_w32_h39_20260626_212915\01_valid_raw_and_ifft\mat,558,739,valid_folder,valid,28,0.012806132,1,Good
1678,D:\LSH\LSH\实验\聚焦信号分类实验\1\ROI_x729_y538_w32_h39_20260626_212915\01_valid_raw_and_ifft\mat\curve_r0558_c0740_idx000652.mat,D:\LSH\LSH\实验\聚焦信号分类实验\1\ROI_x729_y538_w32_h39_20260626_212915\01_valid_raw_and_ifft\mat,558,740,valid_folder,valid,29,0.06202505,1,Good
1679,D:\LSH\LSH\实验\聚焦信号分类实验\1\ROI_x729_y538_w32_h39_20260626_212915\01_valid_raw_and_ifft\mat\curve_r0558_c0741_idx000653.mat,D:\LSH\LSH\实验\聚焦信号分类实验\1\ROI_x729_y538_w32_h39_20260626_212915\01_valid_raw_and_ifft\mat,558,741,valid_folder,valid,28,0.066897681,1,Good
1680,D:\LSH\LSH\实验\聚焦信号分类实验\1\ROI_x729_y538_w32_h39_20260626_212915\01_valid_raw_and_ifft\mat\curve_r0558_c0742_idx000654.mat,D:\LSH\LSH\实验\聚焦信号分类实验\1\ROI_x729_y538_w32_h39_20260626_212915\01_valid_raw_and_ifft\mat,558,742,valid_folder,valid,29,0.027631587,1,Good
1681,D:\LSH\LSH\实验\聚焦信号分类实验\1\ROI_x729_y538_w32_h39_20260626_212915\01_valid_raw_and_ifft\mat\curve_r0558_c0743_idx000655.mat,D:\LSH\LSH\实验\聚焦信号分类实验\1\ROI_x729_y538_w32_h39_20260626_212915\01_valid_raw_and_ifft\mat,558,743,valid_folder,valid,28,0.003058047,1,Good
1682,D:\LSH\LSH\实验\聚焦信号分类实验\1\ROI_x729_y538_w32_h39_20260626_212915\01_valid_raw_and_ifft\mat\curve_r0558_c0744_idx000656.mat,D:\LSH\LSH\实验\聚焦信号分类实验\1\ROI_x729_y538_w32_h39_20260626_212915\01_valid_raw_and_ifft\mat,558,744,valid_folder,valid,28,0.006153947,1,Good
1683,D:\LSH\LSH\实验\聚焦信号分类实验\1\ROI_x729_y538_w32_h39_20260626_212915\01_valid_raw_and_ifft\mat\curve_r0558_c0745_idx000657.mat,D:\LSH\LSH\实验\聚焦信号分类实验\1\ROI_x729_y538_w32_h39_20260626_212915\01_valid_raw_and_ifft\mat,558,745,valid_folder,valid,28,0.005610975,1,Good
1684,D:\LSH\LSH\实验\聚焦信号分类实验\1\ROI_x729_y538_w32_h39_20260626_212915\01_valid_raw_and_ifft\mat\curve_r0558_c0746_idx000658.mat,D:\LSH\LSH\实验\聚焦信号分类实验\1\ROI_x729_y538_w32_h39_20260626_212915\01_valid_raw_and_ifft\mat,558,746,valid_folder,valid,27,0.0042331,1,Good
1685,D:\LSH\LSH\实验\聚焦信号分类实验\1\ROI_x729_y538_w32_h39_20260626_212915\01_valid_raw_and_ifft\mat\curve_r0558_c0747_idx000659.mat,D:\LSH\LSH\实验\聚焦信号分类实验\1\ROI_x729_y538_w32_h39_20260626_212915\01_valid_raw_and_ifft\mat,558,747,valid_folder,valid,27,0.003467848,1,Good
1686,D:\LSH\LSH\实验\聚焦信号分类实验\1\ROI_x729_y538_w32_h39_20260626_212915\01_valid_raw_and_ifft\mat\curve_r0558_c0748_idx000660.mat,D:\LSH\LSH\实验\聚焦信号分类实验\1\ROI_x729_y538_w32_h39_20260626_212915\01_valid_raw_and_ifft\mat,558,748,valid_folder,valid,27,0.003373241,1,Good
1687,D:\LSH\LSH\实验\聚焦信号分类实验\1\ROI_x729_y538_w32_h39_20260626_212915\01_valid_raw_and_ifft\mat\curve_r0558_c0749_idx000661.mat,D:\LSH\LSH\实验\聚焦信号分类实验\1\ROI_x729_y538_w32_h39_20260626_212915\01_valid_raw_and_ifft\mat,558,749,valid_folder,valid,27,0.004900784,1,Good
1688,D:\LSH\LSH\实验\聚焦信号分类实验\1\ROI_x729_y538_w32_h39_20260626_212915\01_valid_raw_and_ifft\mat\curve_r0558_c0750_idx000662.mat,D:\LSH\LSH\实验\聚焦信号分类实验\1\ROI_x729_y538_w32_h39_20260626_212915\01_valid_raw_and_ifft\mat,558,750,valid_folder,valid,27,0.007439108,1,Good
1689,D:\LSH\LSH\实验\聚焦信号分类实验\1\ROI_x729_y538_w32_h39_20260626_212915\01_valid_raw_and_ifft\mat\curve_r0558_c0751_idx000663.mat,D:\LSH\LSH\实验\聚焦信号分类实验\1\ROI_x729_y538_w32_h39_20260626_212915\01_valid_raw_and_ifft\mat,558,751,valid_folder,valid,27,0.020986591,1,Good
1690,D:\LSH\LSH\实验\聚焦信号分类实验\1\ROI_x729_y538_w32_h39_20260626_212915\01_valid_raw_and_ifft\mat\curve_r0558_c0752_idx000664.mat,D:\LSH\LSH\实验\聚焦信号分类实验\1\ROI_x729_y538_w32_h39_20260626_212915\01_valid_raw_and_ifft\mat,558,752,valid_folder,valid,27,0.024317222,1,Good
1691,D:\LSH\LSH\实验\聚焦信号分类实验\1\ROI_x729_y538_w32_h39_20260626_212915\01_valid_raw_and_ifft\mat\curve_r0558_c0753_idx000665.mat,D:\LSH\LSH\实验\聚焦信号分类实验\1\ROI_x729_y538_w32_h39_20260626_212915\01_valid_raw_and_ifft\mat,558,753,valid_folder,valid,27,0.020097255,1,Good
1692,D:\LSH\LSH\实验\聚焦信号分类实验\1\ROI_x729_y538_w32_h39_20260626_212915\01_valid_raw_and_ifft\mat\curve_r0558_c0754_idx000666.mat,D:\LSH\LSH\实验\聚焦信号分类实验\1\ROI_x729_y538_w32_h39_20260626_212915\01_valid_raw_and_ifft\mat,558,754,valid_folder,valid,26,0.016787068,1,Good
1693,D:\LSH\LSH\实验\聚焦信号分类实验\1\ROI_x729_y538_w32_h39_20260626_212915\01_valid_raw_and_ifft\mat\curve_r0558_c0755_idx000667.mat,D:\LSH\LSH\实验\聚焦信号分类实验\1\ROI_x729_y538_w32_h39_20260626_212915\01_valid_raw_and_ifft\mat,558,755,valid_folder,valid,26,0.012851969,1,Good
1694,D:\LSH\LSH\实验\聚焦信号分类实验\1\ROI_x729_y538_w32_h39_20260626_212915\01_valid_raw_and_ifft\mat\curve_r0558_c0756_idx000668.mat,D:\LSH\LSH\实验\聚焦信号分类实验\1\ROI_x729_y538_w32_h39_20260626_212915\01_valid_raw_and_ifft\mat,558,756,valid_folder,valid,26,0.009773341,1,Good
1695,D:\LSH\LSH\实验\聚焦信号分类实验\1\ROI_x729_y538_w32_h39_20260626_212915\01_valid_raw_and_ifft\mat\curve_r0558_c0757_idx000669.mat,D:\LSH\LSH\实验\聚焦信号分类实验\1\ROI_x729_y538_w32_h39_20260626_212915\01_valid_raw_and_ifft\mat,558,757,valid_folder,valid,26,0.01251176,1,Good
1696,D:\LSH\LSH\实验\聚焦信号分类实验\1\ROI_x729_y538_w32_h39_20260626_212915\01_valid_raw_and_ifft\mat\curve_r0558_c0758_idx000670.mat,D:\LSH\LSH\实验\聚焦信号分类实验\1\ROI_x729_y538_w32_h39_20260626_212915\01_valid_raw_and_ifft\mat,558,758,valid_folder,valid,26,0.019104436,1,Good
1697,D:\LSH\LSH\实验\聚焦信号分类实验\1\ROI_x729_y538_w32_h39_20260626_212915\01_valid_raw_and_ifft\mat\curve_r0558_c0759_idx000671.mat,D:\LSH\LSH\实验\聚焦信号分类实验\1\ROI_x729_y538_w32_h39_20260626_212915\01_valid_raw_and_ifft\mat,558,759,valid_folder,valid,26,0.013854478,1,Good
1698,D:\LSH\LSH\实验\聚焦信号分类实验\1\ROI_x729_y538_w32_h39_20260626_212915\01_valid_raw_and_ifft\mat\curve_r0558_c0760_idx000672.mat,D:\LSH\LSH\实验\聚焦信号分类实验\1\ROI_x729_y538_w32_h39_20260626_212915\01_valid_raw_and_ifft\mat,558,760,valid_folder,valid,26,0.003315767,1,Good
1699,D:\LSH\LSH\实验\聚焦信号分类实验\1\ROI_x729_y538_w32_h39_20260626_212915\01_valid_raw_and_ifft\mat\curve_r0559_c0729_idx000673.mat,D:\LSH\LSH\实验\聚焦信号分类实验\1\ROI_x729_y538_w32_h39_20260626_212915\01_valid_raw_and_ifft\mat,559,729,valid_folder,valid,30,0.003843322,1,Good
1700,D:\LSH\LSH\实验\聚焦信号分类实验\1\ROI_x729_y538_w32_h39_20260626_212915\01_valid_raw_and_ifft\mat\curve_r0559_c0730_idx000674.mat,D:\LSH\LSH\实验\聚焦信号分类实验\1\ROI_x729_y538_w32_h39_20260626_212915\01_valid_raw_and_ifft\mat,559,730,valid_folder,valid,30,0.0048839,1,Good
1701,D:\LSH\LSH\实验\聚焦信号分类实验\1\ROI_x729_y538_w32_h39_20260626_212915\01_valid_raw_and_ifft\mat\curve_r0559_c0731_idx000675.mat,D:\LSH\LSH\实验\聚焦信号分类实验\1\ROI_x729_y538_w32_h39_20260626_212915\01_valid_raw_and_ifft\mat,559,731,valid_folder,valid,30,0.008208651,1,Good
1702,D:\LSH\LSH\实验\聚焦信号分类实验\1\ROI_x729_y538_w32_h39_20260626_212915\01_valid_raw_and_ifft\mat\curve_r0559_c0732_idx000676.mat,D:\LSH\LSH\实验\聚焦信号分类实验\1\ROI_x729_y538_w32_h39_20260626_212915\01_valid_raw_and_ifft\mat,559,732,valid_folder,valid,30,0.007658274,1,Good
1703,D:\LSH\LSH\实验\聚焦信号分类实验\1\ROI_x729_y538_w32_h39_20260626_212915\01_valid_raw_and_ifft\mat\curve_r0559_c0733_idx000677.mat,D:\LSH\LSH\实验\聚焦信号分类实验\1\ROI_x729_y538_w32_h39_20260626_212915\01_valid_raw_and_ifft\mat,559,733,valid_folder,valid,29,0.016480244,1,Good
1704,D:\LSH\LSH\实验\聚焦信号分类实验\1\ROI_x729_y538_w32_h39_20260626_212915\01_valid_raw_and_ifft\mat\curve_r0559_c0734_idx000678.mat,D:\LSH\LSH\实验\聚焦信号分类实验\1\ROI_x729_y538_w32_h39_20260626_212915\01_valid_raw_and_ifft\mat,559,734,valid_folder,valid,29,0.01929741,1,Good
1705,D:\LSH\LSH\实验\聚焦信号分类实验\1\ROI_x729_y538_w32_h39_20260626_212915\01_valid_raw_and_ifft\mat\curve_r0559_c0735_idx000679.mat,D:\LSH\LSH\实验\聚焦信号分类实验\1\ROI_x729_y538_w32_h39_20260626_212915\01_valid_raw_and_ifft\mat,559,735,valid_folder,valid,29,0.01517406,1,Good
1706,D:\LSH\LSH\实验\聚焦信号分类实验\1\ROI_x729_y538_w32_h39_20260626_212915\01_valid_raw_and_ifft\mat\curve_r0559_c0736_idx000680.mat,D:\LSH\LSH\实验\聚焦信号分类实验\1\ROI_x729_y538_w32_h39_20260626_212915\01_valid_raw_and_ifft\mat,559,736,valid_folder,valid,29,0.002630312,1,Good
1707,D:\LSH\LSH\实验\聚焦信号分类实验\1\ROI_x729_y538_w32_h39_20260626_212915\01_valid_raw_and_ifft\mat\curve_r0559_c0737_idx000681.mat,D:\LSH\LSH\实验\聚焦信号分类实验\1\ROI_x729_y538_w32_h39_20260626_212915\01_valid_raw_and_ifft\mat,559,737,valid_folder,valid,28,0.003024842,1,Good
1708,D:\LSH\LSH\实验\聚焦信号分类实验\1\ROI_x729_y538_w32_h39_20260626_212915\01_valid_raw_and_ifft\mat\curve_r0559_c0738_idx000682.mat,D:\LSH\LSH\实验\聚焦信号分类实验\1\ROI_x729_y538_w32_h39_20260626_212915\01_valid_raw_and_ifft\mat,559,738,valid_folder,valid,29,0.003798863,1,Good
1709,D:\LSH\LSH\实验\聚焦信号分类实验\1\ROI_x729_y538_w32_h39_20260626_212915\01_valid_raw_and_ifft\mat\curve_r0559_c0739_idx000683.mat,D:\LSH\LSH\实验\聚焦信号分类实验\1\ROI_x729_y538_w32_h39_20260626_212915\01_valid_raw_and_ifft\mat,559,739,valid_folder,valid,28,0.009197865,1,Good
1710,D:\LSH\LSH\实验\聚焦信号分类实验\1\ROI_x729_y538_w32_h39_20260626_212915\01_valid_raw_and_ifft\mat\curve_r0559_c0740_idx000684.mat,D:\LSH\LSH\实验\聚焦信号分类实验\1\ROI_x729_y538_w32_h39_20260626_212915\01_valid_raw_and_ifft\mat,559,740,valid_folder,valid,28,0.042817956,1,Good
1711,D:\LSH\LSH\实验\聚焦信号分类实验\1\ROI_x729_y538_w32_h39_20260626_212915\01_valid_raw_and_ifft\mat\curve_r0559_c0741_idx000685.mat,D:\LSH\LSH\实验\聚焦信号分类实验\1\ROI_x729_y538_w32_h39_20260626_212915\01_valid_raw_and_ifft\mat,559,741,valid_folder,valid,28,0.050003683,1,Good
1712,D:\LSH\LSH\实验\聚焦信号分类实验\1\ROI_x729_y538_w32_h39_20260626_212915\01_valid_raw_and_ifft\mat\curve_r0559_c0742_idx000686.mat,D:\LSH\LSH\实验\聚焦信号分类实验\1\ROI_x729_y538_w32_h39_20260626_212915\01_valid_raw_and_ifft\mat,559,742,valid_folder,valid,28,0.01280091,1,Good
1713,D:\LSH\LSH\实验\聚焦信号分类实验\1\ROI_x729_y538_w32_h39_20260626_212915\01_valid_raw_and_ifft\mat\curve_r0559_c0743_idx000687.mat,D:\LSH\LSH\实验\聚焦信号分类实验\1\ROI_x729_y538_w32_h39_20260626_212915\01_valid_raw_and_ifft\mat,559,743,valid_folder,valid,28,0.004590483,1,Good
1714,D:\LSH\LSH\实验\聚焦信号分类实验\1\ROI_x729_y538_w32_h39_20260626_212915\01_valid_raw_and_ifft\mat\curve_r0559_c0744_idx000688.mat,D:\LSH\LSH\实验\聚焦信号分类实验\1\ROI_x729_y538_w32_h39_20260626_212915\01_valid_raw_and_ifft\mat,559,744,valid_folder,valid,28,0.00882709,1,Good
1715,D:\LSH\LSH\实验\聚焦信号分类实验\1\ROI_x729_y538_w32_h39_20260626_212915\01_valid_raw_and_ifft\mat\curve_r0559_c0745_idx000689.mat,D:\LSH\LSH\实验\聚焦信号分类实验\1\ROI_x729_y538_w32_h39_20260626_212915\01_valid_raw_and_ifft\mat,559,745,valid_folder,valid,28,0.007657249,1,Good
1716,D:\LSH\LSH\实验\聚焦信号分类实验\1\ROI_x729_y538_w32_h39_20260626_212915\01_valid_raw_and_ifft\mat\curve_r0559_c0746_idx000690.mat,D:\LSH\LSH\实验\聚焦信号分类实验\1\ROI_x729_y538_w32_h39_20260626_212915\01_valid_raw_and_ifft\mat,559,746,valid_folder,valid,27,0.004748144,1,Good
1717,D:\LSH\LSH\实验\聚焦信号分类实验\1\ROI_x729_y538_w32_h39_20260626_212915\01_valid_raw_and_ifft\mat\curve_r0559_c0747_idx000691.mat,D:\LSH\LSH\实验\聚焦信号分类实验\1\ROI_x729_y538_w32_h39_20260626_212915\01_valid_raw_and_ifft\mat,559,747,valid_folder,valid,27,0.001686581,1,Good
1718,D:\LSH\LSH\实验\聚焦信号分类实验\1\ROI_x729_y538_w32_h39_20260626_212915\01_valid_raw_and_ifft\mat\curve_r0559_c0748_idx000692.mat,D:\LSH\LSH\实验\聚焦信号分类实验\1\ROI_x729_y538_w32_h39_20260626_212915\01_valid_raw_and_ifft\mat,559,748,valid_folder,valid,27,0.001338614,1,Good
1719,D:\LSH\LSH\实验\聚焦信号分类实验\1\ROI_x729_y538_w32_h39_20260626_212915\01_valid_raw_and_ifft\mat\curve_r0559_c0749_idx000693.mat,D:\LSH\LSH\实验\聚焦信号分类实验\1\ROI_x729_y538_w32_h39_20260626_212915\01_valid_raw_and_ifft\mat,559,749,valid_folder,valid,27,0.003423683,1,Good
1720,D:\LSH\LSH\实验\聚焦信号分类实验\1\ROI_x729_y538_w32_h39_20260626_212915\01_valid_raw_and_ifft\mat\curve_r0559_c0750_idx000694.mat,D:\LSH\LSH\实验\聚焦信号分类实验\1\ROI_x729_y538_w32_h39_20260626_212915\01_valid_raw_and_ifft\mat,559,750,valid_folder,valid,27,0.005312909,1,Good
1721,D:\LSH\LSH\实验\聚焦信号分类实验\1\ROI_x729_y538_w32_h39_20260626_212915\01_valid_raw_and_ifft\mat\curve_r0559_c0751_idx000695.mat,D:\LSH\LSH\实验\聚焦信号分类实验\1\ROI_x729_y538_w32_h39_20260626_212915\01_valid_raw_and_ifft\mat,559,751,valid_folder,valid,27,0.009434038,1,Good
1722,D:\LSH\LSH\实验\聚焦信号分类实验\1\ROI_x729_y538_w32_h39_20260626_212915\01_valid_raw_and_ifft\mat\curve_r0559_c0752_idx000696.mat,D:\LSH\LSH\实验\聚焦信号分类实验\1\ROI_x729_y538_w32_h39_20260626_212915\01_valid_raw_and_ifft\mat,559,752,valid_folder,valid,27,0.010976327,1,Good
1723,D:\LSH\LSH\实验\聚焦信号分类实验\1\ROI_x729_y538_w32_h39_20260626_212915\01_valid_raw_and_ifft\mat\curve_r0559_c0753_idx000697.mat,D:\LSH\LSH\实验\聚焦信号分类实验\1\ROI_x729_y538_w32_h39_20260626_212915\01_valid_raw_and_ifft\mat,559,753,valid_folder,valid,26,0.031642397,1,Good
1724,D:\LSH\LSH\实验\聚焦信号分类实验\1\ROI_x729_y538_w32_h39_20260626_212915\01_valid_raw_and_ifft\mat\curve_r0559_c0754_idx000698.mat,D:\LSH\LSH\实验\聚焦信号分类实验\1\ROI_x729_y538_w32_h39_20260626_212915\01_valid_raw_and_ifft\mat,559,754,valid_folder,valid,26,0.039631343,1,Good
1725,D:\LSH\LSH\实验\聚焦信号分类实验\1\ROI_x729_y538_w32_h39_20260626_212915\01_valid_raw_and_ifft\mat\curve_r0559_c0755_idx000699.mat,D:\LSH\LSH\实验\聚焦信号分类实验\1\ROI_x729_y538_w32_h39_20260626_212915\01_valid_raw_and_ifft\mat,559,755,valid_folder,valid,26,0.027463088,1,Good
1726,D:\LSH\LSH\实验\聚焦信号分类实验\1\ROI_x729_y538_w32_h39_20260626_212915\01_valid_raw_and_ifft\mat\curve_r0559_c0756_idx000700.mat,D:\LSH\LSH\实验\聚焦信号分类实验\1\ROI_x729_y538_w32_h39_20260626_212915\01_valid_raw_and_ifft\mat,559,756,valid_folder,valid,26,0.014574595,1,Good
1727,D:\LSH\LSH\实验\聚焦信号分类实验\1\ROI_x729_y538_w32_h39_20260626_212915\01_valid_raw_and_ifft\mat\curve_r0559_c0757_idx000701.mat,D:\LSH\LSH\实验\聚焦信号分类实验\1\ROI_x729_y538_w32_h39_20260626_212915\01_valid_raw_and_ifft\mat,559,757,valid_folder,valid,26,0.007364485,1,Good
1728,D:\LSH\LSH\实验\聚焦信号分类实验\1\ROI_x729_y538_w32_h39_20260626_212915\01_valid_raw_and_ifft\mat\curve_r0559_c0758_idx000702.mat,D:\LSH\LSH\实验\聚焦信号分类实验\1\ROI_x729_y538_w32_h39_20260626_212915\01_valid_raw_and_ifft\mat,559,758,valid_folder,valid,26,0.006730369,1,Good
1729,D:\LSH\LSH\实验\聚焦信号分类实验\1\ROI_x729_y538_w32_h39_20260626_212915\01_valid_raw_and_ifft\mat\curve_r0559_c0759_idx000703.mat,D:\LSH\LSH\实验\聚焦信号分类实验\1\ROI_x729_y538_w32_h39_20260626_212915\01_valid_raw_and_ifft\mat,559,759,valid_folder,valid,26,0.005429049,1,Good
1730,D:\LSH\LSH\实验\聚焦信号分类实验\1\ROI_x729_y538_w32_h39_20260626_212915\01_valid_raw_and_ifft\mat\curve_r0559_c0760_idx000704.mat,D:\LSH\LSH\实验\聚焦信号分类实验\1\ROI_x729_y538_w32_h39_20260626_212915\01_valid_raw_and_ifft\mat,559,760,valid_folder,valid,25,0.010683298,1,Good
1731,D:\LSH\LSH\实验\聚焦信号分类实验\1\ROI_x729_y538_w32_h39_20260626_212915\01_valid_raw_and_ifft\mat\curve_r0560_c0729_idx000705.mat,D:\LSH\LSH\实验\聚焦信号分类实验\1\ROI_x729_y538_w32_h39_20260626_212915\01_valid_raw_and_ifft\mat,560,729,valid_folder,valid,30,0.002902921,1,Good
1732,D:\LSH\LSH\实验\聚焦信号分类实验\1\ROI_x729_y538_w32_h39_20260626_212915\01_valid_raw_and_ifft\mat\curve_r0560_c0730_idx000706.mat,D:\LSH\LSH\实验\聚焦信号分类实验\1\ROI_x729_y538_w32_h39_20260626_212915\01_valid_raw_and_ifft\mat,560,730,valid_folder,valid,30,0.002858065,1,Good
1733,D:\LSH\LSH\实验\聚焦信号分类实验\1\ROI_x729_y538_w32_h39_20260626_212915\01_valid_raw_and_ifft\mat\curve_r0560_c0731_idx000707.mat,D:\LSH\LSH\实验\聚焦信号分类实验\1\ROI_x729_y538_w32_h39_20260626_212915\01_valid_raw_and_ifft\mat,560,731,valid_folder,valid,30,0.003817262,1,Good
1734,D:\LSH\LSH\实验\聚焦信号分类实验\1\ROI_x729_y538_w32_h39_20260626_212915\01_valid_raw_and_ifft\mat\curve_r0560_c0732_idx000708.mat,D:\LSH\LSH\实验\聚焦信号分类实验\1\ROI_x729_y538_w32_h39_20260626_212915\01_valid_raw_and_ifft\mat,560,732,valid_folder,valid,28,0.011309205,1,Good
1735,D:\LSH\LSH\实验\聚焦信号分类实验\1\ROI_x729_y538_w32_h39_20260626_212915\01_valid_raw_and_ifft\mat\curve_r0560_c0733_idx000709.mat,D:\LSH\LSH\实验\聚焦信号分类实验\1\ROI_x729_y538_w32_h39_20260626_212915\01_valid_raw_and_ifft\mat,560,733,valid_folder,valid,29,0.046389463,1,Good
1736,D:\LSH\LSH\实验\聚焦信号分类实验\1\ROI_x729_y538_w32_h39_20260626_212915\01_valid_raw_and_ifft\mat\curve_r0560_c0734_idx000710.mat,D:\LSH\LSH\实验\聚焦信号分类实验\1\ROI_x729_y538_w32_h39_20260626_212915\01_valid_raw_and_ifft\mat,560,734,valid_folder,valid,29,0.045580159,1,Good
1737,D:\LSH\LSH\实验\聚焦信号分类实验\1\ROI_x729_y538_w32_h39_20260626_212915\01_valid_raw_and_ifft\mat\curve_r0560_c0735_idx000711.mat,D:\LSH\LSH\实验\聚焦信号分类实验\1\ROI_x729_y538_w32_h39_20260626_212915\01_valid_raw_and_ifft\mat,560,735,valid_folder,valid,29,0.019844114,1,Good
1738,D:\LSH\LSH\实验\聚焦信号分类实验\1\ROI_x729_y538_w32_h39_20260626_212915\01_valid_raw_and_ifft\mat\curve_r0560_c0736_idx000712.mat,D:\LSH\LSH\实验\聚焦信号分类实验\1\ROI_x729_y538_w32_h39_20260626_212915\01_valid_raw_and_ifft\mat,560,736,valid_folder,valid,29,0.00832357,1,Good
1739,D:\LSH\LSH\实验\聚焦信号分类实验\1\ROI_x729_y538_w32_h39_20260626_212915\01_valid_raw_and_ifft\mat\curve_r0560_c0737_idx000713.mat,D:\LSH\LSH\实验\聚焦信号分类实验\1\ROI_x729_y538_w32_h39_20260626_212915\01_valid_raw_and_ifft\mat,560,737,valid_folder,valid,29,0.00532258,1,Good
1740,D:\LSH\LSH\实验\聚焦信号分类实验\1\ROI_x729_y538_w32_h39_20260626_212915\01_valid_raw_and_ifft\mat\curve_r0560_c0738_idx000714.mat,D:\LSH\LSH\实验\聚焦信号分类实验\1\ROI_x729_y538_w32_h39_20260626_212915\01_valid_raw_and_ifft\mat,560,738,valid_folder,valid,29,0.004046403,1,Good
1741,D:\LSH\LSH\实验\聚焦信号分类实验\1\ROI_x729_y538_w32_h39_20260626_212915\01_valid_raw_and_ifft\mat\curve_r0560_c0739_idx000715.mat,D:\LSH\LSH\实验\聚焦信号分类实验\1\ROI_x729_y538_w32_h39_20260626_212915\01_valid_raw_and_ifft\mat,560,739,valid_folder,valid,29,0.004325892,1,Good
1742,D:\LSH\LSH\实验\聚焦信号分类实验\1\ROI_x729_y538_w32_h39_20260626_212915\01_valid_raw_and_ifft\mat\curve_r0560_c0740_idx000716.mat,D:\LSH\LSH\实验\聚焦信号分类实验\1\ROI_x729_y538_w32_h39_20260626_212915\01_valid_raw_and_ifft\mat,560,740,valid_folder,valid,28,0.004395273,1,Good
1743,D:\LSH\LSH\实验\聚焦信号分类实验\1\ROI_x729_y538_w32_h39_20260626_212915\01_valid_raw_and_ifft\mat\curve_r0560_c0741_idx000717.mat,D:\LSH\LSH\实验\聚焦信号分类实验\1\ROI_x729_y538_w32_h39_20260626_212915\01_valid_raw_and_ifft\mat,560,741,valid_folder,valid,28,0.00693091,1,Good
1744,D:\LSH\LSH\实验\聚焦信号分类实验\1\ROI_x729_y538_w32_h39_20260626_212915\01_valid_raw_and_ifft\mat\curve_r0560_c0742_idx000718.mat,D:\LSH\LSH\实验\聚焦信号分类实验\1\ROI_x729_y538_w32_h39_20260626_212915\01_valid_raw_and_ifft\mat,560,742,valid_folder,valid,28,0.005464446,1,Good
1745,D:\LSH\LSH\实验\聚焦信号分类实验\1\ROI_x729_y538_w32_h39_20260626_212915\01_valid_raw_and_ifft\mat\curve_r0560_c0743_idx000719.mat,D:\LSH\LSH\实验\聚焦信号分类实验\1\ROI_x729_y538_w32_h39_20260626_212915\01_valid_raw_and_ifft\mat,560,743,valid_folder,valid,28,0.003749971,1,Good
1746,D:\LSH\LSH\实验\聚焦信号分类实验\1\ROI_x729_y538_w32_h39_20260626_212915\01_valid_raw_and_ifft\mat\curve_r0560_c0744_idx000720.mat,D:\LSH\LSH\实验\聚焦信号分类实验\1\ROI_x729_y538_w32_h39_20260626_212915\01_valid_raw_and_ifft\mat,560,744,valid_folder,valid,28,0.006822165,1,Good
1747,D:\LSH\LSH\实验\聚焦信号分类实验\1\ROI_x729_y538_w32_h39_20260626_212915\01_valid_raw_and_ifft\mat\curve_r0560_c0745_idx000721.mat,D:\LSH\LSH\实验\聚焦信号分类实验\1\ROI_x729_y538_w32_h39_20260626_212915\01_valid_raw_and_ifft\mat,560,745,valid_folder,valid,28,0.005818249,1,Good
1748,D:\LSH\LSH\实验\聚焦信号分类实验\1\ROI_x729_y538_w32_h39_20260626_212915\01_valid_raw_and_ifft\mat\curve_r0560_c0746_idx000722.mat,D:\LSH\LSH\实验\聚焦信号分类实验\1\ROI_x729_y538_w32_h39_20260626_212915\01_valid_raw_and_ifft\mat,560,746,valid_folder,valid,27,0.003184705,1,Good
1749,D:\LSH\LSH\实验\聚焦信号分类实验\1\ROI_x729_y538_w32_h39_20260626_212915\01_valid_raw_and_ifft\mat\curve_r0560_c0747_idx000723.mat,D:\LSH\LSH\实验\聚焦信号分类实验\1\ROI_x729_y538_w32_h39_20260626_212915\01_valid_raw_and_ifft\mat,560,747,valid_folder,valid,27,0.001071056,1,Good
1750,D:\LSH\LSH\实验\聚焦信号分类实验\1\ROI_x729_y538_w32_h39_20260626_212915\01_valid_raw_and_ifft\mat\curve_r0560_c0748_idx000724.mat,D:\LSH\LSH\实验\聚焦信号分类实验\1\ROI_x729_y538_w32_h39_20260626_212915\01_valid_raw_and_ifft\mat,560,748,valid_folder,valid,29,0.000834035,1,Good
1751,D:\LSH\LSH\实验\聚焦信号分类实验\1\ROI_x729_y538_w32_h39_20260626_212915\01_valid_raw_and_ifft\mat\curve_r0560_c0749_idx000725.mat,D:\LSH\LSH\实验\聚焦信号分类实验\1\ROI_x729_y538_w32_h39_20260626_212915\01_valid_raw_and_ifft\mat,560,749,valid_folder,valid,27,0.000852822,1,Good
1752,D:\LSH\LSH\实验\聚焦信号分类实验\1\ROI_x729_y538_w32_h39_20260626_212915\01_valid_raw_and_ifft\mat\curve_r0560_c0750_idx000726.mat,D:\LSH\LSH\实验\聚焦信号分类实验\1\ROI_x729_y538_w32_h39_20260626_212915\01_valid_raw_and_ifft\mat,560,750,valid_folder,valid,27,0.002708937,1,Good
1753,D:\LSH\LSH\实验\聚焦信号分类实验\1\ROI_x729_y538_w32_h39_20260626_212915\01_valid_raw_and_ifft\mat\curve_r0560_c0751_idx000727.mat,D:\LSH\LSH\实验\聚焦信号分类实验\1\ROI_x729_y538_w32_h39_20260626_212915\01_valid_raw_and_ifft\mat,560,751,valid_folder,valid,27,0.005699844,1,Good
1754,D:\LSH\LSH\实验\聚焦信号分类实验\1\ROI_x729_y538_w32_h39_20260626_212915\01_valid_raw_and_ifft\mat\curve_r0560_c0752_idx000728.mat,D:\LSH\LSH\实验\聚焦信号分类实验\1\ROI_x729_y538_w32_h39_20260626_212915\01_valid_raw_and_ifft\mat,560,752,valid_folder,valid,27,0.007769603,1,Good
1755,D:\LSH\LSH\实验\聚焦信号分类实验\1\ROI_x729_y538_w32_h39_20260626_212915\01_valid_raw_and_ifft\mat\curve_r0560_c0753_idx000729.mat,D:\LSH\LSH\实验\聚焦信号分类实验\1\ROI_x729_y538_w32_h39_20260626_212915\01_valid_raw_and_ifft\mat,560,753,valid_folder,valid,26,0.044331139,1,Good
1756,D:\LSH\LSH\实验\聚焦信号分类实验\1\ROI_x729_y538_w32_h39_20260626_212915\01_valid_raw_and_ifft\mat\curve_r0560_c0754_idx000730.mat,D:\LSH\LSH\实验\聚焦信号分类实验\1\ROI_x729_y538_w32_h39_20260626_212915\01_valid_raw_and_ifft\mat,560,754,valid_folder,valid,26,0.054192711,1,Good
1757,D:\LSH\LSH\实验\聚焦信号分类实验\1\ROI_x729_y538_w32_h39_20260626_212915\01_valid_raw_and_ifft\mat\curve_r0560_c0755_idx000731.mat,D:\LSH\LSH\实验\聚焦信号分类实验\1\ROI_x729_y538_w32_h39_20260626_212915\01_valid_raw_and_ifft\mat,560,755,valid_folder,valid,26,0.037664267,1,Good
1758,D:\LSH\LSH\实验\聚焦信号分类实验\1\ROI_x729_y538_w32_h39_20260626_212915\01_valid_raw_and_ifft\mat\curve_r0560_c0756_idx000732.mat,D:\LSH\LSH\实验\聚焦信号分类实验\1\ROI_x729_y538_w32_h39_20260626_212915\01_valid_raw_and_ifft\mat,560,756,valid_folder,valid,26,0.028315988,1,Good
1759,D:\LSH\LSH\实验\聚焦信号分类实验\1\ROI_x729_y538_w32_h39_20260626_212915\01_valid_raw_and_ifft\mat\curve_r0560_c0757_idx000733.mat,D:\LSH\LSH\实验\聚焦信号分类实验\1\ROI_x729_y538_w32_h39_20260626_212915\01_valid_raw_and_ifft\mat,560,757,valid_folder,valid,26,0.022621696,1,Good
1760,D:\LSH\LSH\实验\聚焦信号分类实验\1\ROI_x729_y538_w32_h39_20260626_212915\01_valid_raw_and_ifft\mat\curve_r0560_c0758_idx000734.mat,D:\LSH\LSH\实验\聚焦信号分类实验\1\ROI_x729_y538_w32_h39_20260626_212915\01_valid_raw_and_ifft\mat,560,758,valid_folder,valid,26,0.018448188,1,Good
1761,D:\LSH\LSH\实验\聚焦信号分类实验\1\ROI_x729_y538_w32_h39_20260626_212915\01_valid_raw_and_ifft\mat\curve_r0560_c0759_idx000735.mat,D:\LSH\LSH\实验\聚焦信号分类实验\1\ROI_x729_y538_w32_h39_20260626_212915\01_valid_raw_and_ifft\mat,560,759,valid_folder,valid,26,0.012958296,1,Good
1762,D:\LSH\LSH\实验\聚焦信号分类实验\1\ROI_x729_y538_w32_h39_20260626_212915\01_valid_raw_and_ifft\mat\curve_r0560_c0760_idx000736.mat,D:\LSH\LSH\实验\聚焦信号分类实验\1\ROI_x729_y538_w32_h39_20260626_212915\01_valid_raw_and_ifft\mat,560,760,valid_folder,valid,25,0.011332901,1,Good
1763,D:\LSH\LSH\实验\聚焦信号分类实验\1\ROI_x729_y538_w32_h39_20260626_212915\01_valid_raw_and_ifft\mat\curve_r0561_c0731_idx000739.mat,D:\LSH\LSH\实验\聚焦信号分类实验\1\ROI_x729_y538_w32_h39_20260626_212915\01_valid_raw_and_ifft\mat,561,731,valid_folder,valid,30,0.002690012,1,Good
1764,D:\LSH\LSH\实验\聚焦信号分类实验\1\ROI_x729_y538_w32_h39_20260626_212915\01_valid_raw_and_ifft\mat\curve_r0561_c0732_idx000740.mat,D:\LSH\LSH\实验\聚焦信号分类实验\1\ROI_x729_y538_w32_h39_20260626_212915\01_valid_raw_and_ifft\mat,561,732,valid_folder,valid,28,0.012809732,1,Good
1765,D:\LSH\LSH\实验\聚焦信号分类实验\1\ROI_x729_y538_w32_h39_20260626_212915\01_valid_raw_and_ifft\mat\curve_r0561_c0733_idx000741.mat,D:\LSH\LSH\实验\聚焦信号分类实验\1\ROI_x729_y538_w32_h39_20260626_212915\01_valid_raw_and_ifft\mat,561,733,valid_folder,valid,29,0.047804798,1,Good
1766,D:\LSH\LSH\实验\聚焦信号分类实验\1\ROI_x729_y538_w32_h39_20260626_212915\01_valid_raw_and_ifft\mat\curve_r0561_c0734_idx000742.mat,D:\LSH\LSH\实验\聚焦信号分类实验\1\ROI_x729_y538_w32_h39_20260626_212915\01_valid_raw_and_ifft\mat,561,734,valid_folder,valid,29,0.047456036,1,Good
1767,D:\LSH\LSH\实验\聚焦信号分类实验\1\ROI_x729_y538_w32_h39_20260626_212915\01_valid_raw_and_ifft\mat\curve_r0561_c0735_idx000743.mat,D:\LSH\LSH\实验\聚焦信号分类实验\1\ROI_x729_y538_w32_h39_20260626_212915\01_valid_raw_and_ifft\mat,561,735,valid_folder,valid,29,0.033707478,1,Good
1768,D:\LSH\LSH\实验\聚焦信号分类实验\1\ROI_x729_y538_w32_h39_20260626_212915\01_valid_raw_and_ifft\mat\curve_r0561_c0736_idx000744.mat,D:\LSH\LSH\实验\聚焦信号分类实验\1\ROI_x729_y538_w32_h39_20260626_212915\01_valid_raw_and_ifft\mat,561,736,valid_folder,valid,29,0.025709911,1,Good
1769,D:\LSH\LSH\实验\聚焦信号分类实验\1\ROI_x729_y538_w32_h39_20260626_212915\01_valid_raw_and_ifft\mat\curve_r0561_c0737_idx000745.mat,D:\LSH\LSH\实验\聚焦信号分类实验\1\ROI_x729_y538_w32_h39_20260626_212915\01_valid_raw_and_ifft\mat,561,737,valid_folder,valid,29,0.010620287,1,Good
1770,D:\LSH\LSH\实验\聚焦信号分类实验\1\ROI_x729_y538_w32_h39_20260626_212915\01_valid_raw_and_ifft\mat\curve_r0561_c0738_idx000746.mat,D:\LSH\LSH\实验\聚焦信号分类实验\1\ROI_x729_y538_w32_h39_20260626_212915\01_valid_raw_and_ifft\mat,561,738,valid_folder,valid,29,0.003380308,1,Good
1771,D:\LSH\LSH\实验\聚焦信号分类实验\1\ROI_x729_y538_w32_h39_20260626_212915\01_valid_raw_and_ifft\mat\curve_r0561_c0750_idx000758.mat,D:\LSH\LSH\实验\聚焦信号分类实验\1\ROI_x729_y538_w32_h39_20260626_212915\01_valid_raw_and_ifft\mat,561,750,valid_folder,valid,27,0.002634181,1,Good
1772,D:\LSH\LSH\实验\聚焦信号分类实验\1\ROI_x729_y538_w32_h39_20260626_212915\01_valid_raw_and_ifft\mat\curve_r0561_c0751_idx000759.mat,D:\LSH\LSH\实验\聚焦信号分类实验\1\ROI_x729_y538_w32_h39_20260626_212915\01_valid_raw_and_ifft\mat,561,751,valid_folder,valid,27,0.002852219,1,Good
1773,D:\LSH\LSH\实验\聚焦信号分类实验\1\ROI_x729_y538_w32_h39_20260626_212915\01_valid_raw_and_ifft\mat\curve_r0561_c0752_idx000760.mat,D:\LSH\LSH\实验\聚焦信号分类实验\1\ROI_x729_y538_w32_h39_20260626_212915\01_valid_raw_and_ifft\mat,561,752,valid_folder,valid,25,0.005787854,1,Good
1774,D:\LSH\LSH\实验\聚焦信号分类实验\1\ROI_x729_y538_w32_h39_20260626_212915\01_valid_raw_and_ifft\mat\curve_r0561_c0753_idx000761.mat,D:\LSH\LSH\实验\聚焦信号分类实验\1\ROI_x729_y538_w32_h39_20260626_212915\01_valid_raw_and_ifft\mat,561,753,valid_folder,valid,26,0.036507961,1,Good
1775,D:\LSH\LSH\实验\聚焦信号分类实验\1\ROI_x729_y538_w32_h39_20260626_212915\01_valid_raw_and_ifft\mat\curve_r0561_c0754_idx000762.mat,D:\LSH\LSH\实验\聚焦信号分类实验\1\ROI_x729_y538_w32_h39_20260626_212915\01_valid_raw_and_ifft\mat,561,754,valid_folder,valid,26,0.046730197,1,Good
1776,D:\LSH\LSH\实验\聚焦信号分类实验\1\ROI_x729_y538_w32_h39_20260626_212915\01_valid_raw_and_ifft\mat\curve_r0561_c0755_idx000763.mat,D:\LSH\LSH\实验\聚焦信号分类实验\1\ROI_x729_y538_w32_h39_20260626_212915\01_valid_raw_and_ifft\mat,561,755,valid_folder,valid,26,0.03047364,1,Good
1777,D:\LSH\LSH\实验\聚焦信号分类实验\1\ROI_x729_y538_w32_h39_20260626_212915\01_valid_raw_and_ifft\mat\curve_r0561_c0756_idx000764.mat,D:\LSH\LSH\实验\聚焦信号分类实验\1\ROI_x729_y538_w32_h39_20260626_212915\01_valid_raw_and_ifft\mat,561,756,valid_folder,valid,26,0.026893444,1,Good
1778,D:\LSH\LSH\实验\聚焦信号分类实验\1\ROI_x729_y538_w32_h39_20260626_212915\01_valid_raw_and_ifft\mat\curve_r0561_c0757_idx000765.mat,D:\LSH\LSH\实验\聚焦信号分类实验\1\ROI_x729_y538_w32_h39_20260626_212915\01_valid_raw_and_ifft\mat,561,757,valid_folder,valid,26,0.045731856,1,Good
1779,D:\LSH\LSH\实验\聚焦信号分类实验\1\ROI_x729_y538_w32_h39_20260626_212915\01_valid_raw_and_ifft\mat\curve_r0561_c0758_idx000766.mat,D:\LSH\LSH\实验\聚焦信号分类实验\1\ROI_x729_y538_w32_h39_20260626_212915\01_valid_raw_and_ifft\mat,561,758,valid_folder,valid,26,0.047219711,1,Good
1780,D:\LSH\LSH\实验\聚焦信号分类实验\1\ROI_x729_y538_w32_h39_20260626_212915\01_valid_raw_and_ifft\mat\curve_r0561_c0759_idx000767.mat,D:\LSH\LSH\实验\聚焦信号分类实验\1\ROI_x729_y538_w32_h39_20260626_212915\01_valid_raw_and_ifft\mat,561,759,valid_folder,valid,26,0.035264704,1,Good
1781,D:\LSH\LSH\实验\聚焦信号分类实验\1\ROI_x729_y538_w32_h39_20260626_212915\01_valid_raw_and_ifft\mat\curve_r0561_c0760_idx000768.mat,D:\LSH\LSH\实验\聚焦信号分类实验\1\ROI_x729_y538_w32_h39_20260626_212915\01_valid_raw_and_ifft\mat,561,760,valid_folder,valid,25,0.013547542,1,Good
1782,D:\LSH\LSH\实验\聚焦信号分类实验\1\ROI_x729_y538_w32_h39_20260626_212915\01_valid_raw_and_ifft\mat\curve_r0562_c0731_idx000771.mat,D:\LSH\LSH\实验\聚焦信号分类实验\1\ROI_x729_y538_w32_h39_20260626_212915\01_valid_raw_and_ifft\mat,562,731,valid_folder,valid,29,0.002261856,1,Good
1783,D:\LSH\LSH\实验\聚焦信号分类实验\1\ROI_x729_y538_w32_h39_20260626_212915\01_valid_raw_and_ifft\mat\curve_r0562_c0732_idx000772.mat,D:\LSH\LSH\实验\聚焦信号分类实验\1\ROI_x729_y538_w32_h39_20260626_212915\01_valid_raw_and_ifft\mat,562,732,valid_folder,valid,28,0.006671016,1,Good
1784,D:\LSH\LSH\实验\聚焦信号分类实验\1\ROI_x729_y538_w32_h39_20260626_212915\01_valid_raw_and_ifft\mat\curve_r0562_c0733_idx000773.mat,D:\LSH\LSH\实验\聚焦信号分类实验\1\ROI_x729_y538_w32_h39_20260626_212915\01_valid_raw_and_ifft\mat,562,733,valid_folder,valid,30,0.018933794,1,Good
1785,D:\LSH\LSH\实验\聚焦信号分类实验\1\ROI_x729_y538_w32_h39_20260626_212915\01_valid_raw_and_ifft\mat\curve_r0562_c0734_idx000774.mat,D:\LSH\LSH\实验\聚焦信号分类实验\1\ROI_x729_y538_w32_h39_20260626_212915\01_valid_raw_and_ifft\mat,562,734,valid_folder,valid,29,0.020922511,1,Good
1786,D:\LSH\LSH\实验\聚焦信号分类实验\1\ROI_x729_y538_w32_h39_20260626_212915\01_valid_raw_and_ifft\mat\curve_r0562_c0735_idx000775.mat,D:\LSH\LSH\实验\聚焦信号分类实验\1\ROI_x729_y538_w32_h39_20260626_212915\01_valid_raw_and_ifft\mat,562,735,valid_folder,valid,29,0.03087971,1,Good
1787,D:\LSH\LSH\实验\聚焦信号分类实验\1\ROI_x729_y538_w32_h39_20260626_212915\01_valid_raw_and_ifft\mat\curve_r0562_c0736_idx000776.mat,D:\LSH\LSH\实验\聚焦信号分类实验\1\ROI_x729_y538_w32_h39_20260626_212915\01_valid_raw_and_ifft\mat,562,736,valid_folder,valid,29,0.02604535,1,Good
1788,D:\LSH\LSH\实验\聚焦信号分类实验\1\ROI_x729_y538_w32_h39_20260626_212915\01_valid_raw_and_ifft\mat\curve_r0562_c0737_idx000777.mat,D:\LSH\LSH\实验\聚焦信号分类实验\1\ROI_x729_y538_w32_h39_20260626_212915\01_valid_raw_and_ifft\mat,562,737,valid_folder,valid,29,0.009855271,1,Good
1789,D:\LSH\LSH\实验\聚焦信号分类实验\1\ROI_x729_y538_w32_h39_20260626_212915\01_valid_raw_and_ifft\mat\curve_r0562_c0738_idx000778.mat,D:\LSH\LSH\实验\聚焦信号分类实验\1\ROI_x729_y538_w32_h39_20260626_212915\01_valid_raw_and_ifft\mat,562,738,valid_folder,valid,29,0.002413166,1,Good
1790,D:\LSH\LSH\实验\聚焦信号分类实验\1\ROI_x729_y538_w32_h39_20260626_212915\01_valid_raw_and_ifft\mat\curve_r0562_c0752_idx000792.mat,D:\LSH\LSH\实验\聚焦信号分类实验\1\ROI_x729_y538_w32_h39_20260626_212915\01_valid_raw_and_ifft\mat,562,752,valid_folder,valid,25,0.001243218,1,Good
1791,D:\LSH\LSH\实验\聚焦信号分类实验\1\ROI_x729_y538_w32_h39_20260626_212915\01_valid_raw_and_ifft\mat\curve_r0562_c0753_idx000793.mat,D:\LSH\LSH\实验\聚焦信号分类实验\1\ROI_x729_y538_w32_h39_20260626_212915\01_valid_raw_and_ifft\mat,562,753,valid_folder,valid,26,0.0031666,1,Good
1792,D:\LSH\LSH\实验\聚焦信号分类实验\1\ROI_x729_y538_w32_h39_20260626_212915\01_valid_raw_and_ifft\mat\curve_r0562_c0754_idx000794.mat,D:\LSH\LSH\实验\聚焦信号分类实验\1\ROI_x729_y538_w32_h39_20260626_212915\01_valid_raw_and_ifft\mat,562,754,valid_folder,valid,26,0.006910544,1,Good
1793,D:\LSH\LSH\实验\聚焦信号分类实验\1\ROI_x729_y538_w32_h39_20260626_212915\01_valid_raw_and_ifft\mat\curve_r0562_c0755_idx000795.mat,D:\LSH\LSH\实验\聚焦信号分类实验\1\ROI_x729_y538_w32_h39_20260626_212915\01_valid_raw_and_ifft\mat,562,755,valid_folder,valid,26,0.006860999,1,Good
1794,D:\LSH\LSH\实验\聚焦信号分类实验\1\ROI_x729_y538_w32_h39_20260626_212915\01_valid_raw_and_ifft\mat\curve_r0562_c0756_idx000796.mat,D:\LSH\LSH\实验\聚焦信号分类实验\1\ROI_x729_y538_w32_h39_20260626_212915\01_valid_raw_and_ifft\mat,562,756,valid_folder,valid,26,0.009107663,1,Good
1795,D:\LSH\LSH\实验\聚焦信号分类实验\1\ROI_x729_y538_w32_h39_20260626_212915\01_valid_raw_and_ifft\mat\curve_r0562_c0757_idx000797.mat,D:\LSH\LSH\实验\聚焦信号分类实验\1\ROI_x729_y538_w32_h39_20260626_212915\01_valid_raw_and_ifft\mat,562,757,valid_folder,valid,26,0.039584726,1,Good
1796,D:\LSH\LSH\实验\聚焦信号分类实验\1\ROI_x729_y538_w32_h39_20260626_212915\01_valid_raw_and_ifft\mat\curve_r0562_c0758_idx000798.mat,D:\LSH\LSH\实验\聚焦信号分类实验\1\ROI_x729_y538_w32_h39_20260626_212915\01_valid_raw_and_ifft\mat,562,758,valid_folder,valid,26,0.045797417,1,Good
1797,D:\LSH\LSH\实验\聚焦信号分类实验\1\ROI_x729_y538_w32_h39_20260626_212915\01_valid_raw_and_ifft\mat\curve_r0562_c0759_idx000799.mat,D:\LSH\LSH\实验\聚焦信号分类实验\1\ROI_x729_y538_w32_h39_20260626_212915\01_valid_raw_and_ifft\mat,562,759,valid_folder,valid,26,0.034940486,1,Good
1798,D:\LSH\LSH\实验\聚焦信号分类实验\1\ROI_x729_y538_w32_h39_20260626_212915\01_valid_raw_and_ifft\mat\curve_r0562_c0760_idx000800.mat,D:\LSH\LSH\实验\聚焦信号分类实验\1\ROI_x729_y538_w32_h39_20260626_212915\01_valid_raw_and_ifft\mat,562,760,valid_folder,valid,25,0.009246816,1,Good
1799,D:\LSH\LSH\实验\聚焦信号分类实验\1\ROI_x729_y538_w32_h39_20260626_212915\01_valid_raw_and_ifft\mat\curve_r0563_c0729_idx000801.mat,D:\LSH\LSH\实验\聚焦信号分类实验\1\ROI_x729_y538_w32_h39_20260626_212915\01_valid_raw_and_ifft\mat,563,729,valid_folder,valid,30,0.0024278,1,Good
1800,D:\LSH\LSH\实验\聚焦信号分类实验\1\ROI_x729_y538_w32_h39_20260626_212915\01_valid_raw_and_ifft\mat\curve_r0563_c0730_idx000802.mat,D:\LSH\LSH\实验\聚焦信号分类实验\1\ROI_x729_y538_w32_h39_20260626_212915\01_valid_raw_and_ifft\mat,563,730,valid_folder,valid,30,0.002624177,1,Good
1801,D:\LSH\LSH\实验\聚焦信号分类实验\1\ROI_x729_y538_w32_h39_20260626_212915\01_valid_raw_and_ifft\mat\curve_r0563_c0731_idx000803.mat,D:\LSH\LSH\实验\聚焦信号分类实验\1\ROI_x729_y538_w32_h39_20260626_212915\01_valid_raw_and_ifft\mat,563,731,valid_folder,valid,29,0.00393988,1,Good
1802,D:\LSH\LSH\实验\聚焦信号分类实验\1\ROI_x729_y538_w32_h39_20260626_212915\01_valid_raw_and_ifft\mat\curve_r0563_c0732_idx000804.mat,D:\LSH\LSH\实验\聚焦信号分类实验\1\ROI_x729_y538_w32_h39_20260626_212915\01_valid_raw_and_ifft\mat,563,732,valid_folder,valid,29,0.004678082,1,Good
1803,D:\LSH\LSH\实验\聚焦信号分类实验\1\ROI_x729_y538_w32_h39_20260626_212915\01_valid_raw_and_ifft\mat\curve_r0563_c0733_idx000805.mat,D:\LSH\LSH\实验\聚焦信号分类实验\1\ROI_x729_y538_w32_h39_20260626_212915\01_valid_raw_and_ifft\mat,563,733,valid_folder,valid,29,0.003175388,1,Good
1804,D:\LSH\LSH\实验\聚焦信号分类实验\1\ROI_x729_y538_w32_h39_20260626_212915\01_valid_raw_and_ifft\mat\curve_r0563_c0734_idx000806.mat,D:\LSH\LSH\实验\聚焦信号分类实验\1\ROI_x729_y538_w32_h39_20260626_212915\01_valid_raw_and_ifft\mat,563,734,valid_folder,valid,28,0.006206537,1,Good
1805,D:\LSH\LSH\实验\聚焦信号分类实验\1\ROI_x729_y538_w32_h39_20260626_212915\01_valid_raw_and_ifft\mat\curve_r0563_c0735_idx000807.mat,D:\LSH\LSH\实验\聚焦信号分类实验\1\ROI_x729_y538_w32_h39_20260626_212915\01_valid_raw_and_ifft\mat,563,735,valid_folder,valid,29,0.016143438,1,Good
1806,D:\LSH\LSH\实验\聚焦信号分类实验\1\ROI_x729_y538_w32_h39_20260626_212915\01_valid_raw_and_ifft\mat\curve_r0563_c0736_idx000808.mat,D:\LSH\LSH\实验\聚焦信号分类实验\1\ROI_x729_y538_w32_h39_20260626_212915\01_valid_raw_and_ifft\mat,563,736,valid_folder,valid,28,0.015250948,1,Good
1807,D:\LSH\LSH\实验\聚焦信号分类实验\1\ROI_x729_y538_w32_h39_20260626_212915\01_valid_raw_and_ifft\mat\curve_r0563_c0737_idx000809.mat,D:\LSH\LSH\实验\聚焦信号分类实验\1\ROI_x729_y538_w32_h39_20260626_212915\01_valid_raw_and_ifft\mat,563,737,valid_folder,valid,29,0.005587269,1,Good
1808,D:\LSH\LSH\实验\聚焦信号分类实验\1\ROI_x729_y538_w32_h39_20260626_212915\01_valid_raw_and_ifft\mat\curve_r0563_c0738_idx000810.mat,D:\LSH\LSH\实验\聚焦信号分类实验\1\ROI_x729_y538_w32_h39_20260626_212915\01_valid_raw_and_ifft\mat,563,738,valid_folder,valid,29,0.001681825,1,Good
1809,D:\LSH\LSH\实验\聚焦信号分类实验\1\ROI_x729_y538_w32_h39_20260626_212915\01_valid_raw_and_ifft\mat\curve_r0563_c0739_idx000811.mat,D:\LSH\LSH\实验\聚焦信号分类实验\1\ROI_x729_y538_w32_h39_20260626_212915\01_valid_raw_and_ifft\mat,563,739,valid_folder,valid,28,0.004496181,1,Good
1810,D:\LSH\LSH\实验\聚焦信号分类实验\1\ROI_x729_y538_w32_h39_20260626_212915\01_valid_raw_and_ifft\mat\curve_r0563_c0740_idx000812.mat,D:\LSH\LSH\实验\聚焦信号分类实验\1\ROI_x729_y538_w32_h39_20260626_212915\01_valid_raw_and_ifft\mat,563,740,valid_folder,valid,29,0.00685434,1,Good
1811,D:\LSH\LSH\实验\聚焦信号分类实验\1\ROI_x729_y538_w32_h39_20260626_212915\01_valid_raw_and_ifft\mat\curve_r0563_c0741_idx000813.mat,D:\LSH\LSH\实验\聚焦信号分类实验\1\ROI_x729_y538_w32_h39_20260626_212915\01_valid_raw_and_ifft\mat,563,741,valid_folder,valid,29,0.007074639,1,Good
1812,D:\LSH\LSH\实验\聚焦信号分类实验\1\ROI_x729_y538_w32_h39_20260626_212915\01_valid_raw_and_ifft\mat\curve_r0563_c0742_idx000814.mat,D:\LSH\LSH\实验\聚焦信号分类实验\1\ROI_x729_y538_w32_h39_20260626_212915\01_valid_raw_and_ifft\mat,563,742,valid_folder,valid,29,0.001937814,1,Good
1813,D:\LSH\LSH\实验\聚焦信号分类实验\1\ROI_x729_y538_w32_h39_20260626_212915\01_valid_raw_and_ifft\mat\curve_r0563_c0743_idx000815.mat,D:\LSH\LSH\实验\聚焦信号分类实验\1\ROI_x729_y538_w32_h39_20260626_212915\01_valid_raw_and_ifft\mat,563,743,valid_folder,valid,29,0.001203427,1,Good
1814,D:\LSH\LSH\实验\聚焦信号分类实验\1\ROI_x729_y538_w32_h39_20260626_212915\01_valid_raw_and_ifft\mat\curve_r0563_c0745_idx000817.mat,D:\LSH\LSH\实验\聚焦信号分类实验\1\ROI_x729_y538_w32_h39_20260626_212915\01_valid_raw_and_ifft\mat,563,745,valid_folder,valid,27,0.002735094,1,Good
1815,D:\LSH\LSH\实验\聚焦信号分类实验\1\ROI_x729_y538_w32_h39_20260626_212915\01_valid_raw_and_ifft\mat\curve_r0563_c0746_idx000818.mat,D:\LSH\LSH\实验\聚焦信号分类实验\1\ROI_x729_y538_w32_h39_20260626_212915\01_valid_raw_and_ifft\mat,563,746,valid_folder,valid,27,0.002979903,1,Good
1816,D:\LSH\LSH\实验\聚焦信号分类实验\1\ROI_x729_y538_w32_h39_20260626_212915\01_valid_raw_and_ifft\mat\curve_r0563_c0747_idx000819.mat,D:\LSH\LSH\实验\聚焦信号分类实验\1\ROI_x729_y538_w32_h39_20260626_212915\01_valid_raw_and_ifft\mat,563,747,valid_folder,valid,27,0.001078299,1,Good
1817,D:\LSH\LSH\实验\聚焦信号分类实验\1\ROI_x729_y538_w32_h39_20260626_212915\01_valid_raw_and_ifft\mat\curve_r0563_c0753_idx000825.mat,D:\LSH\LSH\实验\聚焦信号分类实验\1\ROI_x729_y538_w32_h39_20260626_212915\01_valid_raw_and_ifft\mat,563,753,valid_folder,valid,27,0.001668663,1,Good
1818,D:\LSH\LSH\实验\聚焦信号分类实验\1\ROI_x729_y538_w32_h39_20260626_212915\01_valid_raw_and_ifft\mat\curve_r0563_c0754_idx000826.mat,D:\LSH\LSH\实验\聚焦信号分类实验\1\ROI_x729_y538_w32_h39_20260626_212915\01_valid_raw_and_ifft\mat,563,754,valid_folder,valid,26,0.003442853,1,Good
1819,D:\LSH\LSH\实验\聚焦信号分类实验\1\ROI_x729_y538_w32_h39_20260626_212915\01_valid_raw_and_ifft\mat\curve_r0563_c0755_idx000827.mat,D:\LSH\LSH\实验\聚焦信号分类实验\1\ROI_x729_y538_w32_h39_20260626_212915\01_valid_raw_and_ifft\mat,563,755,valid_folder,valid,26,0.003541265,1,Good
1820,D:\LSH\LSH\实验\聚焦信号分类实验\1\ROI_x729_y538_w32_h39_20260626_212915\01_valid_raw_and_ifft\mat\curve_r0563_c0756_idx000828.mat,D:\LSH\LSH\实验\聚焦信号分类实验\1\ROI_x729_y538_w32_h39_20260626_212915\01_valid_raw_and_ifft\mat,563,756,valid_folder,valid,26,0.005891685,1,Good
1821,D:\LSH\LSH\实验\聚焦信号分类实验\1\ROI_x729_y538_w32_h39_20260626_212915\01_valid_raw_and_ifft\mat\curve_r0563_c0757_idx000829.mat,D:\LSH\LSH\实验\聚焦信号分类实验\1\ROI_x729_y538_w32_h39_20260626_212915\01_valid_raw_and_ifft\mat,563,757,valid_folder,valid,25,0.023063912,1,Good
1822,D:\LSH\LSH\实验\聚焦信号分类实验\1\ROI_x729_y538_w32_h39_20260626_212915\01_valid_raw_and_ifft\mat\curve_r0563_c0758_idx000830.mat,D:\LSH\LSH\实验\聚焦信号分类实验\1\ROI_x729_y538_w32_h39_20260626_212915\01_valid_raw_and_ifft\mat,563,758,valid_folder,valid,25,0.029038606,1,Good
1823,D:\LSH\LSH\实验\聚焦信号分类实验\1\ROI_x729_y538_w32_h39_20260626_212915\01_valid_raw_and_ifft\mat\curve_r0563_c0759_idx000831.mat,D:\LSH\LSH\实验\聚焦信号分类实验\1\ROI_x729_y538_w32_h39_20260626_212915\01_valid_raw_and_ifft\mat,563,759,valid_folder,valid,25,0.017505306,1,Good
1824,D:\LSH\LSH\实验\聚焦信号分类实验\1\ROI_x729_y538_w32_h39_20260626_212915\01_valid_raw_and_ifft\mat\curve_r0563_c0760_idx000832.mat,D:\LSH\LSH\实验\聚焦信号分类实验\1\ROI_x729_y538_w32_h39_20260626_212915\01_valid_raw_and_ifft\mat,563,760,valid_folder,valid,25,0.007202984,1,Good
1825,D:\LSH\LSH\实验\聚焦信号分类实验\1\ROI_x729_y538_w32_h39_20260626_212915\01_valid_raw_and_ifft\mat\curve_r0564_c0729_idx000833.mat,D:\LSH\LSH\实验\聚焦信号分类实验\1\ROI_x729_y538_w32_h39_20260626_212915\01_valid_raw_and_ifft\mat,564,729,valid_folder,valid,29,0.006058007,1,Good
1826,D:\LSH\LSH\实验\聚焦信号分类实验\1\ROI_x729_y538_w32_h39_20260626_212915\01_valid_raw_and_ifft\mat\curve_r0564_c0730_idx000834.mat,D:\LSH\LSH\实验\聚焦信号分类实验\1\ROI_x729_y538_w32_h39_20260626_212915\01_valid_raw_and_ifft\mat,564,730,valid_folder,valid,29,0.007137919,1,Good
1827,D:\LSH\LSH\实验\聚焦信号分类实验\1\ROI_x729_y538_w32_h39_20260626_212915\01_valid_raw_and_ifft\mat\curve_r0564_c0731_idx000835.mat,D:\LSH\LSH\实验\聚焦信号分类实验\1\ROI_x729_y538_w32_h39_20260626_212915\01_valid_raw_and_ifft\mat,564,731,valid_folder,valid,29,0.008157606,1,Good
1828,D:\LSH\LSH\实验\聚焦信号分类实验\1\ROI_x729_y538_w32_h39_20260626_212915\01_valid_raw_and_ifft\mat\curve_r0564_c0732_idx000836.mat,D:\LSH\LSH\实验\聚焦信号分类实验\1\ROI_x729_y538_w32_h39_20260626_212915\01_valid_raw_and_ifft\mat,564,732,valid_folder,valid,29,0.007726993,1,Good
1829,D:\LSH\LSH\实验\聚焦信号分类实验\1\ROI_x729_y538_w32_h39_20260626_212915\01_valid_raw_and_ifft\mat\curve_r0564_c0733_idx000837.mat,D:\LSH\LSH\实验\聚焦信号分类实验\1\ROI_x729_y538_w32_h39_20260626_212915\01_valid_raw_and_ifft\mat,564,733,valid_folder,valid,29,0.004973921,1,Good
1830,D:\LSH\LSH\实验\聚焦信号分类实验\1\ROI_x729_y538_w32_h39_20260626_212915\01_valid_raw_and_ifft\mat\curve_r0564_c0734_idx000838.mat,D:\LSH\LSH\实验\聚焦信号分类实验\1\ROI_x729_y538_w32_h39_20260626_212915\01_valid_raw_and_ifft\mat,564,734,valid_folder,valid,29,0.003491093,1,Good
1831,D:\LSH\LSH\实验\聚焦信号分类实验\1\ROI_x729_y538_w32_h39_20260626_212915\01_valid_raw_and_ifft\mat\curve_r0564_c0735_idx000839.mat,D:\LSH\LSH\实验\聚焦信号分类实验\1\ROI_x729_y538_w32_h39_20260626_212915\01_valid_raw_and_ifft\mat,564,735,valid_folder,valid,29,0.005806278,1,Good
1832,D:\LSH\LSH\实验\聚焦信号分类实验\1\ROI_x729_y538_w32_h39_20260626_212915\01_valid_raw_and_ifft\mat\curve_r0564_c0736_idx000840.mat,D:\LSH\LSH\实验\聚焦信号分类实验\1\ROI_x729_y538_w32_h39_20260626_212915\01_valid_raw_and_ifft\mat,564,736,valid_folder,valid,28,0.005614638,1,Good
1833,D:\LSH\LSH\实验\聚焦信号分类实验\1\ROI_x729_y538_w32_h39_20260626_212915\01_valid_raw_and_ifft\mat\curve_r0564_c0737_idx000841.mat,D:\LSH\LSH\实验\聚焦信号分类实验\1\ROI_x729_y538_w32_h39_20260626_212915\01_valid_raw_and_ifft\mat,564,737,valid_folder,valid,29,0.004526551,1,Good
1834,D:\LSH\LSH\实验\聚焦信号分类实验\1\ROI_x729_y538_w32_h39_20260626_212915\01_valid_raw_and_ifft\mat\curve_r0564_c0738_idx000842.mat,D:\LSH\LSH\实验\聚焦信号分类实验\1\ROI_x729_y538_w32_h39_20260626_212915\01_valid_raw_and_ifft\mat,564,738,valid_folder,valid,29,0.004877946,1,Good
1835,D:\LSH\LSH\实验\聚焦信号分类实验\1\ROI_x729_y538_w32_h39_20260626_212915\01_valid_raw_and_ifft\mat\curve_r0564_c0739_idx000843.mat,D:\LSH\LSH\实验\聚焦信号分类实验\1\ROI_x729_y538_w32_h39_20260626_212915\01_valid_raw_and_ifft\mat,564,739,valid_folder,valid,28,0.008506932,1,Good
1836,D:\LSH\LSH\实验\聚焦信号分类实验\1\ROI_x729_y538_w32_h39_20260626_212915\01_valid_raw_and_ifft\mat\curve_r0564_c0740_idx000844.mat,D:\LSH\LSH\实验\聚焦信号分类实验\1\ROI_x729_y538_w32_h39_20260626_212915\01_valid_raw_and_ifft\mat,564,740,valid_folder,valid,28,0.009655573,1,Good
1837,D:\LSH\LSH\实验\聚焦信号分类实验\1\ROI_x729_y538_w32_h39_20260626_212915\01_valid_raw_and_ifft\mat\curve_r0564_c0741_idx000845.mat,D:\LSH\LSH\实验\聚焦信号分类实验\1\ROI_x729_y538_w32_h39_20260626_212915\01_valid_raw_and_ifft\mat,564,741,valid_folder,valid,28,0.007631724,1,Good
1838,D:\LSH\LSH\实验\聚焦信号分类实验\1\ROI_x729_y538_w32_h39_20260626_212915\01_valid_raw_and_ifft\mat\curve_r0564_c0742_idx000846.mat,D:\LSH\LSH\实验\聚焦信号分类实验\1\ROI_x729_y538_w32_h39_20260626_212915\01_valid_raw_and_ifft\mat,564,742,valid_folder,valid,28,0.002101895,1,Good
1839,D:\LSH\LSH\实验\聚焦信号分类实验\1\ROI_x729_y538_w32_h39_20260626_212915\01_valid_raw_and_ifft\mat\curve_r0564_c0743_idx000847.mat,D:\LSH\LSH\实验\聚焦信号分类实验\1\ROI_x729_y538_w32_h39_20260626_212915\01_valid_raw_and_ifft\mat,564,743,valid_folder,valid,28,0.001621207,1,Good
1840,D:\LSH\LSH\实验\聚焦信号分类实验\1\ROI_x729_y538_w32_h39_20260626_212915\01_valid_raw_and_ifft\mat\curve_r0564_c0744_idx000848.mat,D:\LSH\LSH\实验\聚焦信号分类实验\1\ROI_x729_y538_w32_h39_20260626_212915\01_valid_raw_and_ifft\mat,564,744,valid_folder,valid,27,0.002627016,1,Good
1841,D:\LSH\LSH\实验\聚焦信号分类实验\1\ROI_x729_y538_w32_h39_20260626_212915\01_valid_raw_and_ifft\mat\curve_r0564_c0745_idx000849.mat,D:\LSH\LSH\实验\聚焦信号分类实验\1\ROI_x729_y538_w32_h39_20260626_212915\01_valid_raw_and_ifft\mat,564,745,valid_folder,valid,27,0.005344147,1,Good
1842,D:\LSH\LSH\实验\聚焦信号分类实验\1\ROI_x729_y538_w32_h39_20260626_212915\01_valid_raw_and_ifft\mat\curve_r0564_c0746_idx000850.mat,D:\LSH\LSH\实验\聚焦信号分类实验\1\ROI_x729_y538_w32_h39_20260626_212915\01_valid_raw_and_ifft\mat,564,746,valid_folder,valid,27,0.005674633,1,Good
1843,D:\LSH\LSH\实验\聚焦信号分类实验\1\ROI_x729_y538_w32_h39_20260626_212915\01_valid_raw_and_ifft\mat\curve_r0564_c0747_idx000851.mat,D:\LSH\LSH\实验\聚焦信号分类实验\1\ROI_x729_y538_w32_h39_20260626_212915\01_valid_raw_and_ifft\mat,564,747,valid_folder,valid,27,0.001708267,1,Good
1844,D:\LSH\LSH\实验\聚焦信号分类实验\1\ROI_x729_y538_w32_h39_20260626_212915\01_valid_raw_and_ifft\mat\curve_r0564_c0748_idx000852.mat,D:\LSH\LSH\实验\聚焦信号分类实验\1\ROI_x729_y538_w32_h39_20260626_212915\01_valid_raw_and_ifft\mat,564,748,valid_folder,valid,26,0.000953725,1,Good
1845,D:\LSH\LSH\实验\聚焦信号分类实验\1\ROI_x729_y538_w32_h39_20260626_212915\01_valid_raw_and_ifft\mat\curve_r0564_c0749_idx000853.mat,D:\LSH\LSH\实验\聚焦信号分类实验\1\ROI_x729_y538_w32_h39_20260626_212915\01_valid_raw_and_ifft\mat,564,749,valid_folder,valid,27,0.001486472,1,Good
1846,D:\LSH\LSH\实验\聚焦信号分类实验\1\ROI_x729_y538_w32_h39_20260626_212915\01_valid_raw_and_ifft\mat\curve_r0564_c0754_idx000858.mat,D:\LSH\LSH\实验\聚焦信号分类实验\1\ROI_x729_y538_w32_h39_20260626_212915\01_valid_raw_and_ifft\mat,564,754,valid_folder,valid,26,0.001253124,1,Good
1847,D:\LSH\LSH\实验\聚焦信号分类实验\1\ROI_x729_y538_w32_h39_20260626_212915\01_valid_raw_and_ifft\mat\curve_r0564_c0755_idx000859.mat,D:\LSH\LSH\实验\聚焦信号分类实验\1\ROI_x729_y538_w32_h39_20260626_212915\01_valid_raw_and_ifft\mat,564,755,valid_folder,valid,26,0.001173347,1,Good
1848,D:\LSH\LSH\实验\聚焦信号分类实验\1\ROI_x729_y538_w32_h39_20260626_212915\01_valid_raw_and_ifft\mat\curve_r0564_c0756_idx000860.mat,D:\LSH\LSH\实验\聚焦信号分类实验\1\ROI_x729_y538_w32_h39_20260626_212915\01_valid_raw_and_ifft\mat,564,756,valid_folder,valid,25,0.001977757,1,Good
1849,D:\LSH\LSH\实验\聚焦信号分类实验\1\ROI_x729_y538_w32_h39_20260626_212915\01_valid_raw_and_ifft\mat\curve_r0564_c0757_idx000861.mat,D:\LSH\LSH\实验\聚焦信号分类实验\1\ROI_x729_y538_w32_h39_20260626_212915\01_valid_raw_and_ifft\mat,564,757,valid_folder,valid,25,0.003729497,1,Good
1850,D:\LSH\LSH\实验\聚焦信号分类实验\1\ROI_x729_y538_w32_h39_20260626_212915\01_valid_raw_and_ifft\mat\curve_r0564_c0758_idx000862.mat,D:\LSH\LSH\实验\聚焦信号分类实验\1\ROI_x729_y538_w32_h39_20260626_212915\01_valid_raw_and_ifft\mat,564,758,valid_folder,valid,26,0.005599848,1,Good
1851,D:\LSH\LSH\实验\聚焦信号分类实验\1\ROI_x729_y538_w32_h39_20260626_212915\01_valid_raw_and_ifft\mat\curve_r0564_c0759_idx000863.mat,D:\LSH\LSH\实验\聚焦信号分类实验\1\ROI_x729_y538_w32_h39_20260626_212915\01_valid_raw_and_ifft\mat,564,759,valid_folder,valid,26,0.004761743,1,Good
1852,D:\LSH\LSH\实验\聚焦信号分类实验\1\ROI_x729_y538_w32_h39_20260626_212915\01_valid_raw_and_ifft\mat\curve_r0564_c0760_idx000864.mat,D:\LSH\LSH\实验\聚焦信号分类实验\1\ROI_x729_y538_w32_h39_20260626_212915\01_valid_raw_and_ifft\mat,564,760,valid_folder,valid,25,0.002195565,1,Good
1853,D:\LSH\LSH\实验\聚焦信号分类实验\1\ROI_x729_y538_w32_h39_20260626_212915\01_valid_raw_and_ifft\mat\curve_r0565_c0729_idx000865.mat,D:\LSH\LSH\实验\聚焦信号分类实验\1\ROI_x729_y538_w32_h39_20260626_212915\01_valid_raw_and_ifft\mat,565,729,valid_folder,valid,30,0.029876907,1,Good
1854,D:\LSH\LSH\实验\聚焦信号分类实验\1\ROI_x729_y538_w32_h39_20260626_212915\01_valid_raw_and_ifft\mat\curve_r0565_c0730_idx000866.mat,D:\LSH\LSH\实验\聚焦信号分类实验\1\ROI_x729_y538_w32_h39_20260626_212915\01_valid_raw_and_ifft\mat,565,730,valid_folder,valid,30,0.029731814,1,Good
1855,D:\LSH\LSH\实验\聚焦信号分类实验\1\ROI_x729_y538_w32_h39_20260626_212915\01_valid_raw_and_ifft\mat\curve_r0565_c0731_idx000867.mat,D:\LSH\LSH\实验\聚焦信号分类实验\1\ROI_x729_y538_w32_h39_20260626_212915\01_valid_raw_and_ifft\mat,565,731,valid_folder,valid,29,0.023014824,1,Good
1856,D:\LSH\LSH\实验\聚焦信号分类实验\1\ROI_x729_y538_w32_h39_20260626_212915\01_valid_raw_and_ifft\mat\curve_r0565_c0732_idx000868.mat,D:\LSH\LSH\实验\聚焦信号分类实验\1\ROI_x729_y538_w32_h39_20260626_212915\01_valid_raw_and_ifft\mat,565,732,valid_folder,valid,29,0.027171702,1,Good
1857,D:\LSH\LSH\实验\聚焦信号分类实验\1\ROI_x729_y538_w32_h39_20260626_212915\01_valid_raw_and_ifft\mat\curve_r0565_c0733_idx000869.mat,D:\LSH\LSH\实验\聚焦信号分类实验\1\ROI_x729_y538_w32_h39_20260626_212915\01_valid_raw_and_ifft\mat,565,733,valid_folder,valid,29,0.023900496,1,Good
1858,D:\LSH\LSH\实验\聚焦信号分类实验\1\ROI_x729_y538_w32_h39_20260626_212915\01_valid_raw_and_ifft\mat\curve_r0565_c0734_idx000870.mat,D:\LSH\LSH\实验\聚焦信号分类实验\1\ROI_x729_y538_w32_h39_20260626_212915\01_valid_raw_and_ifft\mat,565,734,valid_folder,valid,29,0.0109805,1,Good
1859,D:\LSH\LSH\实验\聚焦信号分类实验\1\ROI_x729_y538_w32_h39_20260626_212915\01_valid_raw_and_ifft\mat\curve_r0565_c0735_idx000871.mat,D:\LSH\LSH\实验\聚焦信号分类实验\1\ROI_x729_y538_w32_h39_20260626_212915\01_valid_raw_and_ifft\mat,565,735,valid_folder,valid,29,0.003940753,1,Good
1860,D:\LSH\LSH\实验\聚焦信号分类实验\1\ROI_x729_y538_w32_h39_20260626_212915\01_valid_raw_and_ifft\mat\curve_r0565_c0736_idx000872.mat,D:\LSH\LSH\实验\聚焦信号分类实验\1\ROI_x729_y538_w32_h39_20260626_212915\01_valid_raw_and_ifft\mat,565,736,valid_folder,valid,29,0.00456028,1,Good
1861,D:\LSH\LSH\实验\聚焦信号分类实验\1\ROI_x729_y538_w32_h39_20260626_212915\01_valid_raw_and_ifft\mat\curve_r0565_c0737_idx000873.mat,D:\LSH\LSH\实验\聚焦信号分类实验\1\ROI_x729_y538_w32_h39_20260626_212915\01_valid_raw_and_ifft\mat,565,737,valid_folder,valid,28,0.005611598,1,Good
1862,D:\LSH\LSH\实验\聚焦信号分类实验\1\ROI_x729_y538_w32_h39_20260626_212915\01_valid_raw_and_ifft\mat\curve_r0565_c0738_idx000874.mat,D:\LSH\LSH\实验\聚焦信号分类实验\1\ROI_x729_y538_w32_h39_20260626_212915\01_valid_raw_and_ifft\mat,565,738,valid_folder,valid,29,0.007454295,1,Good
1863,D:\LSH\LSH\实验\聚焦信号分类实验\1\ROI_x729_y538_w32_h39_20260626_212915\01_valid_raw_and_ifft\mat\curve_r0565_c0739_idx000875.mat,D:\LSH\LSH\实验\聚焦信号分类实验\1\ROI_x729_y538_w32_h39_20260626_212915\01_valid_raw_and_ifft\mat,565,739,valid_folder,valid,28,0.009948401,1,Good
1864,D:\LSH\LSH\实验\聚焦信号分类实验\1\ROI_x729_y538_w32_h39_20260626_212915\01_valid_raw_and_ifft\mat\curve_r0565_c0740_idx000876.mat,D:\LSH\LSH\实验\聚焦信号分类实验\1\ROI_x729_y538_w32_h39_20260626_212915\01_valid_raw_and_ifft\mat,565,740,valid_folder,valid,28,0.009819634,1,Good
1865,D:\LSH\LSH\实验\聚焦信号分类实验\1\ROI_x729_y538_w32_h39_20260626_212915\01_valid_raw_and_ifft\mat\curve_r0565_c0741_idx000877.mat,D:\LSH\LSH\实验\聚焦信号分类实验\1\ROI_x729_y538_w32_h39_20260626_212915\01_valid_raw_and_ifft\mat,565,741,valid_folder,valid,28,0.007293829,1,Good
1866,D:\LSH\LSH\实验\聚焦信号分类实验\1\ROI_x729_y538_w32_h39_20260626_212915\01_valid_raw_and_ifft\mat\curve_r0565_c0742_idx000878.mat,D:\LSH\LSH\实验\聚焦信号分类实验\1\ROI_x729_y538_w32_h39_20260626_212915\01_valid_raw_and_ifft\mat,565,742,valid_folder,valid,28,0.002498107,1,Good
1867,D:\LSH\LSH\实验\聚焦信号分类实验\1\ROI_x729_y538_w32_h39_20260626_212915\01_valid_raw_and_ifft\mat\curve_r0565_c0743_idx000879.mat,D:\LSH\LSH\实验\聚焦信号分类实验\1\ROI_x729_y538_w32_h39_20260626_212915\01_valid_raw_and_ifft\mat,565,743,valid_folder,valid,27,0.001891801,1,Good
1868,D:\LSH\LSH\实验\聚焦信号分类实验\1\ROI_x729_y538_w32_h39_20260626_212915\01_valid_raw_and_ifft\mat\curve_r0565_c0744_idx000880.mat,D:\LSH\LSH\实验\聚焦信号分类实验\1\ROI_x729_y538_w32_h39_20260626_212915\01_valid_raw_and_ifft\mat,565,744,valid_folder,valid,27,0.005263743,1,Good
1869,D:\LSH\LSH\实验\聚焦信号分类实验\1\ROI_x729_y538_w32_h39_20260626_212915\01_valid_raw_and_ifft\mat\curve_r0565_c0745_idx000881.mat,D:\LSH\LSH\实验\聚焦信号分类实验\1\ROI_x729_y538_w32_h39_20260626_212915\01_valid_raw_and_ifft\mat,565,745,valid_folder,valid,27,0.015641095,1,Good
1870,D:\LSH\LSH\实验\聚焦信号分类实验\1\ROI_x729_y538_w32_h39_20260626_212915\01_valid_raw_and_ifft\mat\curve_r0565_c0746_idx000882.mat,D:\LSH\LSH\实验\聚焦信号分类实验\1\ROI_x729_y538_w32_h39_20260626_212915\01_valid_raw_and_ifft\mat,565,746,valid_folder,valid,27,0.017263631,1,Good
1871,D:\LSH\LSH\实验\聚焦信号分类实验\1\ROI_x729_y538_w32_h39_20260626_212915\01_valid_raw_and_ifft\mat\curve_r0565_c0747_idx000883.mat,D:\LSH\LSH\实验\聚焦信号分类实验\1\ROI_x729_y538_w32_h39_20260626_212915\01_valid_raw_and_ifft\mat,565,747,valid_folder,valid,27,0.003975639,1,Good
1872,D:\LSH\LSH\实验\聚焦信号分类实验\1\ROI_x729_y538_w32_h39_20260626_212915\01_valid_raw_and_ifft\mat\curve_r0565_c0748_idx000884.mat,D:\LSH\LSH\实验\聚焦信号分类实验\1\ROI_x729_y538_w32_h39_20260626_212915\01_valid_raw_and_ifft\mat,565,748,valid_folder,valid,27,0.002091748,1,Good
1873,D:\LSH\LSH\实验\聚焦信号分类实验\1\ROI_x729_y538_w32_h39_20260626_212915\01_valid_raw_and_ifft\mat\curve_r0565_c0749_idx000885.mat,D:\LSH\LSH\实验\聚焦信号分类实验\1\ROI_x729_y538_w32_h39_20260626_212915\01_valid_raw_and_ifft\mat,565,749,valid_folder,valid,27,0.001974952,1,Good
1874,D:\LSH\LSH\实验\聚焦信号分类实验\1\ROI_x729_y538_w32_h39_20260626_212915\01_valid_raw_and_ifft\mat\curve_r0565_c0750_idx000886.mat,D:\LSH\LSH\实验\聚焦信号分类实验\1\ROI_x729_y538_w32_h39_20260626_212915\01_valid_raw_and_ifft\mat,565,750,valid_folder,valid,26,0.001750911,1,Good
1875,D:\LSH\LSH\实验\聚焦信号分类实验\1\ROI_x729_y538_w32_h39_20260626_212915\01_valid_raw_and_ifft\mat\curve_r0565_c0751_idx000887.mat,D:\LSH\LSH\实验\聚焦信号分类实验\1\ROI_x729_y538_w32_h39_20260626_212915\01_valid_raw_and_ifft\mat,565,751,valid_folder,valid,27,0.001100151,1,Good
1876,D:\LSH\LSH\实验\聚焦信号分类实验\1\ROI_x729_y538_w32_h39_20260626_212915\01_valid_raw_and_ifft\mat\curve_r0565_c0752_idx000888.mat,D:\LSH\LSH\实验\聚焦信号分类实验\1\ROI_x729_y538_w32_h39_20260626_212915\01_valid_raw_and_ifft\mat,565,752,valid_folder,valid,27,0.001971602,1,Good
1877,D:\LSH\LSH\实验\聚焦信号分类实验\1\ROI_x729_y538_w32_h39_20260626_212915\01_valid_raw_and_ifft\mat\curve_r0565_c0753_idx000889.mat,D:\LSH\LSH\实验\聚焦信号分类实验\1\ROI_x729_y538_w32_h39_20260626_212915\01_valid_raw_and_ifft\mat,565,753,valid_folder,valid,27,0.002049133,1,Good
1878,D:\LSH\LSH\实验\聚焦信号分类实验\1\ROI_x729_y538_w32_h39_20260626_212915\01_valid_raw_and_ifft\mat\curve_r0565_c0754_idx000890.mat,D:\LSH\LSH\实验\聚焦信号分类实验\1\ROI_x729_y538_w32_h39_20260626_212915\01_valid_raw_and_ifft\mat,565,754,valid_folder,valid,26,0.001331739,1,Good
1879,D:\LSH\LSH\实验\聚焦信号分类实验\1\ROI_x729_y538_w32_h39_20260626_212915\01_valid_raw_and_ifft\mat\curve_r0565_c0757_idx000893.mat,D:\LSH\LSH\实验\聚焦信号分类实验\1\ROI_x729_y538_w32_h39_20260626_212915\01_valid_raw_and_ifft\mat,565,757,valid_folder,valid,26,0.00116835,1,Good
1880,D:\LSH\LSH\实验\聚焦信号分类实验\1\ROI_x729_y538_w32_h39_20260626_212915\01_valid_raw_and_ifft\mat\curve_r0565_c0758_idx000894.mat,D:\LSH\LSH\实验\聚焦信号分类实验\1\ROI_x729_y538_w32_h39_20260626_212915\01_valid_raw_and_ifft\mat,565,758,valid_folder,valid,26,0.001078323,1,Good
1881,D:\LSH\LSH\实验\聚焦信号分类实验\1\ROI_x729_y538_w32_h39_20260626_212915\01_valid_raw_and_ifft\mat\curve_r0565_c0759_idx000895.mat,D:\LSH\LSH\实验\聚焦信号分类实验\1\ROI_x729_y538_w32_h39_20260626_212915\01_valid_raw_and_ifft\mat,565,759,valid_folder,valid,26,0.000815856,1,Good
1882,D:\LSH\LSH\实验\聚焦信号分类实验\1\ROI_x729_y538_w32_h39_20260626_212915\01_valid_raw_and_ifft\mat\curve_r0565_c0760_idx000896.mat,D:\LSH\LSH\实验\聚焦信号分类实验\1\ROI_x729_y538_w32_h39_20260626_212915\01_valid_raw_and_ifft\mat,565,760,valid_folder,valid,25,0.001792016,1,Good
1883,D:\LSH\LSH\实验\聚焦信号分类实验\1\ROI_x729_y538_w32_h39_20260626_212915\01_valid_raw_and_ifft\mat\curve_r0566_c0729_idx000897.mat,D:\LSH\LSH\实验\聚焦信号分类实验\1\ROI_x729_y538_w32_h39_20260626_212915\01_valid_raw_and_ifft\mat,566,729,valid_folder,valid,30,0.061909234,1,Good
1884,D:\LSH\LSH\实验\聚焦信号分类实验\1\ROI_x729_y538_w32_h39_20260626_212915\01_valid_raw_and_ifft\mat\curve_r0566_c0730_idx000898.mat,D:\LSH\LSH\实验\聚焦信号分类实验\1\ROI_x729_y538_w32_h39_20260626_212915\01_valid_raw_and_ifft\mat,566,730,valid_folder,valid,29,0.052579851,1,Good
1885,D:\LSH\LSH\实验\聚焦信号分类实验\1\ROI_x729_y538_w32_h39_20260626_212915\01_valid_raw_and_ifft\mat\curve_r0566_c0731_idx000899.mat,D:\LSH\LSH\实验\聚焦信号分类实验\1\ROI_x729_y538_w32_h39_20260626_212915\01_valid_raw_and_ifft\mat,566,731,valid_folder,valid,29,0.052657347,1,Good
1886,D:\LSH\LSH\实验\聚焦信号分类实验\1\ROI_x729_y538_w32_h39_20260626_212915\01_valid_raw_and_ifft\mat\curve_r0566_c0732_idx000900.mat,D:\LSH\LSH\实验\聚焦信号分类实验\1\ROI_x729_y538_w32_h39_20260626_212915\01_valid_raw_and_ifft\mat,566,732,valid_folder,valid,29,0.048146342,1,Good
1887,D:\LSH\LSH\实验\聚焦信号分类实验\1\ROI_x729_y538_w32_h39_20260626_212915\01_valid_raw_and_ifft\mat\curve_r0566_c0733_idx000901.mat,D:\LSH\LSH\实验\聚焦信号分类实验\1\ROI_x729_y538_w32_h39_20260626_212915\01_valid_raw_and_ifft\mat,566,733,valid_folder,valid,29,0.040333854,1,Good
1888,D:\LSH\LSH\实验\聚焦信号分类实验\1\ROI_x729_y538_w32_h39_20260626_212915\01_valid_raw_and_ifft\mat\curve_r0566_c0734_idx000902.mat,D:\LSH\LSH\实验\聚焦信号分类实验\1\ROI_x729_y538_w32_h39_20260626_212915\01_valid_raw_and_ifft\mat,566,734,valid_folder,valid,29,0.027265691,1,Good
1889,D:\LSH\LSH\实验\聚焦信号分类实验\1\ROI_x729_y538_w32_h39_20260626_212915\01_valid_raw_and_ifft\mat\curve_r0566_c0735_idx000903.mat,D:\LSH\LSH\实验\聚焦信号分类实验\1\ROI_x729_y538_w32_h39_20260626_212915\01_valid_raw_and_ifft\mat,566,735,valid_folder,valid,29,0.018978341,1,Good
1890,D:\LSH\LSH\实验\聚焦信号分类实验\1\ROI_x729_y538_w32_h39_20260626_212915\01_valid_raw_and_ifft\mat\curve_r0566_c0736_idx000904.mat,D:\LSH\LSH\实验\聚焦信号分类实验\1\ROI_x729_y538_w32_h39_20260626_212915\01_valid_raw_and_ifft\mat,566,736,valid_folder,valid,29,0.008501361,1,Good
1891,D:\LSH\LSH\实验\聚焦信号分类实验\1\ROI_x729_y538_w32_h39_20260626_212915\01_valid_raw_and_ifft\mat\curve_r0566_c0737_idx000905.mat,D:\LSH\LSH\实验\聚焦信号分类实验\1\ROI_x729_y538_w32_h39_20260626_212915\01_valid_raw_and_ifft\mat,566,737,valid_folder,valid,28,0.006947504,1,Good
1892,D:\LSH\LSH\实验\聚焦信号分类实验\1\ROI_x729_y538_w32_h39_20260626_212915\01_valid_raw_and_ifft\mat\curve_r0566_c0738_idx000906.mat,D:\LSH\LSH\实验\聚焦信号分类实验\1\ROI_x729_y538_w32_h39_20260626_212915\01_valid_raw_and_ifft\mat,566,738,valid_folder,valid,29,0.009671565,1,Good
1893,D:\LSH\LSH\实验\聚焦信号分类实验\1\ROI_x729_y538_w32_h39_20260626_212915\01_valid_raw_and_ifft\mat\curve_r0566_c0739_idx000907.mat,D:\LSH\LSH\实验\聚焦信号分类实验\1\ROI_x729_y538_w32_h39_20260626_212915\01_valid_raw_and_ifft\mat,566,739,valid_folder,valid,29,0.007744637,1,Good
1894,D:\LSH\LSH\实验\聚焦信号分类实验\1\ROI_x729_y538_w32_h39_20260626_212915\01_valid_raw_and_ifft\mat\curve_r0566_c0740_idx000908.mat,D:\LSH\LSH\实验\聚焦信号分类实验\1\ROI_x729_y538_w32_h39_20260626_212915\01_valid_raw_and_ifft\mat,566,740,valid_folder,valid,28,0.004602061,1,Good
1895,D:\LSH\LSH\实验\聚焦信号分类实验\1\ROI_x729_y538_w32_h39_20260626_212915\01_valid_raw_and_ifft\mat\curve_r0566_c0741_idx000909.mat,D:\LSH\LSH\实验\聚焦信号分类实验\1\ROI_x729_y538_w32_h39_20260626_212915\01_valid_raw_and_ifft\mat,566,741,valid_folder,valid,28,0.002681906,1,Good
1896,D:\LSH\LSH\实验\聚焦信号分类实验\1\ROI_x729_y538_w32_h39_20260626_212915\01_valid_raw_and_ifft\mat\curve_r0566_c0742_idx000910.mat,D:\LSH\LSH\实验\聚焦信号分类实验\1\ROI_x729_y538_w32_h39_20260626_212915\01_valid_raw_and_ifft\mat,566,742,valid_folder,valid,28,0.002012599,1,Good
1897,D:\LSH\LSH\实验\聚焦信号分类实验\1\ROI_x729_y538_w32_h39_20260626_212915\01_valid_raw_and_ifft\mat\curve_r0566_c0743_idx000911.mat,D:\LSH\LSH\实验\聚焦信号分类实验\1\ROI_x729_y538_w32_h39_20260626_212915\01_valid_raw_and_ifft\mat,566,743,valid_folder,valid,27,0.001509923,1,Good
1898,D:\LSH\LSH\实验\聚焦信号分类实验\1\ROI_x729_y538_w32_h39_20260626_212915\01_valid_raw_and_ifft\mat\curve_r0566_c0744_idx000912.mat,D:\LSH\LSH\实验\聚焦信号分类实验\1\ROI_x729_y538_w32_h39_20260626_212915\01_valid_raw_and_ifft\mat,566,744,valid_folder,valid,27,0.00564646,1,Good
1899,D:\LSH\LSH\实验\聚焦信号分类实验\1\ROI_x729_y538_w32_h39_20260626_212915\01_valid_raw_and_ifft\mat\curve_r0566_c0745_idx000913.mat,D:\LSH\LSH\实验\聚焦信号分类实验\1\ROI_x729_y538_w32_h39_20260626_212915\01_valid_raw_and_ifft\mat,566,745,valid_folder,valid,27,0.027905378,1,Good
1900,D:\LSH\LSH\实验\聚焦信号分类实验\1\ROI_x729_y538_w32_h39_20260626_212915\01_valid_raw_and_ifft\mat\curve_r0566_c0746_idx000914.mat,D:\LSH\LSH\实验\聚焦信号分类实验\1\ROI_x729_y538_w32_h39_20260626_212915\01_valid_raw_and_ifft\mat,566,746,valid_folder,valid,27,0.032973081,1,Good
1901,D:\LSH\LSH\实验\聚焦信号分类实验\1\ROI_x729_y538_w32_h39_20260626_212915\01_valid_raw_and_ifft\mat\curve_r0566_c0747_idx000915.mat,D:\LSH\LSH\实验\聚焦信号分类实验\1\ROI_x729_y538_w32_h39_20260626_212915\01_valid_raw_and_ifft\mat,566,747,valid_folder,valid,27,0.008673102,1,Good
1902,D:\LSH\LSH\实验\聚焦信号分类实验\1\ROI_x729_y538_w32_h39_20260626_212915\01_valid_raw_and_ifft\mat\curve_r0566_c0748_idx000916.mat,D:\LSH\LSH\实验\聚焦信号分类实验\1\ROI_x729_y538_w32_h39_20260626_212915\01_valid_raw_and_ifft\mat,566,748,valid_folder,valid,27,0.004994866,1,Good
1903,D:\LSH\LSH\实验\聚焦信号分类实验\1\ROI_x729_y538_w32_h39_20260626_212915\01_valid_raw_and_ifft\mat\curve_r0566_c0749_idx000917.mat,D:\LSH\LSH\实验\聚焦信号分类实验\1\ROI_x729_y538_w32_h39_20260626_212915\01_valid_raw_and_ifft\mat,566,749,valid_folder,valid,27,0.004793432,1,Good
1904,D:\LSH\LSH\实验\聚焦信号分类实验\1\ROI_x729_y538_w32_h39_20260626_212915\01_valid_raw_and_ifft\mat\curve_r0566_c0750_idx000918.mat,D:\LSH\LSH\实验\聚焦信号分类实验\1\ROI_x729_y538_w32_h39_20260626_212915\01_valid_raw_and_ifft\mat,566,750,valid_folder,valid,27,0.00352848,1,Good
1905,D:\LSH\LSH\实验\聚焦信号分类实验\1\ROI_x729_y538_w32_h39_20260626_212915\01_valid_raw_and_ifft\mat\curve_r0566_c0751_idx000919.mat,D:\LSH\LSH\实验\聚焦信号分类实验\1\ROI_x729_y538_w32_h39_20260626_212915\01_valid_raw_and_ifft\mat,566,751,valid_folder,valid,27,0.002554757,1,Good
1906,D:\LSH\LSH\实验\聚焦信号分类实验\1\ROI_x729_y538_w32_h39_20260626_212915\01_valid_raw_and_ifft\mat\curve_r0566_c0752_idx000920.mat,D:\LSH\LSH\实验\聚焦信号分类实验\1\ROI_x729_y538_w32_h39_20260626_212915\01_valid_raw_and_ifft\mat,566,752,valid_folder,valid,27,0.003073602,1,Good
1907,D:\LSH\LSH\实验\聚焦信号分类实验\1\ROI_x729_y538_w32_h39_20260626_212915\01_valid_raw_and_ifft\mat\curve_r0566_c0753_idx000921.mat,D:\LSH\LSH\实验\聚焦信号分类实验\1\ROI_x729_y538_w32_h39_20260626_212915\01_valid_raw_and_ifft\mat,566,753,valid_folder,valid,26,0.006408039,1,Good
1908,D:\LSH\LSH\实验\聚焦信号分类实验\1\ROI_x729_y538_w32_h39_20260626_212915\01_valid_raw_and_ifft\mat\curve_r0566_c0754_idx000922.mat,D:\LSH\LSH\实验\聚焦信号分类实验\1\ROI_x729_y538_w32_h39_20260626_212915\01_valid_raw_and_ifft\mat,566,754,valid_folder,valid,26,0.006417989,1,Good
1909,D:\LSH\LSH\实验\聚焦信号分类实验\1\ROI_x729_y538_w32_h39_20260626_212915\01_valid_raw_and_ifft\mat\curve_r0566_c0755_idx000923.mat,D:\LSH\LSH\实验\聚焦信号分类实验\1\ROI_x729_y538_w32_h39_20260626_212915\01_valid_raw_and_ifft\mat,566,755,valid_folder,valid,27,0.002379354,1,Good
1910,D:\LSH\LSH\实验\聚焦信号分类实验\1\ROI_x729_y538_w32_h39_20260626_212915\01_valid_raw_and_ifft\mat\curve_r0566_c0756_idx000924.mat,D:\LSH\LSH\实验\聚焦信号分类实验\1\ROI_x729_y538_w32_h39_20260626_212915\01_valid_raw_and_ifft\mat,566,756,valid_folder,valid,26,0.001267772,1,Good
1911,D:\LSH\LSH\实验\聚焦信号分类实验\1\ROI_x729_y538_w32_h39_20260626_212915\01_valid_raw_and_ifft\mat\curve_r0566_c0757_idx000925.mat,D:\LSH\LSH\实验\聚焦信号分类实验\1\ROI_x729_y538_w32_h39_20260626_212915\01_valid_raw_and_ifft\mat,566,757,valid_folder,valid,26,0.001191354,1,Good
1912,D:\LSH\LSH\实验\聚焦信号分类实验\1\ROI_x729_y538_w32_h39_20260626_212915\01_valid_raw_and_ifft\mat\curve_r0566_c0758_idx000926.mat,D:\LSH\LSH\实验\聚焦信号分类实验\1\ROI_x729_y538_w32_h39_20260626_212915\01_valid_raw_and_ifft\mat,566,758,valid_folder,valid,26,0.000889238,1,Good
1913,D:\LSH\LSH\实验\聚焦信号分类实验\1\ROI_x729_y538_w32_h39_20260626_212915\01_valid_raw_and_ifft\mat\curve_r0566_c0759_idx000927.mat,D:\LSH\LSH\实验\聚焦信号分类实验\1\ROI_x729_y538_w32_h39_20260626_212915\01_valid_raw_and_ifft\mat,566,759,valid_folder,valid,25,0.001625341,1,Good
1914,D:\LSH\LSH\实验\聚焦信号分类实验\1\ROI_x729_y538_w32_h39_20260626_212915\01_valid_raw_and_ifft\mat\curve_r0566_c0760_idx000928.mat,D:\LSH\LSH\实验\聚焦信号分类实验\1\ROI_x729_y538_w32_h39_20260626_212915\01_valid_raw_and_ifft\mat,566,760,valid_folder,valid,25,0.002640875,1,Good
1915,D:\LSH\LSH\实验\聚焦信号分类实验\1\ROI_x729_y538_w32_h39_20260626_212915\01_valid_raw_and_ifft\mat\curve_r0567_c0729_idx000929.mat,D:\LSH\LSH\实验\聚焦信号分类实验\1\ROI_x729_y538_w32_h39_20260626_212915\01_valid_raw_and_ifft\mat,567,729,valid_folder,valid,30,0.072862184,1,Good
1916,D:\LSH\LSH\实验\聚焦信号分类实验\1\ROI_x729_y538_w32_h39_20260626_212915\01_valid_raw_and_ifft\mat\curve_r0567_c0730_idx000930.mat,D:\LSH\LSH\实验\聚焦信号分类实验\1\ROI_x729_y538_w32_h39_20260626_212915\01_valid_raw_and_ifft\mat,567,730,valid_folder,valid,30,0.048200545,1,Good
1917,D:\LSH\LSH\实验\聚焦信号分类实验\1\ROI_x729_y538_w32_h39_20260626_212915\01_valid_raw_and_ifft\mat\curve_r0567_c0731_idx000931.mat,D:\LSH\LSH\实验\聚焦信号分类实验\1\ROI_x729_y538_w32_h39_20260626_212915\01_valid_raw_and_ifft\mat,567,731,valid_folder,valid,30,0.039777911,1,Good
1918,D:\LSH\LSH\实验\聚焦信号分类实验\1\ROI_x729_y538_w32_h39_20260626_212915\01_valid_raw_and_ifft\mat\curve_r0567_c0732_idx000932.mat,D:\LSH\LSH\实验\聚焦信号分类实验\1\ROI_x729_y538_w32_h39_20260626_212915\01_valid_raw_and_ifft\mat,567,732,valid_folder,valid,29,0.046193639,1,Good
1919,D:\LSH\LSH\实验\聚焦信号分类实验\1\ROI_x729_y538_w32_h39_20260626_212915\01_valid_raw_and_ifft\mat\curve_r0567_c0733_idx000933.mat,D:\LSH\LSH\实验\聚焦信号分类实验\1\ROI_x729_y538_w32_h39_20260626_212915\01_valid_raw_and_ifft\mat,567,733,valid_folder,valid,29,0.05732952,1,Good
1920,D:\LSH\LSH\实验\聚焦信号分类实验\1\ROI_x729_y538_w32_h39_20260626_212915\01_valid_raw_and_ifft\mat\curve_r0567_c0734_idx000934.mat,D:\LSH\LSH\实验\聚焦信号分类实验\1\ROI_x729_y538_w32_h39_20260626_212915\01_valid_raw_and_ifft\mat,567,734,valid_folder,valid,29,0.044814239,1,Good
1921,D:\LSH\LSH\实验\聚焦信号分类实验\1\ROI_x729_y538_w32_h39_20260626_212915\01_valid_raw_and_ifft\mat\curve_r0567_c0735_idx000935.mat,D:\LSH\LSH\实验\聚焦信号分类实验\1\ROI_x729_y538_w32_h39_20260626_212915\01_valid_raw_and_ifft\mat,567,735,valid_folder,valid,29,0.024758962,1,Good
1922,D:\LSH\LSH\实验\聚焦信号分类实验\1\ROI_x729_y538_w32_h39_20260626_212915\01_valid_raw_and_ifft\mat\curve_r0567_c0736_idx000936.mat,D:\LSH\LSH\实验\聚焦信号分类实验\1\ROI_x729_y538_w32_h39_20260626_212915\01_valid_raw_and_ifft\mat,567,736,valid_folder,valid,29,0.012531213,1,Good
1923,D:\LSH\LSH\实验\聚焦信号分类实验\1\ROI_x729_y538_w32_h39_20260626_212915\01_valid_raw_and_ifft\mat\curve_r0567_c0737_idx000937.mat,D:\LSH\LSH\实验\聚焦信号分类实验\1\ROI_x729_y538_w32_h39_20260626_212915\01_valid_raw_and_ifft\mat,567,737,valid_folder,valid,28,0.005381432,1,Good
1924,D:\LSH\LSH\实验\聚焦信号分类实验\1\ROI_x729_y538_w32_h39_20260626_212915\01_valid_raw_and_ifft\mat\curve_r0567_c0738_idx000938.mat,D:\LSH\LSH\实验\聚焦信号分类实验\1\ROI_x729_y538_w32_h39_20260626_212915\01_valid_raw_and_ifft\mat,567,738,valid_folder,valid,28,0.007450245,1,Good
1925,D:\LSH\LSH\实验\聚焦信号分类实验\1\ROI_x729_y538_w32_h39_20260626_212915\01_valid_raw_and_ifft\mat\curve_r0567_c0739_idx000939.mat,D:\LSH\LSH\实验\聚焦信号分类实验\1\ROI_x729_y538_w32_h39_20260626_212915\01_valid_raw_and_ifft\mat,567,739,valid_folder,valid,28,0.009126739,1,Good
1926,D:\LSH\LSH\实验\聚焦信号分类实验\1\ROI_x729_y538_w32_h39_20260626_212915\01_valid_raw_and_ifft\mat\curve_r0567_c0740_idx000940.mat,D:\LSH\LSH\实验\聚焦信号分类实验\1\ROI_x729_y538_w32_h39_20260626_212915\01_valid_raw_and_ifft\mat,567,740,valid_folder,valid,28,0.006194841,1,Good
1927,D:\LSH\LSH\实验\聚焦信号分类实验\1\ROI_x729_y538_w32_h39_20260626_212915\01_valid_raw_and_ifft\mat\curve_r0567_c0741_idx000941.mat,D:\LSH\LSH\实验\聚焦信号分类实验\1\ROI_x729_y538_w32_h39_20260626_212915\01_valid_raw_and_ifft\mat,567,741,valid_folder,valid,29,0.002425951,1,Good
1928,D:\LSH\LSH\实验\聚焦信号分类实验\1\ROI_x729_y538_w32_h39_20260626_212915\01_valid_raw_and_ifft\mat\curve_r0567_c0742_idx000942.mat,D:\LSH\LSH\实验\聚焦信号分类实验\1\ROI_x729_y538_w32_h39_20260626_212915\01_valid_raw_and_ifft\mat,567,742,valid_folder,valid,28,0.002033691,1,Good
1929,D:\LSH\LSH\实验\聚焦信号分类实验\1\ROI_x729_y538_w32_h39_20260626_212915\01_valid_raw_and_ifft\mat\curve_r0567_c0743_idx000943.mat,D:\LSH\LSH\实验\聚焦信号分类实验\1\ROI_x729_y538_w32_h39_20260626_212915\01_valid_raw_and_ifft\mat,567,743,valid_folder,valid,28,0.002039992,1,Good
1930,D:\LSH\LSH\实验\聚焦信号分类实验\1\ROI_x729_y538_w32_h39_20260626_212915\01_valid_raw_and_ifft\mat\curve_r0567_c0744_idx000944.mat,D:\LSH\LSH\实验\聚焦信号分类实验\1\ROI_x729_y538_w32_h39_20260626_212915\01_valid_raw_and_ifft\mat,567,744,valid_folder,valid,28,0.005014609,1,Good
1931,D:\LSH\LSH\实验\聚焦信号分类实验\1\ROI_x729_y538_w32_h39_20260626_212915\01_valid_raw_and_ifft\mat\curve_r0567_c0745_idx000945.mat,D:\LSH\LSH\实验\聚焦信号分类实验\1\ROI_x729_y538_w32_h39_20260626_212915\01_valid_raw_and_ifft\mat,567,745,valid_folder,valid,27,0.024697139,1,Good
1932,D:\LSH\LSH\实验\聚焦信号分类实验\1\ROI_x729_y538_w32_h39_20260626_212915\01_valid_raw_and_ifft\mat\curve_r0567_c0746_idx000946.mat,D:\LSH\LSH\实验\聚焦信号分类实验\1\ROI_x729_y538_w32_h39_20260626_212915\01_valid_raw_and_ifft\mat,567,746,valid_folder,valid,27,0.03003954,1,Good
1933,D:\LSH\LSH\实验\聚焦信号分类实验\1\ROI_x729_y538_w32_h39_20260626_212915\01_valid_raw_and_ifft\mat\curve_r0567_c0747_idx000947.mat,D:\LSH\LSH\实验\聚焦信号分类实验\1\ROI_x729_y538_w32_h39_20260626_212915\01_valid_raw_and_ifft\mat,567,747,valid_folder,valid,27,0.030020096,1,Good
1934,D:\LSH\LSH\实验\聚焦信号分类实验\1\ROI_x729_y538_w32_h39_20260626_212915\01_valid_raw_and_ifft\mat\curve_r0567_c0748_idx000948.mat,D:\LSH\LSH\实验\聚焦信号分类实验\1\ROI_x729_y538_w32_h39_20260626_212915\01_valid_raw_and_ifft\mat,567,748,valid_folder,valid,27,0.039173753,1,Good
1935,D:\LSH\LSH\实验\聚焦信号分类实验\1\ROI_x729_y538_w32_h39_20260626_212915\01_valid_raw_and_ifft\mat\curve_r0567_c0749_idx000949.mat,D:\LSH\LSH\实验\聚焦信号分类实验\1\ROI_x729_y538_w32_h39_20260626_212915\01_valid_raw_and_ifft\mat,567,749,valid_folder,valid,27,0.033243484,1,Good
1936,D:\LSH\LSH\实验\聚焦信号分类实验\1\ROI_x729_y538_w32_h39_20260626_212915\01_valid_raw_and_ifft\mat\curve_r0567_c0750_idx000950.mat,D:\LSH\LSH\实验\聚焦信号分类实验\1\ROI_x729_y538_w32_h39_20260626_212915\01_valid_raw_and_ifft\mat,567,750,valid_folder,valid,27,0.006197729,1,Good
1937,D:\LSH\LSH\实验\聚焦信号分类实验\1\ROI_x729_y538_w32_h39_20260626_212915\01_valid_raw_and_ifft\mat\curve_r0567_c0751_idx000951.mat,D:\LSH\LSH\实验\聚焦信号分类实验\1\ROI_x729_y538_w32_h39_20260626_212915\01_valid_raw_and_ifft\mat,567,751,valid_folder,valid,26,0.005273021,1,Good
1938,D:\LSH\LSH\实验\聚焦信号分类实验\1\ROI_x729_y538_w32_h39_20260626_212915\01_valid_raw_and_ifft\mat\curve_r0567_c0752_idx000952.mat,D:\LSH\LSH\实验\聚焦信号分类实验\1\ROI_x729_y538_w32_h39_20260626_212915\01_valid_raw_and_ifft\mat,567,752,valid_folder,valid,26,0.005948428,1,Good
1939,D:\LSH\LSH\实验\聚焦信号分类实验\1\ROI_x729_y538_w32_h39_20260626_212915\01_valid_raw_and_ifft\mat\curve_r0567_c0753_idx000953.mat,D:\LSH\LSH\实验\聚焦信号分类实验\1\ROI_x729_y538_w32_h39_20260626_212915\01_valid_raw_and_ifft\mat,567,753,valid_folder,valid,26,0.009291305,1,Good
1940,D:\LSH\LSH\实验\聚焦信号分类实验\1\ROI_x729_y538_w32_h39_20260626_212915\01_valid_raw_and_ifft\mat\curve_r0567_c0754_idx000954.mat,D:\LSH\LSH\实验\聚焦信号分类实验\1\ROI_x729_y538_w32_h39_20260626_212915\01_valid_raw_and_ifft\mat,567,754,valid_folder,valid,26,0.00736015,1,Good
1941,D:\LSH\LSH\实验\聚焦信号分类实验\1\ROI_x729_y538_w32_h39_20260626_212915\01_valid_raw_and_ifft\mat\curve_r0567_c0755_idx000955.mat,D:\LSH\LSH\实验\聚焦信号分类实验\1\ROI_x729_y538_w32_h39_20260626_212915\01_valid_raw_and_ifft\mat,567,755,valid_folder,valid,26,0.005764664,1,Good
1942,D:\LSH\LSH\实验\聚焦信号分类实验\1\ROI_x729_y538_w32_h39_20260626_212915\01_valid_raw_and_ifft\mat\curve_r0567_c0756_idx000956.mat,D:\LSH\LSH\实验\聚焦信号分类实验\1\ROI_x729_y538_w32_h39_20260626_212915\01_valid_raw_and_ifft\mat,567,756,valid_folder,valid,26,0.005720984,1,Good
1943,D:\LSH\LSH\实验\聚焦信号分类实验\1\ROI_x729_y538_w32_h39_20260626_212915\01_valid_raw_and_ifft\mat\curve_r0567_c0757_idx000957.mat,D:\LSH\LSH\实验\聚焦信号分类实验\1\ROI_x729_y538_w32_h39_20260626_212915\01_valid_raw_and_ifft\mat,567,757,valid_folder,valid,26,0.003791595,1,Good
1944,D:\LSH\LSH\实验\聚焦信号分类实验\1\ROI_x729_y538_w32_h39_20260626_212915\01_valid_raw_and_ifft\mat\curve_r0567_c0758_idx000958.mat,D:\LSH\LSH\实验\聚焦信号分类实验\1\ROI_x729_y538_w32_h39_20260626_212915\01_valid_raw_and_ifft\mat,567,758,valid_folder,valid,25,0.002032009,1,Good
1945,D:\LSH\LSH\实验\聚焦信号分类实验\1\ROI_x729_y538_w32_h39_20260626_212915\01_valid_raw_and_ifft\mat\curve_r0567_c0759_idx000959.mat,D:\LSH\LSH\实验\聚焦信号分类实验\1\ROI_x729_y538_w32_h39_20260626_212915\01_valid_raw_and_ifft\mat,567,759,valid_folder,valid,25,0.004470715,1,Good
1946,D:\LSH\LSH\实验\聚焦信号分类实验\1\ROI_x729_y538_w32_h39_20260626_212915\01_valid_raw_and_ifft\mat\curve_r0567_c0760_idx000960.mat,D:\LSH\LSH\实验\聚焦信号分类实验\1\ROI_x729_y538_w32_h39_20260626_212915\01_valid_raw_and_ifft\mat,567,760,valid_folder,valid,25,0.004723615,1,Good
1947,D:\LSH\LSH\实验\聚焦信号分类实验\1\ROI_x729_y538_w32_h39_20260626_212915\01_valid_raw_and_ifft\mat\curve_r0568_c0729_idx000961.mat,D:\LSH\LSH\实验\聚焦信号分类实验\1\ROI_x729_y538_w32_h39_20260626_212915\01_valid_raw_and_ifft\mat,568,729,valid_folder,valid,30,0.040000299,1,Good
1948,D:\LSH\LSH\实验\聚焦信号分类实验\1\ROI_x729_y538_w32_h39_20260626_212915\01_valid_raw_and_ifft\mat\curve_r0568_c0730_idx000962.mat,D:\LSH\LSH\实验\聚焦信号分类实验\1\ROI_x729_y538_w32_h39_20260626_212915\01_valid_raw_and_ifft\mat,568,730,valid_folder,valid,30,0.029932654,1,Good
1949,D:\LSH\LSH\实验\聚焦信号分类实验\1\ROI_x729_y538_w32_h39_20260626_212915\01_valid_raw_and_ifft\mat\curve_r0568_c0731_idx000963.mat,D:\LSH\LSH\实验\聚焦信号分类实验\1\ROI_x729_y538_w32_h39_20260626_212915\01_valid_raw_and_ifft\mat,568,731,valid_folder,valid,30,0.025845338,1,Good
1950,D:\LSH\LSH\实验\聚焦信号分类实验\1\ROI_x729_y538_w32_h39_20260626_212915\01_valid_raw_and_ifft\mat\curve_r0568_c0732_idx000964.mat,D:\LSH\LSH\实验\聚焦信号分类实验\1\ROI_x729_y538_w32_h39_20260626_212915\01_valid_raw_and_ifft\mat,568,732,valid_folder,valid,29,0.035562877,1,Good
1951,D:\LSH\LSH\实验\聚焦信号分类实验\1\ROI_x729_y538_w32_h39_20260626_212915\01_valid_raw_and_ifft\mat\curve_r0568_c0733_idx000965.mat,D:\LSH\LSH\实验\聚焦信号分类实验\1\ROI_x729_y538_w32_h39_20260626_212915\01_valid_raw_and_ifft\mat,568,733,valid_folder,valid,29,0.039318129,1,Good
1952,D:\LSH\LSH\实验\聚焦信号分类实验\1\ROI_x729_y538_w32_h39_20260626_212915\01_valid_raw_and_ifft\mat\curve_r0568_c0734_idx000966.mat,D:\LSH\LSH\实验\聚焦信号分类实验\1\ROI_x729_y538_w32_h39_20260626_212915\01_valid_raw_and_ifft\mat,568,734,valid_folder,valid,29,0.026431779,1,Good
1953,D:\LSH\LSH\实验\聚焦信号分类实验\1\ROI_x729_y538_w32_h39_20260626_212915\01_valid_raw_and_ifft\mat\curve_r0568_c0735_idx000967.mat,D:\LSH\LSH\实验\聚焦信号分类实验\1\ROI_x729_y538_w32_h39_20260626_212915\01_valid_raw_and_ifft\mat,568,735,valid_folder,valid,29,0.026248975,1,Good
1954,D:\LSH\LSH\实验\聚焦信号分类实验\1\ROI_x729_y538_w32_h39_20260626_212915\01_valid_raw_and_ifft\mat\curve_r0568_c0736_idx000968.mat,D:\LSH\LSH\实验\聚焦信号分类实验\1\ROI_x729_y538_w32_h39_20260626_212915\01_valid_raw_and_ifft\mat,568,736,valid_folder,valid,28,0.016245979,1,Good
1955,D:\LSH\LSH\实验\聚焦信号分类实验\1\ROI_x729_y538_w32_h39_20260626_212915\01_valid_raw_and_ifft\mat\curve_r0568_c0737_idx000969.mat,D:\LSH\LSH\实验\聚焦信号分类实验\1\ROI_x729_y538_w32_h39_20260626_212915\01_valid_raw_and_ifft\mat,568,737,valid_folder,valid,28,0.007041498,1,Good
1956,D:\LSH\LSH\实验\聚焦信号分类实验\1\ROI_x729_y538_w32_h39_20260626_212915\01_valid_raw_and_ifft\mat\curve_r0568_c0738_idx000970.mat,D:\LSH\LSH\实验\聚焦信号分类实验\1\ROI_x729_y538_w32_h39_20260626_212915\01_valid_raw_and_ifft\mat,568,738,valid_folder,valid,28,0.003371618,1,Good
1957,D:\LSH\LSH\实验\聚焦信号分类实验\1\ROI_x729_y538_w32_h39_20260626_212915\01_valid_raw_and_ifft\mat\curve_r0568_c0739_idx000971.mat,D:\LSH\LSH\实验\聚焦信号分类实验\1\ROI_x729_y538_w32_h39_20260626_212915\01_valid_raw_and_ifft\mat,568,739,valid_folder,valid,28,0.006432396,1,Good
1958,D:\LSH\LSH\实验\聚焦信号分类实验\1\ROI_x729_y538_w32_h39_20260626_212915\01_valid_raw_and_ifft\mat\curve_r0568_c0740_idx000972.mat,D:\LSH\LSH\实验\聚焦信号分类实验\1\ROI_x729_y538_w32_h39_20260626_212915\01_valid_raw_and_ifft\mat,568,740,valid_folder,valid,28,0.005020538,1,Good
1959,D:\LSH\LSH\实验\聚焦信号分类实验\1\ROI_x729_y538_w32_h39_20260626_212915\01_valid_raw_and_ifft\mat\curve_r0568_c0741_idx000973.mat,D:\LSH\LSH\实验\聚焦信号分类实验\1\ROI_x729_y538_w32_h39_20260626_212915\01_valid_raw_and_ifft\mat,568,741,valid_folder,valid,29,0.001668393,1,Good
1960,D:\LSH\LSH\实验\聚焦信号分类实验\1\ROI_x729_y538_w32_h39_20260626_212915\01_valid_raw_and_ifft\mat\curve_r0568_c0742_idx000974.mat,D:\LSH\LSH\实验\聚焦信号分类实验\1\ROI_x729_y538_w32_h39_20260626_212915\01_valid_raw_and_ifft\mat,568,742,valid_folder,valid,28,0.001551846,1,Good
1961,D:\LSH\LSH\实验\聚焦信号分类实验\1\ROI_x729_y538_w32_h39_20260626_212915\01_valid_raw_and_ifft\mat\curve_r0568_c0743_idx000975.mat,D:\LSH\LSH\实验\聚焦信号分类实验\1\ROI_x729_y538_w32_h39_20260626_212915\01_valid_raw_and_ifft\mat,568,743,valid_folder,valid,28,0.001746777,1,Good
1962,D:\LSH\LSH\实验\聚焦信号分类实验\1\ROI_x729_y538_w32_h39_20260626_212915\01_valid_raw_and_ifft\mat\curve_r0568_c0744_idx000976.mat,D:\LSH\LSH\实验\聚焦信号分类实验\1\ROI_x729_y538_w32_h39_20260626_212915\01_valid_raw_and_ifft\mat,568,744,valid_folder,valid,28,0.001830438,1,Good
1963,D:\LSH\LSH\实验\聚焦信号分类实验\1\ROI_x729_y538_w32_h39_20260626_212915\01_valid_raw_and_ifft\mat\curve_r0568_c0745_idx000977.mat,D:\LSH\LSH\实验\聚焦信号分类实验\1\ROI_x729_y538_w32_h39_20260626_212915\01_valid_raw_and_ifft\mat,568,745,valid_folder,valid,28,0.003665015,1,Good
1964,D:\LSH\LSH\实验\聚焦信号分类实验\1\ROI_x729_y538_w32_h39_20260626_212915\01_valid_raw_and_ifft\mat\curve_r0568_c0746_idx000978.mat,D:\LSH\LSH\实验\聚焦信号分类实验\1\ROI_x729_y538_w32_h39_20260626_212915\01_valid_raw_and_ifft\mat,568,746,valid_folder,valid,28,0.00539456,1,Good
1965,D:\LSH\LSH\实验\聚焦信号分类实验\1\ROI_x729_y538_w32_h39_20260626_212915\01_valid_raw_and_ifft\mat\curve_r0568_c0747_idx000979.mat,D:\LSH\LSH\实验\聚焦信号分类实验\1\ROI_x729_y538_w32_h39_20260626_212915\01_valid_raw_and_ifft\mat,568,747,valid_folder,valid,27,0.026407857,1,Good
1966,D:\LSH\LSH\实验\聚焦信号分类实验\1\ROI_x729_y538_w32_h39_20260626_212915\01_valid_raw_and_ifft\mat\curve_r0568_c0748_idx000980.mat,D:\LSH\LSH\实验\聚焦信号分类实验\1\ROI_x729_y538_w32_h39_20260626_212915\01_valid_raw_and_ifft\mat,568,748,valid_folder,valid,27,0.041575414,1,Good
1967,D:\LSH\LSH\实验\聚焦信号分类实验\1\ROI_x729_y538_w32_h39_20260626_212915\01_valid_raw_and_ifft\mat\curve_r0568_c0749_idx000981.mat,D:\LSH\LSH\实验\聚焦信号分类实验\1\ROI_x729_y538_w32_h39_20260626_212915\01_valid_raw_and_ifft\mat,568,749,valid_folder,valid,27,0.037023599,1,Good
1968,D:\LSH\LSH\实验\聚焦信号分类实验\1\ROI_x729_y538_w32_h39_20260626_212915\01_valid_raw_and_ifft\mat\curve_r0568_c0750_idx000982.mat,D:\LSH\LSH\实验\聚焦信号分类实验\1\ROI_x729_y538_w32_h39_20260626_212915\01_valid_raw_and_ifft\mat,568,750,valid_folder,valid,27,0.008588725,1,Good
1969,D:\LSH\LSH\实验\聚焦信号分类实验\1\ROI_x729_y538_w32_h39_20260626_212915\01_valid_raw_and_ifft\mat\curve_r0568_c0751_idx000983.mat,D:\LSH\LSH\实验\聚焦信号分类实验\1\ROI_x729_y538_w32_h39_20260626_212915\01_valid_raw_and_ifft\mat,568,751,valid_folder,valid,26,0.030552138,1,Good
1970,D:\LSH\LSH\实验\聚焦信号分类实验\1\ROI_x729_y538_w32_h39_20260626_212915\01_valid_raw_and_ifft\mat\curve_r0568_c0752_idx000984.mat,D:\LSH\LSH\实验\聚焦信号分类实验\1\ROI_x729_y538_w32_h39_20260626_212915\01_valid_raw_and_ifft\mat,568,752,valid_folder,valid,26,0.036169242,1,Good
1971,D:\LSH\LSH\实验\聚焦信号分类实验\1\ROI_x729_y538_w32_h39_20260626_212915\01_valid_raw_and_ifft\mat\curve_r0568_c0753_idx000985.mat,D:\LSH\LSH\实验\聚焦信号分类实验\1\ROI_x729_y538_w32_h39_20260626_212915\01_valid_raw_and_ifft\mat,568,753,valid_folder,valid,26,0.022700776,1,Good
1972,D:\LSH\LSH\实验\聚焦信号分类实验\1\ROI_x729_y538_w32_h39_20260626_212915\01_valid_raw_and_ifft\mat\curve_r0568_c0754_idx000986.mat,D:\LSH\LSH\实验\聚焦信号分类实验\1\ROI_x729_y538_w32_h39_20260626_212915\01_valid_raw_and_ifft\mat,568,754,valid_folder,valid,26,0.004945665,1,Good
1973,D:\LSH\LSH\实验\聚焦信号分类实验\1\ROI_x729_y538_w32_h39_20260626_212915\01_valid_raw_and_ifft\mat\curve_r0568_c0755_idx000987.mat,D:\LSH\LSH\实验\聚焦信号分类实验\1\ROI_x729_y538_w32_h39_20260626_212915\01_valid_raw_and_ifft\mat,568,755,valid_folder,valid,26,0.014813862,1,Good
1974,D:\LSH\LSH\实验\聚焦信号分类实验\1\ROI_x729_y538_w32_h39_20260626_212915\01_valid_raw_and_ifft\mat\curve_r0568_c0756_idx000988.mat,D:\LSH\LSH\实验\聚焦信号分类实验\1\ROI_x729_y538_w32_h39_20260626_212915\01_valid_raw_and_ifft\mat,568,756,valid_folder,valid,26,0.015557149,1,Good
1975,D:\LSH\LSH\实验\聚焦信号分类实验\1\ROI_x729_y538_w32_h39_20260626_212915\01_valid_raw_and_ifft\mat\curve_r0568_c0757_idx000989.mat,D:\LSH\LSH\实验\聚焦信号分类实验\1\ROI_x729_y538_w32_h39_20260626_212915\01_valid_raw_and_ifft\mat,568,757,valid_folder,valid,26,0.008717654,1,Good
1976,D:\LSH\LSH\实验\聚焦信号分类实验\1\ROI_x729_y538_w32_h39_20260626_212915\01_valid_raw_and_ifft\mat\curve_r0568_c0758_idx000990.mat,D:\LSH\LSH\实验\聚焦信号分类实验\1\ROI_x729_y538_w32_h39_20260626_212915\01_valid_raw_and_ifft\mat,568,758,valid_folder,valid,25,0.002973523,1,Good
1977,D:\LSH\LSH\实验\聚焦信号分类实验\1\ROI_x729_y538_w32_h39_20260626_212915\01_valid_raw_and_ifft\mat\curve_r0568_c0759_idx000991.mat,D:\LSH\LSH\实验\聚焦信号分类实验\1\ROI_x729_y538_w32_h39_20260626_212915\01_valid_raw_and_ifft\mat,568,759,valid_folder,valid,25,0.006180359,1,Good
1978,D:\LSH\LSH\实验\聚焦信号分类实验\1\ROI_x729_y538_w32_h39_20260626_212915\01_valid_raw_and_ifft\mat\curve_r0568_c0760_idx000992.mat,D:\LSH\LSH\实验\聚焦信号分类实验\1\ROI_x729_y538_w32_h39_20260626_212915\01_valid_raw_and_ifft\mat,568,760,valid_folder,valid,25,0.006021718,1,Good
1979,D:\LSH\LSH\实验\聚焦信号分类实验\1\ROI_x729_y538_w32_h39_20260626_212915\01_valid_raw_and_ifft\mat\curve_r0569_c0729_idx000993.mat,D:\LSH\LSH\实验\聚焦信号分类实验\1\ROI_x729_y538_w32_h39_20260626_212915\01_valid_raw_and_ifft\mat,569,729,valid_folder,valid,30,0.011220194,1,Good
1980,D:\LSH\LSH\实验\聚焦信号分类实验\1\ROI_x729_y538_w32_h39_20260626_212915\01_valid_raw_and_ifft\mat\curve_r0569_c0730_idx000994.mat,D:\LSH\LSH\实验\聚焦信号分类实验\1\ROI_x729_y538_w32_h39_20260626_212915\01_valid_raw_and_ifft\mat,569,730,valid_folder,valid,30,0.008248412,1,Good
1981,D:\LSH\LSH\实验\聚焦信号分类实验\1\ROI_x729_y538_w32_h39_20260626_212915\01_valid_raw_and_ifft\mat\curve_r0569_c0731_idx000995.mat,D:\LSH\LSH\实验\聚焦信号分类实验\1\ROI_x729_y538_w32_h39_20260626_212915\01_valid_raw_and_ifft\mat,569,731,valid_folder,valid,29,0.01021002,1,Good
1982,D:\LSH\LSH\实验\聚焦信号分类实验\1\ROI_x729_y538_w32_h39_20260626_212915\01_valid_raw_and_ifft\mat\curve_r0569_c0732_idx000996.mat,D:\LSH\LSH\实验\聚焦信号分类实验\1\ROI_x729_y538_w32_h39_20260626_212915\01_valid_raw_and_ifft\mat,569,732,valid_folder,valid,29,0.012776292,1,Good
1983,D:\LSH\LSH\实验\聚焦信号分类实验\1\ROI_x729_y538_w32_h39_20260626_212915\01_valid_raw_and_ifft\mat\curve_r0569_c0733_idx000997.mat,D:\LSH\LSH\实验\聚焦信号分类实验\1\ROI_x729_y538_w32_h39_20260626_212915\01_valid_raw_and_ifft\mat,569,733,valid_folder,valid,29,0.022282943,1,Good
1984,D:\LSH\LSH\实验\聚焦信号分类实验\1\ROI_x729_y538_w32_h39_20260626_212915\01_valid_raw_and_ifft\mat\curve_r0569_c0734_idx000998.mat,D:\LSH\LSH\实验\聚焦信号分类实验\1\ROI_x729_y538_w32_h39_20260626_212915\01_valid_raw_and_ifft\mat,569,734,valid_folder,valid,29,0.023413576,1,Good
1985,D:\LSH\LSH\实验\聚焦信号分类实验\1\ROI_x729_y538_w32_h39_20260626_212915\01_valid_raw_and_ifft\mat\curve_r0569_c0735_idx000999.mat,D:\LSH\LSH\实验\聚焦信号分类实验\1\ROI_x729_y538_w32_h39_20260626_212915\01_valid_raw_and_ifft\mat,569,735,valid_folder,valid,29,0.025039148,1,Good
1986,D:\LSH\LSH\实验\聚焦信号分类实验\1\ROI_x729_y538_w32_h39_20260626_212915\01_valid_raw_and_ifft\mat\curve_r0569_c0736_idx001000.mat,D:\LSH\LSH\实验\聚焦信号分类实验\1\ROI_x729_y538_w32_h39_20260626_212915\01_valid_raw_and_ifft\mat,569,736,valid_folder,valid,29,0.025168494,1,Good
1987,D:\LSH\LSH\实验\聚焦信号分类实验\1\ROI_x729_y538_w32_h39_20260626_212915\01_valid_raw_and_ifft\mat\curve_r0569_c0737_idx001001.mat,D:\LSH\LSH\实验\聚焦信号分类实验\1\ROI_x729_y538_w32_h39_20260626_212915\01_valid_raw_and_ifft\mat,569,737,valid_folder,valid,29,0.019873096,1,Good
1988,D:\LSH\LSH\实验\聚焦信号分类实验\1\ROI_x729_y538_w32_h39_20260626_212915\01_valid_raw_and_ifft\mat\curve_r0569_c0738_idx001002.mat,D:\LSH\LSH\实验\聚焦信号分类实验\1\ROI_x729_y538_w32_h39_20260626_212915\01_valid_raw_and_ifft\mat,569,738,valid_folder,valid,29,0.009073762,1,Good
1989,D:\LSH\LSH\实验\聚焦信号分类实验\1\ROI_x729_y538_w32_h39_20260626_212915\01_valid_raw_and_ifft\mat\curve_r0569_c0739_idx001003.mat,D:\LSH\LSH\实验\聚焦信号分类实验\1\ROI_x729_y538_w32_h39_20260626_212915\01_valid_raw_and_ifft\mat,569,739,valid_folder,valid,29,0.00623109,1,Good
1990,D:\LSH\LSH\实验\聚焦信号分类实验\1\ROI_x729_y538_w32_h39_20260626_212915\01_valid_raw_and_ifft\mat\curve_r0569_c0740_idx001004.mat,D:\LSH\LSH\实验\聚焦信号分类实验\1\ROI_x729_y538_w32_h39_20260626_212915\01_valid_raw_and_ifft\mat,569,740,valid_folder,valid,28,0.002005371,1,Good
1991,D:\LSH\LSH\实验\聚焦信号分类实验\1\ROI_x729_y538_w32_h39_20260626_212915\01_valid_raw_and_ifft\mat\curve_r0569_c0741_idx001005.mat,D:\LSH\LSH\实验\聚焦信号分类实验\1\ROI_x729_y538_w32_h39_20260626_212915\01_valid_raw_and_ifft\mat,569,741,valid_folder,valid,28,0.001082502,1,Good
1992,D:\LSH\LSH\实验\聚焦信号分类实验\1\ROI_x729_y538_w32_h39_20260626_212915\01_valid_raw_and_ifft\mat\curve_r0569_c0742_idx001006.mat,D:\LSH\LSH\实验\聚焦信号分类实验\1\ROI_x729_y538_w32_h39_20260626_212915\01_valid_raw_and_ifft\mat,569,742,valid_folder,valid,28,0.001319734,1,Good
1993,D:\LSH\LSH\实验\聚焦信号分类实验\1\ROI_x729_y538_w32_h39_20260626_212915\01_valid_raw_and_ifft\mat\curve_r0569_c0743_idx001007.mat,D:\LSH\LSH\实验\聚焦信号分类实验\1\ROI_x729_y538_w32_h39_20260626_212915\01_valid_raw_and_ifft\mat,569,743,valid_folder,valid,27,0.002391069,1,Good
1994,D:\LSH\LSH\实验\聚焦信号分类实验\1\ROI_x729_y538_w32_h39_20260626_212915\01_valid_raw_and_ifft\mat\curve_r0569_c0744_idx001008.mat,D:\LSH\LSH\实验\聚焦信号分类实验\1\ROI_x729_y538_w32_h39_20260626_212915\01_valid_raw_and_ifft\mat,569,744,valid_folder,valid,27,0.003551058,1,Good
1995,D:\LSH\LSH\实验\聚焦信号分类实验\1\ROI_x729_y538_w32_h39_20260626_212915\01_valid_raw_and_ifft\mat\curve_r0569_c0745_idx001009.mat,D:\LSH\LSH\实验\聚焦信号分类实验\1\ROI_x729_y538_w32_h39_20260626_212915\01_valid_raw_and_ifft\mat,569,745,valid_folder,valid,27,0.003140403,1,Good
1996,D:\LSH\LSH\实验\聚焦信号分类实验\1\ROI_x729_y538_w32_h39_20260626_212915\01_valid_raw_and_ifft\mat\curve_r0569_c0746_idx001010.mat,D:\LSH\LSH\实验\聚焦信号分类实验\1\ROI_x729_y538_w32_h39_20260626_212915\01_valid_raw_and_ifft\mat,569,746,valid_folder,valid,27,0.002590884,1,Good
1997,D:\LSH\LSH\实验\聚焦信号分类实验\1\ROI_x729_y538_w32_h39_20260626_212915\01_valid_raw_and_ifft\mat\curve_r0569_c0747_idx001011.mat,D:\LSH\LSH\实验\聚焦信号分类实验\1\ROI_x729_y538_w32_h39_20260626_212915\01_valid_raw_and_ifft\mat,569,747,valid_folder,valid,27,0.01175967,1,Good
1998,D:\LSH\LSH\实验\聚焦信号分类实验\1\ROI_x729_y538_w32_h39_20260626_212915\01_valid_raw_and_ifft\mat\curve_r0569_c0748_idx001012.mat,D:\LSH\LSH\实验\聚焦信号分类实验\1\ROI_x729_y538_w32_h39_20260626_212915\01_valid_raw_and_ifft\mat,569,748,valid_folder,valid,27,0.020579197,1,Good
1999,D:\LSH\LSH\实验\聚焦信号分类实验\1\ROI_x729_y538_w32_h39_20260626_212915\01_valid_raw_and_ifft\mat\curve_r0569_c0749_idx001013.mat,D:\LSH\LSH\实验\聚焦信号分类实验\1\ROI_x729_y538_w32_h39_20260626_212915\01_valid_raw_and_ifft\mat,569,749,valid_folder,valid,27,0.020310619,1,Good
2000,D:\LSH\LSH\实验\聚焦信号分类实验\1\ROI_x729_y538_w32_h39_20260626_212915\01_valid_raw_and_ifft\mat\curve_r0569_c0750_idx001014.mat,D:\LSH\LSH\实验\聚焦信号分类实验\1\ROI_x729_y538_w32_h39_20260626_212915\01_valid_raw_and_ifft\mat,569,750,valid_folder,valid,27,0.006196562,1,Good
2001,D:\LSH\LSH\实验\聚焦信号分类实验\1\ROI_x729_y538_w32_h39_20260626_212915\01_valid_raw_and_ifft\mat\curve_r0569_c0751_idx001015.mat,D:\LSH\LSH\实验\聚焦信号分类实验\1\ROI_x729_y538_w32_h39_20260626_212915\01_valid_raw_and_ifft\mat,569,751,valid_folder,valid,26,0.032014428,1,Good
2002,D:\LSH\LSH\实验\聚焦信号分类实验\1\ROI_x729_y538_w32_h39_20260626_212915\01_valid_raw_and_ifft\mat\curve_r0569_c0752_idx001016.mat,D:\LSH\LSH\实验\聚焦信号分类实验\1\ROI_x729_y538_w32_h39_20260626_212915\01_valid_raw_and_ifft\mat,569,752,valid_folder,valid,26,0.039306909,1,Good
2003,D:\LSH\LSH\实验\聚焦信号分类实验\1\ROI_x729_y538_w32_h39_20260626_212915\01_valid_raw_and_ifft\mat\curve_r0569_c0753_idx001017.mat,D:\LSH\LSH\实验\聚焦信号分类实验\1\ROI_x729_y538_w32_h39_20260626_212915\01_valid_raw_and_ifft\mat,569,753,valid_folder,valid,26,0.027463015,1,Good
2004,D:\LSH\LSH\实验\聚焦信号分类实验\1\ROI_x729_y538_w32_h39_20260626_212915\01_valid_raw_and_ifft\mat\curve_r0569_c0754_idx001018.mat,D:\LSH\LSH\实验\聚焦信号分类实验\1\ROI_x729_y538_w32_h39_20260626_212915\01_valid_raw_and_ifft\mat,569,754,valid_folder,valid,26,0.011898671,1,Good
2005,D:\LSH\LSH\实验\聚焦信号分类实验\1\ROI_x729_y538_w32_h39_20260626_212915\01_valid_raw_and_ifft\mat\curve_r0569_c0755_idx001019.mat,D:\LSH\LSH\实验\聚焦信号分类实验\1\ROI_x729_y538_w32_h39_20260626_212915\01_valid_raw_and_ifft\mat,569,755,valid_folder,valid,26,0.016090564,1,Good
2006,D:\LSH\LSH\实验\聚焦信号分类实验\1\ROI_x729_y538_w32_h39_20260626_212915\01_valid_raw_and_ifft\mat\curve_r0569_c0756_idx001020.mat,D:\LSH\LSH\实验\聚焦信号分类实验\1\ROI_x729_y538_w32_h39_20260626_212915\01_valid_raw_and_ifft\mat,569,756,valid_folder,valid,26,0.014866751,1,Good
2007,D:\LSH\LSH\实验\聚焦信号分类实验\1\ROI_x729_y538_w32_h39_20260626_212915\01_valid_raw_and_ifft\mat\curve_r0569_c0757_idx001021.mat,D:\LSH\LSH\实验\聚焦信号分类实验\1\ROI_x729_y538_w32_h39_20260626_212915\01_valid_raw_and_ifft\mat,569,757,valid_folder,valid,26,0.008092659,1,Good
2008,D:\LSH\LSH\实验\聚焦信号分类实验\1\ROI_x729_y538_w32_h39_20260626_212915\01_valid_raw_and_ifft\mat\curve_r0569_c0758_idx001022.mat,D:\LSH\LSH\实验\聚焦信号分类实验\1\ROI_x729_y538_w32_h39_20260626_212915\01_valid_raw_and_ifft\mat,569,758,valid_folder,valid,25,0.002636962,1,Good
2009,D:\LSH\LSH\实验\聚焦信号分类实验\1\ROI_x729_y538_w32_h39_20260626_212915\01_valid_raw_and_ifft\mat\curve_r0569_c0759_idx001023.mat,D:\LSH\LSH\实验\聚焦信号分类实验\1\ROI_x729_y538_w32_h39_20260626_212915\01_valid_raw_and_ifft\mat,569,759,valid_folder,valid,25,0.004912931,1,Good
2010,D:\LSH\LSH\实验\聚焦信号分类实验\1\ROI_x729_y538_w32_h39_20260626_212915\01_valid_raw_and_ifft\mat\curve_r0569_c0760_idx001024.mat,D:\LSH\LSH\实验\聚焦信号分类实验\1\ROI_x729_y538_w32_h39_20260626_212915\01_valid_raw_and_ifft\mat,569,760,valid_folder,valid,25,0.004972322,1,Good
2011,D:\LSH\LSH\实验\聚焦信号分类实验\1\ROI_x729_y538_w32_h39_20260626_212915\01_valid_raw_and_ifft\mat\curve_r0570_c0729_idx001025.mat,D:\LSH\LSH\实验\聚焦信号分类实验\1\ROI_x729_y538_w32_h39_20260626_212915\01_valid_raw_and_ifft\mat,570,729,valid_folder,valid,30,0.005919902,1,Good
2012,D:\LSH\LSH\实验\聚焦信号分类实验\1\ROI_x729_y538_w32_h39_20260626_212915\01_valid_raw_and_ifft\mat\curve_r0570_c0730_idx001026.mat,D:\LSH\LSH\实验\聚焦信号分类实验\1\ROI_x729_y538_w32_h39_20260626_212915\01_valid_raw_and_ifft\mat,570,730,valid_folder,valid,30,0.003953336,1,Good
2013,D:\LSH\LSH\实验\聚焦信号分类实验\1\ROI_x729_y538_w32_h39_20260626_212915\01_valid_raw_and_ifft\mat\curve_r0570_c0731_idx001027.mat,D:\LSH\LSH\实验\聚焦信号分类实验\1\ROI_x729_y538_w32_h39_20260626_212915\01_valid_raw_and_ifft\mat,570,731,valid_folder,valid,30,0.005822702,1,Good
2014,D:\LSH\LSH\实验\聚焦信号分类实验\1\ROI_x729_y538_w32_h39_20260626_212915\01_valid_raw_and_ifft\mat\curve_r0570_c0732_idx001028.mat,D:\LSH\LSH\实验\聚焦信号分类实验\1\ROI_x729_y538_w32_h39_20260626_212915\01_valid_raw_and_ifft\mat,570,732,valid_folder,valid,30,0.006761504,1,Good
2015,D:\LSH\LSH\实验\聚焦信号分类实验\1\ROI_x729_y538_w32_h39_20260626_212915\01_valid_raw_and_ifft\mat\curve_r0570_c0733_idx001029.mat,D:\LSH\LSH\实验\聚焦信号分类实验\1\ROI_x729_y538_w32_h39_20260626_212915\01_valid_raw_and_ifft\mat,570,733,valid_folder,valid,28,0.010082813,1,Good
2016,D:\LSH\LSH\实验\聚焦信号分类实验\1\ROI_x729_y538_w32_h39_20260626_212915\01_valid_raw_and_ifft\mat\curve_r0570_c0734_idx001030.mat,D:\LSH\LSH\实验\聚焦信号分类实验\1\ROI_x729_y538_w32_h39_20260626_212915\01_valid_raw_and_ifft\mat,570,734,valid_folder,valid,29,0.018597204,1,Good
2017,D:\LSH\LSH\实验\聚焦信号分类实验\1\ROI_x729_y538_w32_h39_20260626_212915\01_valid_raw_and_ifft\mat\curve_r0570_c0735_idx001031.mat,D:\LSH\LSH\实验\聚焦信号分类实验\1\ROI_x729_y538_w32_h39_20260626_212915\01_valid_raw_and_ifft\mat,570,735,valid_folder,valid,29,0.031224848,1,Good
2018,D:\LSH\LSH\实验\聚焦信号分类实验\1\ROI_x729_y538_w32_h39_20260626_212915\01_valid_raw_and_ifft\mat\curve_r0570_c0736_idx001032.mat,D:\LSH\LSH\实验\聚焦信号分类实验\1\ROI_x729_y538_w32_h39_20260626_212915\01_valid_raw_and_ifft\mat,570,736,valid_folder,valid,29,0.049435917,1,Good
2019,D:\LSH\LSH\实验\聚焦信号分类实验\1\ROI_x729_y538_w32_h39_20260626_212915\01_valid_raw_and_ifft\mat\curve_r0570_c0737_idx001033.mat,D:\LSH\LSH\实验\聚焦信号分类实验\1\ROI_x729_y538_w32_h39_20260626_212915\01_valid_raw_and_ifft\mat,570,737,valid_folder,valid,29,0.058612911,1,Good
2020,D:\LSH\LSH\实验\聚焦信号分类实验\1\ROI_x729_y538_w32_h39_20260626_212915\01_valid_raw_and_ifft\mat\curve_r0570_c0738_idx001034.mat,D:\LSH\LSH\实验\聚焦信号分类实验\1\ROI_x729_y538_w32_h39_20260626_212915\01_valid_raw_and_ifft\mat,570,738,valid_folder,valid,29,0.05242827,1,Good
2021,D:\LSH\LSH\实验\聚焦信号分类实验\1\ROI_x729_y538_w32_h39_20260626_212915\01_valid_raw_and_ifft\mat\curve_r0570_c0739_idx001035.mat,D:\LSH\LSH\实验\聚焦信号分类实验\1\ROI_x729_y538_w32_h39_20260626_212915\01_valid_raw_and_ifft\mat,570,739,valid_folder,valid,29,0.027382384,1,Good
2022,D:\LSH\LSH\实验\聚焦信号分类实验\1\ROI_x729_y538_w32_h39_20260626_212915\01_valid_raw_and_ifft\mat\curve_r0570_c0740_idx001036.mat,D:\LSH\LSH\实验\聚焦信号分类实验\1\ROI_x729_y538_w32_h39_20260626_212915\01_valid_raw_and_ifft\mat,570,740,valid_folder,valid,27,0.005331883,1,Good
2023,D:\LSH\LSH\实验\聚焦信号分类实验\1\ROI_x729_y538_w32_h39_20260626_212915\01_valid_raw_and_ifft\mat\curve_r0570_c0741_idx001037.mat,D:\LSH\LSH\实验\聚焦信号分类实验\1\ROI_x729_y538_w32_h39_20260626_212915\01_valid_raw_and_ifft\mat,570,741,valid_folder,valid,28,0.002969972,1,Good
2024,D:\LSH\LSH\实验\聚焦信号分类实验\1\ROI_x729_y538_w32_h39_20260626_212915\01_valid_raw_and_ifft\mat\curve_r0570_c0742_idx001038.mat,D:\LSH\LSH\实验\聚焦信号分类实验\1\ROI_x729_y538_w32_h39_20260626_212915\01_valid_raw_and_ifft\mat,570,742,valid_folder,valid,28,0.001686469,1,Good
2025,D:\LSH\LSH\实验\聚焦信号分类实验\1\ROI_x729_y538_w32_h39_20260626_212915\01_valid_raw_and_ifft\mat\curve_r0570_c0743_idx001039.mat,D:\LSH\LSH\实验\聚焦信号分类实验\1\ROI_x729_y538_w32_h39_20260626_212915\01_valid_raw_and_ifft\mat,570,743,valid_folder,valid,27,0.00590877,1,Good
2026,D:\LSH\LSH\实验\聚焦信号分类实验\1\ROI_x729_y538_w32_h39_20260626_212915\01_valid_raw_and_ifft\mat\curve_r0570_c0744_idx001040.mat,D:\LSH\LSH\实验\聚焦信号分类实验\1\ROI_x729_y538_w32_h39_20260626_212915\01_valid_raw_and_ifft\mat,570,744,valid_folder,valid,27,0.007361263,1,Good
2027,D:\LSH\LSH\实验\聚焦信号分类实验\1\ROI_x729_y538_w32_h39_20260626_212915\01_valid_raw_and_ifft\mat\curve_r0570_c0745_idx001041.mat,D:\LSH\LSH\实验\聚焦信号分类实验\1\ROI_x729_y538_w32_h39_20260626_212915\01_valid_raw_and_ifft\mat,570,745,valid_folder,valid,27,0.004706083,1,Good
2028,D:\LSH\LSH\实验\聚焦信号分类实验\1\ROI_x729_y538_w32_h39_20260626_212915\01_valid_raw_and_ifft\mat\curve_r0570_c0746_idx001042.mat,D:\LSH\LSH\实验\聚焦信号分类实验\1\ROI_x729_y538_w32_h39_20260626_212915\01_valid_raw_and_ifft\mat,570,746,valid_folder,valid,27,0.001031417,1,Good
2029,D:\LSH\LSH\实验\聚焦信号分类实验\1\ROI_x729_y538_w32_h39_20260626_212915\01_valid_raw_and_ifft\mat\curve_r0570_c0748_idx001044.mat,D:\LSH\LSH\实验\聚焦信号分类实验\1\ROI_x729_y538_w32_h39_20260626_212915\01_valid_raw_and_ifft\mat,570,748,valid_folder,valid,26,0.001407661,1,Good
2030,D:\LSH\LSH\实验\聚焦信号分类实验\1\ROI_x729_y538_w32_h39_20260626_212915\01_valid_raw_and_ifft\mat\curve_r0570_c0749_idx001045.mat,D:\LSH\LSH\实验\聚焦信号分类实验\1\ROI_x729_y538_w32_h39_20260626_212915\01_valid_raw_and_ifft\mat,570,749,valid_folder,valid,26,0.001505691,1,Good
2031,D:\LSH\LSH\实验\聚焦信号分类实验\1\ROI_x729_y538_w32_h39_20260626_212915\01_valid_raw_and_ifft\mat\curve_r0570_c0750_idx001046.mat,D:\LSH\LSH\实验\聚焦信号分类实验\1\ROI_x729_y538_w32_h39_20260626_212915\01_valid_raw_and_ifft\mat,570,750,valid_folder,valid,26,0.002449009,1,Good
2032,D:\LSH\LSH\实验\聚焦信号分类实验\1\ROI_x729_y538_w32_h39_20260626_212915\01_valid_raw_and_ifft\mat\curve_r0570_c0751_idx001047.mat,D:\LSH\LSH\实验\聚焦信号分类实验\1\ROI_x729_y538_w32_h39_20260626_212915\01_valid_raw_and_ifft\mat,570,751,valid_folder,valid,25,0.007191617,1,Good
2033,D:\LSH\LSH\实验\聚焦信号分类实验\1\ROI_x729_y538_w32_h39_20260626_212915\01_valid_raw_and_ifft\mat\curve_r0570_c0752_idx001048.mat,D:\LSH\LSH\实验\聚焦信号分类实验\1\ROI_x729_y538_w32_h39_20260626_212915\01_valid_raw_and_ifft\mat,570,752,valid_folder,valid,25,0.011381607,1,Good
2034,D:\LSH\LSH\实验\聚焦信号分类实验\1\ROI_x729_y538_w32_h39_20260626_212915\01_valid_raw_and_ifft\mat\curve_r0570_c0753_idx001049.mat,D:\LSH\LSH\实验\聚焦信号分类实验\1\ROI_x729_y538_w32_h39_20260626_212915\01_valid_raw_and_ifft\mat,570,753,valid_folder,valid,26,0.012153714,1,Good
2035,D:\LSH\LSH\实验\聚焦信号分类实验\1\ROI_x729_y538_w32_h39_20260626_212915\01_valid_raw_and_ifft\mat\curve_r0570_c0754_idx001050.mat,D:\LSH\LSH\实验\聚焦信号分类实验\1\ROI_x729_y538_w32_h39_20260626_212915\01_valid_raw_and_ifft\mat,570,754,valid_folder,valid,26,0.010263949,1,Good
2036,D:\LSH\LSH\实验\聚焦信号分类实验\1\ROI_x729_y538_w32_h39_20260626_212915\01_valid_raw_and_ifft\mat\curve_r0570_c0755_idx001051.mat,D:\LSH\LSH\实验\聚焦信号分类实验\1\ROI_x729_y538_w32_h39_20260626_212915\01_valid_raw_and_ifft\mat,570,755,valid_folder,valid,26,0.006212936,1,Good
2037,D:\LSH\LSH\实验\聚焦信号分类实验\1\ROI_x729_y538_w32_h39_20260626_212915\01_valid_raw_and_ifft\mat\curve_r0570_c0756_idx001052.mat,D:\LSH\LSH\实验\聚焦信号分类实验\1\ROI_x729_y538_w32_h39_20260626_212915\01_valid_raw_and_ifft\mat,570,756,valid_folder,valid,25,0.004545872,1,Good
2038,D:\LSH\LSH\实验\聚焦信号分类实验\1\ROI_x729_y538_w32_h39_20260626_212915\01_valid_raw_and_ifft\mat\curve_r0570_c0757_idx001053.mat,D:\LSH\LSH\实验\聚焦信号分类实验\1\ROI_x729_y538_w32_h39_20260626_212915\01_valid_raw_and_ifft\mat,570,757,valid_folder,valid,26,0.00160781,1,Good
2039,D:\LSH\LSH\实验\聚焦信号分类实验\1\ROI_x729_y538_w32_h39_20260626_212915\01_valid_raw_and_ifft\mat\curve_r0571_c0729_idx001057.mat,D:\LSH\LSH\实验\聚焦信号分类实验\1\ROI_x729_y538_w32_h39_20260626_212915\01_valid_raw_and_ifft\mat,571,729,valid_folder,valid,30,0.002543056,1,Good
2040,D:\LSH\LSH\实验\聚焦信号分类实验\1\ROI_x729_y538_w32_h39_20260626_212915\01_valid_raw_and_ifft\mat\curve_r0571_c0730_idx001058.mat,D:\LSH\LSH\实验\聚焦信号分类实验\1\ROI_x729_y538_w32_h39_20260626_212915\01_valid_raw_and_ifft\mat,571,730,valid_folder,valid,30,0.00186987,1,Good
2041,D:\LSH\LSH\实验\聚焦信号分类实验\1\ROI_x729_y538_w32_h39_20260626_212915\01_valid_raw_and_ifft\mat\curve_r0571_c0732_idx001060.mat,D:\LSH\LSH\实验\聚焦信号分类实验\1\ROI_x729_y538_w32_h39_20260626_212915\01_valid_raw_and_ifft\mat,571,732,valid_folder,valid,30,0.004014071,1,Good
2042,D:\LSH\LSH\实验\聚焦信号分类实验\1\ROI_x729_y538_w32_h39_20260626_212915\01_valid_raw_and_ifft\mat\curve_r0571_c0733_idx001061.mat,D:\LSH\LSH\实验\聚焦信号分类实验\1\ROI_x729_y538_w32_h39_20260626_212915\01_valid_raw_and_ifft\mat,571,733,valid_folder,valid,28,0.008493927,1,Good
2043,D:\LSH\LSH\实验\聚焦信号分类实验\1\ROI_x729_y538_w32_h39_20260626_212915\01_valid_raw_and_ifft\mat\curve_r0571_c0734_idx001062.mat,D:\LSH\LSH\实验\聚焦信号分类实验\1\ROI_x729_y538_w32_h39_20260626_212915\01_valid_raw_and_ifft\mat,571,734,valid_folder,valid,28,0.016182905,1,Good
2044,D:\LSH\LSH\实验\聚焦信号分类实验\1\ROI_x729_y538_w32_h39_20260626_212915\01_valid_raw_and_ifft\mat\curve_r0571_c0735_idx001063.mat,D:\LSH\LSH\实验\聚焦信号分类实验\1\ROI_x729_y538_w32_h39_20260626_212915\01_valid_raw_and_ifft\mat,571,735,valid_folder,valid,29,0.025019728,1,Good
2045,D:\LSH\LSH\实验\聚焦信号分类实验\1\ROI_x729_y538_w32_h39_20260626_212915\01_valid_raw_and_ifft\mat\curve_r0571_c0736_idx001064.mat,D:\LSH\LSH\实验\聚焦信号分类实验\1\ROI_x729_y538_w32_h39_20260626_212915\01_valid_raw_and_ifft\mat,571,736,valid_folder,valid,29,0.050079797,1,Good
2046,D:\LSH\LSH\实验\聚焦信号分类实验\1\ROI_x729_y538_w32_h39_20260626_212915\01_valid_raw_and_ifft\mat\curve_r0571_c0737_idx001065.mat,D:\LSH\LSH\实验\聚焦信号分类实验\1\ROI_x729_y538_w32_h39_20260626_212915\01_valid_raw_and_ifft\mat,571,737,valid_folder,valid,29,0.063807023,1,Good
2047,D:\LSH\LSH\实验\聚焦信号分类实验\1\ROI_x729_y538_w32_h39_20260626_212915\01_valid_raw_and_ifft\mat\curve_r0571_c0738_idx001066.mat,D:\LSH\LSH\实验\聚焦信号分类实验\1\ROI_x729_y538_w32_h39_20260626_212915\01_valid_raw_and_ifft\mat,571,738,valid_folder,valid,29,0.063594026,1,Good
2048,D:\LSH\LSH\实验\聚焦信号分类实验\1\ROI_x729_y538_w32_h39_20260626_212915\01_valid_raw_and_ifft\mat\curve_r0571_c0739_idx001067.mat,D:\LSH\LSH\实验\聚焦信号分类实验\1\ROI_x729_y538_w32_h39_20260626_212915\01_valid_raw_and_ifft\mat,571,739,valid_folder,valid,29,0.042399842,1,Good
2049,D:\LSH\LSH\实验\聚焦信号分类实验\1\ROI_x729_y538_w32_h39_20260626_212915\01_valid_raw_and_ifft\mat\curve_r0571_c0740_idx001068.mat,D:\LSH\LSH\实验\聚焦信号分类实验\1\ROI_x729_y538_w32_h39_20260626_212915\01_valid_raw_and_ifft\mat,571,740,valid_folder,valid,28,0.021582,1,Good
2050,D:\LSH\LSH\实验\聚焦信号分类实验\1\ROI_x729_y538_w32_h39_20260626_212915\01_valid_raw_and_ifft\mat\curve_r0571_c0741_idx001069.mat,D:\LSH\LSH\实验\聚焦信号分类实验\1\ROI_x729_y538_w32_h39_20260626_212915\01_valid_raw_and_ifft\mat,571,741,valid_folder,valid,27,0.009818432,1,Good
2051,D:\LSH\LSH\实验\聚焦信号分类实验\1\ROI_x729_y538_w32_h39_20260626_212915\01_valid_raw_and_ifft\mat\curve_r0571_c0742_idx001070.mat,D:\LSH\LSH\实验\聚焦信号分类实验\1\ROI_x729_y538_w32_h39_20260626_212915\01_valid_raw_and_ifft\mat,571,742,valid_folder,valid,27,0.004242319,1,Good
2052,D:\LSH\LSH\实验\聚焦信号分类实验\1\ROI_x729_y538_w32_h39_20260626_212915\01_valid_raw_and_ifft\mat\curve_r0571_c0743_idx001071.mat,D:\LSH\LSH\实验\聚焦信号分类实验\1\ROI_x729_y538_w32_h39_20260626_212915\01_valid_raw_and_ifft\mat,571,743,valid_folder,valid,27,0.005516054,1,Good
2053,D:\LSH\LSH\实验\聚焦信号分类实验\1\ROI_x729_y538_w32_h39_20260626_212915\01_valid_raw_and_ifft\mat\curve_r0571_c0744_idx001072.mat,D:\LSH\LSH\实验\聚焦信号分类实验\1\ROI_x729_y538_w32_h39_20260626_212915\01_valid_raw_and_ifft\mat,571,744,valid_folder,valid,27,0.006876103,1,Good
2054,D:\LSH\LSH\实验\聚焦信号分类实验\1\ROI_x729_y538_w32_h39_20260626_212915\01_valid_raw_and_ifft\mat\curve_r0571_c0745_idx001073.mat,D:\LSH\LSH\实验\聚焦信号分类实验\1\ROI_x729_y538_w32_h39_20260626_212915\01_valid_raw_and_ifft\mat,571,745,valid_folder,valid,27,0.004497951,1,Good
2055,D:\LSH\LSH\实验\聚焦信号分类实验\1\ROI_x729_y538_w32_h39_20260626_212915\01_valid_raw_and_ifft\mat\curve_r0571_c0746_idx001074.mat,D:\LSH\LSH\实验\聚焦信号分类实验\1\ROI_x729_y538_w32_h39_20260626_212915\01_valid_raw_and_ifft\mat,571,746,valid_folder,valid,27,0.001339315,1,Good
2056,D:\LSH\LSH\实验\聚焦信号分类实验\1\ROI_x729_y538_w32_h39_20260626_212915\01_valid_raw_and_ifft\mat\curve_r0571_c0748_idx001076.mat,D:\LSH\LSH\实验\聚焦信号分类实验\1\ROI_x729_y538_w32_h39_20260626_212915\01_valid_raw_and_ifft\mat,571,748,valid_folder,valid,26,0.001645771,1,Good
2057,D:\LSH\LSH\实验\聚焦信号分类实验\1\ROI_x729_y538_w32_h39_20260626_212915\01_valid_raw_and_ifft\mat\curve_r0571_c0749_idx001077.mat,D:\LSH\LSH\实验\聚焦信号分类实验\1\ROI_x729_y538_w32_h39_20260626_212915\01_valid_raw_and_ifft\mat,571,749,valid_folder,valid,26,0.005119455,1,Good
2058,D:\LSH\LSH\实验\聚焦信号分类实验\1\ROI_x729_y538_w32_h39_20260626_212915\01_valid_raw_and_ifft\mat\curve_r0571_c0750_idx001078.mat,D:\LSH\LSH\实验\聚焦信号分类实验\1\ROI_x729_y538_w32_h39_20260626_212915\01_valid_raw_and_ifft\mat,571,750,valid_folder,valid,26,0.006258557,1,Good
2059,D:\LSH\LSH\实验\聚焦信号分类实验\1\ROI_x729_y538_w32_h39_20260626_212915\01_valid_raw_and_ifft\mat\curve_r0571_c0751_idx001079.mat,D:\LSH\LSH\实验\聚焦信号分类实验\1\ROI_x729_y538_w32_h39_20260626_212915\01_valid_raw_and_ifft\mat,571,751,valid_folder,valid,26,0.005204356,1,Good
2060,D:\LSH\LSH\实验\聚焦信号分类实验\1\ROI_x729_y538_w32_h39_20260626_212915\01_valid_raw_and_ifft\mat\curve_r0571_c0752_idx001080.mat,D:\LSH\LSH\实验\聚焦信号分类实验\1\ROI_x729_y538_w32_h39_20260626_212915\01_valid_raw_and_ifft\mat,571,752,valid_folder,valid,25,0.00661725,1,Good
2061,D:\LSH\LSH\实验\聚焦信号分类实验\1\ROI_x729_y538_w32_h39_20260626_212915\01_valid_raw_and_ifft\mat\curve_r0571_c0753_idx001081.mat,D:\LSH\LSH\实验\聚焦信号分类实验\1\ROI_x729_y538_w32_h39_20260626_212915\01_valid_raw_and_ifft\mat,571,753,valid_folder,valid,26,0.006936436,1,Good
2062,D:\LSH\LSH\实验\聚焦信号分类实验\1\ROI_x729_y538_w32_h39_20260626_212915\01_valid_raw_and_ifft\mat\curve_r0571_c0754_idx001082.mat,D:\LSH\LSH\实验\聚焦信号分类实验\1\ROI_x729_y538_w32_h39_20260626_212915\01_valid_raw_and_ifft\mat,571,754,valid_folder,valid,26,0.008045179,1,Good
2063,D:\LSH\LSH\实验\聚焦信号分类实验\1\ROI_x729_y538_w32_h39_20260626_212915\01_valid_raw_and_ifft\mat\curve_r0571_c0755_idx001083.mat,D:\LSH\LSH\实验\聚焦信号分类实验\1\ROI_x729_y538_w32_h39_20260626_212915\01_valid_raw_and_ifft\mat,571,755,valid_folder,valid,26,0.00536446,1,Good
2064,D:\LSH\LSH\实验\聚焦信号分类实验\1\ROI_x729_y538_w32_h39_20260626_212915\01_valid_raw_and_ifft\mat\curve_r0571_c0756_idx001084.mat,D:\LSH\LSH\实验\聚焦信号分类实验\1\ROI_x729_y538_w32_h39_20260626_212915\01_valid_raw_and_ifft\mat,571,756,valid_folder,valid,26,0.004167446,1,Good
2065,D:\LSH\LSH\实验\聚焦信号分类实验\1\ROI_x729_y538_w32_h39_20260626_212915\01_valid_raw_and_ifft\mat\curve_r0571_c0757_idx001085.mat,D:\LSH\LSH\实验\聚焦信号分类实验\1\ROI_x729_y538_w32_h39_20260626_212915\01_valid_raw_and_ifft\mat,571,757,valid_folder,valid,25,0.002388696,1,Good
2066,D:\LSH\LSH\实验\聚焦信号分类实验\1\ROI_x729_y538_w32_h39_20260626_212915\01_valid_raw_and_ifft\mat\curve_r0571_c0758_idx001086.mat,D:\LSH\LSH\实验\聚焦信号分类实验\1\ROI_x729_y538_w32_h39_20260626_212915\01_valid_raw_and_ifft\mat,571,758,valid_folder,valid,25,0.001815604,1,Good
2067,D:\LSH\LSH\实验\聚焦信号分类实验\1\ROI_x729_y538_w32_h39_20260626_212915\01_valid_raw_and_ifft\mat\curve_r0572_c0730_idx001090.mat,D:\LSH\LSH\实验\聚焦信号分类实验\1\ROI_x729_y538_w32_h39_20260626_212915\01_valid_raw_and_ifft\mat,572,730,valid_folder,valid,30,0.000819288,1,Good
2068,D:\LSH\LSH\实验\聚焦信号分类实验\1\ROI_x729_y538_w32_h39_20260626_212915\01_valid_raw_and_ifft\mat\curve_r0572_c0733_idx001093.mat,D:\LSH\LSH\实验\聚焦信号分类实验\1\ROI_x729_y538_w32_h39_20260626_212915\01_valid_raw_and_ifft\mat,572,733,valid_folder,valid,30,0.001983421,1,Good
2069,D:\LSH\LSH\实验\聚焦信号分类实验\1\ROI_x729_y538_w32_h39_20260626_212915\01_valid_raw_and_ifft\mat\curve_r0572_c0734_idx001094.mat,D:\LSH\LSH\实验\聚焦信号分类实验\1\ROI_x729_y538_w32_h39_20260626_212915\01_valid_raw_and_ifft\mat,572,734,valid_folder,valid,28,0.008118041,1,Good
2070,D:\LSH\LSH\实验\聚焦信号分类实验\1\ROI_x729_y538_w32_h39_20260626_212915\01_valid_raw_and_ifft\mat\curve_r0572_c0735_idx001095.mat,D:\LSH\LSH\实验\聚焦信号分类实验\1\ROI_x729_y538_w32_h39_20260626_212915\01_valid_raw_and_ifft\mat,572,735,valid_folder,valid,28,0.015168298,1,Good
2071,D:\LSH\LSH\实验\聚焦信号分类实验\1\ROI_x729_y538_w32_h39_20260626_212915\01_valid_raw_and_ifft\mat\curve_r0572_c0736_idx001096.mat,D:\LSH\LSH\实验\聚焦信号分类实验\1\ROI_x729_y538_w32_h39_20260626_212915\01_valid_raw_and_ifft\mat,572,736,valid_folder,valid,28,0.024596594,1,Good
2072,D:\LSH\LSH\实验\聚焦信号分类实验\1\ROI_x729_y538_w32_h39_20260626_212915\01_valid_raw_and_ifft\mat\curve_r0572_c0737_idx001097.mat,D:\LSH\LSH\实验\聚焦信号分类实验\1\ROI_x729_y538_w32_h39_20260626_212915\01_valid_raw_and_ifft\mat,572,737,valid_folder,valid,28,0.041105903,1,Good
2073,D:\LSH\LSH\实验\聚焦信号分类实验\1\ROI_x729_y538_w32_h39_20260626_212915\01_valid_raw_and_ifft\mat\curve_r0572_c0738_idx001098.mat,D:\LSH\LSH\实验\聚焦信号分类实验\1\ROI_x729_y538_w32_h39_20260626_212915\01_valid_raw_and_ifft\mat,572,738,valid_folder,valid,28,0.050652477,1,Good
2074,D:\LSH\LSH\实验\聚焦信号分类实验\1\ROI_x729_y538_w32_h39_20260626_212915\01_valid_raw_and_ifft\mat\curve_r0572_c0739_idx001099.mat,D:\LSH\LSH\实验\聚焦信号分类实验\1\ROI_x729_y538_w32_h39_20260626_212915\01_valid_raw_and_ifft\mat,572,739,valid_folder,valid,28,0.04187883,1,Good
2075,D:\LSH\LSH\实验\聚焦信号分类实验\1\ROI_x729_y538_w32_h39_20260626_212915\01_valid_raw_and_ifft\mat\curve_r0572_c0740_idx001100.mat,D:\LSH\LSH\实验\聚焦信号分类实验\1\ROI_x729_y538_w32_h39_20260626_212915\01_valid_raw_and_ifft\mat,572,740,valid_folder,valid,28,0.022454977,1,Good
2076,D:\LSH\LSH\实验\聚焦信号分类实验\1\ROI_x729_y538_w32_h39_20260626_212915\01_valid_raw_and_ifft\mat\curve_r0572_c0741_idx001101.mat,D:\LSH\LSH\实验\聚焦信号分类实验\1\ROI_x729_y538_w32_h39_20260626_212915\01_valid_raw_and_ifft\mat,572,741,valid_folder,valid,27,0.021288878,1,Good
2077,D:\LSH\LSH\实验\聚焦信号分类实验\1\ROI_x729_y538_w32_h39_20260626_212915\01_valid_raw_and_ifft\mat\curve_r0572_c0742_idx001102.mat,D:\LSH\LSH\实验\聚焦信号分类实验\1\ROI_x729_y538_w32_h39_20260626_212915\01_valid_raw_and_ifft\mat,572,742,valid_folder,valid,27,0.007812434,1,Good
2078,D:\LSH\LSH\实验\聚焦信号分类实验\1\ROI_x729_y538_w32_h39_20260626_212915\01_valid_raw_and_ifft\mat\curve_r0572_c0743_idx001103.mat,D:\LSH\LSH\实验\聚焦信号分类实验\1\ROI_x729_y538_w32_h39_20260626_212915\01_valid_raw_and_ifft\mat,572,743,valid_folder,valid,28,0.002620107,1,Good
2079,D:\LSH\LSH\实验\聚焦信号分类实验\1\ROI_x729_y538_w32_h39_20260626_212915\01_valid_raw_and_ifft\mat\curve_r0572_c0744_idx001104.mat,D:\LSH\LSH\实验\聚焦信号分类实验\1\ROI_x729_y538_w32_h39_20260626_212915\01_valid_raw_and_ifft\mat,572,744,valid_folder,valid,29,0.001278884,1,Good
2080,D:\LSH\LSH\实验\聚焦信号分类实验\1\ROI_x729_y538_w32_h39_20260626_212915\01_valid_raw_and_ifft\mat\curve_r0572_c0745_idx001105.mat,D:\LSH\LSH\实验\聚焦信号分类实验\1\ROI_x729_y538_w32_h39_20260626_212915\01_valid_raw_and_ifft\mat,572,745,valid_folder,valid,27,0.001521515,1,Good
2081,D:\LSH\LSH\实验\聚焦信号分类实验\1\ROI_x729_y538_w32_h39_20260626_212915\01_valid_raw_and_ifft\mat\curve_r0572_c0746_idx001106.mat,D:\LSH\LSH\实验\聚焦信号分类实验\1\ROI_x729_y538_w32_h39_20260626_212915\01_valid_raw_and_ifft\mat,572,746,valid_folder,valid,27,0.001199867,1,Good
2082,D:\LSH\LSH\实验\聚焦信号分类实验\1\ROI_x729_y538_w32_h39_20260626_212915\01_valid_raw_and_ifft\mat\curve_r0572_c0747_idx001107.mat,D:\LSH\LSH\实验\聚焦信号分类实验\1\ROI_x729_y538_w32_h39_20260626_212915\01_valid_raw_and_ifft\mat,572,747,valid_folder,valid,26,0.001474531,1,Good
2083,D:\LSH\LSH\实验\聚焦信号分类实验\1\ROI_x729_y538_w32_h39_20260626_212915\01_valid_raw_and_ifft\mat\curve_r0572_c0748_idx001108.mat,D:\LSH\LSH\实验\聚焦信号分类实验\1\ROI_x729_y538_w32_h39_20260626_212915\01_valid_raw_and_ifft\mat,572,748,valid_folder,valid,26,0.001545275,1,Good
2084,D:\LSH\LSH\实验\聚焦信号分类实验\1\ROI_x729_y538_w32_h39_20260626_212915\01_valid_raw_and_ifft\mat\curve_r0572_c0749_idx001109.mat,D:\LSH\LSH\实验\聚焦信号分类实验\1\ROI_x729_y538_w32_h39_20260626_212915\01_valid_raw_and_ifft\mat,572,749,valid_folder,valid,26,0.00640287,1,Good
2085,D:\LSH\LSH\实验\聚焦信号分类实验\1\ROI_x729_y538_w32_h39_20260626_212915\01_valid_raw_and_ifft\mat\curve_r0572_c0750_idx001110.mat,D:\LSH\LSH\实验\聚焦信号分类实验\1\ROI_x729_y538_w32_h39_20260626_212915\01_valid_raw_and_ifft\mat,572,750,valid_folder,valid,26,0.010940165,1,Good
2086,D:\LSH\LSH\实验\聚焦信号分类实验\1\ROI_x729_y538_w32_h39_20260626_212915\01_valid_raw_and_ifft\mat\curve_r0572_c0751_idx001111.mat,D:\LSH\LSH\实验\聚焦信号分类实验\1\ROI_x729_y538_w32_h39_20260626_212915\01_valid_raw_and_ifft\mat,572,751,valid_folder,valid,26,0.011126578,1,Good
2087,D:\LSH\LSH\实验\聚焦信号分类实验\1\ROI_x729_y538_w32_h39_20260626_212915\01_valid_raw_and_ifft\mat\curve_r0572_c0752_idx001112.mat,D:\LSH\LSH\实验\聚焦信号分类实验\1\ROI_x729_y538_w32_h39_20260626_212915\01_valid_raw_and_ifft\mat,572,752,valid_folder,valid,27,0.00414376,1,Good
2088,D:\LSH\LSH\实验\聚焦信号分类实验\1\ROI_x729_y538_w32_h39_20260626_212915\01_valid_raw_and_ifft\mat\curve_r0572_c0753_idx001113.mat,D:\LSH\LSH\实验\聚焦信号分类实验\1\ROI_x729_y538_w32_h39_20260626_212915\01_valid_raw_and_ifft\mat,572,753,valid_folder,valid,26,0.002234389,1,Good
2089,D:\LSH\LSH\实验\聚焦信号分类实验\1\ROI_x729_y538_w32_h39_20260626_212915\01_valid_raw_and_ifft\mat\curve_r0572_c0754_idx001114.mat,D:\LSH\LSH\实验\聚焦信号分类实验\1\ROI_x729_y538_w32_h39_20260626_212915\01_valid_raw_and_ifft\mat,572,754,valid_folder,valid,26,0.003559203,1,Good
2090,D:\LSH\LSH\实验\聚焦信号分类实验\1\ROI_x729_y538_w32_h39_20260626_212915\01_valid_raw_and_ifft\mat\curve_r0572_c0755_idx001115.mat,D:\LSH\LSH\实验\聚焦信号分类实验\1\ROI_x729_y538_w32_h39_20260626_212915\01_valid_raw_and_ifft\mat,572,755,valid_folder,valid,26,0.004841898,1,Good
2091,D:\LSH\LSH\实验\聚焦信号分类实验\1\ROI_x729_y538_w32_h39_20260626_212915\01_valid_raw_and_ifft\mat\curve_r0572_c0756_idx001116.mat,D:\LSH\LSH\实验\聚焦信号分类实验\1\ROI_x729_y538_w32_h39_20260626_212915\01_valid_raw_and_ifft\mat,572,756,valid_folder,valid,26,0.006021217,1,Good
2092,D:\LSH\LSH\实验\聚焦信号分类实验\1\ROI_x729_y538_w32_h39_20260626_212915\01_valid_raw_and_ifft\mat\curve_r0572_c0757_idx001117.mat,D:\LSH\LSH\实验\聚焦信号分类实验\1\ROI_x729_y538_w32_h39_20260626_212915\01_valid_raw_and_ifft\mat,572,757,valid_folder,valid,25,0.007885595,1,Good
2093,D:\LSH\LSH\实验\聚焦信号分类实验\1\ROI_x729_y538_w32_h39_20260626_212915\01_valid_raw_and_ifft\mat\curve_r0572_c0758_idx001118.mat,D:\LSH\LSH\实验\聚焦信号分类实验\1\ROI_x729_y538_w32_h39_20260626_212915\01_valid_raw_and_ifft\mat,572,758,valid_folder,valid,25,0.008719169,1,Good
2094,D:\LSH\LSH\实验\聚焦信号分类实验\1\ROI_x729_y538_w32_h39_20260626_212915\01_valid_raw_and_ifft\mat\curve_r0572_c0759_idx001119.mat,D:\LSH\LSH\实验\聚焦信号分类实验\1\ROI_x729_y538_w32_h39_20260626_212915\01_valid_raw_and_ifft\mat,572,759,valid_folder,valid,25,0.004326348,1,Good
2095,D:\LSH\LSH\实验\聚焦信号分类实验\1\ROI_x729_y538_w32_h39_20260626_212915\01_valid_raw_and_ifft\mat\curve_r0572_c0760_idx001120.mat,D:\LSH\LSH\实验\聚焦信号分类实验\1\ROI_x729_y538_w32_h39_20260626_212915\01_valid_raw_and_ifft\mat,572,760,valid_folder,valid,24,0.001609585,1,Good
2096,D:\LSH\LSH\实验\聚焦信号分类实验\1\ROI_x729_y538_w32_h39_20260626_212915\01_valid_raw_and_ifft\mat\curve_r0573_c0734_idx001126.mat,D:\LSH\LSH\实验\聚焦信号分类实验\1\ROI_x729_y538_w32_h39_20260626_212915\01_valid_raw_and_ifft\mat,573,734,valid_folder,valid,28,0.001930826,1,Good
2097,D:\LSH\LSH\实验\聚焦信号分类实验\1\ROI_x729_y538_w32_h39_20260626_212915\01_valid_raw_and_ifft\mat\curve_r0573_c0735_idx001127.mat,D:\LSH\LSH\实验\聚焦信号分类实验\1\ROI_x729_y538_w32_h39_20260626_212915\01_valid_raw_and_ifft\mat,573,735,valid_folder,valid,28,0.006329566,1,Good
2098,D:\LSH\LSH\实验\聚焦信号分类实验\1\ROI_x729_y538_w32_h39_20260626_212915\01_valid_raw_and_ifft\mat\curve_r0573_c0736_idx001128.mat,D:\LSH\LSH\实验\聚焦信号分类实验\1\ROI_x729_y538_w32_h39_20260626_212915\01_valid_raw_and_ifft\mat,573,736,valid_folder,valid,28,0.008926943,1,Good
2099,D:\LSH\LSH\实验\聚焦信号分类实验\1\ROI_x729_y538_w32_h39_20260626_212915\01_valid_raw_and_ifft\mat\curve_r0573_c0737_idx001129.mat,D:\LSH\LSH\实验\聚焦信号分类实验\1\ROI_x729_y538_w32_h39_20260626_212915\01_valid_raw_and_ifft\mat,573,737,valid_folder,valid,28,0.01558648,1,Good
2100,D:\LSH\LSH\实验\聚焦信号分类实验\1\ROI_x729_y538_w32_h39_20260626_212915\01_valid_raw_and_ifft\mat\curve_r0573_c0738_idx001130.mat,D:\LSH\LSH\实验\聚焦信号分类实验\1\ROI_x729_y538_w32_h39_20260626_212915\01_valid_raw_and_ifft\mat,573,738,valid_folder,valid,28,0.01633064,1,Good
2101,D:\LSH\LSH\实验\聚焦信号分类实验\1\ROI_x729_y538_w32_h39_20260626_212915\01_valid_raw_and_ifft\mat\curve_r0573_c0739_idx001131.mat,D:\LSH\LSH\实验\聚焦信号分类实验\1\ROI_x729_y538_w32_h39_20260626_212915\01_valid_raw_and_ifft\mat,573,739,valid_folder,valid,28,0.025225007,1,Good
2102,D:\LSH\LSH\实验\聚焦信号分类实验\1\ROI_x729_y538_w32_h39_20260626_212915\01_valid_raw_and_ifft\mat\curve_r0573_c0740_idx001132.mat,D:\LSH\LSH\实验\聚焦信号分类实验\1\ROI_x729_y538_w32_h39_20260626_212915\01_valid_raw_and_ifft\mat,573,740,valid_folder,valid,27,0.024843334,1,Good
2103,D:\LSH\LSH\实验\聚焦信号分类实验\1\ROI_x729_y538_w32_h39_20260626_212915\01_valid_raw_and_ifft\mat\curve_r0573_c0741_idx001133.mat,D:\LSH\LSH\实验\聚焦信号分类实验\1\ROI_x729_y538_w32_h39_20260626_212915\01_valid_raw_and_ifft\mat,573,741,valid_folder,valid,27,0.028367568,1,Good
2104,D:\LSH\LSH\实验\聚焦信号分类实验\1\ROI_x729_y538_w32_h39_20260626_212915\01_valid_raw_and_ifft\mat\curve_r0573_c0742_idx001134.mat,D:\LSH\LSH\实验\聚焦信号分类实验\1\ROI_x729_y538_w32_h39_20260626_212915\01_valid_raw_and_ifft\mat,573,742,valid_folder,valid,27,0.020148118,1,Good
2105,D:\LSH\LSH\实验\聚焦信号分类实验\1\ROI_x729_y538_w32_h39_20260626_212915\01_valid_raw_and_ifft\mat\curve_r0573_c0743_idx001135.mat,D:\LSH\LSH\实验\聚焦信号分类实验\1\ROI_x729_y538_w32_h39_20260626_212915\01_valid_raw_and_ifft\mat,573,743,valid_folder,valid,27,0.004063596,1,Good
2106,D:\LSH\LSH\实验\聚焦信号分类实验\1\ROI_x729_y538_w32_h39_20260626_212915\01_valid_raw_and_ifft\mat\curve_r0573_c0744_idx001136.mat,D:\LSH\LSH\实验\聚焦信号分类实验\1\ROI_x729_y538_w32_h39_20260626_212915\01_valid_raw_and_ifft\mat,573,744,valid_folder,valid,27,0.001474855,1,Good
2107,D:\LSH\LSH\实验\聚焦信号分类实验\1\ROI_x729_y538_w32_h39_20260626_212915\01_valid_raw_and_ifft\mat\curve_r0573_c0745_idx001137.mat,D:\LSH\LSH\实验\聚焦信号分类实验\1\ROI_x729_y538_w32_h39_20260626_212915\01_valid_raw_and_ifft\mat,573,745,valid_folder,valid,27,0.001629161,1,Good
2108,D:\LSH\LSH\实验\聚焦信号分类实验\1\ROI_x729_y538_w32_h39_20260626_212915\01_valid_raw_and_ifft\mat\curve_r0573_c0746_idx001138.mat,D:\LSH\LSH\实验\聚焦信号分类实验\1\ROI_x729_y538_w32_h39_20260626_212915\01_valid_raw_and_ifft\mat,573,746,valid_folder,valid,27,0.001439061,1,Good
2109,D:\LSH\LSH\实验\聚焦信号分类实验\1\ROI_x729_y538_w32_h39_20260626_212915\01_valid_raw_and_ifft\mat\curve_r0573_c0747_idx001139.mat,D:\LSH\LSH\实验\聚焦信号分类实验\1\ROI_x729_y538_w32_h39_20260626_212915\01_valid_raw_and_ifft\mat,573,747,valid_folder,valid,27,0.001381572,1,Good
2110,D:\LSH\LSH\实验\聚焦信号分类实验\1\ROI_x729_y538_w32_h39_20260626_212915\01_valid_raw_and_ifft\mat\curve_r0573_c0749_idx001141.mat,D:\LSH\LSH\实验\聚焦信号分类实验\1\ROI_x729_y538_w32_h39_20260626_212915\01_valid_raw_and_ifft\mat,573,749,valid_folder,valid,26,0.004614454,1,Good
2111,D:\LSH\LSH\实验\聚焦信号分类实验\1\ROI_x729_y538_w32_h39_20260626_212915\01_valid_raw_and_ifft\mat\curve_r0573_c0750_idx001142.mat,D:\LSH\LSH\实验\聚焦信号分类实验\1\ROI_x729_y538_w32_h39_20260626_212915\01_valid_raw_and_ifft\mat,573,750,valid_folder,valid,26,0.009140357,1,Good
2112,D:\LSH\LSH\实验\聚焦信号分类实验\1\ROI_x729_y538_w32_h39_20260626_212915\01_valid_raw_and_ifft\mat\curve_r0573_c0751_idx001143.mat,D:\LSH\LSH\实验\聚焦信号分类实验\1\ROI_x729_y538_w32_h39_20260626_212915\01_valid_raw_and_ifft\mat,573,751,valid_folder,valid,26,0.01058261,1,Good
2113,D:\LSH\LSH\实验\聚焦信号分类实验\1\ROI_x729_y538_w32_h39_20260626_212915\01_valid_raw_and_ifft\mat\curve_r0573_c0752_idx001144.mat,D:\LSH\LSH\实验\聚焦信号分类实验\1\ROI_x729_y538_w32_h39_20260626_212915\01_valid_raw_and_ifft\mat,573,752,valid_folder,valid,26,0.005304396,1,Good
2114,D:\LSH\LSH\实验\聚焦信号分类实验\1\ROI_x729_y538_w32_h39_20260626_212915\01_valid_raw_and_ifft\mat\curve_r0573_c0753_idx001145.mat,D:\LSH\LSH\实验\聚焦信号分类实验\1\ROI_x729_y538_w32_h39_20260626_212915\01_valid_raw_and_ifft\mat,573,753,valid_folder,valid,25,0.011292747,1,Good
2115,D:\LSH\LSH\实验\聚焦信号分类实验\1\ROI_x729_y538_w32_h39_20260626_212915\01_valid_raw_and_ifft\mat\curve_r0573_c0754_idx001146.mat,D:\LSH\LSH\实验\聚焦信号分类实验\1\ROI_x729_y538_w32_h39_20260626_212915\01_valid_raw_and_ifft\mat,573,754,valid_folder,valid,25,0.023419407,1,Good
2116,D:\LSH\LSH\实验\聚焦信号分类实验\1\ROI_x729_y538_w32_h39_20260626_212915\01_valid_raw_and_ifft\mat\curve_r0573_c0755_idx001147.mat,D:\LSH\LSH\实验\聚焦信号分类实验\1\ROI_x729_y538_w32_h39_20260626_212915\01_valid_raw_and_ifft\mat,573,755,valid_folder,valid,25,0.030629595,1,Good
2117,D:\LSH\LSH\实验\聚焦信号分类实验\1\ROI_x729_y538_w32_h39_20260626_212915\01_valid_raw_and_ifft\mat\curve_r0573_c0756_idx001148.mat,D:\LSH\LSH\实验\聚焦信号分类实验\1\ROI_x729_y538_w32_h39_20260626_212915\01_valid_raw_and_ifft\mat,573,756,valid_folder,valid,25,0.02440664,1,Good
2118,D:\LSH\LSH\实验\聚焦信号分类实验\1\ROI_x729_y538_w32_h39_20260626_212915\01_valid_raw_and_ifft\mat\curve_r0573_c0757_idx001149.mat,D:\LSH\LSH\实验\聚焦信号分类实验\1\ROI_x729_y538_w32_h39_20260626_212915\01_valid_raw_and_ifft\mat,573,757,valid_folder,valid,25,0.031463747,1,Good
2119,D:\LSH\LSH\实验\聚焦信号分类实验\1\ROI_x729_y538_w32_h39_20260626_212915\01_valid_raw_and_ifft\mat\curve_r0573_c0758_idx001150.mat,D:\LSH\LSH\实验\聚焦信号分类实验\1\ROI_x729_y538_w32_h39_20260626_212915\01_valid_raw_and_ifft\mat,573,758,valid_folder,valid,25,0.031280066,1,Good
2120,D:\LSH\LSH\实验\聚焦信号分类实验\1\ROI_x729_y538_w32_h39_20260626_212915\01_valid_raw_and_ifft\mat\curve_r0573_c0759_idx001151.mat,D:\LSH\LSH\实验\聚焦信号分类实验\1\ROI_x729_y538_w32_h39_20260626_212915\01_valid_raw_and_ifft\mat,573,759,valid_folder,valid,25,0.015273958,1,Good
2121,D:\LSH\LSH\实验\聚焦信号分类实验\1\ROI_x729_y538_w32_h39_20260626_212915\01_valid_raw_and_ifft\mat\curve_r0573_c0760_idx001152.mat,D:\LSH\LSH\实验\聚焦信号分类实验\1\ROI_x729_y538_w32_h39_20260626_212915\01_valid_raw_and_ifft\mat,573,760,valid_folder,valid,25,0.004153171,1,Good
2122,D:\LSH\LSH\实验\聚焦信号分类实验\1\ROI_x729_y538_w32_h39_20260626_212915\01_valid_raw_and_ifft\mat\curve_r0574_c0736_idx001160.mat,D:\LSH\LSH\实验\聚焦信号分类实验\1\ROI_x729_y538_w32_h39_20260626_212915\01_valid_raw_and_ifft\mat,574,736,valid_folder,valid,28,0.004240211,1,Good
2123,D:\LSH\LSH\实验\聚焦信号分类实验\1\ROI_x729_y538_w32_h39_20260626_212915\01_valid_raw_and_ifft\mat\curve_r0574_c0737_idx001161.mat,D:\LSH\LSH\实验\聚焦信号分类实验\1\ROI_x729_y538_w32_h39_20260626_212915\01_valid_raw_and_ifft\mat,574,737,valid_folder,valid,29,0.003499464,1,Good
2124,D:\LSH\LSH\实验\聚焦信号分类实验\1\ROI_x729_y538_w32_h39_20260626_212915\01_valid_raw_and_ifft\mat\curve_r0574_c0738_idx001162.mat,D:\LSH\LSH\实验\聚焦信号分类实验\1\ROI_x729_y538_w32_h39_20260626_212915\01_valid_raw_and_ifft\mat,574,738,valid_folder,valid,28,0.006669663,1,Good
2125,D:\LSH\LSH\实验\聚焦信号分类实验\1\ROI_x729_y538_w32_h39_20260626_212915\01_valid_raw_and_ifft\mat\curve_r0574_c0739_idx001163.mat,D:\LSH\LSH\实验\聚焦信号分类实验\1\ROI_x729_y538_w32_h39_20260626_212915\01_valid_raw_and_ifft\mat,574,739,valid_folder,valid,28,0.009251308,1,Good
2126,D:\LSH\LSH\实验\聚焦信号分类实验\1\ROI_x729_y538_w32_h39_20260626_212915\01_valid_raw_and_ifft\mat\curve_r0574_c0740_idx001164.mat,D:\LSH\LSH\实验\聚焦信号分类实验\1\ROI_x729_y538_w32_h39_20260626_212915\01_valid_raw_and_ifft\mat,574,740,valid_folder,valid,27,0.01942477,1,Good
2127,D:\LSH\LSH\实验\聚焦信号分类实验\1\ROI_x729_y538_w32_h39_20260626_212915\01_valid_raw_and_ifft\mat\curve_r0574_c0741_idx001165.mat,D:\LSH\LSH\实验\聚焦信号分类实验\1\ROI_x729_y538_w32_h39_20260626_212915\01_valid_raw_and_ifft\mat,574,741,valid_folder,valid,27,0.022360135,1,Good
2128,D:\LSH\LSH\实验\聚焦信号分类实验\1\ROI_x729_y538_w32_h39_20260626_212915\01_valid_raw_and_ifft\mat\curve_r0574_c0742_idx001166.mat,D:\LSH\LSH\实验\聚焦信号分类实验\1\ROI_x729_y538_w32_h39_20260626_212915\01_valid_raw_and_ifft\mat,574,742,valid_folder,valid,27,0.019999495,1,Good
2129,D:\LSH\LSH\实验\聚焦信号分类实验\1\ROI_x729_y538_w32_h39_20260626_212915\01_valid_raw_and_ifft\mat\curve_r0574_c0743_idx001167.mat,D:\LSH\LSH\实验\聚焦信号分类实验\1\ROI_x729_y538_w32_h39_20260626_212915\01_valid_raw_and_ifft\mat,574,743,valid_folder,valid,27,0.007784805,1,Good
2130,D:\LSH\LSH\实验\聚焦信号分类实验\1\ROI_x729_y538_w32_h39_20260626_212915\01_valid_raw_and_ifft\mat\curve_r0574_c0744_idx001168.mat,D:\LSH\LSH\实验\聚焦信号分类实验\1\ROI_x729_y538_w32_h39_20260626_212915\01_valid_raw_and_ifft\mat,574,744,valid_folder,valid,27,0.002554262,1,Good
2131,D:\LSH\LSH\实验\聚焦信号分类实验\1\ROI_x729_y538_w32_h39_20260626_212915\01_valid_raw_and_ifft\mat\curve_r0574_c0745_idx001169.mat,D:\LSH\LSH\实验\聚焦信号分类实验\1\ROI_x729_y538_w32_h39_20260626_212915\01_valid_raw_and_ifft\mat,574,745,valid_folder,valid,27,0.001671222,1,Good
2132,D:\LSH\LSH\实验\聚焦信号分类实验\1\ROI_x729_y538_w32_h39_20260626_212915\01_valid_raw_and_ifft\mat\curve_r0574_c0746_idx001170.mat,D:\LSH\LSH\实验\聚焦信号分类实验\1\ROI_x729_y538_w32_h39_20260626_212915\01_valid_raw_and_ifft\mat,574,746,valid_folder,valid,27,0.001539768,1,Good
2133,D:\LSH\LSH\实验\聚焦信号分类实验\1\ROI_x729_y538_w32_h39_20260626_212915\01_valid_raw_and_ifft\mat\curve_r0574_c0747_idx001171.mat,D:\LSH\LSH\实验\聚焦信号分类实验\1\ROI_x729_y538_w32_h39_20260626_212915\01_valid_raw_and_ifft\mat,574,747,valid_folder,valid,27,0.001671904,1,Good
2134,D:\LSH\LSH\实验\聚焦信号分类实验\1\ROI_x729_y538_w32_h39_20260626_212915\01_valid_raw_and_ifft\mat\curve_r0574_c0748_idx001172.mat,D:\LSH\LSH\实验\聚焦信号分类实验\1\ROI_x729_y538_w32_h39_20260626_212915\01_valid_raw_and_ifft\mat,574,748,valid_folder,valid,27,0.001231282,1,Good
2135,D:\LSH\LSH\实验\聚焦信号分类实验\1\ROI_x729_y538_w32_h39_20260626_212915\01_valid_raw_and_ifft\mat\curve_r0574_c0749_idx001173.mat,D:\LSH\LSH\实验\聚焦信号分类实验\1\ROI_x729_y538_w32_h39_20260626_212915\01_valid_raw_and_ifft\mat,574,749,valid_folder,valid,25,0.002269741,1,Good
2136,D:\LSH\LSH\实验\聚焦信号分类实验\1\ROI_x729_y538_w32_h39_20260626_212915\01_valid_raw_and_ifft\mat\curve_r0574_c0750_idx001174.mat,D:\LSH\LSH\实验\聚焦信号分类实验\1\ROI_x729_y538_w32_h39_20260626_212915\01_valid_raw_and_ifft\mat,574,750,valid_folder,valid,25,0.00521974,1,Good
2137,D:\LSH\LSH\实验\聚焦信号分类实验\1\ROI_x729_y538_w32_h39_20260626_212915\01_valid_raw_and_ifft\mat\curve_r0574_c0751_idx001175.mat,D:\LSH\LSH\实验\聚焦信号分类实验\1\ROI_x729_y538_w32_h39_20260626_212915\01_valid_raw_and_ifft\mat,574,751,valid_folder,valid,25,0.006037773,1,Good
2138,D:\LSH\LSH\实验\聚焦信号分类实验\1\ROI_x729_y538_w32_h39_20260626_212915\01_valid_raw_and_ifft\mat\curve_r0574_c0752_idx001176.mat,D:\LSH\LSH\实验\聚焦信号分类实验\1\ROI_x729_y538_w32_h39_20260626_212915\01_valid_raw_and_ifft\mat,574,752,valid_folder,valid,25,0.004251338,1,Good
2139,D:\LSH\LSH\实验\聚焦信号分类实验\1\ROI_x729_y538_w32_h39_20260626_212915\01_valid_raw_and_ifft\mat\curve_r0574_c0753_idx001177.mat,D:\LSH\LSH\实验\聚焦信号分类实验\1\ROI_x729_y538_w32_h39_20260626_212915\01_valid_raw_and_ifft\mat,574,753,valid_folder,valid,25,0.0177006,1,Good
2140,D:\LSH\LSH\实验\聚焦信号分类实验\1\ROI_x729_y538_w32_h39_20260626_212915\01_valid_raw_and_ifft\mat\curve_r0574_c0754_idx001178.mat,D:\LSH\LSH\实验\聚焦信号分类实验\1\ROI_x729_y538_w32_h39_20260626_212915\01_valid_raw_and_ifft\mat,574,754,valid_folder,valid,25,0.028629035,1,Good
2141,D:\LSH\LSH\实验\聚焦信号分类实验\1\ROI_x729_y538_w32_h39_20260626_212915\01_valid_raw_and_ifft\mat\curve_r0574_c0755_idx001179.mat,D:\LSH\LSH\实验\聚焦信号分类实验\1\ROI_x729_y538_w32_h39_20260626_212915\01_valid_raw_and_ifft\mat,574,755,valid_folder,valid,25,0.043735298,1,Good
2142,D:\LSH\LSH\实验\聚焦信号分类实验\1\ROI_x729_y538_w32_h39_20260626_212915\01_valid_raw_and_ifft\mat\curve_r0574_c0756_idx001180.mat,D:\LSH\LSH\实验\聚焦信号分类实验\1\ROI_x729_y538_w32_h39_20260626_212915\01_valid_raw_and_ifft\mat,574,756,valid_folder,valid,25,0.024183301,1,Good
2143,D:\LSH\LSH\实验\聚焦信号分类实验\1\ROI_x729_y538_w32_h39_20260626_212915\01_valid_raw_and_ifft\mat\curve_r0574_c0757_idx001181.mat,D:\LSH\LSH\实验\聚焦信号分类实验\1\ROI_x729_y538_w32_h39_20260626_212915\01_valid_raw_and_ifft\mat,574,757,valid_folder,valid,25,0.030222569,1,Good
2144,D:\LSH\LSH\实验\聚焦信号分类实验\1\ROI_x729_y538_w32_h39_20260626_212915\01_valid_raw_and_ifft\mat\curve_r0574_c0758_idx001182.mat,D:\LSH\LSH\实验\聚焦信号分类实验\1\ROI_x729_y538_w32_h39_20260626_212915\01_valid_raw_and_ifft\mat,574,758,valid_folder,valid,25,0.025747382,1,Good
2145,D:\LSH\LSH\实验\聚焦信号分类实验\1\ROI_x729_y538_w32_h39_20260626_212915\01_valid_raw_and_ifft\mat\curve_r0574_c0759_idx001183.mat,D:\LSH\LSH\实验\聚焦信号分类实验\1\ROI_x729_y538_w32_h39_20260626_212915\01_valid_raw_and_ifft\mat,574,759,valid_folder,valid,25,0.016958788,1,Good
2146,D:\LSH\LSH\实验\聚焦信号分类实验\1\ROI_x729_y538_w32_h39_20260626_212915\01_valid_raw_and_ifft\mat\curve_r0574_c0760_idx001184.mat,D:\LSH\LSH\实验\聚焦信号分类实验\1\ROI_x729_y538_w32_h39_20260626_212915\01_valid_raw_and_ifft\mat,574,760,valid_folder,valid,24,0.020192773,1,Good
2147,D:\LSH\LSH\实验\聚焦信号分类实验\1\ROI_x729_y538_w32_h39_20260626_212915\01_valid_raw_and_ifft\mat\curve_r0575_c0729_idx001185.mat,D:\LSH\LSH\实验\聚焦信号分类实验\1\ROI_x729_y538_w32_h39_20260626_212915\01_valid_raw_and_ifft\mat,575,729,valid_folder,valid,30,0.001012356,1,Good
2148,D:\LSH\LSH\实验\聚焦信号分类实验\1\ROI_x729_y538_w32_h39_20260626_212915\01_valid_raw_and_ifft\mat\curve_r0575_c0737_idx001193.mat,D:\LSH\LSH\实验\聚焦信号分类实验\1\ROI_x729_y538_w32_h39_20260626_212915\01_valid_raw_and_ifft\mat,575,737,valid_folder,valid,29,0.002421052,1,Good
2149,D:\LSH\LSH\实验\聚焦信号分类实验\1\ROI_x729_y538_w32_h39_20260626_212915\01_valid_raw_and_ifft\mat\curve_r0575_c0738_idx001194.mat,D:\LSH\LSH\实验\聚焦信号分类实验\1\ROI_x729_y538_w32_h39_20260626_212915\01_valid_raw_and_ifft\mat,575,738,valid_folder,valid,27,0.00182014,1,Good
2150,D:\LSH\LSH\实验\聚焦信号分类实验\1\ROI_x729_y538_w32_h39_20260626_212915\01_valid_raw_and_ifft\mat\curve_r0575_c0739_idx001195.mat,D:\LSH\LSH\实验\聚焦信号分类实验\1\ROI_x729_y538_w32_h39_20260626_212915\01_valid_raw_and_ifft\mat,575,739,valid_folder,valid,28,0.005462817,1,Good
2151,D:\LSH\LSH\实验\聚焦信号分类实验\1\ROI_x729_y538_w32_h39_20260626_212915\01_valid_raw_and_ifft\mat\curve_r0575_c0740_idx001196.mat,D:\LSH\LSH\实验\聚焦信号分类实验\1\ROI_x729_y538_w32_h39_20260626_212915\01_valid_raw_and_ifft\mat,575,740,valid_folder,valid,28,0.008155958,1,Good
2152,D:\LSH\LSH\实验\聚焦信号分类实验\1\ROI_x729_y538_w32_h39_20260626_212915\01_valid_raw_and_ifft\mat\curve_r0575_c0741_idx001197.mat,D:\LSH\LSH\实验\聚焦信号分类实验\1\ROI_x729_y538_w32_h39_20260626_212915\01_valid_raw_and_ifft\mat,575,741,valid_folder,valid,27,0.017866563,1,Good
2153,D:\LSH\LSH\实验\聚焦信号分类实验\1\ROI_x729_y538_w32_h39_20260626_212915\01_valid_raw_and_ifft\mat\curve_r0575_c0742_idx001198.mat,D:\LSH\LSH\实验\聚焦信号分类实验\1\ROI_x729_y538_w32_h39_20260626_212915\01_valid_raw_and_ifft\mat,575,742,valid_folder,valid,27,0.014574624,1,Good
2154,D:\LSH\LSH\实验\聚焦信号分类实验\1\ROI_x729_y538_w32_h39_20260626_212915\01_valid_raw_and_ifft\mat\curve_r0575_c0743_idx001199.mat,D:\LSH\LSH\实验\聚焦信号分类实验\1\ROI_x729_y538_w32_h39_20260626_212915\01_valid_raw_and_ifft\mat,575,743,valid_folder,valid,27,0.011961108,1,Good
2155,D:\LSH\LSH\实验\聚焦信号分类实验\1\ROI_x729_y538_w32_h39_20260626_212915\01_valid_raw_and_ifft\mat\curve_r0575_c0744_idx001200.mat,D:\LSH\LSH\实验\聚焦信号分类实验\1\ROI_x729_y538_w32_h39_20260626_212915\01_valid_raw_and_ifft\mat,575,744,valid_folder,valid,26,0.003096082,1,Good
2156,D:\LSH\LSH\实验\聚焦信号分类实验\1\ROI_x729_y538_w32_h39_20260626_212915\01_valid_raw_and_ifft\mat\curve_r0575_c0745_idx001201.mat,D:\LSH\LSH\实验\聚焦信号分类实验\1\ROI_x729_y538_w32_h39_20260626_212915\01_valid_raw_and_ifft\mat,575,745,valid_folder,valid,27,0.000967946,1,Good
2157,D:\LSH\LSH\实验\聚焦信号分类实验\1\ROI_x729_y538_w32_h39_20260626_212915\01_valid_raw_and_ifft\mat\curve_r0575_c0747_idx001203.mat,D:\LSH\LSH\实验\聚焦信号分类实验\1\ROI_x729_y538_w32_h39_20260626_212915\01_valid_raw_and_ifft\mat,575,747,valid_folder,valid,27,0.001280488,1,Good
2158,D:\LSH\LSH\实验\聚焦信号分类实验\1\ROI_x729_y538_w32_h39_20260626_212915\01_valid_raw_and_ifft\mat\curve_r0575_c0748_idx001204.mat,D:\LSH\LSH\实验\聚焦信号分类实验\1\ROI_x729_y538_w32_h39_20260626_212915\01_valid_raw_and_ifft\mat,575,748,valid_folder,valid,27,0.001512968,1,Good
2159,D:\LSH\LSH\实验\聚焦信号分类实验\1\ROI_x729_y538_w32_h39_20260626_212915\01_valid_raw_and_ifft\mat\curve_r0575_c0749_idx001205.mat,D:\LSH\LSH\实验\聚焦信号分类实验\1\ROI_x729_y538_w32_h39_20260626_212915\01_valid_raw_and_ifft\mat,575,749,valid_folder,valid,27,0.001959632,1,Good
2160,D:\LSH\LSH\实验\聚焦信号分类实验\1\ROI_x729_y538_w32_h39_20260626_212915\01_valid_raw_and_ifft\mat\curve_r0575_c0750_idx001206.mat,D:\LSH\LSH\实验\聚焦信号分类实验\1\ROI_x729_y538_w32_h39_20260626_212915\01_valid_raw_and_ifft\mat,575,750,valid_folder,valid,27,0.002674379,1,Good
2161,D:\LSH\LSH\实验\聚焦信号分类实验\1\ROI_x729_y538_w32_h39_20260626_212915\01_valid_raw_and_ifft\mat\curve_r0575_c0751_idx001207.mat,D:\LSH\LSH\实验\聚焦信号分类实验\1\ROI_x729_y538_w32_h39_20260626_212915\01_valid_raw_and_ifft\mat,575,751,valid_folder,valid,27,0.002496185,1,Good
2162,D:\LSH\LSH\实验\聚焦信号分类实验\1\ROI_x729_y538_w32_h39_20260626_212915\01_valid_raw_and_ifft\mat\curve_r0575_c0752_idx001208.mat,D:\LSH\LSH\实验\聚焦信号分类实验\1\ROI_x729_y538_w32_h39_20260626_212915\01_valid_raw_and_ifft\mat,575,752,valid_folder,valid,25,0.003285363,1,Good
2163,D:\LSH\LSH\实验\聚焦信号分类实验\1\ROI_x729_y538_w32_h39_20260626_212915\01_valid_raw_and_ifft\mat\curve_r0575_c0753_idx001209.mat,D:\LSH\LSH\实验\聚焦信号分类实验\1\ROI_x729_y538_w32_h39_20260626_212915\01_valid_raw_and_ifft\mat,575,753,valid_folder,valid,25,0.018466308,1,Good
2164,D:\LSH\LSH\实验\聚焦信号分类实验\1\ROI_x729_y538_w32_h39_20260626_212915\01_valid_raw_and_ifft\mat\curve_r0575_c0754_idx001210.mat,D:\LSH\LSH\实验\聚焦信号分类实验\1\ROI_x729_y538_w32_h39_20260626_212915\01_valid_raw_and_ifft\mat,575,754,valid_folder,valid,25,0.029227868,1,Good
2165,D:\LSH\LSH\实验\聚焦信号分类实验\1\ROI_x729_y538_w32_h39_20260626_212915\01_valid_raw_and_ifft\mat\curve_r0575_c0755_idx001211.mat,D:\LSH\LSH\实验\聚焦信号分类实验\1\ROI_x729_y538_w32_h39_20260626_212915\01_valid_raw_and_ifft\mat,575,755,valid_folder,valid,25,0.035459591,1,Good
2166,D:\LSH\LSH\实验\聚焦信号分类实验\1\ROI_x729_y538_w32_h39_20260626_212915\01_valid_raw_and_ifft\mat\curve_r0575_c0756_idx001212.mat,D:\LSH\LSH\实验\聚焦信号分类实验\1\ROI_x729_y538_w32_h39_20260626_212915\01_valid_raw_and_ifft\mat,575,756,valid_folder,valid,25,0.011568279,1,Good
2167,D:\LSH\LSH\实验\聚焦信号分类实验\1\ROI_x729_y538_w32_h39_20260626_212915\01_valid_raw_and_ifft\mat\curve_r0575_c0757_idx001213.mat,D:\LSH\LSH\实验\聚焦信号分类实验\1\ROI_x729_y538_w32_h39_20260626_212915\01_valid_raw_and_ifft\mat,575,757,valid_folder,valid,25,0.00831362,1,Good
2168,D:\LSH\LSH\实验\聚焦信号分类实验\1\ROI_x729_y538_w32_h39_20260626_212915\01_valid_raw_and_ifft\mat\curve_r0575_c0758_idx001214.mat,D:\LSH\LSH\实验\聚焦信号分类实验\1\ROI_x729_y538_w32_h39_20260626_212915\01_valid_raw_and_ifft\mat,575,758,valid_folder,valid,24,0.00710597,1,Good
2169,D:\LSH\LSH\实验\聚焦信号分类实验\1\ROI_x729_y538_w32_h39_20260626_212915\01_valid_raw_and_ifft\mat\curve_r0575_c0759_idx001215.mat,D:\LSH\LSH\实验\聚焦信号分类实验\1\ROI_x729_y538_w32_h39_20260626_212915\01_valid_raw_and_ifft\mat,575,759,valid_folder,valid,23,0.016058791,1,Good
2170,D:\LSH\LSH\实验\聚焦信号分类实验\1\ROI_x729_y538_w32_h39_20260626_212915\01_valid_raw_and_ifft\mat\curve_r0575_c0760_idx001216.mat,D:\LSH\LSH\实验\聚焦信号分类实验\1\ROI_x729_y538_w32_h39_20260626_212915\01_valid_raw_and_ifft\mat,575,760,valid_folder,valid,24,0.02947608,1,Good
2171,D:\LSH\LSH\实验\聚焦信号分类实验\1\ROI_x729_y538_w32_h39_20260626_212915\01_valid_raw_and_ifft\mat\curve_r0576_c0729_idx001217.mat,D:\LSH\LSH\实验\聚焦信号分类实验\1\ROI_x729_y538_w32_h39_20260626_212915\01_valid_raw_and_ifft\mat,576,729,valid_folder,valid,29,0.001916237,1,Good
2172,D:\LSH\LSH\实验\聚焦信号分类实验\1\ROI_x729_y538_w32_h39_20260626_212915\01_valid_raw_and_ifft\mat\curve_r0576_c0737_idx001225.mat,D:\LSH\LSH\实验\聚焦信号分类实验\1\ROI_x729_y538_w32_h39_20260626_212915\01_valid_raw_and_ifft\mat,576,737,valid_folder,valid,30,0.00130384,1,Good
2173,D:\LSH\LSH\实验\聚焦信号分类实验\1\ROI_x729_y538_w32_h39_20260626_212915\01_valid_raw_and_ifft\mat\curve_r0576_c0738_idx001226.mat,D:\LSH\LSH\实验\聚焦信号分类实验\1\ROI_x729_y538_w32_h39_20260626_212915\01_valid_raw_and_ifft\mat,576,738,valid_folder,valid,25,0.000945633,1,Good
2174,D:\LSH\LSH\实验\聚焦信号分类实验\1\ROI_x729_y538_w32_h39_20260626_212915\01_valid_raw_and_ifft\mat\curve_r0576_c0739_idx001227.mat,D:\LSH\LSH\实验\聚焦信号分类实验\1\ROI_x729_y538_w32_h39_20260626_212915\01_valid_raw_and_ifft\mat,576,739,valid_folder,valid,27,0.002824733,1,Good
2175,D:\LSH\LSH\实验\聚焦信号分类实验\1\ROI_x729_y538_w32_h39_20260626_212915\01_valid_raw_and_ifft\mat\curve_r0576_c0740_idx001228.mat,D:\LSH\LSH\实验\聚焦信号分类实验\1\ROI_x729_y538_w32_h39_20260626_212915\01_valid_raw_and_ifft\mat,576,740,valid_folder,valid,29,0.003968715,1,Good
2176,D:\LSH\LSH\实验\聚焦信号分类实验\1\ROI_x729_y538_w32_h39_20260626_212915\01_valid_raw_and_ifft\mat\curve_r0576_c0741_idx001229.mat,D:\LSH\LSH\实验\聚焦信号分类实验\1\ROI_x729_y538_w32_h39_20260626_212915\01_valid_raw_and_ifft\mat,576,741,valid_folder,valid,27,0.01205898,1,Good
2177,D:\LSH\LSH\实验\聚焦信号分类实验\1\ROI_x729_y538_w32_h39_20260626_212915\01_valid_raw_and_ifft\mat\curve_r0576_c0742_idx001230.mat,D:\LSH\LSH\实验\聚焦信号分类实验\1\ROI_x729_y538_w32_h39_20260626_212915\01_valid_raw_and_ifft\mat,576,742,valid_folder,valid,27,0.010862556,1,Good
2178,D:\LSH\LSH\实验\聚焦信号分类实验\1\ROI_x729_y538_w32_h39_20260626_212915\01_valid_raw_and_ifft\mat\curve_r0576_c0743_idx001231.mat,D:\LSH\LSH\实验\聚焦信号分类实验\1\ROI_x729_y538_w32_h39_20260626_212915\01_valid_raw_and_ifft\mat,576,743,valid_folder,valid,27,0.012042503,1,Good
2179,D:\LSH\LSH\实验\聚焦信号分类实验\1\ROI_x729_y538_w32_h39_20260626_212915\01_valid_raw_and_ifft\mat\curve_r0576_c0744_idx001232.mat,D:\LSH\LSH\实验\聚焦信号分类实验\1\ROI_x729_y538_w32_h39_20260626_212915\01_valid_raw_and_ifft\mat,576,744,valid_folder,valid,26,0.002893697,1,Good
2180,D:\LSH\LSH\实验\聚焦信号分类实验\1\ROI_x729_y538_w32_h39_20260626_212915\01_valid_raw_and_ifft\mat\curve_r0576_c0745_idx001233.mat,D:\LSH\LSH\实验\聚焦信号分类实验\1\ROI_x729_y538_w32_h39_20260626_212915\01_valid_raw_and_ifft\mat,576,745,valid_folder,valid,25,0.000677737,1,Good
2181,D:\LSH\LSH\实验\聚焦信号分类实验\1\ROI_x729_y538_w32_h39_20260626_212915\01_valid_raw_and_ifft\mat\curve_r0576_c0746_idx001234.mat,D:\LSH\LSH\实验\聚焦信号分类实验\1\ROI_x729_y538_w32_h39_20260626_212915\01_valid_raw_and_ifft\mat,576,746,valid_folder,valid,27,0.001162539,1,Good
2182,D:\LSH\LSH\实验\聚焦信号分类实验\1\ROI_x729_y538_w32_h39_20260626_212915\01_valid_raw_and_ifft\mat\curve_r0576_c0747_idx001235.mat,D:\LSH\LSH\实验\聚焦信号分类实验\1\ROI_x729_y538_w32_h39_20260626_212915\01_valid_raw_and_ifft\mat,576,747,valid_folder,valid,26,0.001448295,1,Good
2183,D:\LSH\LSH\实验\聚焦信号分类实验\1\ROI_x729_y538_w32_h39_20260626_212915\01_valid_raw_and_ifft\mat\curve_r0576_c0748_idx001236.mat,D:\LSH\LSH\实验\聚焦信号分类实验\1\ROI_x729_y538_w32_h39_20260626_212915\01_valid_raw_and_ifft\mat,576,748,valid_folder,valid,24,0.003212133,1,Good
2184,D:\LSH\LSH\实验\聚焦信号分类实验\1\ROI_x729_y538_w32_h39_20260626_212915\01_valid_raw_and_ifft\mat\curve_r0576_c0749_idx001237.mat,D:\LSH\LSH\实验\聚焦信号分类实验\1\ROI_x729_y538_w32_h39_20260626_212915\01_valid_raw_and_ifft\mat,576,749,valid_folder,valid,26,0.011050577,1,Good
2185,D:\LSH\LSH\实验\聚焦信号分类实验\1\ROI_x729_y538_w32_h39_20260626_212915\01_valid_raw_and_ifft\mat\curve_r0576_c0750_idx001238.mat,D:\LSH\LSH\实验\聚焦信号分类实验\1\ROI_x729_y538_w32_h39_20260626_212915\01_valid_raw_and_ifft\mat,576,750,valid_folder,valid,26,0.013583536,1,Good
2186,D:\LSH\LSH\实验\聚焦信号分类实验\1\ROI_x729_y538_w32_h39_20260626_212915\01_valid_raw_and_ifft\mat\curve_r0576_c0751_idx001239.mat,D:\LSH\LSH\实验\聚焦信号分类实验\1\ROI_x729_y538_w32_h39_20260626_212915\01_valid_raw_and_ifft\mat,576,751,valid_folder,valid,26,0.011039514,1,Good
2187,D:\LSH\LSH\实验\聚焦信号分类实验\1\ROI_x729_y538_w32_h39_20260626_212915\01_valid_raw_and_ifft\mat\curve_r0576_c0752_idx001240.mat,D:\LSH\LSH\实验\聚焦信号分类实验\1\ROI_x729_y538_w32_h39_20260626_212915\01_valid_raw_and_ifft\mat,576,752,valid_folder,valid,25,0.002022206,1,Good
2188,D:\LSH\LSH\实验\聚焦信号分类实验\1\ROI_x729_y538_w32_h39_20260626_212915\01_valid_raw_and_ifft\mat\curve_r0576_c0753_idx001241.mat,D:\LSH\LSH\实验\聚焦信号分类实验\1\ROI_x729_y538_w32_h39_20260626_212915\01_valid_raw_and_ifft\mat,576,753,valid_folder,valid,25,0.004499069,1,Good
2189,D:\LSH\LSH\实验\聚焦信号分类实验\1\ROI_x729_y538_w32_h39_20260626_212915\01_valid_raw_and_ifft\mat\curve_r0576_c0754_idx001242.mat,D:\LSH\LSH\实验\聚焦信号分类实验\1\ROI_x729_y538_w32_h39_20260626_212915\01_valid_raw_and_ifft\mat,576,754,valid_folder,valid,25,0.008280356,1,Good
2190,D:\LSH\LSH\实验\聚焦信号分类实验\1\ROI_x729_y538_w32_h39_20260626_212915\01_valid_raw_and_ifft\mat\curve_r0576_c0755_idx001243.mat,D:\LSH\LSH\实验\聚焦信号分类实验\1\ROI_x729_y538_w32_h39_20260626_212915\01_valid_raw_and_ifft\mat,576,755,valid_folder,valid,25,0.011296362,1,Good
2191,D:\LSH\LSH\实验\聚焦信号分类实验\1\ROI_x729_y538_w32_h39_20260626_212915\01_valid_raw_and_ifft\mat\curve_r0576_c0756_idx001244.mat,D:\LSH\LSH\实验\聚焦信号分类实验\1\ROI_x729_y538_w32_h39_20260626_212915\01_valid_raw_and_ifft\mat,576,756,valid_folder,valid,25,0.010021803,1,Good
2192,D:\LSH\LSH\实验\聚焦信号分类实验\1\ROI_x729_y538_w32_h39_20260626_212915\01_valid_raw_and_ifft\mat\curve_r0576_c0757_idx001245.mat,D:\LSH\LSH\实验\聚焦信号分类实验\1\ROI_x729_y538_w32_h39_20260626_212915\01_valid_raw_and_ifft\mat,576,757,valid_folder,valid,25,0.005313782,1,Good
2193,D:\LSH\LSH\实验\聚焦信号分类实验\1\ROI_x729_y538_w32_h39_20260626_212915\01_valid_raw_and_ifft\mat\curve_r0576_c0758_idx001246.mat,D:\LSH\LSH\实验\聚焦信号分类实验\1\ROI_x729_y538_w32_h39_20260626_212915\01_valid_raw_and_ifft\mat,576,758,valid_folder,valid,24,0.00535909,1,Good
2194,D:\LSH\LSH\实验\聚焦信号分类实验\1\ROI_x729_y538_w32_h39_20260626_212915\01_valid_raw_and_ifft\mat\curve_r0576_c0759_idx001247.mat,D:\LSH\LSH\实验\聚焦信号分类实验\1\ROI_x729_y538_w32_h39_20260626_212915\01_valid_raw_and_ifft\mat,576,759,valid_folder,valid,23,0.015677261,1,Good
2195,D:\LSH\LSH\实验\聚焦信号分类实验\1\ROI_x729_y538_w32_h39_20260626_212915\01_valid_raw_and_ifft\mat\curve_r0576_c0760_idx001248.mat,D:\LSH\LSH\实验\聚焦信号分类实验\1\ROI_x729_y538_w32_h39_20260626_212915\01_valid_raw_and_ifft\mat,576,760,valid_folder,valid,24,0.030062378,1,Good
2196,D:\LSH\LSH\实验\聚焦信号分类实验\1\ROI_x729_y538_w32_h39_20260626_212915\02_invalid_raw_only\mat\curve_r0555_c0744_idx000560.mat,D:\LSH\LSH\实验\聚焦信号分类实验\1\ROI_x729_y538_w32_h39_20260626_212915\02_invalid_raw_only\mat,555,744,valid_folder,invalid,28,0.001463061,0,Bad
2197,D:\LSH\LSH\实验\聚焦信号分类实验\1\ROI_x729_y538_w32_h39_20260626_212915\02_invalid_raw_only\mat\curve_r0555_c0745_idx000561.mat,D:\LSH\LSH\实验\聚焦信号分类实验\1\ROI_x729_y538_w32_h39_20260626_212915\02_invalid_raw_only\mat,555,745,valid_folder,invalid,28,0.001110508,0,Bad
2198,D:\LSH\LSH\实验\聚焦信号分类实验\1\ROI_x729_y538_w32_h39_20260626_212915\02_invalid_raw_only\mat\curve_r0556_c0738_idx000586.mat,D:\LSH\LSH\实验\聚焦信号分类实验\1\ROI_x729_y538_w32_h39_20260626_212915\02_invalid_raw_only\mat,556,738,valid_folder,invalid,26,0.000856804,1,Good
2199,D:\LSH\LSH\实验\聚焦信号分类实验\1\ROI_x729_y538_w32_h39_20260626_212915\02_invalid_raw_only\mat\curve_r0556_c0744_idx000592.mat,D:\LSH\LSH\实验\聚焦信号分类实验\1\ROI_x729_y538_w32_h39_20260626_212915\02_invalid_raw_only\mat,556,744,valid_folder,invalid,28,0.000941406,1,Good
2200,D:\LSH\LSH\实验\聚焦信号分类实验\1\ROI_x729_y538_w32_h39_20260626_212915\02_invalid_raw_only\mat\curve_r0556_c0745_idx000593.mat,D:\LSH\LSH\实验\聚焦信号分类实验\1\ROI_x729_y538_w32_h39_20260626_212915\02_invalid_raw_only\mat,556,745,valid_folder,invalid,28,0.001075827,1,Good
2201,D:\LSH\LSH\实验\聚焦信号分类实验\1\ROI_x729_y538_w32_h39_20260626_212915\02_invalid_raw_only\mat\curve_r0557_c0738_idx000618.mat,D:\LSH\LSH\实验\聚焦信号分类实验\1\ROI_x729_y538_w32_h39_20260626_212915\02_invalid_raw_only\mat,557,738,valid_folder,invalid,28,0.000683818,0,Bad
2202,D:\LSH\LSH\实验\聚焦信号分类实验\1\ROI_x729_y538_w32_h39_20260626_212915\02_invalid_raw_only\mat\curve_r0557_c0744_idx000624.mat,D:\LSH\LSH\实验\聚焦信号分类实验\1\ROI_x729_y538_w32_h39_20260626_212915\02_invalid_raw_only\mat,557,744,valid_folder,invalid,28,0.001045354,1,Good
2203,D:\LSH\LSH\实验\聚焦信号分类实验\1\ROI_x729_y538_w32_h39_20260626_212915\02_invalid_raw_only\mat\curve_r0557_c0745_idx000625.mat,D:\LSH\LSH\实验\聚焦信号分类实验\1\ROI_x729_y538_w32_h39_20260626_212915\02_invalid_raw_only\mat,557,745,valid_folder,invalid,28,0.001327884,1,Good
2204,D:\LSH\LSH\实验\聚焦信号分类实验\1\ROI_x729_y538_w32_h39_20260626_212915\02_invalid_raw_only\mat\curve_r0557_c0746_idx000626.mat,D:\LSH\LSH\实验\聚焦信号分类实验\1\ROI_x729_y538_w32_h39_20260626_212915\02_invalid_raw_only\mat,557,746,valid_folder,invalid,27,0.001648262,1,Good
2205,D:\LSH\LSH\实验\聚焦信号分类实验\1\ROI_x729_y538_w32_h39_20260626_212915\02_invalid_raw_only\mat\curve_r0561_c0729_idx000737.mat,D:\LSH\LSH\实验\聚焦信号分类实验\1\ROI_x729_y538_w32_h39_20260626_212915\02_invalid_raw_only\mat,561,729,valid_folder,invalid,30,0.001532186,1,Good
2206,D:\LSH\LSH\实验\聚焦信号分类实验\1\ROI_x729_y538_w32_h39_20260626_212915\02_invalid_raw_only\mat\curve_r0561_c0730_idx000738.mat,D:\LSH\LSH\实验\聚焦信号分类实验\1\ROI_x729_y538_w32_h39_20260626_212915\02_invalid_raw_only\mat,561,730,valid_folder,invalid,30,0.001577974,1,Good
2207,D:\LSH\LSH\实验\聚焦信号分类实验\1\ROI_x729_y538_w32_h39_20260626_212915\02_invalid_raw_only\mat\curve_r0561_c0739_idx000747.mat,D:\LSH\LSH\实验\聚焦信号分类实验\1\ROI_x729_y538_w32_h39_20260626_212915\02_invalid_raw_only\mat,561,739,valid_folder,invalid,29,0.002166425,1,Good
2208,D:\LSH\LSH\实验\聚焦信号分类实验\1\ROI_x729_y538_w32_h39_20260626_212915\02_invalid_raw_only\mat\curve_r0561_c0740_idx000748.mat,D:\LSH\LSH\实验\聚焦信号分类实验\1\ROI_x729_y538_w32_h39_20260626_212915\02_invalid_raw_only\mat,561,740,valid_folder,invalid,29,0.001857518,1,Good
2209,D:\LSH\LSH\实验\聚焦信号分类实验\1\ROI_x729_y538_w32_h39_20260626_212915\02_invalid_raw_only\mat\curve_r0561_c0741_idx000749.mat,D:\LSH\LSH\实验\聚焦信号分类实验\1\ROI_x729_y538_w32_h39_20260626_212915\02_invalid_raw_only\mat,561,741,valid_folder,invalid,29,0.001605191,1,Good
2210,D:\LSH\LSH\实验\聚焦信号分类实验\1\ROI_x729_y538_w32_h39_20260626_212915\02_invalid_raw_only\mat\curve_r0561_c0743_idx000751.mat,D:\LSH\LSH\实验\聚焦信号分类实验\1\ROI_x729_y538_w32_h39_20260626_212915\02_invalid_raw_only\mat,561,743,valid_folder,invalid,29,0.001169002,0,Bad
2211,D:\LSH\LSH\实验\聚焦信号分类实验\1\ROI_x729_y538_w32_h39_20260626_212915\02_invalid_raw_only\mat\curve_r0561_c0744_idx000752.mat,D:\LSH\LSH\实验\聚焦信号分类实验\1\ROI_x729_y538_w32_h39_20260626_212915\02_invalid_raw_only\mat,561,744,valid_folder,invalid,28,0.00080312,0,Bad
2212,D:\LSH\LSH\实验\聚焦信号分类实验\1\ROI_x729_y538_w32_h39_20260626_212915\02_invalid_raw_only\mat\curve_r0561_c0745_idx000753.mat,D:\LSH\LSH\实验\聚焦信号分类实验\1\ROI_x729_y538_w32_h39_20260626_212915\02_invalid_raw_only\mat,561,745,valid_folder,invalid,27,0.001359304,1,Good
2213,D:\LSH\LSH\实验\聚焦信号分类实验\1\ROI_x729_y538_w32_h39_20260626_212915\02_invalid_raw_only\mat\curve_r0561_c0747_idx000755.mat,D:\LSH\LSH\实验\聚焦信号分类实验\1\ROI_x729_y538_w32_h39_20260626_212915\02_invalid_raw_only\mat,561,747,valid_folder,invalid,27,0.000652339,0,Bad
2214,D:\LSH\LSH\实验\聚焦信号分类实验\1\ROI_x729_y538_w32_h39_20260626_212915\02_invalid_raw_only\mat\curve_r0561_c0748_idx000756.mat,D:\LSH\LSH\实验\聚焦信号分类实验\1\ROI_x729_y538_w32_h39_20260626_212915\02_invalid_raw_only\mat,561,748,valid_folder,invalid,27,0.000631449,0,Bad
2215,D:\LSH\LSH\实验\聚焦信号分类实验\1\ROI_x729_y538_w32_h39_20260626_212915\02_invalid_raw_only\mat\curve_r0561_c0749_idx000757.mat,D:\LSH\LSH\实验\聚焦信号分类实验\1\ROI_x729_y538_w32_h39_20260626_212915\02_invalid_raw_only\mat,561,749,valid_folder,invalid,27,0.000915592,1,Good
2216,D:\LSH\LSH\实验\聚焦信号分类实验\1\ROI_x729_y538_w32_h39_20260626_212915\02_invalid_raw_only\mat\curve_r0562_c0729_idx000769.mat,D:\LSH\LSH\实验\聚焦信号分类实验\1\ROI_x729_y538_w32_h39_20260626_212915\02_invalid_raw_only\mat,562,729,valid_folder,invalid,30,0.000919196,1,Good
2217,D:\LSH\LSH\实验\聚焦信号分类实验\1\ROI_x729_y538_w32_h39_20260626_212915\02_invalid_raw_only\mat\curve_r0562_c0730_idx000770.mat,D:\LSH\LSH\实验\聚焦信号分类实验\1\ROI_x729_y538_w32_h39_20260626_212915\02_invalid_raw_only\mat,562,730,valid_folder,invalid,30,0.001400408,1,Good
2218,D:\LSH\LSH\实验\聚焦信号分类实验\1\ROI_x729_y538_w32_h39_20260626_212915\02_invalid_raw_only\mat\curve_r0562_c0739_idx000779.mat,D:\LSH\LSH\实验\聚焦信号分类实验\1\ROI_x729_y538_w32_h39_20260626_212915\02_invalid_raw_only\mat,562,739,valid_folder,invalid,29,0.001619658,1,Good
2219,D:\LSH\LSH\实验\聚焦信号分类实验\1\ROI_x729_y538_w32_h39_20260626_212915\02_invalid_raw_only\mat\curve_r0562_c0740_idx000780.mat,D:\LSH\LSH\实验\聚焦信号分类实验\1\ROI_x729_y538_w32_h39_20260626_212915\02_invalid_raw_only\mat,562,740,valid_folder,invalid,29,0.001663734,1,Good
2220,D:\LSH\LSH\实验\聚焦信号分类实验\1\ROI_x729_y538_w32_h39_20260626_212915\02_invalid_raw_only\mat\curve_r0562_c0741_idx000781.mat,D:\LSH\LSH\实验\聚焦信号分类实验\1\ROI_x729_y538_w32_h39_20260626_212915\02_invalid_raw_only\mat,562,741,valid_folder,invalid,29,0.001516391,1,Good
2221,D:\LSH\LSH\实验\聚焦信号分类实验\1\ROI_x729_y538_w32_h39_20260626_212915\02_invalid_raw_only\mat\curve_r0562_c0742_idx000782.mat,D:\LSH\LSH\实验\聚焦信号分类实验\1\ROI_x729_y538_w32_h39_20260626_212915\02_invalid_raw_only\mat,562,742,valid_folder,invalid,29,0.001064235,0,Bad
2222,D:\LSH\LSH\实验\聚焦信号分类实验\1\ROI_x729_y538_w32_h39_20260626_212915\02_invalid_raw_only\mat\curve_r0562_c0743_idx000783.mat,D:\LSH\LSH\实验\聚焦信号分类实验\1\ROI_x729_y538_w32_h39_20260626_212915\02_invalid_raw_only\mat,562,743,valid_folder,invalid,29,0.000753963,1,Good
2223,D:\LSH\LSH\实验\聚焦信号分类实验\1\ROI_x729_y538_w32_h39_20260626_212915\02_invalid_raw_only\mat\curve_r0562_c0744_idx000784.mat,D:\LSH\LSH\实验\聚焦信号分类实验\1\ROI_x729_y538_w32_h39_20260626_212915\02_invalid_raw_only\mat,562,744,valid_folder,invalid,35,0.000341607,0,Bad
2224,D:\LSH\LSH\实验\聚焦信号分类实验\1\ROI_x729_y538_w32_h39_20260626_212915\02_invalid_raw_only\mat\curve_r0562_c0745_idx000785.mat,D:\LSH\LSH\实验\聚焦信号分类实验\1\ROI_x729_y538_w32_h39_20260626_212915\02_invalid_raw_only\mat,562,745,valid_folder,invalid,29,0.000337297,0,Bad
2225,D:\LSH\LSH\实验\聚焦信号分类实验\1\ROI_x729_y538_w32_h39_20260626_212915\02_invalid_raw_only\mat\curve_r0562_c0746_idx000786.mat,D:\LSH\LSH\实验\聚焦信号分类实验\1\ROI_x729_y538_w32_h39_20260626_212915\02_invalid_raw_only\mat,562,746,valid_folder,invalid,27,0.000307613,0,Bad
2226,D:\LSH\LSH\实验\聚焦信号分类实验\1\ROI_x729_y538_w32_h39_20260626_212915\02_invalid_raw_only\mat\curve_r0562_c0747_idx000787.mat,D:\LSH\LSH\实验\聚焦信号分类实验\1\ROI_x729_y538_w32_h39_20260626_212915\02_invalid_raw_only\mat,562,747,valid_folder,invalid,18,0.000365558,0,Bad
2227,D:\LSH\LSH\实验\聚焦信号分类实验\1\ROI_x729_y538_w32_h39_20260626_212915\02_invalid_raw_only\mat\curve_r0562_c0748_idx000788.mat,D:\LSH\LSH\实验\聚焦信号分类实验\1\ROI_x729_y538_w32_h39_20260626_212915\02_invalid_raw_only\mat,562,748,valid_folder,invalid,18,0.000403078,0,Bad
2228,D:\LSH\LSH\实验\聚焦信号分类实验\1\ROI_x729_y538_w32_h39_20260626_212915\02_invalid_raw_only\mat\curve_r0562_c0749_idx000789.mat,D:\LSH\LSH\实验\聚焦信号分类实验\1\ROI_x729_y538_w32_h39_20260626_212915\02_invalid_raw_only\mat,562,749,valid_folder,invalid,27,0.000844961,1,Good
2229,D:\LSH\LSH\实验\聚焦信号分类实验\1\ROI_x729_y538_w32_h39_20260626_212915\02_invalid_raw_only\mat\curve_r0562_c0750_idx000790.mat,D:\LSH\LSH\实验\聚焦信号分类实验\1\ROI_x729_y538_w32_h39_20260626_212915\02_invalid_raw_only\mat,562,750,valid_folder,invalid,27,0.001860475,1,Good
2230,D:\LSH\LSH\实验\聚焦信号分类实验\1\ROI_x729_y538_w32_h39_20260626_212915\02_invalid_raw_only\mat\curve_r0562_c0751_idx000791.mat,D:\LSH\LSH\实验\聚焦信号分类实验\1\ROI_x729_y538_w32_h39_20260626_212915\02_invalid_raw_only\mat,562,751,valid_folder,invalid,27,0.001641245,1,Good
2231,D:\LSH\LSH\实验\聚焦信号分类实验\1\ROI_x729_y538_w32_h39_20260626_212915\02_invalid_raw_only\mat\curve_r0563_c0744_idx000816.mat,D:\LSH\LSH\实验\聚焦信号分类实验\1\ROI_x729_y538_w32_h39_20260626_212915\02_invalid_raw_only\mat,563,744,valid_folder,invalid,28,0.00089501,1,Good
2232,D:\LSH\LSH\实验\聚焦信号分类实验\1\ROI_x729_y538_w32_h39_20260626_212915\02_invalid_raw_only\mat\curve_r0563_c0749_idx000821.mat,D:\LSH\LSH\实验\聚焦信号分类实验\1\ROI_x729_y538_w32_h39_20260626_212915\02_invalid_raw_only\mat,563,749,valid_folder,invalid,27,0.001054794,1,Good
2233,D:\LSH\LSH\实验\聚焦信号分类实验\1\ROI_x729_y538_w32_h39_20260626_212915\02_invalid_raw_only\mat\curve_r0563_c0750_idx000822.mat,D:\LSH\LSH\实验\聚焦信号分类实验\1\ROI_x729_y538_w32_h39_20260626_212915\02_invalid_raw_only\mat,563,750,valid_folder,invalid,27,0.000932275,0,Bad
2234,D:\LSH\LSH\实验\聚焦信号分类实验\1\ROI_x729_y538_w32_h39_20260626_212915\02_invalid_raw_only\mat\curve_r0563_c0751_idx000823.mat,D:\LSH\LSH\实验\聚焦信号分类实验\1\ROI_x729_y538_w32_h39_20260626_212915\02_invalid_raw_only\mat,563,751,valid_folder,invalid,27,0.000559307,0,Bad
2235,D:\LSH\LSH\实验\聚焦信号分类实验\1\ROI_x729_y538_w32_h39_20260626_212915\02_invalid_raw_only\mat\curve_r0563_c0752_idx000824.mat,D:\LSH\LSH\实验\聚焦信号分类实验\1\ROI_x729_y538_w32_h39_20260626_212915\02_invalid_raw_only\mat,563,752,valid_folder,invalid,26,0.000669846,0,Bad
2236,D:\LSH\LSH\实验\聚焦信号分类实验\1\ROI_x729_y538_w32_h39_20260626_212915\02_invalid_raw_only\mat\curve_r0564_c0750_idx000854.mat,D:\LSH\LSH\实验\聚焦信号分类实验\1\ROI_x729_y538_w32_h39_20260626_212915\02_invalid_raw_only\mat,564,750,valid_folder,invalid,27,0.00123722,0,Bad
2237,D:\LSH\LSH\实验\聚焦信号分类实验\1\ROI_x729_y538_w32_h39_20260626_212915\02_invalid_raw_only\mat\curve_r0564_c0751_idx000855.mat,D:\LSH\LSH\实验\聚焦信号分类实验\1\ROI_x729_y538_w32_h39_20260626_212915\02_invalid_raw_only\mat,564,751,valid_folder,invalid,27,0.000923948,1,Good
2238,D:\LSH\LSH\实验\聚焦信号分类实验\1\ROI_x729_y538_w32_h39_20260626_212915\02_invalid_raw_only\mat\curve_r0564_c0752_idx000856.mat,D:\LSH\LSH\实验\聚焦信号分类实验\1\ROI_x729_y538_w32_h39_20260626_212915\02_invalid_raw_only\mat,564,752,valid_folder,invalid,27,0.000824207,0,Bad
2239,D:\LSH\LSH\实验\聚焦信号分类实验\1\ROI_x729_y538_w32_h39_20260626_212915\02_invalid_raw_only\mat\curve_r0564_c0753_idx000857.mat,D:\LSH\LSH\实验\聚焦信号分类实验\1\ROI_x729_y538_w32_h39_20260626_212915\02_invalid_raw_only\mat,564,753,valid_folder,invalid,26,0.000909687,1,Good
2240,D:\LSH\LSH\实验\聚焦信号分类实验\1\ROI_x729_y538_w32_h39_20260626_212915\02_invalid_raw_only\mat\curve_r0565_c0755_idx000891.mat,D:\LSH\LSH\实验\聚焦信号分类实验\1\ROI_x729_y538_w32_h39_20260626_212915\02_invalid_raw_only\mat,565,755,valid_folder,invalid,26,0.00109154,1,Good
2241,D:\LSH\LSH\实验\聚焦信号分类实验\1\ROI_x729_y538_w32_h39_20260626_212915\02_invalid_raw_only\mat\curve_r0565_c0756_idx000892.mat,D:\LSH\LSH\实验\聚焦信号分类实验\1\ROI_x729_y538_w32_h39_20260626_212915\02_invalid_raw_only\mat,565,756,valid_folder,invalid,26,0.00103385,1,Good
2242,D:\LSH\LSH\实验\聚焦信号分类实验\1\ROI_x729_y538_w32_h39_20260626_212915\02_invalid_raw_only\mat\curve_r0570_c0747_idx001043.mat,D:\LSH\LSH\实验\聚焦信号分类实验\1\ROI_x729_y538_w32_h39_20260626_212915\02_invalid_raw_only\mat,570,747,valid_folder,invalid,26,0.000765772,1,Good
2243,D:\LSH\LSH\实验\聚焦信号分类实验\1\ROI_x729_y538_w32_h39_20260626_212915\02_invalid_raw_only\mat\curve_r0570_c0758_idx001054.mat,D:\LSH\LSH\实验\聚焦信号分类实验\1\ROI_x729_y538_w32_h39_20260626_212915\02_invalid_raw_only\mat,570,758,valid_folder,invalid,25,0.000690021,0,Bad
2244,D:\LSH\LSH\实验\聚焦信号分类实验\1\ROI_x729_y538_w32_h39_20260626_212915\02_invalid_raw_only\mat\curve_r0570_c0759_idx001055.mat,D:\LSH\LSH\实验\聚焦信号分类实验\1\ROI_x729_y538_w32_h39_20260626_212915\02_invalid_raw_only\mat,570,759,valid_folder,invalid,25,0.00098153,0,Bad
2245,D:\LSH\LSH\实验\聚焦信号分类实验\1\ROI_x729_y538_w32_h39_20260626_212915\02_invalid_raw_only\mat\curve_r0570_c0760_idx001056.mat,D:\LSH\LSH\实验\聚焦信号分类实验\1\ROI_x729_y538_w32_h39_20260626_212915\02_invalid_raw_only\mat,570,760,valid_folder,invalid,25,0.001123322,0,Bad
2246,D:\LSH\LSH\实验\聚焦信号分类实验\1\ROI_x729_y538_w32_h39_20260626_212915\02_invalid_raw_only\mat\curve_r0571_c0731_idx001059.mat,D:\LSH\LSH\实验\聚焦信号分类实验\1\ROI_x729_y538_w32_h39_20260626_212915\02_invalid_raw_only\mat,571,731,valid_folder,invalid,30,0.001551008,0,Bad
2247,D:\LSH\LSH\实验\聚焦信号分类实验\1\ROI_x729_y538_w32_h39_20260626_212915\02_invalid_raw_only\mat\curve_r0571_c0759_idx001087.mat,D:\LSH\LSH\实验\聚焦信号分类实验\1\ROI_x729_y538_w32_h39_20260626_212915\02_invalid_raw_only\mat,571,759,valid_folder,invalid,25,0.001212009,1,Good
2248,D:\LSH\LSH\实验\聚焦信号分类实验\1\ROI_x729_y538_w32_h39_20260626_212915\02_invalid_raw_only\mat\curve_r0571_c0760_idx001088.mat,D:\LSH\LSH\实验\聚焦信号分类实验\1\ROI_x729_y538_w32_h39_20260626_212915\02_invalid_raw_only\mat,571,760,valid_folder,invalid,23,0.000715085,0,Bad
2249,D:\LSH\LSH\实验\聚焦信号分类实验\1\ROI_x729_y538_w32_h39_20260626_212915\02_invalid_raw_only\mat\curve_r0572_c0729_idx001089.mat,D:\LSH\LSH\实验\聚焦信号分类实验\1\ROI_x729_y538_w32_h39_20260626_212915\02_invalid_raw_only\mat,572,729,valid_folder,invalid,30,0.001342395,1,Good
2250,D:\LSH\LSH\实验\聚焦信号分类实验\1\ROI_x729_y538_w32_h39_20260626_212915\02_invalid_raw_only\mat\curve_r0572_c0731_idx001091.mat,D:\LSH\LSH\实验\聚焦信号分类实验\1\ROI_x729_y538_w32_h39_20260626_212915\02_invalid_raw_only\mat,572,731,valid_folder,invalid,30,0.000846623,0,Bad
2251,D:\LSH\LSH\实验\聚焦信号分类实验\1\ROI_x729_y538_w32_h39_20260626_212915\02_invalid_raw_only\mat\curve_r0572_c0732_idx001092.mat,D:\LSH\LSH\实验\聚焦信号分类实验\1\ROI_x729_y538_w32_h39_20260626_212915\02_invalid_raw_only\mat,572,732,valid_folder,invalid,30,0.00126073,1,Good
2252,D:\LSH\LSH\实验\聚焦信号分类实验\1\ROI_x729_y538_w32_h39_20260626_212915\02_invalid_raw_only\mat\curve_r0573_c0730_idx001122.mat,D:\LSH\LSH\实验\聚焦信号分类实验\1\ROI_x729_y538_w32_h39_20260626_212915\02_invalid_raw_only\mat,573,730,valid_folder,invalid,30,0.00043794,0,Bad
2253,D:\LSH\LSH\实验\聚焦信号分类实验\1\ROI_x729_y538_w32_h39_20260626_212915\02_invalid_raw_only\mat\curve_r0573_c0731_idx001123.mat,D:\LSH\LSH\实验\聚焦信号分类实验\1\ROI_x729_y538_w32_h39_20260626_212915\02_invalid_raw_only\mat,573,731,valid_folder,invalid,30,0.000520287,0,Bad
2254,D:\LSH\LSH\实验\聚焦信号分类实验\1\ROI_x729_y538_w32_h39_20260626_212915\02_invalid_raw_only\mat\curve_r0573_c0732_idx001124.mat,D:\LSH\LSH\实验\聚焦信号分类实验\1\ROI_x729_y538_w32_h39_20260626_212915\02_invalid_raw_only\mat,573,732,valid_folder,invalid,30,0.000722152,0,Bad
2255,D:\LSH\LSH\实验\聚焦信号分类实验\1\ROI_x729_y538_w32_h39_20260626_212915\02_invalid_raw_only\mat\curve_r0573_c0733_idx001125.mat,D:\LSH\LSH\实验\聚焦信号分类实验\1\ROI_x729_y538_w32_h39_20260626_212915\02_invalid_raw_only\mat,573,733,valid_folder,invalid,30,0.001027156,0,Bad
2256,D:\LSH\LSH\实验\聚焦信号分类实验\1\ROI_x729_y538_w32_h39_20260626_212915\02_invalid_raw_only\mat\curve_r0573_c0748_idx001140.mat,D:\LSH\LSH\实验\聚焦信号分类实验\1\ROI_x729_y538_w32_h39_20260626_212915\02_invalid_raw_only\mat,573,748,valid_folder,invalid,27,0.001112548,0,Bad
2257,D:\LSH\LSH\实验\聚焦信号分类实验\1\ROI_x729_y538_w32_h39_20260626_212915\02_invalid_raw_only\mat\curve_r0574_c0729_idx001153.mat,D:\LSH\LSH\实验\聚焦信号分类实验\1\ROI_x729_y538_w32_h39_20260626_212915\02_invalid_raw_only\mat,574,729,valid_folder,invalid,30,0.000693596,0,Bad
2258,D:\LSH\LSH\实验\聚焦信号分类实验\1\ROI_x729_y538_w32_h39_20260626_212915\02_invalid_raw_only\mat\curve_r0574_c0730_idx001154.mat,D:\LSH\LSH\实验\聚焦信号分类实验\1\ROI_x729_y538_w32_h39_20260626_212915\02_invalid_raw_only\mat,574,730,valid_folder,invalid,30,0.000377009,0,Bad
2259,D:\LSH\LSH\实验\聚焦信号分类实验\1\ROI_x729_y538_w32_h39_20260626_212915\02_invalid_raw_only\mat\curve_r0574_c0731_idx001155.mat,D:\LSH\LSH\实验\聚焦信号分类实验\1\ROI_x729_y538_w32_h39_20260626_212915\02_invalid_raw_only\mat,574,731,valid_folder,invalid,30,0.000327459,0,Bad
2260,D:\LSH\LSH\实验\聚焦信号分类实验\1\ROI_x729_y538_w32_h39_20260626_212915\02_invalid_raw_only\mat\curve_r0574_c0732_idx001156.mat,D:\LSH\LSH\实验\聚焦信号分类实验\1\ROI_x729_y538_w32_h39_20260626_212915\02_invalid_raw_only\mat,574,732,valid_folder,invalid,28,0.000480545,0,Bad
2261,D:\LSH\LSH\实验\聚焦信号分类实验\1\ROI_x729_y538_w32_h39_20260626_212915\02_invalid_raw_only\mat\curve_r0574_c0733_idx001157.mat,D:\LSH\LSH\实验\聚焦信号分类实验\1\ROI_x729_y538_w32_h39_20260626_212915\02_invalid_raw_only\mat,574,733,valid_folder,invalid,30,0.000897913,0,Bad
2262,D:\LSH\LSH\实验\聚焦信号分类实验\1\ROI_x729_y538_w32_h39_20260626_212915\02_invalid_raw_only\mat\curve_r0574_c0734_idx001158.mat,D:\LSH\LSH\实验\聚焦信号分类实验\1\ROI_x729_y538_w32_h39_20260626_212915\02_invalid_raw_only\mat,574,734,valid_folder,invalid,30,0.000866013,0,Bad
2263,D:\LSH\LSH\实验\聚焦信号分类实验\1\ROI_x729_y538_w32_h39_20260626_212915\02_invalid_raw_only\mat\curve_r0574_c0735_idx001159.mat,D:\LSH\LSH\实验\聚焦信号分类实验\1\ROI_x729_y538_w32_h39_20260626_212915\02_invalid_raw_only\mat,574,735,valid_folder,invalid,30,0.001483804,1,Good
2264,D:\LSH\LSH\实验\聚焦信号分类实验\1\ROI_x729_y538_w32_h39_20260626_212915\02_invalid_raw_only\mat\curve_r0575_c0730_idx001186.mat,D:\LSH\LSH\实验\聚焦信号分类实验\1\ROI_x729_y538_w32_h39_20260626_212915\02_invalid_raw_only\mat,575,730,valid_folder,invalid,35,0.000458664,0,Bad
2265,D:\LSH\LSH\实验\聚焦信号分类实验\1\ROI_x729_y538_w32_h39_20260626_212915\02_invalid_raw_only\mat\curve_r0575_c0731_idx001187.mat,D:\LSH\LSH\实验\聚焦信号分类实验\1\ROI_x729_y538_w32_h39_20260626_212915\02_invalid_raw_only\mat,575,731,valid_folder,invalid,35,0.00036546,0,Bad
2266,D:\LSH\LSH\实验\聚焦信号分类实验\1\ROI_x729_y538_w32_h39_20260626_212915\02_invalid_raw_only\mat\curve_r0575_c0732_idx001188.mat,D:\LSH\LSH\实验\聚焦信号分类实验\1\ROI_x729_y538_w32_h39_20260626_212915\02_invalid_raw_only\mat,575,732,valid_folder,invalid,28,0.000330255,0,Bad
2267,D:\LSH\LSH\实验\聚焦信号分类实验\1\ROI_x729_y538_w32_h39_20260626_212915\02_invalid_raw_only\mat\curve_r0575_c0733_idx001189.mat,D:\LSH\LSH\实验\聚焦信号分类实验\1\ROI_x729_y538_w32_h39_20260626_212915\02_invalid_raw_only\mat,575,733,valid_folder,invalid,49,0.000323301,0,Bad
2268,D:\LSH\LSH\实验\聚焦信号分类实验\1\ROI_x729_y538_w32_h39_20260626_212915\02_invalid_raw_only\mat\curve_r0575_c0734_idx001190.mat,D:\LSH\LSH\实验\聚焦信号分类实验\1\ROI_x729_y538_w32_h39_20260626_212915\02_invalid_raw_only\mat,575,734,valid_folder,invalid,30,0.000709132,0,Bad
2269,D:\LSH\LSH\实验\聚焦信号分类实验\1\ROI_x729_y538_w32_h39_20260626_212915\02_invalid_raw_only\mat\curve_r0575_c0735_idx001191.mat,D:\LSH\LSH\实验\聚焦信号分类实验\1\ROI_x729_y538_w32_h39_20260626_212915\02_invalid_raw_only\mat,575,735,valid_folder,invalid,30,0.000899458,0,Bad
2270,D:\LSH\LSH\实验\聚焦信号分类实验\1\ROI_x729_y538_w32_h39_20260626_212915\02_invalid_raw_only\mat\curve_r0575_c0736_idx001192.mat,D:\LSH\LSH\实验\聚焦信号分类实验\1\ROI_x729_y538_w32_h39_20260626_212915\02_invalid_raw_only\mat,575,736,valid_folder,invalid,30,0.001526689,1,Good
2271,D:\LSH\LSH\实验\聚焦信号分类实验\1\ROI_x729_y538_w32_h39_20260626_212915\02_invalid_raw_only\mat\curve_r0575_c0746_idx001202.mat,D:\LSH\LSH\实验\聚焦信号分类实验\1\ROI_x729_y538_w32_h39_20260626_212915\02_invalid_raw_only\mat,575,746,valid_folder,invalid,27,0.000890131,1,Good
2272,D:\LSH\LSH\实验\聚焦信号分类实验\1\ROI_x729_y538_w32_h39_20260626_212915\02_invalid_raw_only\mat\curve_r0576_c0730_idx001218.mat,D:\LSH\LSH\实验\聚焦信号分类实验\1\ROI_x729_y538_w32_h39_20260626_212915\02_invalid_raw_only\mat,576,730,valid_folder,invalid,30,0.000456192,0,Bad
2273,D:\LSH\LSH\实验\聚焦信号分类实验\1\ROI_x729_y538_w32_h39_20260626_212915\02_invalid_raw_only\mat\curve_r0576_c0731_idx001219.mat,D:\LSH\LSH\实验\聚焦信号分类实验\1\ROI_x729_y538_w32_h39_20260626_212915\02_invalid_raw_only\mat,576,731,valid_folder,invalid,35,0.000411076,0,Bad
2274,D:\LSH\LSH\实验\聚焦信号分类实验\1\ROI_x729_y538_w32_h39_20260626_212915\02_invalid_raw_only\mat\curve_r0576_c0732_idx001220.mat,D:\LSH\LSH\实验\聚焦信号分类实验\1\ROI_x729_y538_w32_h39_20260626_212915\02_invalid_raw_only\mat,576,732,valid_folder,invalid,29,0.000349439,0,Bad
2275,D:\LSH\LSH\实验\聚焦信号分类实验\1\ROI_x729_y538_w32_h39_20260626_212915\02_invalid_raw_only\mat\curve_r0576_c0733_idx001221.mat,D:\LSH\LSH\实验\聚焦信号分类实验\1\ROI_x729_y538_w32_h39_20260626_212915\02_invalid_raw_only\mat,576,733,valid_folder,invalid,23,0.000355363,0,Bad
2276,D:\LSH\LSH\实验\聚焦信号分类实验\1\ROI_x729_y538_w32_h39_20260626_212915\02_invalid_raw_only\mat\curve_r0576_c0734_idx001222.mat,D:\LSH\LSH\实验\聚焦信号分类实验\1\ROI_x729_y538_w32_h39_20260626_212915\02_invalid_raw_only\mat,576,734,valid_folder,invalid,30,0.000532242,0,Bad
2277,D:\LSH\LSH\实验\聚焦信号分类实验\1\ROI_x729_y538_w32_h39_20260626_212915\02_invalid_raw_only\mat\curve_r0576_c0735_idx001223.mat,D:\LSH\LSH\实验\聚焦信号分类实验\1\ROI_x729_y538_w32_h39_20260626_212915\02_invalid_raw_only\mat,576,735,valid_folder,invalid,30,0.000787516,0,Bad
2278,D:\LSH\LSH\实验\聚焦信号分类实验\1\ROI_x729_y538_w32_h39_20260626_212915\02_invalid_raw_only\mat\curve_r0576_c0736_idx001224.mat,D:\LSH\LSH\实验\聚焦信号分类实验\1\ROI_x729_y538_w32_h39_20260626_212915\02_invalid_raw_only\mat,576,736,valid_folder,invalid,30,0.000813271,1,Good
